{"Epoch 264 Step 0": 2.8843863010406494, "Epoch 264 Step 1": 2.8955366611480713, "Epoch 264 Step 2": 2.8947196006774902, "Epoch 264 Step 3": 2.893054962158203, "Epoch 264 Step 4": 2.887389898300171, "Epoch 264 Step 5": 2.88529372215271, "Epoch 264 Step 6": 2.8825740814208984, "Epoch 264 Step 7": 2.9037973880767822, "Epoch 264 Step 8": 2.900451898574829, "Epoch 264 Step 9": 2.898836851119995, "Epoch 264 Step 10": 2.875382661819458, "Epoch 264 Step 11": 2.888749599456787, "Epoch 264 Step 12": 2.8931491374969482, "Epoch 264 Step 13": 2.8754324913024902, "Epoch 264 Step 14": 2.8865184783935547, "Epoch 264 Step 15": 2.8865129947662354, "Epoch 264 Step 16": 2.8912723064422607, "Epoch 264 Step 17": 2.8956422805786133, "Epoch 264 Step 18": 2.881539821624756, "Epoch 264 Step 19": 2.89321231842041, "Epoch 264 Step 20": 2.878810405731201, "Epoch 264 Step 21": 2.8843936920166016, "Epoch 264 Step 22": 2.877487897872925, "Epoch 264 Step 23": 2.891071319580078, "Epoch 264 Step 24": 2.8772590160369873, "Epoch 264 Step 25": 2.882991313934326, "Epoch 264 Step 26": 2.888507127761841, "Epoch 264 Step 27": 2.8733930587768555, "Epoch 264 Step 28": 2.8718886375427246, "Epoch 264 Step 29": 2.8722116947174072, "Epoch 264 Step 30": 2.887765407562256, "Epoch 264 Step 31": 2.8822102546691895, "Epoch 264 Step 32": 2.8770360946655273, "Epoch 264 Step 33": 2.8894999027252197, "Epoch 264 Step 34": 2.8945517539978027, "Epoch 264 Step 35": 2.879871129989624, "Epoch 264 Step 36": 2.8759849071502686, "Epoch 264 Step 37": 2.8878350257873535, "Epoch 264 Step 38": 2.891268253326416, "Epoch 264 Step 39": 2.8805065155029297, "Epoch 264 Step 40": 2.881643533706665, "Epoch 264 Step 41": 2.877406120300293, "Epoch 264 Step 42": 2.8872077465057373, "Epoch 264 Step 43": 2.8740947246551514, "Epoch 264 Step 44": 2.885356903076172, "Epoch 264 Step 45": 2.87900972366333, "Epoch 264 Step 46": 2.882167339324951, "Epoch 264 Step 47": 2.884350299835205, "Epoch 264 Step 48": 2.871206521987915, "Epoch 264 Step 49": 2.8846848011016846, "Epoch 264 Step 50": 2.8872175216674805, "Epoch 264 Step 51": 2.885111093521118, "Epoch 264 Step 52": 2.8893330097198486, "Epoch 264 Step 53": 2.884039878845215, "Epoch 264 Step 54": 2.8719558715820312, "Epoch 264 Step 55": 2.880079984664917, "Epoch 264 Step 56": 2.876622200012207, "Epoch 264 Step 57": 2.882453441619873, "Epoch 264 Step 58": 2.8826422691345215, "Epoch 264 Step 59": 2.8899877071380615, "Epoch 264 Step 60": 2.8845863342285156, "Epoch 264 Step 61": 2.884498357772827, "Epoch 264 Step 62": 2.881481885910034, "Epoch 264 Step 63": 2.8746328353881836, "Epoch 264 Step 64": 2.8792102336883545, "Epoch 264 Step 65": 2.893282890319824, "Epoch 264 Step 66": 2.887594699859619, "Epoch 264 Step 67": 2.8737058639526367, "Epoch 264 Step 68": 2.8900351524353027, "Epoch 264 Step 69": 2.8814430236816406, "Epoch 264 Step 70": 2.874718427658081, "Epoch 264 Step 71": 2.8710837364196777, "Epoch 264 Step 72": 2.8824803829193115, "Epoch 264 Step 73": 2.888106346130371, "Epoch 264 Step 74": 2.8800466060638428, "Epoch 264 Step 75": 2.8789334297180176, "Epoch 264 Step 76": 2.878516435623169, "Epoch 264 Step 77": 2.8759889602661133, "Epoch 264 Step 78": 2.88792085647583, "Epoch 264 Step 79": 2.8732590675354004, "Epoch 264 Step 80": 2.8907389640808105, "Epoch 264 Step 81": 2.871528148651123, "Epoch 264 Step 82": 2.8740131855010986, "Epoch 264 Step 83": 2.879068613052368, "Epoch 264 Step 84": 2.867853879928589, "Epoch 264 Step 85": 2.8863840103149414, "Epoch 264 Step 86": 2.8812246322631836, "Epoch 264 Step 87": 2.8864145278930664, "Epoch 264 Step 88": 2.892693519592285, "Epoch 264 Step 89": 2.8857038021087646}