{"Epoch 17 Step 0": 2.845155954360962, "Epoch 17 Step 1": 2.874191999435425, "Epoch 17 Step 2": 2.8743646144866943, "Epoch 17 Step 3": 2.8687057495117188, "Epoch 17 Step 4": 2.8653526306152344, "Epoch 17 Step 5": 2.878387451171875, "Epoch 17 Step 6": 2.885910987854004, "Epoch 17 Step 7": 2.8083670139312744, "Epoch 17 Step 8": 2.848315715789795, "Epoch 17 Step 9": 2.8202483654022217, "Epoch 17 Step 10": 2.8517961502075195, "Epoch 17 Step 11": 2.876941442489624, "Epoch 17 Step 12": 2.8758091926574707, "Epoch 17 Step 13": 2.885993242263794, "Epoch 17 Step 14": 2.875930070877075, "Epoch 17 Step 15": 2.803765296936035, "Epoch 17 Step 16": 2.767727851867676, "Epoch 17 Step 17": 2.84633469581604, "Epoch 17 Step 18": 2.8919456005096436, "Epoch 17 Step 19": 2.8724002838134766, "Epoch 17 Step 20": 2.8552584648132324, "Epoch 17 Step 21": 2.8604345321655273, "Epoch 17 Step 22": 2.8756465911865234, "Epoch 17 Step 23": 2.87861967086792, "Epoch 17 Step 24": 2.879791498184204, "Epoch 17 Step 25": 2.865879774093628, "Epoch 17 Step 26": 2.8819327354431152, "Epoch 17 Step 27": 2.880549907684326, "Epoch 17 Step 28": 2.8358774185180664, "Epoch 17 Step 29": 2.845858335494995, "Epoch 17 Step 30": 2.857379198074341, "Epoch 17 Step 31": 2.8584506511688232, "Epoch 17 Step 32": 2.8773610591888428, "Epoch 17 Step 33": 2.871692180633545, "Epoch 17 Step 34": 2.8734290599823, "Epoch 17 Step 35": 2.8785996437072754, "Epoch 17 Step 36": 2.8688769340515137, "Epoch 17 Step 37": 2.8875250816345215, "Epoch 17 Step 38": 2.8642656803131104, "Epoch 17 Step 39": 2.876194953918457, "Epoch 17 Step 40": 2.8853864669799805, "Epoch 17 Step 41": 2.879639148712158, "Epoch 17 Step 42": 2.8743200302124023, "Epoch 17 Step 43": 2.873769760131836, "Epoch 17 Step 44": 2.8607072830200195, "Epoch 17 Step 45": 2.840636730194092, "Epoch 17 Step 46": 2.8626949787139893, "Epoch 17 Step 47": 2.874314546585083, "Epoch 17 Step 48": 2.844851016998291, "Epoch 17 Step 49": 2.8615405559539795, "Epoch 17 Step 50": 2.8639867305755615, "Epoch 17 Step 51": 2.851799964904785, "Epoch 17 Step 52": 2.880398750305176, "Epoch 17 Step 53": 2.854537010192871, "Epoch 17 Step 54": 2.8738460540771484, "Epoch 17 Step 55": 2.856281042098999, "Epoch 17 Step 56": 2.871215581893921, "Epoch 17 Step 57": 2.8237247467041016, "Epoch 17 Step 58": 2.8837459087371826, "Epoch 17 Step 59": 2.849968433380127, "Epoch 17 Step 60": 2.883547306060791, "Epoch 17 Step 61": 2.8651678562164307, "Epoch 17 Step 62": 2.8481087684631348, "Epoch 17 Step 63": 2.84190034866333, "Epoch 17 Step 64": 2.865342378616333, "Epoch 17 Step 65": 2.851227283477783, "Epoch 17 Step 66": 2.8459184169769287, "Epoch 17 Step 67": 2.879833221435547, "Epoch 17 Step 68": 2.86765718460083, "Epoch 17 Step 69": 2.860156297683716, "Epoch 17 Step 70": 2.84419584274292, "Epoch 17 Step 71": 2.858602285385132, "Epoch 17 Step 72": 2.859825372695923, "Epoch 17 Step 73": 2.835875988006592, "Epoch 17 Step 74": 2.8500208854675293, "Epoch 17 Step 75": 2.852813720703125, "Epoch 17 Step 76": 2.8463284969329834, "Epoch 17 Step 77": 2.8352513313293457, "Epoch 17 Step 78": 2.8715808391571045, "Epoch 17 Step 79": 2.8439102172851562, "Epoch 17 Step 80": 2.8782575130462646, "Epoch 17 Step 81": 2.863248586654663, "Epoch 17 Step 82": 2.839256525039673, "Epoch 17 Step 83": 2.8759968280792236, "Epoch 17 Step 84": 2.8509767055511475, "Epoch 17 Step 85": 2.861400842666626, "Epoch 17 Step 86": 2.8657026290893555, "Epoch 17 Step 87": 2.830519676208496, "Epoch 17 Step 88": 2.875486373901367, "Epoch 17 Step 89": 2.8549885749816895, "Epoch 17 Step 90": 2.876049041748047, "Epoch 17 Step 91": 2.8707454204559326, "Epoch 17 Step 92": 2.8942298889160156, "Epoch 17 Step 93": 2.8797004222869873, "Epoch 17 Step 94": 2.835923671722412, "Epoch 17 Step 95": 2.8700270652770996, "Epoch 17 Step 96": 2.8583621978759766, "Epoch 17 Step 97": 2.847452163696289, "Epoch 17 Step 98": 2.858480453491211, "Epoch 17 Step 99": 2.8567845821380615, "Epoch 17 Step 100": 2.8775794506073, "Epoch 17 Step 101": 2.8602454662323, "Epoch 17 Step 102": 2.8770642280578613, "Epoch 17 Step 103": 2.8766872882843018, "Epoch 17 Step 104": 2.878615379333496, "Epoch 17 Step 105": 2.855884552001953, "Epoch 17 Step 106": 2.867155075073242, "Epoch 17 Step 107": 2.863898515701294, "Epoch 17 Step 108": 2.8559372425079346, "Epoch 17 Step 109": 2.866816759109497, "Epoch 17 Step 110": 2.842825412750244, "Epoch 17 Step 111": 2.8682701587677, "Epoch 17 Step 112": 2.8713905811309814, "Epoch 17 Step 113": 2.8156676292419434, "Epoch 17 Step 114": 2.855027675628662, "Epoch 17 Step 115": 2.8477983474731445, "Epoch 17 Step 116": 2.8653512001037598, "Epoch 17 Step 117": 2.8720638751983643, "Epoch 17 Step 118": 2.8443024158477783, "Epoch 17 Step 119": 2.8658671379089355, "Epoch 17 Step 120": 2.8193728923797607, "Epoch 17 Step 121": 2.8526597023010254, "Epoch 17 Step 122": 2.8733673095703125, "Epoch 17 Step 123": 2.8669631481170654, "Epoch 17 Step 124": 2.858112335205078, "Epoch 17 Step 125": 2.8454644680023193, "Epoch 17 Step 126": 2.863926410675049, "Epoch 17 Step 127": 2.8513681888580322, "Epoch 17 Step 128": 2.86072039604187, "Epoch 17 Step 129": 2.8661820888519287, "Epoch 17 Step 130": 2.8613440990448, "Epoch 17 Step 131": 2.8567962646484375, "Epoch 17 Step 132": 2.8601279258728027, "Epoch 17 Step 133": 2.8376052379608154, "Epoch 17 Step 134": 2.840940237045288, "Epoch 17 Step 135": 2.8300070762634277, "Epoch 17 Step 136": 2.8654417991638184, "Epoch 17 Step 137": 2.8694913387298584, "Epoch 17 Step 138": 2.8622193336486816, "Epoch 17 Step 139": 2.8614730834960938, "Epoch 17 Step 140": 2.853691339492798, "Epoch 17 Step 141": 2.870225191116333, "Epoch 17 Step 142": 2.891063928604126, "Epoch 17 Step 143": 2.8127121925354004, "Epoch 17 Step 144": 2.8600339889526367, "Epoch 17 Step 145": 2.8509252071380615, "Epoch 17 Step 146": 2.8757054805755615, "Epoch 17 Step 147": 2.8604142665863037, "Epoch 17 Step 148": 2.880845308303833, "Epoch 17 Step 149": 2.8541359901428223, "Epoch 17 Step 150": 2.8430516719818115, "Epoch 17 Step 151": 2.8544020652770996, "Epoch 17 Step 152": 2.8658714294433594, "Epoch 17 Step 153": 2.849942445755005, "Epoch 17 Step 154": 2.876579761505127, "Epoch 17 Step 155": 2.862333297729492, "Epoch 17 Step 156": 2.8261499404907227, "Epoch 17 Step 157": 2.852268934249878, "Epoch 17 Step 158": 2.851402521133423, "Epoch 17 Step 159": 2.855649948120117, "Epoch 17 Step 160": 2.8668978214263916, "Epoch 17 Step 161": 2.864964723587036, "Epoch 17 Step 162": 2.8678698539733887, "Epoch 17 Step 163": 2.8155534267425537, "Epoch 17 Step 164": 2.8630363941192627, "Epoch 17 Step 165": 2.8543808460235596, "Epoch 17 Step 166": 2.86377215385437, "Epoch 17 Step 167": 2.8624017238616943, "Epoch 17 Step 168": 2.874657154083252, "Epoch 17 Step 169": 2.868128776550293, "Epoch 17 Step 170": 2.8502378463745117, "Epoch 17 Step 171": 2.8779239654541016, "Epoch 17 Step 172": 2.873809814453125, "Epoch 17 Step 173": 2.8649072647094727, "Epoch 17 Step 174": 2.859802484512329, "Epoch 17 Step 175": 2.8678317070007324, "Epoch 17 Step 176": 2.859039068222046, "Epoch 17 Step 177": 2.8579866886138916, "Epoch 17 Step 178": 2.839470148086548, "Epoch 17 Step 179": 2.8223068714141846, "Epoch 17 Step 180": 2.8709068298339844, "Epoch 17 Step 181": 2.8491623401641846, "Epoch 17 Step 182": 2.8508546352386475, "Epoch 17 Step 183": 2.864574670791626, "Epoch 17 Step 184": 2.892920732498169, "Epoch 17 Step 185": 2.8456923961639404, "Epoch 17 Step 186": 2.873697280883789, "Epoch 17 Step 187": 2.861898422241211, "Epoch 17 Step 188": 2.8696625232696533, "Epoch 17 Step 189": 2.8485190868377686, "Epoch 17 Step 190": 2.8590433597564697, "Epoch 17 Step 191": 2.8358054161071777, "Epoch 17 Step 192": 2.85127854347229, "Epoch 17 Step 193": 2.8575823307037354, "Epoch 17 Step 194": 2.8452682495117188, "Epoch 17 Step 195": 2.885901689529419, "Epoch 17 Step 196": 2.85929012298584, "Epoch 17 Step 197": 2.853090286254883, "Epoch 17 Step 198": 2.864950180053711, "Epoch 17 Step 199": 2.8658595085144043,