{"Epoch 695 Step 0": 2.887387990951538, "Epoch 695 Step 1": 2.8916618824005127, "Epoch 695 Step 2": 2.874882459640503, "Epoch 695 Step 3": 2.886425495147705, "Epoch 695 Step 4": 2.8869943618774414, "Epoch 695 Step 5": 2.891866683959961, "Epoch 695 Step 6": 2.8962273597717285, "Epoch 695 Step 7": 2.8821003437042236, "Epoch 695 Step 8": 2.8932254314422607, "Epoch 695 Step 9": 2.8783698081970215, "Epoch 695 Step 10": 2.88493013381958, "Epoch 695 Step 11": 2.8783273696899414, "Epoch 695 Step 12": 2.891583204269409, "Epoch 695 Step 13": 2.878617525100708, "Epoch 695 Step 14": 2.882996082305908, "Epoch 695 Step 15": 2.888509750366211, "Epoch 695 Step 16": 2.8732733726501465, "Epoch 695 Step 17": 2.8722360134124756, "Epoch 695 Step 18": 2.8722238540649414, "Epoch 695 Step 19": 2.8884549140930176, "Epoch 695 Step 20": 2.8822507858276367, "Epoch 695 Step 21": 2.8776602745056152, "Epoch 695 Step 22": 2.8900692462921143, "Epoch 695 Step 23": 2.8952996730804443, "Epoch 695 Step 24": 2.8800971508026123, "Epoch 695 Step 25": 2.8766236305236816, "Epoch 695 Step 26": 2.887997627258301, "Epoch 695 Step 27": 2.891505002975464, "Epoch 695 Step 28": 2.881239414215088, "Epoch 695 Step 29": 2.881913900375366, "Epoch 695 Step 30": 2.8776938915252686, "Epoch 695 Step 31": 2.8874056339263916, "Epoch 695 Step 32": 2.8740265369415283, "Epoch 695 Step 33": 2.8850648403167725, "Epoch 695 Step 34": 2.8794591426849365, "Epoch 695 Step 35": 2.8830997943878174, "Epoch 695 Step 36": 2.884955883026123, "Epoch 695 Step 37": 2.8713860511779785, "Epoch 695 Step 38": 2.885422945022583, "Epoch 695 Step 39": 2.8872499465942383, "Epoch 695 Step 40": 2.885986804962158, "Epoch 695 Step 41": 2.889617681503296, "Epoch 695 Step 42": 2.884997844696045, "Epoch 695 Step 43": 2.872917413711548, "Epoch 695 Step 44": 2.880643844604492, "Epoch 695 Step 45": 2.8770527839660645, "Epoch 695 Step 46": 2.8826100826263428, "Epoch 695 Step 47": 2.882948398590088, "Epoch 695 Step 48": 2.8906009197235107, "Epoch 695 Step 49": 2.8851189613342285, "Epoch 695 Step 50": 2.8852920532226562, "Epoch 695 Step 51": 2.881483554840088, "Epoch 695 Step 52": 2.875753402709961, "Epoch 695 Step 53": 2.879030466079712, "Epoch 695 Step 54": 2.8938441276550293, "Epoch 695 Step 55": 2.888356924057007, "Epoch 695 Step 56": 2.8730554580688477, "Epoch 695 Step 57": 2.890510082244873, "Epoch 695 Step 58": 2.881877899169922, "Epoch 695 Step 59": 2.8760013580322266, "Epoch 695 Step 60": 2.8724851608276367, "Epoch 695 Step 61": 2.881725549697876, "Epoch 695 Step 62": 2.8873558044433594, "Epoch 695 Step 63": 2.880385398864746, "Epoch 695 Step 64": 2.878754138946533, "Epoch 695 Step 65": 2.878375768661499, "Epoch 695 Step 66": 2.8765037059783936, "Epoch 695 Step 67": 2.8878374099731445, "Epoch 695 Step 68": 2.87483286857605, "Epoch 695 Step 69": 2.8908920288085938, "Epoch 695 Step 70": 2.8712778091430664, "Epoch 695 Step 71": 2.874567747116089, "Epoch 695 Step 72": 2.879420042037964, "Epoch 695 Step 73": 2.867810010910034, "Epoch 695 Step 74": 2.8873586654663086, "Epoch 695 Step 75": 2.881476640701294, "Epoch 695 Step 76": 2.886780261993408, "Epoch 695 Step 77": 2.893059253692627, "Epoch 695 Step 78": 2.8862366676330566, "Epoch 695 Step 79": 2.87872052192688, "Epoch 695 Step 80": 2.885162353515625, "Epoch 695 Step 81": 2.89571213722229, "Epoch 695 Step 82": 2.894341230392456, "Epoch 695 Step 83": 2.8935728073120117, "Epoch 695 Step 84": 2.8881311416625977, "Epoch 695 Step 85": 2.8856735229492188, "Epoch 695 Step 86": 2.882028818130493, "Epoch 695 Step 87": 2.904078960418701, "Epoch 695 Step 88": 2.8982961177825928, "Epoch 695 Step 89": 2.9006478786468506}