{"Epoch 409 Step 0": 2.878162145614624, "Epoch 409 Step 1": 2.882742404937744, "Epoch 409 Step 2": 2.8884260654449463, "Epoch 409 Step 3": 2.873366355895996, "Epoch 409 Step 4": 2.871558666229248, "Epoch 409 Step 5": 2.872053861618042, "Epoch 409 Step 6": 2.8877315521240234, "Epoch 409 Step 7": 2.881289005279541, "Epoch 409 Step 8": 2.8774683475494385, "Epoch 409 Step 9": 2.8906190395355225, "Epoch 409 Step 10": 2.895456314086914, "Epoch 409 Step 11": 2.8807272911071777, "Epoch 409 Step 12": 2.8765525817871094, "Epoch 409 Step 13": 2.88733172416687, "Epoch 409 Step 14": 2.8909225463867188, "Epoch 409 Step 15": 2.8816168308258057, "Epoch 409 Step 16": 2.8827128410339355, "Epoch 409 Step 17": 2.8779079914093018, "Epoch 409 Step 18": 2.8874545097351074, "Epoch 409 Step 19": 2.873443841934204, "Epoch 409 Step 20": 2.8854050636291504, "Epoch 409 Step 21": 2.8792686462402344, "Epoch 409 Step 22": 2.883033514022827, "Epoch 409 Step 23": 2.8845393657684326, "Epoch 409 Step 24": 2.8712825775146484, "Epoch 409 Step 25": 2.8846001625061035, "Epoch 409 Step 26": 2.88826060295105, "Epoch 409 Step 27": 2.885833263397217, "Epoch 409 Step 28": 2.889463186264038, "Epoch 409 Step 29": 2.8842368125915527, "Epoch 409 Step 30": 2.872861623764038, "Epoch 409 Step 31": 2.8815388679504395, "Epoch 409 Step 32": 2.8776416778564453, "Epoch 409 Step 33": 2.8827192783355713, "Epoch 409 Step 34": 2.8833532333374023, "Epoch 409 Step 35": 2.8917367458343506, "Epoch 409 Step 36": 2.884812355041504, "Epoch 409 Step 37": 2.8850903511047363, "Epoch 409 Step 38": 2.880974531173706, "Epoch 409 Step 39": 2.8760786056518555, "Epoch 409 Step 40": 2.87930965423584, "Epoch 409 Step 41": 2.893709182739258, "Epoch 409 Step 42": 2.8876423835754395, "Epoch 409 Step 43": 2.8741464614868164, "Epoch 409 Step 44": 2.89046573638916, "Epoch 409 Step 45": 2.882054328918457, "Epoch 409 Step 46": 2.8757455348968506, "Epoch 409 Step 47": 2.872363567352295, "Epoch 409 Step 48": 2.882578134536743, "Epoch 409 Step 49": 2.8879623413085938, "Epoch 409 Step 50": 2.8807613849639893, "Epoch 409 Step 51": 2.8792026042938232, "Epoch 409 Step 52": 2.8780927658081055, "Epoch 409 Step 53": 2.876070499420166, "Epoch 409 Step 54": 2.887261152267456, "Epoch 409 Step 55": 2.874953508377075, "Epoch 409 Step 56": 2.890976905822754, "Epoch 409 Step 57": 2.8713619709014893, "Epoch 409 Step 58": 2.874711275100708, "Epoch 409 Step 59": 2.8795487880706787, "Epoch 409 Step 60": 2.8681387901306152, "Epoch 409 Step 61": 2.887531280517578, "Epoch 409 Step 62": 2.881619453430176, "Epoch 409 Step 63": 2.8867738246917725, "Epoch 409 Step 64": 2.8929409980773926, "Epoch 409 Step 65": 2.8864424228668213, "Epoch 409 Step 66": 2.879204034805298, "Epoch 409 Step 67": 2.8847475051879883, "Epoch 409 Step 68": 2.8953537940979004, "Epoch 409 Step 69": 2.8949029445648193, "Epoch 409 Step 70": 2.892876386642456, "Epoch 409 Step 71": 2.8880038261413574, "Epoch 409 Step 72": 2.8870201110839844, "Epoch 409 Step 73": 2.884963035583496, "Epoch 409 Step 74": 2.9039769172668457, "Epoch 409 Step 75": 2.9010422229766846, "Epoch 409 Step 76": 2.898768663406372, "Epoch 409 Step 77": 2.87497615814209, "Epoch 409 Step 78": 2.887918710708618, "Epoch 409 Step 79": 2.892181873321533, "Epoch 409 Step 80": 2.8752589225769043, "Epoch 409 Step 81": 2.8862123489379883, "Epoch 409 Step 82": 2.8875303268432617, "Epoch 409 Step 83": 2.8920822143554688, "Epoch 409 Step 84": 2.896423816680908, "Epoch 409 Step 85": 2.882101058959961, "Epoch 409 Step 86": 2.893303632736206, "Epoch 409 Step 87": 2.879056930541992, "Epoch 409 Step 88": 2.8855373859405518, "Epoch 409 Step 89": 2.878526210784912}