{"Epoch 507 Step 0": 2.895559549331665, "Epoch 507 Step 1": 2.8816897869110107, "Epoch 507 Step 2": 2.8935928344726562, "Epoch 507 Step 3": 2.878108263015747, "Epoch 507 Step 4": 2.8846516609191895, "Epoch 507 Step 5": 2.87808895111084, "Epoch 507 Step 6": 2.8914787769317627, "Epoch 507 Step 7": 2.8778693675994873, "Epoch 507 Step 8": 2.8825736045837402, "Epoch 507 Step 9": 2.8886501789093018, "Epoch 507 Step 10": 2.872926712036133, "Epoch 507 Step 11": 2.8716351985931396, "Epoch 507 Step 12": 2.872326374053955, "Epoch 507 Step 13": 2.888252019882202, "Epoch 507 Step 14": 2.881584405899048, "Epoch 507 Step 15": 2.8777236938476562, "Epoch 507 Step 16": 2.8900797367095947, "Epoch 507 Step 17": 2.895432472229004, "Epoch 507 Step 18": 2.8804538249969482, "Epoch 507 Step 19": 2.875246286392212, "Epoch 507 Step 20": 2.888282537460327, "Epoch 507 Step 21": 2.8919389247894287, "Epoch 507 Step 22": 2.8805899620056152, "Epoch 507 Step 23": 2.8817813396453857, "Epoch 507 Step 24": 2.877671241760254, "Epoch 507 Step 25": 2.8877134323120117, "Epoch 507 Step 26": 2.8738186359405518, "Epoch 507 Step 27": 2.885232925415039, "Epoch 507 Step 28": 2.87945556640625, "Epoch 507 Step 29": 2.883159637451172, "Epoch 507 Step 30": 2.8848776817321777, "Epoch 507 Step 31": 2.8711061477661133, "Epoch 507 Step 32": 2.8853919506073, "Epoch 507 Step 33": 2.8878087997436523, "Epoch 507 Step 34": 2.8861355781555176, "Epoch 507 Step 35": 2.8894693851470947, "Epoch 507 Step 36": 2.8845841884613037, "Epoch 507 Step 37": 2.8730595111846924, "Epoch 507 Step 38": 2.8809399604797363, "Epoch 507 Step 39": 2.8774607181549072, "Epoch 507 Step 40": 2.8829455375671387, "Epoch 507 Step 41": 2.8831443786621094, "Epoch 507 Step 42": 2.8909060955047607, "Epoch 507 Step 43": 2.8848769664764404, "Epoch 507 Step 44": 2.884769916534424, "Epoch 507 Step 45": 2.8809120655059814, "Epoch 507 Step 46": 2.875735282897949, "Epoch 507 Step 47": 2.879547119140625, "Epoch 507 Step 48": 2.8940889835357666, "Epoch 507 Step 49": 2.887948989868164, "Epoch 507 Step 50": 2.873995542526245, "Epoch 507 Step 51": 2.890378713607788, "Epoch 507 Step 52": 2.8821237087249756, "Epoch 507 Step 53": 2.8755578994750977, "Epoch 507 Step 54": 2.8722829818725586, "Epoch 507 Step 55": 2.88238525390625, "Epoch 507 Step 56": 2.8881635665893555, "Epoch 507 Step 57": 2.879680633544922, "Epoch 507 Step 58": 2.878847122192383, "Epoch 507 Step 59": 2.8781895637512207, "Epoch 507 Step 60": 2.876075267791748, "Epoch 507 Step 61": 2.887547254562378, "Epoch 507 Step 62": 2.873978614807129, "Epoch 507 Step 63": 2.891669988632202, "Epoch 507 Step 64": 2.871479034423828, "Epoch 507 Step 65": 2.875101089477539, "Epoch 507 Step 66": 2.8793556690216064, "Epoch 507 Step 67": 2.8680596351623535, "Epoch 507 Step 68": 2.8867359161376953, "Epoch 507 Step 69": 2.8817059993743896, "Epoch 507 Step 70": 2.8874244689941406, "Epoch 507 Step 71": 2.8938331604003906, "Epoch 507 Step 72": 2.8864529132843018, "Epoch 507 Step 73": 2.8782732486724854, "Epoch 507 Step 74": 2.884991407394409, "Epoch 507 Step 75": 2.8949849605560303, "Epoch 507 Step 76": 2.89318585395813, "Epoch 507 Step 77": 2.892871856689453, "Epoch 507 Step 78": 2.8879740238189697, "Epoch 507 Step 79": 2.8857760429382324, "Epoch 507 Step 80": 2.8805205821990967, "Epoch 507 Step 81": 2.903249979019165, "Epoch 507 Step 82": 2.8995485305786133, "Epoch 507 Step 83": 2.8971900939941406, "Epoch 507 Step 84": 2.876317262649536, "Epoch 507 Step 85": 2.88942551612854, "Epoch 507 Step 86": 2.8933937549591064, "Epoch 507 Step 87": 2.875304698944092, "Epoch 507 Step 88": 2.886465072631836, "Epoch 507 Step 89": 2.886716365814209}