{"Epoch 394 Step 0": 2.880983829498291, "Epoch 394 Step 1": 2.882866859436035, "Epoch 394 Step 2": 2.8775203227996826, "Epoch 394 Step 3": 2.887836217880249, "Epoch 394 Step 4": 2.8735945224761963, "Epoch 394 Step 5": 2.885429859161377, "Epoch 394 Step 6": 2.8788626194000244, "Epoch 394 Step 7": 2.8827099800109863, "Epoch 394 Step 8": 2.8845653533935547, "Epoch 394 Step 9": 2.8713924884796143, "Epoch 394 Step 10": 2.8846170902252197, "Epoch 394 Step 11": 2.887341022491455, "Epoch 394 Step 12": 2.885295867919922, "Epoch 394 Step 13": 2.889165163040161, "Epoch 394 Step 14": 2.8840315341949463, "Epoch 394 Step 15": 2.8730223178863525, "Epoch 394 Step 16": 2.8820641040802, "Epoch 394 Step 17": 2.8774287700653076, "Epoch 394 Step 18": 2.8817522525787354, "Epoch 394 Step 19": 2.883591413497925, "Epoch 394 Step 20": 2.8914132118225098, "Epoch 394 Step 21": 2.8854260444641113, "Epoch 394 Step 22": 2.8853321075439453, "Epoch 394 Step 23": 2.880438804626465, "Epoch 394 Step 24": 2.8752031326293945, "Epoch 394 Step 25": 2.8790652751922607, "Epoch 394 Step 26": 2.8938190937042236, "Epoch 394 Step 27": 2.8880884647369385, "Epoch 394 Step 28": 2.8741331100463867, "Epoch 394 Step 29": 2.890707492828369, "Epoch 394 Step 30": 2.8813722133636475, "Epoch 394 Step 31": 2.875474452972412, "Epoch 394 Step 32": 2.8727705478668213, "Epoch 394 Step 33": 2.8831865787506104, "Epoch 394 Step 34": 2.887857675552368, "Epoch 394 Step 35": 2.8799450397491455, "Epoch 394 Step 36": 2.8784942626953125, "Epoch 394 Step 37": 2.8775556087493896, "Epoch 394 Step 38": 2.876497268676758, "Epoch 394 Step 39": 2.887413263320923, "Epoch 394 Step 40": 2.8742685317993164, "Epoch 394 Step 41": 2.891228437423706, "Epoch 394 Step 42": 2.871211528778076, "Epoch 394 Step 43": 2.8743648529052734, "Epoch 394 Step 44": 2.879608631134033, "Epoch 394 Step 45": 2.8674745559692383, "Epoch 394 Step 46": 2.8873190879821777, "Epoch 394 Step 47": 2.881587028503418, "Epoch 394 Step 48": 2.886523962020874, "Epoch 394 Step 49": 2.8933491706848145, "Epoch 394 Step 50": 2.886176347732544, "Epoch 394 Step 51": 2.879525661468506, "Epoch 394 Step 52": 2.885552406311035, "Epoch 394 Step 53": 2.8953521251678467, "Epoch 394 Step 54": 2.894385814666748, "Epoch 394 Step 55": 2.8928093910217285, "Epoch 394 Step 56": 2.887021780014038, "Epoch 394 Step 57": 2.8857643604278564, "Epoch 394 Step 58": 2.8842873573303223, "Epoch 394 Step 59": 2.905010223388672, "Epoch 394 Step 60": 2.8999369144439697, "Epoch 394 Step 61": 2.8965847492218018, "Epoch 394 Step 62": 2.8777053356170654, "Epoch 394 Step 63": 2.89094614982605, "Epoch 394 Step 64": 2.894829511642456, "Epoch 394 Step 65": 2.87463641166687, "Epoch 394 Step 66": 2.8867454528808594, "Epoch 394 Step 67": 2.8874285221099854, "Epoch 394 Step 68": 2.891932249069214, "Epoch 394 Step 69": 2.895326614379883, "Epoch 394 Step 70": 2.88130259513855, "Epoch 394 Step 71": 2.8920464515686035, "Epoch 394 Step 72": 2.8797061443328857, "Epoch 394 Step 73": 2.8865511417388916, "Epoch 394 Step 74": 2.878300905227661, "Epoch 394 Step 75": 2.891521692276001, "Epoch 394 Step 76": 2.8772943019866943, "Epoch 394 Step 77": 2.8838202953338623, "Epoch 394 Step 78": 2.8890328407287598, "Epoch 394 Step 79": 2.873962879180908, "Epoch 394 Step 80": 2.8717191219329834, "Epoch 394 Step 81": 2.8716580867767334, "Epoch 394 Step 82": 2.8893513679504395, "Epoch 394 Step 83": 2.882749319076538, "Epoch 394 Step 84": 2.8780534267425537, "Epoch 394 Step 85": 2.8919718265533447, "Epoch 394 Step 86": 2.8955326080322266, "Epoch 394 Step 87": 2.881057024002075, "Epoch 394 Step 88": 2.8771414756774902, "Epoch 394 Step 89": 2.8863773345947266}