{"Epoch 101 Step 0": 2.880718946456909, "Epoch 101 Step 1": 2.8855628967285156, "Epoch 101 Step 2": 2.8787200450897217, "Epoch 101 Step 3": 2.877868413925171, "Epoch 101 Step 4": 2.8782570362091064, "Epoch 101 Step 5": 2.874793291091919, "Epoch 101 Step 6": 2.8858542442321777, "Epoch 101 Step 7": 2.8693506717681885, "Epoch 101 Step 8": 2.888406753540039, "Epoch 101 Step 9": 2.870927572250366, "Epoch 101 Step 10": 2.8725953102111816, "Epoch 101 Step 11": 2.8785972595214844, "Epoch 101 Step 12": 2.8663079738616943, "Epoch 101 Step 13": 2.884427547454834, "Epoch 101 Step 14": 2.8802006244659424, "Epoch 101 Step 15": 2.882972478866577, "Epoch 101 Step 16": 2.890822172164917, "Epoch 101 Step 17": 2.8855185508728027, "Epoch 101 Step 18": 2.8769478797912598, "Epoch 101 Step 19": 2.882361888885498, "Epoch 101 Step 20": 2.894822359085083, "Epoch 101 Step 21": 2.8933894634246826, "Epoch 101 Step 22": 2.890620231628418, "Epoch 101 Step 23": 2.8869268894195557, "Epoch 101 Step 24": 2.8853769302368164, "Epoch 101 Step 25": 2.883833408355713, "Epoch 101 Step 26": 2.903027296066284, "Epoch 101 Step 27": 2.9003074169158936, "Epoch 101 Step 28": 2.8969075679779053, "Epoch 101 Step 29": 2.87449312210083, "Epoch 101 Step 30": 2.8877487182617188, "Epoch 101 Step 31": 2.891366481781006, "Epoch 101 Step 32": 2.872960329055786, "Epoch 101 Step 33": 2.883460521697998, "Epoch 101 Step 34": 2.8870038986206055, "Epoch 101 Step 35": 2.8904926776885986, "Epoch 101 Step 36": 2.8951425552368164, "Epoch 101 Step 37": 2.8800771236419678, "Epoch 101 Step 38": 2.8905625343322754, "Epoch 101 Step 39": 2.8769257068634033, "Epoch 101 Step 40": 2.8850603103637695, "Epoch 101 Step 41": 2.8762035369873047, "Epoch 101 Step 42": 2.8902158737182617, "Epoch 101 Step 43": 2.8749892711639404, "Epoch 101 Step 44": 2.8808910846710205, "Epoch 101 Step 45": 2.8873684406280518, "Epoch 101 Step 46": 2.871934652328491, "Epoch 101 Step 47": 2.8698253631591797, "Epoch 101 Step 48": 2.871001720428467, "Epoch 101 Step 49": 2.885924816131592, "Epoch 101 Step 50": 2.880749464035034, "Epoch 101 Step 51": 2.875600576400757, "Epoch 101 Step 52": 2.888592004776001, "Epoch 101 Step 53": 2.894080638885498, "Epoch 101 Step 54": 2.878108024597168, "Epoch 101 Step 55": 2.874960422515869, "Epoch 101 Step 56": 2.8856022357940674, "Epoch 101 Step 57": 2.890794515609741, "Epoch 101 Step 58": 2.879730701446533, "Epoch 101 Step 59": 2.8792724609375, "Epoch 101 Step 60": 2.875917434692383, "Epoch 101 Step 61": 2.8855881690979004, "Epoch 101 Step 62": 2.8722281455993652, "Epoch 101 Step 63": 2.8829987049102783, "Epoch 101 Step 64": 2.8775475025177, "Epoch 101 Step 65": 2.8819527626037598, "Epoch 101 Step 66": 2.883939504623413, "Epoch 101 Step 67": 2.869476318359375, "Epoch 101 Step 68": 2.8824591636657715, "Epoch 101 Step 69": 2.8849029541015625, "Epoch 101 Step 70": 2.882932662963867, "Epoch 101 Step 71": 2.886680841445923, "Epoch 101 Step 72": 2.8825788497924805, "Epoch 101 Step 73": 2.8708603382110596, "Epoch 101 Step 74": 2.8782289028167725, "Epoch 101 Step 75": 2.874743938446045, "Epoch 101 Step 76": 2.8818342685699463, "Epoch 101 Step 77": 2.881500244140625, "Epoch 101 Step 78": 2.8895628452301025, "Epoch 101 Step 79": 2.8844339847564697, "Epoch 101 Step 80": 2.8836417198181152, "Epoch 101 Step 81": 2.880080461502075, "Epoch 101 Step 82": 2.874021053314209, "Epoch 101 Step 83": 2.8771796226501465, "Epoch 101 Step 84": 2.89125657081604, "Epoch 101 Step 85": 2.8865807056427, "Epoch 101 Step 86": 2.871511697769165, "Epoch 101 Step 87": 2.8884382247924805, "Epoch 101 Step 88": 2.880352735519409, "Epoch 101 Step 89": 2.873472213745117}