{"Epoch 626 Step 0": 2.891270637512207, "Epoch 626 Step 1": 2.8716557025909424, "Epoch 626 Step 2": 2.874485969543457, "Epoch 626 Step 3": 2.87973952293396, "Epoch 626 Step 4": 2.867797613143921, "Epoch 626 Step 5": 2.887004852294922, "Epoch 626 Step 6": 2.8813633918762207, "Epoch 626 Step 7": 2.8869271278381348, "Epoch 626 Step 8": 2.892949342727661, "Epoch 626 Step 9": 2.885953187942505, "Epoch 626 Step 10": 2.8789334297180176, "Epoch 626 Step 11": 2.885913133621216, "Epoch 626 Step 12": 2.8956079483032227, "Epoch 626 Step 13": 2.895179271697998, "Epoch 626 Step 14": 2.8929367065429688, "Epoch 626 Step 15": 2.8871705532073975, "Epoch 626 Step 16": 2.886526346206665, "Epoch 626 Step 17": 2.884535312652588, "Epoch 626 Step 18": 2.9046614170074463, "Epoch 626 Step 19": 2.9021832942962646, "Epoch 626 Step 20": 2.897861957550049, "Epoch 626 Step 21": 2.876044273376465, "Epoch 626 Step 22": 2.8893048763275146, "Epoch 626 Step 23": 2.8935444355010986, "Epoch 626 Step 24": 2.8748481273651123, "Epoch 626 Step 25": 2.886183023452759, "Epoch 626 Step 26": 2.8869667053222656, "Epoch 626 Step 27": 2.8914108276367188, "Epoch 626 Step 28": 2.8958563804626465, "Epoch 626 Step 29": 2.8820552825927734, "Epoch 626 Step 30": 2.893419027328491, "Epoch 626 Step 31": 2.879462480545044, "Epoch 626 Step 32": 2.8856983184814453, "Epoch 626 Step 33": 2.8784992694854736, "Epoch 626 Step 34": 2.891745090484619, "Epoch 626 Step 35": 2.877744674682617, "Epoch 626 Step 36": 2.8835182189941406, "Epoch 626 Step 37": 2.888453722000122, "Epoch 626 Step 38": 2.8732621669769287, "Epoch 626 Step 39": 2.8714675903320312, "Epoch 626 Step 40": 2.8718535900115967, "Epoch 626 Step 41": 2.8884708881378174, "Epoch 626 Step 42": 2.88232159614563, "Epoch 626 Step 43": 2.8777384757995605, "Epoch 626 Step 44": 2.890138864517212, "Epoch 626 Step 45": 2.895354986190796, "Epoch 626 Step 46": 2.8803985118865967, "Epoch 626 Step 47": 2.8758292198181152, "Epoch 626 Step 48": 2.8873353004455566, "Epoch 626 Step 49": 2.8917689323425293, "Epoch 626 Step 50": 2.8805453777313232, "Epoch 626 Step 51": 2.881453037261963, "Epoch 626 Step 52": 2.877401351928711, "Epoch 626 Step 53": 2.8875861167907715, "Epoch 626 Step 54": 2.873842716217041, "Epoch 626 Step 55": 2.885251522064209, "Epoch 626 Step 56": 2.879303216934204, "Epoch 626 Step 57": 2.882986545562744, "Epoch 626 Step 58": 2.884608268737793, "Epoch 626 Step 59": 2.871264934539795, "Epoch 626 Step 60": 2.8847761154174805, "Epoch 626 Step 61": 2.8876922130584717, "Epoch 626 Step 62": 2.8858659267425537, "Epoch 626 Step 63": 2.889418125152588, "Epoch 626 Step 64": 2.884290933609009, "Epoch 626 Step 65": 2.8724558353424072, "Epoch 626 Step 66": 2.8804562091827393, "Epoch 626 Step 67": 2.87693190574646, "Epoch 626 Step 68": 2.8831686973571777, "Epoch 626 Step 69": 2.8827526569366455, "Epoch 626 Step 70": 2.8903756141662598, "Epoch 626 Step 71": 2.885023355484009, "Epoch 626 Step 72": 2.885004997253418, "Epoch 626 Step 73": 2.881549119949341, "Epoch 626 Step 74": 2.8759450912475586, "Epoch 626 Step 75": 2.8793270587921143, "Epoch 626 Step 76": 2.893585681915283, "Epoch 626 Step 77": 2.8879761695861816, "Epoch 626 Step 78": 2.874117851257324, "Epoch 626 Step 79": 2.8902618885040283, "Epoch 626 Step 80": 2.882351875305176, "Epoch 626 Step 81": 2.8753156661987305, "Epoch 626 Step 82": 2.8722915649414062, "Epoch 626 Step 83": 2.8812828063964844, "Epoch 626 Step 84": 2.887211799621582, "Epoch 626 Step 85": 2.8794753551483154, "Epoch 626 Step 86": 2.8788115978240967, "Epoch 626 Step 87": 2.878307580947876, "Epoch 626 Step 88": 2.8758411407470703, "Epoch 626 Step 89": 2.888105630874634}