{"Epoch 671 Step 0": 2.8808839321136475, "Epoch 671 Step 1": 2.8767099380493164, "Epoch 671 Step 2": 2.887086868286133, "Epoch 671 Step 3": 2.89144229888916, "Epoch 671 Step 4": 2.8818345069885254, "Epoch 671 Step 5": 2.8823201656341553, "Epoch 671 Step 6": 2.877629041671753, "Epoch 671 Step 7": 2.8878707885742188, "Epoch 671 Step 8": 2.8737945556640625, "Epoch 671 Step 9": 2.885535717010498, "Epoch 671 Step 10": 2.879491090774536, "Epoch 671 Step 11": 2.8833353519439697, "Epoch 671 Step 12": 2.88478684425354, "Epoch 671 Step 13": 2.8711071014404297, "Epoch 671 Step 14": 2.8852906227111816, "Epoch 671 Step 15": 2.8878471851348877, "Epoch 671 Step 16": 2.8856561183929443, "Epoch 671 Step 17": 2.889427423477173, "Epoch 671 Step 18": 2.8846805095672607, "Epoch 671 Step 19": 2.8732917308807373, "Epoch 671 Step 20": 2.880680561065674, "Epoch 671 Step 21": 2.877286195755005, "Epoch 671 Step 22": 2.8827314376831055, "Epoch 671 Step 23": 2.8831276893615723, "Epoch 671 Step 24": 2.890944719314575, "Epoch 671 Step 25": 2.8849048614501953, "Epoch 671 Step 26": 2.8848321437835693, "Epoch 671 Step 27": 2.881106376647949, "Epoch 671 Step 28": 2.8754444122314453, "Epoch 671 Step 29": 2.879556179046631, "Epoch 671 Step 30": 2.8942039012908936, "Epoch 671 Step 31": 2.888308525085449, "Epoch 671 Step 32": 2.8738183975219727, "Epoch 671 Step 33": 2.890122413635254, "Epoch 671 Step 34": 2.8824193477630615, "Epoch 671 Step 35": 2.87612247467041, "Epoch 671 Step 36": 2.8739025592803955, "Epoch 671 Step 37": 2.881876230239868, "Epoch 671 Step 38": 2.8877599239349365, "Epoch 671 Step 39": 2.8812732696533203, "Epoch 671 Step 40": 2.8795409202575684, "Epoch 671 Step 41": 2.878490447998047, "Epoch 671 Step 42": 2.876352310180664, "Epoch 671 Step 43": 2.887697458267212, "Epoch 671 Step 44": 2.8746421337127686, "Epoch 671 Step 45": 2.890941619873047, "Epoch 671 Step 46": 2.87160062789917, "Epoch 671 Step 47": 2.874650478363037, "Epoch 671 Step 48": 2.8786919116973877, "Epoch 671 Step 49": 2.867424249649048, "Epoch 671 Step 50": 2.8877720832824707, "Epoch 671 Step 51": 2.8816049098968506, "Epoch 671 Step 52": 2.8871970176696777, "Epoch 671 Step 53": 2.8929343223571777, "Epoch 671 Step 54": 2.8861372470855713, "Epoch 671 Step 55": 2.8801825046539307, "Epoch 671 Step 56": 2.8852245807647705, "Epoch 671 Step 57": 2.8954405784606934, "Epoch 671 Step 58": 2.8949995040893555, "Epoch 671 Step 59": 2.8933730125427246, "Epoch 671 Step 60": 2.887423038482666, "Epoch 671 Step 61": 2.8862760066986084, "Epoch 671 Step 62": 2.884950876235962, "Epoch 671 Step 63": 2.904574155807495, "Epoch 671 Step 64": 2.900367021560669, "Epoch 671 Step 65": 2.8979270458221436, "Epoch 671 Step 66": 2.8755276203155518, "Epoch 671 Step 67": 2.889185667037964, "Epoch 671 Step 68": 2.8940646648406982, "Epoch 671 Step 69": 2.8754260540008545, "Epoch 671 Step 70": 2.8861594200134277, "Epoch 671 Step 71": 2.8869128227233887, "Epoch 671 Step 72": 2.8926002979278564, "Epoch 671 Step 73": 2.896672010421753, "Epoch 671 Step 74": 2.882319211959839, "Epoch 671 Step 75": 2.8934290409088135, "Epoch 671 Step 76": 2.8788154125213623, "Epoch 671 Step 77": 2.8858907222747803, "Epoch 671 Step 78": 2.878028392791748, "Epoch 671 Step 79": 2.8920798301696777, "Epoch 671 Step 80": 2.878190755844116, "Epoch 671 Step 81": 2.8831851482391357, "Epoch 671 Step 82": 2.8886537551879883, "Epoch 671 Step 83": 2.872939348220825, "Epoch 671 Step 84": 2.872312545776367, "Epoch 671 Step 85": 2.8721885681152344, "Epoch 671 Step 86": 2.8883023262023926, "Epoch 671 Step 87": 2.8816397190093994, "Epoch 671 Step 88": 2.878082513809204, "Epoch 671 Step 89": 2.890110492706299}