{"Epoch 859 Step 0": 2.8732376098632812, "Epoch 859 Step 1": 2.888528823852539, "Epoch 859 Step 2": 2.882657766342163, "Epoch 859 Step 3": 2.8771345615386963, "Epoch 859 Step 4": 2.8881587982177734, "Epoch 859 Step 5": 2.8944895267486572, "Epoch 859 Step 6": 2.8804752826690674, "Epoch 859 Step 7": 2.8753178119659424, "Epoch 859 Step 8": 2.8883779048919678, "Epoch 859 Step 9": 2.8925681114196777, "Epoch 859 Step 10": 2.8801074028015137, "Epoch 859 Step 11": 2.8812668323516846, "Epoch 859 Step 12": 2.8778812885284424, "Epoch 859 Step 13": 2.887611150741577, "Epoch 859 Step 14": 2.874138593673706, "Epoch 859 Step 15": 2.8856122493743896, "Epoch 859 Step 16": 2.879868745803833, "Epoch 859 Step 17": 2.882561683654785, "Epoch 859 Step 18": 2.884798049926758, "Epoch 859 Step 19": 2.8712873458862305, "Epoch 859 Step 20": 2.8851468563079834, "Epoch 859 Step 21": 2.8879716396331787, "Epoch 859 Step 22": 2.885918617248535, "Epoch 859 Step 23": 2.889716863632202, "Epoch 859 Step 24": 2.884305477142334, "Epoch 859 Step 25": 2.8714396953582764, "Epoch 859 Step 26": 2.881981134414673, "Epoch 859 Step 27": 2.877169132232666, "Epoch 859 Step 28": 2.8825294971466064, "Epoch 859 Step 29": 2.8839683532714844, "Epoch 859 Step 30": 2.8903541564941406, "Epoch 859 Step 31": 2.885237455368042, "Epoch 859 Step 32": 2.885309934616089, "Epoch 859 Step 33": 2.8814048767089844, "Epoch 859 Step 34": 2.8752799034118652, "Epoch 859 Step 35": 2.8797833919525146, "Epoch 859 Step 36": 2.8940746784210205, "Epoch 859 Step 37": 2.8880727291107178, "Epoch 859 Step 38": 2.874750852584839, "Epoch 859 Step 39": 2.8912384510040283, "Epoch 859 Step 40": 2.882337808609009, "Epoch 859 Step 41": 2.876918315887451, "Epoch 859 Step 42": 2.8728528022766113, "Epoch 859 Step 43": 2.8819735050201416, "Epoch 859 Step 44": 2.887756109237671, "Epoch 859 Step 45": 2.8808608055114746, "Epoch 859 Step 46": 2.879338264465332, "Epoch 859 Step 47": 2.8788468837738037, "Epoch 859 Step 48": 2.8761348724365234, "Epoch 859 Step 49": 2.887934923171997, "Epoch 859 Step 50": 2.8744559288024902, "Epoch 859 Step 51": 2.891843557357788, "Epoch 859 Step 52": 2.8714354038238525, "Epoch 859 Step 53": 2.875544309616089, "Epoch 859 Step 54": 2.8801276683807373, "Epoch 859 Step 55": 2.869055986404419, "Epoch 859 Step 56": 2.8884265422821045, "Epoch 859 Step 57": 2.88191556930542, "Epoch 859 Step 58": 2.886981725692749, "Epoch 859 Step 59": 2.8925139904022217, "Epoch 859 Step 60": 2.886819839477539, "Epoch 859 Step 61": 2.879319667816162, "Epoch 859 Step 62": 2.8853759765625, "Epoch 859 Step 63": 2.8955349922180176, "Epoch 859 Step 64": 2.894792079925537, "Epoch 859 Step 65": 2.894071340560913, "Epoch 859 Step 66": 2.8871910572052, "Epoch 859 Step 67": 2.8851723670959473, "Epoch 859 Step 68": 2.8828577995300293, "Epoch 859 Step 69": 2.9053733348846436, "Epoch 859 Step 70": 2.89943265914917, "Epoch 859 Step 71": 2.8986589908599854, "Epoch 859 Step 72": 2.8766114711761475, "Epoch 859 Step 73": 2.8896288871765137, "Epoch 859 Step 74": 2.8930275440216064, "Epoch 859 Step 75": 2.874849319458008, "Epoch 859 Step 76": 2.886700391769409, "Epoch 859 Step 77": 2.8868753910064697, "Epoch 859 Step 78": 2.891868829727173, "Epoch 859 Step 79": 2.895733118057251, "Epoch 859 Step 80": 2.881457805633545, "Epoch 859 Step 81": 2.8927884101867676, "Epoch 859 Step 82": 2.878086566925049, "Epoch 859 Step 83": 2.8849658966064453, "Epoch 859 Step 84": 2.87785005569458, "Epoch 859 Step 85": 2.8925604820251465, "Epoch 859 Step 86": 2.8782923221588135, "Epoch 859 Step 87": 2.883009910583496, "Epoch 859 Step 88": 2.8884599208831787, "Epoch 859 Step 89": 2.87317156791687}