{"Epoch 337 Step 0": 2.882683753967285, "Epoch 337 Step 1": 2.8931989669799805, "Epoch 337 Step 2": 2.880070924758911, "Epoch 337 Step 3": 2.885704755783081, "Epoch 337 Step 4": 2.87872576713562, "Epoch 337 Step 5": 2.8917300701141357, "Epoch 337 Step 6": 2.8784542083740234, "Epoch 337 Step 7": 2.8846840858459473, "Epoch 337 Step 8": 2.8885915279388428, "Epoch 337 Step 9": 2.8736233711242676, "Epoch 337 Step 10": 2.871767044067383, "Epoch 337 Step 11": 2.8717803955078125, "Epoch 337 Step 12": 2.889819860458374, "Epoch 337 Step 13": 2.8831987380981445, "Epoch 337 Step 14": 2.8787617683410645, "Epoch 337 Step 15": 2.8900513648986816, "Epoch 337 Step 16": 2.8952407836914062, "Epoch 337 Step 17": 2.8810226917266846, "Epoch 337 Step 18": 2.87662410736084, "Epoch 337 Step 19": 2.8877689838409424, "Epoch 337 Step 20": 2.891873359680176, "Epoch 337 Step 21": 2.8813045024871826, "Epoch 337 Step 22": 2.8815858364105225, "Epoch 337 Step 23": 2.877650737762451, "Epoch 337 Step 24": 2.887666702270508, "Epoch 337 Step 25": 2.874558448791504, "Epoch 337 Step 26": 2.8852591514587402, "Epoch 337 Step 27": 2.879155158996582, "Epoch 337 Step 28": 2.8829758167266846, "Epoch 337 Step 29": 2.884835958480835, "Epoch 337 Step 30": 2.8714511394500732, "Epoch 337 Step 31": 2.884881019592285, "Epoch 337 Step 32": 2.8875784873962402, "Epoch 337 Step 33": 2.8860838413238525, "Epoch 337 Step 34": 2.889019250869751, "Epoch 337 Step 35": 2.8839612007141113, "Epoch 337 Step 36": 2.8724069595336914, "Epoch 337 Step 37": 2.881359815597534, "Epoch 337 Step 38": 2.8772051334381104, "Epoch 337 Step 39": 2.8830885887145996, "Epoch 337 Step 40": 2.883094549179077, "Epoch 337 Step 41": 2.8908374309539795, "Epoch 337 Step 42": 2.88450288772583, "Epoch 337 Step 43": 2.884813070297241, "Epoch 337 Step 44": 2.881223440170288, "Epoch 337 Step 45": 2.876680850982666, "Epoch 337 Step 46": 2.880007028579712, "Epoch 337 Step 47": 2.8938851356506348, "Epoch 337 Step 48": 2.888054370880127, "Epoch 337 Step 49": 2.8742313385009766, "Epoch 337 Step 50": 2.8907201290130615, "Epoch 337 Step 51": 2.882134199142456, "Epoch 337 Step 52": 2.8753857612609863, "Epoch 337 Step 53": 2.872220993041992, "Epoch 337 Step 54": 2.883100986480713, "Epoch 337 Step 55": 2.8885202407836914, "Epoch 337 Step 56": 2.8797197341918945, "Epoch 337 Step 57": 2.8780977725982666, "Epoch 337 Step 58": 2.87825870513916, "Epoch 337 Step 59": 2.8774499893188477, "Epoch 337 Step 60": 2.887909412384033, "Epoch 337 Step 61": 2.8751304149627686, "Epoch 337 Step 62": 2.8919496536254883, "Epoch 337 Step 63": 2.8712024688720703, "Epoch 337 Step 64": 2.8748621940612793, "Epoch 337 Step 65": 2.879068613052368, "Epoch 337 Step 66": 2.867948055267334, "Epoch 337 Step 67": 2.886920213699341, "Epoch 337 Step 68": 2.8815762996673584, "Epoch 337 Step 69": 2.8865294456481934, "Epoch 337 Step 70": 2.8932042121887207, "Epoch 337 Step 71": 2.886664390563965, "Epoch 337 Step 72": 2.878871440887451, "Epoch 337 Step 73": 2.8849058151245117, "Epoch 337 Step 74": 2.8951661586761475, "Epoch 337 Step 75": 2.893803596496582, "Epoch 337 Step 76": 2.892909526824951, "Epoch 337 Step 77": 2.8875350952148438, "Epoch 337 Step 78": 2.885646104812622, "Epoch 337 Step 79": 2.882807731628418, "Epoch 337 Step 80": 2.90504789352417, "Epoch 337 Step 81": 2.900115728378296, "Epoch 337 Step 82": 2.898524522781372, "Epoch 337 Step 83": 2.876051187515259, "Epoch 337 Step 84": 2.8892672061920166, "Epoch 337 Step 85": 2.8930916786193848, "Epoch 337 Step 86": 2.8753585815429688, "Epoch 337 Step 87": 2.886404275894165, "Epoch 337 Step 88": 2.8870010375976562, "Epoch 337 Step 89": 2.8914966583251953}