{"Epoch 41 Step 0": 2.8833906650543213, "Epoch 41 Step 1": 2.8872714042663574, "Epoch 41 Step 2": 2.8829574584960938, "Epoch 41 Step 3": 2.871286392211914, "Epoch 41 Step 4": 2.8794710636138916, "Epoch 41 Step 5": 2.8764612674713135, "Epoch 41 Step 6": 2.88281512260437, "Epoch 41 Step 7": 2.880498170852661, "Epoch 41 Step 8": 2.88915753364563, "Epoch 41 Step 9": 2.8843328952789307, "Epoch 41 Step 10": 2.884384870529175, "Epoch 41 Step 11": 2.880704879760742, "Epoch 41 Step 12": 2.872976303100586, "Epoch 41 Step 13": 2.8785512447357178, "Epoch 41 Step 14": 2.8913838863372803, "Epoch 41 Step 15": 2.887927532196045, "Epoch 41 Step 16": 2.8740525245666504, "Epoch 41 Step 17": 2.889496326446533, "Epoch 41 Step 18": 2.8805735111236572, "Epoch 41 Step 19": 2.8742518424987793, "Epoch 41 Step 20": 2.870496988296509, "Epoch 41 Step 21": 2.881122589111328, "Epoch 41 Step 22": 2.886962413787842, "Epoch 41 Step 23": 2.8793821334838867, "Epoch 41 Step 24": 2.8778152465820312, "Epoch 41 Step 25": 2.877720355987549, "Epoch 41 Step 26": 2.874728202819824, "Epoch 41 Step 27": 2.8859286308288574, "Epoch 41 Step 28": 2.8728013038635254, "Epoch 41 Step 29": 2.88913893699646, "Epoch 41 Step 30": 2.8710291385650635, "Epoch 41 Step 31": 2.8738627433776855, "Epoch 41 Step 32": 2.879018545150757, "Epoch 41 Step 33": 2.866710901260376, "Epoch 41 Step 34": 2.8849620819091797, "Epoch 41 Step 35": 2.880772352218628, "Epoch 41 Step 36": 2.884031057357788, "Epoch 41 Step 37": 2.8916993141174316, "Epoch 41 Step 38": 2.8854048252105713, "Epoch 41 Step 39": 2.877345323562622, "Epoch 41 Step 40": 2.8830950260162354, "Epoch 41 Step 41": 2.8933663368225098, "Epoch 41 Step 42": 2.8939545154571533, "Epoch 41 Step 43": 2.8918824195861816, "Epoch 41 Step 44": 2.8870527744293213, "Epoch 41 Step 45": 2.8849611282348633, "Epoch 41 Step 46": 2.88025164604187, "Epoch 41 Step 47": 2.9030258655548096, "Epoch 41 Step 48": 2.89668869972229, "Epoch 41 Step 49": 2.895139217376709, "Epoch 41 Step 50": 2.875310182571411, "Epoch 41 Step 51": 2.888267755508423, "Epoch 41 Step 52": 2.891880512237549, "Epoch 41 Step 53": 2.874898672103882, "Epoch 41 Step 54": 2.885010242462158, "Epoch 41 Step 55": 2.8861870765686035, "Epoch 41 Step 56": 2.8907456398010254, "Epoch 41 Step 57": 2.894988536834717, "Epoch 41 Step 58": 2.8802683353424072, "Epoch 41 Step 59": 2.893167734146118, "Epoch 41 Step 60": 2.8761935234069824, "Epoch 41 Step 61": 2.8840293884277344, "Epoch 41 Step 62": 2.876054286956787, "Epoch 41 Step 63": 2.8906350135803223, "Epoch 41 Step 64": 2.87711501121521, "Epoch 41 Step 65": 2.880866765975952, "Epoch 41 Step 66": 2.888537883758545, "Epoch 41 Step 67": 2.871889114379883, "Epoch 41 Step 68": 2.8710973262786865, "Epoch 41 Step 69": 2.8705663681030273, "Epoch 41 Step 70": 2.886768102645874, "Epoch 41 Step 71": 2.880955934524536, "Epoch 41 Step 72": 2.875469207763672, "Epoch 41 Step 73": 2.8894100189208984, "Epoch 41 Step 74": 2.894502639770508, "Epoch 41 Step 75": 2.879218101501465, "Epoch 41 Step 76": 2.8755366802215576, "Epoch 41 Step 77": 2.8863017559051514, "Epoch 41 Step 78": 2.8894903659820557, "Epoch 41 Step 79": 2.879952907562256, "Epoch 41 Step 80": 2.880946159362793, "Epoch 41 Step 81": 2.875983715057373, "Epoch 41 Step 82": 2.8869707584381104, "Epoch 41 Step 83": 2.8729093074798584, "Epoch 41 Step 84": 2.8836710453033447, "Epoch 41 Step 85": 2.877924919128418, "Epoch 41 Step 86": 2.881932020187378, "Epoch 41 Step 87": 2.8836781978607178, "Epoch 41 Step 88": 2.869142532348633, "Epoch 41 Step 89": 2.8842203617095947}