{"Epoch 570 Step 0": 2.878971815109253, "Epoch 570 Step 1": 2.8824515342712402, "Epoch 570 Step 2": 2.8844900131225586, "Epoch 570 Step 3": 2.8712265491485596, "Epoch 570 Step 4": 2.8849565982818604, "Epoch 570 Step 5": 2.8882248401641846, "Epoch 570 Step 6": 2.885617733001709, "Epoch 570 Step 7": 2.8895440101623535, "Epoch 570 Step 8": 2.8844521045684814, "Epoch 570 Step 9": 2.872178077697754, "Epoch 570 Step 10": 2.881162166595459, "Epoch 570 Step 11": 2.8767805099487305, "Epoch 570 Step 12": 2.8822877407073975, "Epoch 570 Step 13": 2.8832831382751465, "Epoch 570 Step 14": 2.89083194732666, "Epoch 570 Step 15": 2.8847150802612305, "Epoch 570 Step 16": 2.884877920150757, "Epoch 570 Step 17": 2.881256580352783, "Epoch 570 Step 18": 2.8758161067962646, "Epoch 570 Step 19": 2.8794326782226562, "Epoch 570 Step 20": 2.8938043117523193, "Epoch 570 Step 21": 2.8880815505981445, "Epoch 570 Step 22": 2.873779773712158, "Epoch 570 Step 23": 2.890392541885376, "Epoch 570 Step 24": 2.882112979888916, "Epoch 570 Step 25": 2.875894546508789, "Epoch 570 Step 26": 2.8718833923339844, "Epoch 570 Step 27": 2.882542133331299, "Epoch 570 Step 28": 2.8876466751098633, "Epoch 570 Step 29": 2.8804771900177, "Epoch 570 Step 30": 2.8786020278930664, "Epoch 570 Step 31": 2.8783552646636963, "Epoch 570 Step 32": 2.876406192779541, "Epoch 570 Step 33": 2.8880467414855957, "Epoch 570 Step 34": 2.8737285137176514, "Epoch 570 Step 35": 2.8913612365722656, "Epoch 570 Step 36": 2.871762990951538, "Epoch 570 Step 37": 2.8744077682495117, "Epoch 570 Step 38": 2.879730224609375, "Epoch 570 Step 39": 2.8680145740509033, "Epoch 570 Step 40": 2.887106418609619, "Epoch 570 Step 41": 2.881808280944824, "Epoch 570 Step 42": 2.886974573135376, "Epoch 570 Step 43": 2.89327073097229, "Epoch 570 Step 44": 2.885995864868164, "Epoch 570 Step 45": 2.8788421154022217, "Epoch 570 Step 46": 2.8848743438720703, "Epoch 570 Step 47": 2.895378589630127, "Epoch 570 Step 48": 2.8939363956451416, "Epoch 570 Step 49": 2.8925766944885254, "Epoch 570 Step 50": 2.8878955841064453, "Epoch 570 Step 51": 2.886598825454712, "Epoch 570 Step 52": 2.883744716644287, "Epoch 570 Step 53": 2.904735803604126, "Epoch 570 Step 54": 2.901496648788452, "Epoch 570 Step 55": 2.8990983963012695, "Epoch 570 Step 56": 2.8754336833953857, "Epoch 570 Step 57": 2.888643503189087, "Epoch 570 Step 58": 2.892792224884033, "Epoch 570 Step 59": 2.8750104904174805, "Epoch 570 Step 60": 2.886179208755493, "Epoch 570 Step 61": 2.8865439891815186, "Epoch 570 Step 62": 2.8910725116729736, "Epoch 570 Step 63": 2.8956072330474854, "Epoch 570 Step 64": 2.8818352222442627, "Epoch 570 Step 65": 2.892808437347412, "Epoch 570 Step 66": 2.877865791320801, "Epoch 570 Step 67": 2.8845744132995605, "Epoch 570 Step 68": 2.878430128097534, "Epoch 570 Step 69": 2.892688274383545, "Epoch 570 Step 70": 2.877964973449707, "Epoch 570 Step 71": 2.8827738761901855, "Epoch 570 Step 72": 2.8882031440734863, "Epoch 570 Step 73": 2.8729872703552246, "Epoch 570 Step 74": 2.872182846069336, "Epoch 570 Step 75": 2.8720812797546387, "Epoch 570 Step 76": 2.8881945610046387, "Epoch 570 Step 77": 2.8818445205688477, "Epoch 570 Step 78": 2.877412796020508, "Epoch 570 Step 79": 2.8905136585235596, "Epoch 570 Step 80": 2.895550012588501, "Epoch 570 Step 81": 2.8803486824035645, "Epoch 570 Step 82": 2.8754985332489014, "Epoch 570 Step 83": 2.887732982635498, "Epoch 570 Step 84": 2.8915598392486572, "Epoch 570 Step 85": 2.880769729614258, "Epoch 570 Step 86": 2.882377862930298, "Epoch 570 Step 87": 2.8777806758880615, "Epoch 570 Step 88": 2.887516498565674, "Epoch 570 Step 89": 2.8737356662750244}