{"Epoch 667 Step 0": 2.881054401397705, "Epoch 667 Step 1": 2.8834004402160645, "Epoch 667 Step 2": 2.8788516521453857, "Epoch 667 Step 3": 2.8874030113220215, "Epoch 667 Step 4": 2.8739497661590576, "Epoch 667 Step 5": 2.885416269302368, "Epoch 667 Step 6": 2.8789963722229004, "Epoch 667 Step 7": 2.882784605026245, "Epoch 667 Step 8": 2.884636878967285, "Epoch 667 Step 9": 2.8712680339813232, "Epoch 667 Step 10": 2.8848817348480225, "Epoch 667 Step 11": 2.8878610134124756, "Epoch 667 Step 12": 2.885650157928467, "Epoch 667 Step 13": 2.890087127685547, "Epoch 667 Step 14": 2.8844728469848633, "Epoch 667 Step 15": 2.872511863708496, "Epoch 667 Step 16": 2.881558895111084, "Epoch 667 Step 17": 2.877300977706909, "Epoch 667 Step 18": 2.8826160430908203, "Epoch 667 Step 19": 2.883046865463257, "Epoch 667 Step 20": 2.890699863433838, "Epoch 667 Step 21": 2.8852272033691406, "Epoch 667 Step 22": 2.8852975368499756, "Epoch 667 Step 23": 2.8813610076904297, "Epoch 667 Step 24": 2.875380516052246, "Epoch 667 Step 25": 2.8795573711395264, "Epoch 667 Step 26": 2.894437074661255, "Epoch 667 Step 27": 2.88820219039917, "Epoch 667 Step 28": 2.8735122680664062, "Epoch 667 Step 29": 2.8905460834503174, "Epoch 667 Step 30": 2.8820104598999023, "Epoch 667 Step 31": 2.875124216079712, "Epoch 667 Step 32": 2.872291088104248, "Epoch 667 Step 33": 2.882899284362793, "Epoch 667 Step 34": 2.888267993927002, "Epoch 667 Step 35": 2.880666971206665, "Epoch 667 Step 36": 2.879455089569092, "Epoch 667 Step 37": 2.878716468811035, "Epoch 667 Step 38": 2.8769478797912598, "Epoch 667 Step 39": 2.8879566192626953, "Epoch 667 Step 40": 2.8741748332977295, "Epoch 667 Step 41": 2.891144275665283, "Epoch 667 Step 42": 2.87149977684021, "Epoch 667 Step 43": 2.8744614124298096, "Epoch 667 Step 44": 2.8797061443328857, "Epoch 667 Step 45": 2.867671489715576, "Epoch 667 Step 46": 2.8876538276672363, "Epoch 667 Step 47": 2.8821394443511963, "Epoch 667 Step 48": 2.8875818252563477, "Epoch 667 Step 49": 2.893972158432007, "Epoch 667 Step 50": 2.8857598304748535, "Epoch 667 Step 51": 2.8790884017944336, "Epoch 667 Step 52": 2.8854308128356934, "Epoch 667 Step 53": 2.895134449005127, "Epoch 667 Step 54": 2.893247365951538, "Epoch 667 Step 55": 2.8919754028320312, "Epoch 667 Step 56": 2.8887431621551514, "Epoch 667 Step 57": 2.890087604522705, "Epoch 667 Step 58": 2.885176181793213, "Epoch 667 Step 59": 2.902308464050293, "Epoch 667 Step 60": 2.902740240097046, "Epoch 667 Step 61": 2.8995957374572754, "Epoch 667 Step 62": 2.8753647804260254, "Epoch 667 Step 63": 2.8883137702941895, "Epoch 667 Step 64": 2.8917298316955566, "Epoch 667 Step 65": 2.8750154972076416, "Epoch 667 Step 66": 2.8863332271575928, "Epoch 667 Step 67": 2.887601613998413, "Epoch 667 Step 68": 2.8911969661712646, "Epoch 667 Step 69": 2.8961503505706787, "Epoch 667 Step 70": 2.8830556869506836, "Epoch 667 Step 71": 2.8925273418426514, "Epoch 667 Step 72": 2.878563165664673, "Epoch 667 Step 73": 2.886528730392456, "Epoch 667 Step 74": 2.8788249492645264, "Epoch 667 Step 75": 2.8928263187408447, "Epoch 667 Step 76": 2.8782334327697754, "Epoch 667 Step 77": 2.88252854347229, "Epoch 667 Step 78": 2.8883984088897705, "Epoch 667 Step 79": 2.873075485229492, "Epoch 667 Step 80": 2.8728883266448975, "Epoch 667 Step 81": 2.8727622032165527, "Epoch 667 Step 82": 2.888773202896118, "Epoch 667 Step 83": 2.882890224456787, "Epoch 667 Step 84": 2.8789167404174805, "Epoch 667 Step 85": 2.8910984992980957, "Epoch 667 Step 86": 2.896682024002075, "Epoch 667 Step 87": 2.8802711963653564, "Epoch 667 Step 88": 2.8764352798461914, "Epoch 667 Step 89": 2.8883838653564453}