{"Epoch 352 Step 0": 2.8714168071746826, "Epoch 352 Step 1": 2.8747501373291016, "Epoch 352 Step 2": 2.8792974948883057, "Epoch 352 Step 3": 2.867884397506714, "Epoch 352 Step 4": 2.8873493671417236, "Epoch 352 Step 5": 2.8818068504333496, "Epoch 352 Step 6": 2.887206554412842, "Epoch 352 Step 7": 2.8937299251556396, "Epoch 352 Step 8": 2.887495279312134, "Epoch 352 Step 9": 2.878493309020996, "Epoch 352 Step 10": 2.885016918182373, "Epoch 352 Step 11": 2.8954274654388428, "Epoch 352 Step 12": 2.894564628601074, "Epoch 352 Step 13": 2.8928451538085938, "Epoch 352 Step 14": 2.8879823684692383, "Epoch 352 Step 15": 2.886777400970459, "Epoch 352 Step 16": 2.8853797912597656, "Epoch 352 Step 17": 2.903801918029785, "Epoch 352 Step 18": 2.901700735092163, "Epoch 352 Step 19": 2.8959505558013916, "Epoch 352 Step 20": 2.877708911895752, "Epoch 352 Step 21": 2.891352415084839, "Epoch 352 Step 22": 2.894057035446167, "Epoch 352 Step 23": 2.8753373622894287, "Epoch 352 Step 24": 2.88645601272583, "Epoch 352 Step 25": 2.887333869934082, "Epoch 352 Step 26": 2.8918583393096924, "Epoch 352 Step 27": 2.895702838897705, "Epoch 352 Step 28": 2.881650924682617, "Epoch 352 Step 29": 2.892829179763794, "Epoch 352 Step 30": 2.8794338703155518, "Epoch 352 Step 31": 2.886727809906006, "Epoch 352 Step 32": 2.8787262439727783, "Epoch 352 Step 33": 2.892164707183838, "Epoch 352 Step 34": 2.8775131702423096, "Epoch 352 Step 35": 2.883756399154663, "Epoch 352 Step 36": 2.889470338821411, "Epoch 352 Step 37": 2.8744537830352783, "Epoch 352 Step 38": 2.8721442222595215, "Epoch 352 Step 39": 2.8726441860198975, "Epoch 352 Step 40": 2.88862943649292, "Epoch 352 Step 41": 2.882774591445923, "Epoch 352 Step 42": 2.8777008056640625, "Epoch 352 Step 43": 2.8902294635772705, "Epoch 352 Step 44": 2.894841432571411, "Epoch 352 Step 45": 2.8801488876342773, "Epoch 352 Step 46": 2.8753550052642822, "Epoch 352 Step 47": 2.8876702785491943, "Epoch 352 Step 48": 2.8915321826934814, "Epoch 352 Step 49": 2.8802895545959473, "Epoch 352 Step 50": 2.8814187049865723, "Epoch 352 Step 51": 2.8772571086883545, "Epoch 352 Step 52": 2.88726806640625, "Epoch 352 Step 53": 2.8737263679504395, "Epoch 352 Step 54": 2.8854384422302246, "Epoch 352 Step 55": 2.8790884017944336, "Epoch 352 Step 56": 2.8830454349517822, "Epoch 352 Step 57": 2.884697198867798, "Epoch 352 Step 58": 2.871413469314575, "Epoch 352 Step 59": 2.8848676681518555, "Epoch 352 Step 60": 2.8877334594726562, "Epoch 352 Step 61": 2.8860127925872803, "Epoch 352 Step 62": 2.8895046710968018, "Epoch 352 Step 63": 2.8843460083007812, "Epoch 352 Step 64": 2.8723180294036865, "Epoch 352 Step 65": 2.8807790279388428, "Epoch 352 Step 66": 2.876997470855713, "Epoch 352 Step 67": 2.8826169967651367, "Epoch 352 Step 68": 2.8831377029418945, "Epoch 352 Step 69": 2.8911092281341553, "Epoch 352 Step 70": 2.8851187229156494, "Epoch 352 Step 71": 2.885366201400757, "Epoch 352 Step 72": 2.881113290786743, "Epoch 352 Step 73": 2.8757128715515137, "Epoch 352 Step 74": 2.879287004470825, "Epoch 352 Step 75": 2.8940014839172363, "Epoch 352 Step 76": 2.8881001472473145, "Epoch 352 Step 77": 2.8740246295928955, "Epoch 352 Step 78": 2.891024351119995, "Epoch 352 Step 79": 2.8821074962615967, "Epoch 352 Step 80": 2.8756933212280273, "Epoch 352 Step 81": 2.8724238872528076, "Epoch 352 Step 82": 2.8822197914123535, "Epoch 352 Step 83": 2.88787841796875, "Epoch 352 Step 84": 2.8799314498901367, "Epoch 352 Step 85": 2.8782742023468018, "Epoch 352 Step 86": 2.878049850463867, "Epoch 352 Step 87": 2.8770763874053955, "Epoch 352 Step 88": 2.8880231380462646, "Epoch 352 Step 89": 2.876018524169922}