{"Epoch 623 Step 0": 2.8792836666107178, "Epoch 623 Step 1": 2.8679580688476562, "Epoch 623 Step 2": 2.887127637863159, "Epoch 623 Step 3": 2.8812177181243896, "Epoch 623 Step 4": 2.886803150177002, "Epoch 623 Step 5": 2.892460584640503, "Epoch 623 Step 6": 2.88676381111145, "Epoch 623 Step 7": 2.878404378890991, "Epoch 623 Step 8": 2.884347677230835, "Epoch 623 Step 9": 2.895230770111084, "Epoch 623 Step 10": 2.8948814868927, "Epoch 623 Step 11": 2.8940231800079346, "Epoch 623 Step 12": 2.887195587158203, "Epoch 623 Step 13": 2.885284900665283, "Epoch 623 Step 14": 2.882344961166382, "Epoch 623 Step 15": 2.9052693843841553, "Epoch 623 Step 16": 2.898794651031494, "Epoch 623 Step 17": 2.89715838432312, "Epoch 623 Step 18": 2.877683639526367, "Epoch 623 Step 19": 2.8911361694335938, "Epoch 623 Step 20": 2.894228219985962, "Epoch 623 Step 21": 2.874810218811035, "Epoch 623 Step 22": 2.8866939544677734, "Epoch 623 Step 23": 2.887057065963745, "Epoch 623 Step 24": 2.8915212154388428, "Epoch 623 Step 25": 2.895617723464966, "Epoch 623 Step 26": 2.881013870239258, "Epoch 623 Step 27": 2.8923532962799072, "Epoch 623 Step 28": 2.878951072692871, "Epoch 623 Step 29": 2.884913444519043, "Epoch 623 Step 30": 2.877758026123047, "Epoch 623 Step 31": 2.8919482231140137, "Epoch 623 Step 32": 2.877464532852173, "Epoch 623 Step 33": 2.8831214904785156, "Epoch 623 Step 34": 2.889408826828003, "Epoch 623 Step 35": 2.8735547065734863, "Epoch 623 Step 36": 2.8711278438568115, "Epoch 623 Step 37": 2.8716413974761963, "Epoch 623 Step 38": 2.888733386993408, "Epoch 623 Step 39": 2.8819613456726074, "Epoch 623 Step 40": 2.877537965774536, "Epoch 623 Step 41": 2.8894083499908447, "Epoch 623 Step 42": 2.8947384357452393, "Epoch 623 Step 43": 2.880275011062622, "Epoch 623 Step 44": 2.8764615058898926, "Epoch 623 Step 45": 2.887427568435669, "Epoch 623 Step 46": 2.891418933868408, "Epoch 623 Step 47": 2.880765676498413, "Epoch 623 Step 48": 2.8818717002868652, "Epoch 623 Step 49": 2.8777523040771484, "Epoch 623 Step 50": 2.887641191482544, "Epoch 623 Step 51": 2.874380588531494, "Epoch 623 Step 52": 2.8856735229492188, "Epoch 623 Step 53": 2.8788859844207764, "Epoch 623 Step 54": 2.882718324661255, "Epoch 623 Step 55": 2.8848655223846436, "Epoch 623 Step 56": 2.8707945346832275, "Epoch 623 Step 57": 2.885146141052246, "Epoch 623 Step 58": 2.8874051570892334, "Epoch 623 Step 59": 2.8855199813842773, "Epoch 623 Step 60": 2.889158248901367, "Epoch 623 Step 61": 2.8841371536254883, "Epoch 623 Step 62": 2.872514247894287, "Epoch 623 Step 63": 2.880896806716919, "Epoch 623 Step 64": 2.877013683319092, "Epoch 623 Step 65": 2.8823585510253906, "Epoch 623 Step 66": 2.882983446121216, "Epoch 623 Step 67": 2.8908181190490723, "Epoch 623 Step 68": 2.884420871734619, "Epoch 623 Step 69": 2.8844122886657715, "Epoch 623 Step 70": 2.8810582160949707, "Epoch 623 Step 71": 2.8754806518554688, "Epoch 623 Step 72": 2.8790712356567383, "Epoch 623 Step 73": 2.894021987915039, "Epoch 623 Step 74": 2.887850284576416, "Epoch 623 Step 75": 2.8736910820007324, "Epoch 623 Step 76": 2.8900275230407715, "Epoch 623 Step 77": 2.8819358348846436, "Epoch 623 Step 78": 2.875562906265259, "Epoch 623 Step 79": 2.8708510398864746, "Epoch 623 Step 80": 2.8824517726898193, "Epoch 623 Step 81": 2.8876078128814697, "Epoch 623 Step 82": 2.8800101280212402, "Epoch 623 Step 83": 2.87872576713562, "Epoch 623 Step 84": 2.877866744995117, "Epoch 623 Step 85": 2.8764991760253906, "Epoch 623 Step 86": 2.8876798152923584, "Epoch 623 Step 87": 2.8731534481048584, "Epoch 623 Step 88": 2.891101121902466, "Epoch 623 Step 89": 2.8711769580841064}