{"Epoch 5 Step 0": 2.8866708278656006, "Epoch 5 Step 1": 2.8918778896331787, "Epoch 5 Step 2": 2.885883092880249, "Epoch 5 Step 3": 2.879863739013672, "Epoch 5 Step 4": 2.8854918479919434, "Epoch 5 Step 5": 2.896299362182617, "Epoch 5 Step 6": 2.8948025703430176, "Epoch 5 Step 7": 2.8931663036346436, "Epoch 5 Step 8": 2.8879878520965576, "Epoch 5 Step 9": 2.8862252235412598, "Epoch 5 Step 10": 2.880265474319458, "Epoch 5 Step 11": 2.905667543411255, "Epoch 5 Step 12": 2.895885705947876, "Epoch 5 Step 13": 2.8975398540496826, "Epoch 5 Step 14": 2.8783562183380127, "Epoch 5 Step 15": 2.890699625015259, "Epoch 5 Step 16": 2.893414258956909, "Epoch 5 Step 17": 2.877305030822754, "Epoch 5 Step 18": 2.887835741043091, "Epoch 5 Step 19": 2.888453960418701, "Epoch 5 Step 20": 2.8921101093292236, "Epoch 5 Step 21": 2.895692825317383, "Epoch 5 Step 22": 2.882298231124878, "Epoch 5 Step 23": 2.8954944610595703, "Epoch 5 Step 24": 2.88071870803833, "Epoch 5 Step 25": 2.8859992027282715, "Epoch 5 Step 26": 2.8788254261016846, "Epoch 5 Step 27": 2.890862226486206, "Epoch 5 Step 28": 2.877880811691284, "Epoch 5 Step 29": 2.8840858936309814, "Epoch 5 Step 30": 2.8901941776275635, "Epoch 5 Step 31": 2.8741915225982666, "Epoch 5 Step 32": 2.8738367557525635, "Epoch 5 Step 33": 2.872453451156616, "Epoch 5 Step 34": 2.888547420501709, "Epoch 5 Step 35": 2.8823697566986084, "Epoch 5 Step 36": 2.877519130706787, "Epoch 5 Step 37": 2.8931684494018555, "Epoch 5 Step 38": 2.8959250450134277, "Epoch 5 Step 39": 2.8814499378204346, "Epoch 5 Step 40": 2.876887321472168, "Epoch 5 Step 41": 2.8872385025024414, "Epoch 5 Step 42": 2.8910951614379883, "Epoch 5 Step 43": 2.8821637630462646, "Epoch 5 Step 44": 2.8840982913970947, "Epoch 5 Step 45": 2.879227638244629, "Epoch 5 Step 46": 2.88858699798584, "Epoch 5 Step 47": 2.8734819889068604, "Epoch 5 Step 48": 2.884892702102661, "Epoch 5 Step 49": 2.8793082237243652, "Epoch 5 Step 50": 2.8838953971862793, "Epoch 5 Step 51": 2.8849592208862305, "Epoch 5 Step 52": 2.8714442253112793, "Epoch 5 Step 53": 2.8853280544281006, "Epoch 5 Step 54": 2.886949062347412, "Epoch 5 Step 55": 2.885648250579834, "Epoch 5 Step 56": 2.8890719413757324, "Epoch 5 Step 57": 2.8841843605041504, "Epoch 5 Step 58": 2.872568130493164, "Epoch 5 Step 59": 2.8802294731140137, "Epoch 5 Step 60": 2.8773367404937744, "Epoch 5 Step 61": 2.884171485900879, "Epoch 5 Step 62": 2.882345676422119, "Epoch 5 Step 63": 2.891547203063965, "Epoch 5 Step 64": 2.8843252658843994, "Epoch 5 Step 65": 2.885666608810425, "Epoch 5 Step 66": 2.8822848796844482, "Epoch 5 Step 67": 2.875321626663208, "Epoch 5 Step 68": 2.8796067237854004, "Epoch 5 Step 69": 2.893615484237671, "Epoch 5 Step 70": 2.88962459564209, "Epoch 5 Step 71": 2.8744595050811768, "Epoch 5 Step 72": 2.890535593032837, "Epoch 5 Step 73": 2.881467580795288, "Epoch 5 Step 74": 2.8755440711975098, "Epoch 5 Step 75": 2.872727870941162, "Epoch 5 Step 76": 2.8818368911743164, "Epoch 5 Step 77": 2.8879663944244385, "Epoch 5 Step 78": 2.879809856414795, "Epoch 5 Step 79": 2.8790409564971924, "Epoch 5 Step 80": 2.8785252571105957, "Epoch 5 Step 81": 2.8768150806427, "Epoch 5 Step 82": 2.887847661972046, "Epoch 5 Step 83": 2.8757786750793457, "Epoch 5 Step 84": 2.8906705379486084, "Epoch 5 Step 85": 2.8712687492370605, "Epoch 5 Step 86": 2.87522554397583, "Epoch 5 Step 87": 2.878749132156372, "Epoch 5 Step 88": 2.868086099624634, "Epoch 5 Step 89": 2.887589931488037}