{"Epoch 373 Step 0": 2.8850631713867188, "Epoch 373 Step 1": 2.8852362632751465, "Epoch 373 Step 2": 2.8809056282043457, "Epoch 373 Step 3": 2.875455856323242, "Epoch 373 Step 4": 2.879181146621704, "Epoch 373 Step 5": 2.8938241004943848, "Epoch 373 Step 6": 2.887974500656128, "Epoch 373 Step 7": 2.8744256496429443, "Epoch 373 Step 8": 2.8906991481781006, "Epoch 373 Step 9": 2.882420539855957, "Epoch 373 Step 10": 2.8761391639709473, "Epoch 373 Step 11": 2.872943878173828, "Epoch 373 Step 12": 2.881845235824585, "Epoch 373 Step 13": 2.887235641479492, "Epoch 373 Step 14": 2.880337953567505, "Epoch 373 Step 15": 2.8788022994995117, "Epoch 373 Step 16": 2.878248929977417, "Epoch 373 Step 17": 2.8765361309051514, "Epoch 373 Step 18": 2.8880844116210938, "Epoch 373 Step 19": 2.8751678466796875, "Epoch 373 Step 20": 2.8912041187286377, "Epoch 373 Step 21": 2.8713417053222656, "Epoch 373 Step 22": 2.874669313430786, "Epoch 373 Step 23": 2.8793585300445557, "Epoch 373 Step 24": 2.868136405944824, "Epoch 373 Step 25": 2.886854410171509, "Epoch 373 Step 26": 2.8818225860595703, "Epoch 373 Step 27": 2.886873960494995, "Epoch 373 Step 28": 2.8931312561035156, "Epoch 373 Step 29": 2.8858871459960938, "Epoch 373 Step 30": 2.878788948059082, "Epoch 373 Step 31": 2.8851449489593506, "Epoch 373 Step 32": 2.8955719470977783, "Epoch 373 Step 33": 2.894249439239502, "Epoch 373 Step 34": 2.893280506134033, "Epoch 373 Step 35": 2.8882243633270264, "Epoch 373 Step 36": 2.886326551437378, "Epoch 373 Step 37": 2.8822388648986816, "Epoch 373 Step 38": 2.904995918273926, "Epoch 373 Step 39": 2.900031805038452, "Epoch 373 Step 40": 2.8990883827209473, "Epoch 373 Step 41": 2.874927520751953, "Epoch 373 Step 42": 2.887976884841919, "Epoch 373 Step 43": 2.892808675765991, "Epoch 373 Step 44": 2.8749566078186035, "Epoch 373 Step 45": 2.8863799571990967, "Epoch 373 Step 46": 2.886502265930176, "Epoch 373 Step 47": 2.891278028488159, "Epoch 373 Step 48": 2.8953897953033447, "Epoch 373 Step 49": 2.881901264190674, "Epoch 373 Step 50": 2.8931145668029785, "Epoch 373 Step 51": 2.8780689239501953, "Epoch 373 Step 52": 2.884507894515991, "Epoch 373 Step 53": 2.8780369758605957, "Epoch 373 Step 54": 2.892099142074585, "Epoch 373 Step 55": 2.878155469894409, "Epoch 373 Step 56": 2.8826379776000977, "Epoch 373 Step 57": 2.8886494636535645, "Epoch 373 Step 58": 2.8729207515716553, "Epoch 373 Step 59": 2.8718295097351074, "Epoch 373 Step 60": 2.8717546463012695, "Epoch 373 Step 61": 2.8884615898132324, "Epoch 373 Step 62": 2.881850481033325, "Epoch 373 Step 63": 2.8776214122772217, "Epoch 373 Step 64": 2.8900582790374756, "Epoch 373 Step 65": 2.8956005573272705, "Epoch 373 Step 66": 2.8807225227355957, "Epoch 373 Step 67": 2.8759098052978516, "Epoch 373 Step 68": 2.887463331222534, "Epoch 373 Step 69": 2.891465187072754, "Epoch 373 Step 70": 2.880566358566284, "Epoch 373 Step 71": 2.8821632862091064, "Epoch 373 Step 72": 2.877985715866089, "Epoch 373 Step 73": 2.8874781131744385, "Epoch 373 Step 74": 2.873835563659668, "Epoch 373 Step 75": 2.885390281677246, "Epoch 373 Step 76": 2.8795437812805176, "Epoch 373 Step 77": 2.8829729557037354, "Epoch 373 Step 78": 2.885030746459961, "Epoch 373 Step 79": 2.8711555004119873, "Epoch 373 Step 80": 2.885218858718872, "Epoch 373 Step 81": 2.887551784515381, "Epoch 373 Step 82": 2.885815143585205, "Epoch 373 Step 83": 2.889726161956787, "Epoch 373 Step 84": 2.884550094604492, "Epoch 373 Step 85": 2.872288942337036, "Epoch 373 Step 86": 2.8805322647094727, "Epoch 373 Step 87": 2.876824140548706, "Epoch 373 Step 88": 2.882793426513672, "Epoch 373 Step 89": 2.882875680923462}