{"Epoch 30 Step 0": 2.861072540283203, "Epoch 30 Step 1": 2.8566811084747314, "Epoch 30 Step 2": 2.855419635772705, "Epoch 30 Step 3": 2.82047963142395, "Epoch 30 Step 4": 2.8548476696014404, "Epoch 30 Step 5": 2.8704817295074463, "Epoch 30 Step 6": 2.842763900756836, "Epoch 30 Step 7": 2.843923330307007, "Epoch 30 Step 8": 2.882423162460327, "Epoch 30 Step 9": 2.861255407333374, "Epoch 30 Step 10": 2.8764331340789795, "Epoch 30 Step 11": 2.876850128173828, "Epoch 30 Step 12": 2.8635542392730713, "Epoch 30 Step 13": 2.845512866973877, "Epoch 30 Step 14": 2.875227689743042, "Epoch 30 Step 15": 2.8765008449554443, "Epoch 30 Step 16": 2.867574691772461, "Epoch 30 Step 17": 2.8626034259796143, "Epoch 30 Step 18": 2.874490261077881, "Epoch 30 Step 19": 2.8832201957702637, "Epoch 30 Step 20": 2.7999110221862793, "Epoch 30 Step 21": 2.8435003757476807, "Epoch 30 Step 22": 2.8057379722595215, "Epoch 30 Step 23": 2.844839096069336, "Epoch 30 Step 24": 2.8778746128082275, "Epoch 30 Step 25": 2.868436813354492, "Epoch 30 Step 26": 2.882920742034912, "Epoch 30 Step 27": 2.8644890785217285, "Epoch 30 Step 28": 2.77144455909729, "Epoch 30 Step 29": 2.7299394607543945, "Epoch 30 Step 30": 2.8100271224975586, "Epoch 30 Step 31": 2.8833444118499756, "Epoch 30 Step 32": 2.8711555004119873, "Epoch 30 Step 33": 2.855008125305176, "Epoch 30 Step 34": 2.8628480434417725, "Epoch 30 Step 35": 2.875487804412842, "Epoch 30 Step 36": 2.8788411617279053, "Epoch 30 Step 37": 2.8779098987579346, "Epoch 30 Step 38": 2.8627429008483887, "Epoch 30 Step 39": 2.880401372909546, "Epoch 30 Step 40": 2.879438638687134, "Epoch 30 Step 41": 2.8359017372131348, "Epoch 30 Step 42": 2.8422863483428955, "Epoch 30 Step 43": 2.8556392192840576, "Epoch 30 Step 44": 2.858814239501953, "Epoch 30 Step 45": 2.8716771602630615, "Epoch 30 Step 46": 2.8700387477874756, "Epoch 30 Step 47": 2.872525453567505, "Epoch 30 Step 48": 2.876173973083496, "Epoch 30 Step 49": 2.8664638996124268, "Epoch 30 Step 50": 2.8840842247009277, "Epoch 30 Step 51": 2.863931655883789, "Epoch 30 Step 52": 2.8718273639678955, "Epoch 30 Step 53": 2.881913185119629, "Epoch 30 Step 54": 2.875248908996582, "Epoch 30 Step 55": 2.8732354640960693, "Epoch 30 Step 56": 2.873194694519043, "Epoch 30 Step 57": 2.8566746711730957, "Epoch 30 Step 58": 2.8358561992645264, "Epoch 30 Step 59": 2.8599720001220703, "Epoch 30 Step 60": 2.8708224296569824, "Epoch 30 Step 61": 2.8473222255706787, "Epoch 30 Step 62": 2.860208511352539, "Epoch 30 Step 63": 2.8601906299591064, "Epoch 30 Step 64": 2.848677158355713, "Epoch 30 Step 65": 2.8785855770111084, "Epoch 30 Step 66": 2.853732109069824, "Epoch 30 Step 67": 2.8694558143615723, "Epoch 30 Step 68": 2.8526508808135986, "Epoch 30 Step 69": 2.8685739040374756, "Epoch 30 Step 70": 2.8254506587982178, "Epoch 30 Step 71": 2.882554531097412, "Epoch 30 Step 72": 2.8489022254943848, "Epoch 30 Step 73": 2.8800275325775146, "Epoch 30 Step 74": 2.861734390258789, "Epoch 30 Step 75": 2.846184253692627, "Epoch 30 Step 76": 2.8404548168182373, "Epoch 30 Step 77": 2.8617103099823, "Epoch 30 Step 78": 2.8528597354888916, "Epoch 30 Step 79": 2.843327760696411, "Epoch 30 Step 80": 2.876997709274292, "Epoch 30 Step 81": 2.868847370147705, "Epoch 30 Step 82": 2.8594956398010254, "Epoch 30 Step 83": 2.843661069869995, "Epoch 30 Step 84": 2.8565902709960938, "Epoch 30 Step 85": 2.8580520153045654, "Epoch 30 Step 86": 2.831733465194702, "Epoch 30 Step 87": 2.848588228225708, "Epoch 30 Step 88": 2.848287343978882, "Epoch 30 Step 89": 2.8447840213775635, "Epoch 30 Step 90": 2.8356854915618896, "Epoch 30 Step 91": 2.8712987899780273, "Epoch 30 Step 92": 2.8399510383605957, "Epoch 30 Step 93": 2.8762924671173096, "Epoch 30 Step 94": 2.8581888675689697, "Epoch 30 Step 95": 2.837711811065674, "Epoch 30 Step 96": 2.8733839988708496, "Epoch 30 Step 97": 2.8457772731781006, "Epoch 30 Step 98": 2.8575785160064697, "Epoch 30 Step 99": 2.8616178035736084, "Epoch 30 Step 100": 2.831035852432251, "Epoch 30 Step 101": 2.874920129776001, "Epoch 30 Step 102": 2.853353500366211, "Epoch 30 Step 103": 2.8742499351501465, "Epoch 30 Step 104": 2.87016224861145, "Epoch 30 Step 105": 2.893928289413452, "Epoch 30 Step 106": 2.8794186115264893, "Epoch 30 Step 107": 2.8322432041168213, "Epoch 30 Step 108": 2.8692994117736816, "Epoch 30 Step 109": 2.856313705444336, "Epoch 30 Step 110": 2.844193458557129, "Epoch 30 Step 111": 2.856444835662842, "Epoch 30 Step 112": 2.85433030128479, "Epoch 30 Step 113": 2.874861717224121, "Epoch 30 Step 114": 2.8602049350738525, "Epoch 30 Step 115": 2.8738481998443604, "Epoch 30 Step 116": 2.873676300048828, "Epoch 30 Step 117": 2.878807544708252, "Epoch 30 Step 118": 2.8569467067718506, "Epoch 30 Step 119": 2.865475654602051, "Epoch 30 Step 120": 2.861855983734131, "Epoch 30 Step 121": 2.855386257171631, "Epoch 30 Step 122": 2.866504669189453, "Epoch 30 Step 123": 2.840876579284668, "Epoch 30 Step 124": 2.8649919033050537, "Epoch 30 Step 125": 2.8729169368743896, "Epoch 30 Step 126": 2.8084635734558105, "Epoch 30 Step 127": 2.853464365005493, "Epoch 30 Step 128": 2.847595691680908, "Epoch 30 Step 129": 2.864009141921997, "Epoch 30 Step 130": 2.8731231689453125, "Epoch 30 Step 131": 2.8437345027923584, "Epoch 30 Step 132": 2.8630614280700684, "Epoch 30 Step 133": 2.813861131668091, "Epoch 30 Step 134": 2.8473610877990723, "Epoch 30 Step 135": 2.8733036518096924, "Epoch 30 Step 136": 2.863867998123169, "Epoch 30 Step 137": 2.8576366901397705, "Epoch 30 Step 138": 2.8434031009674072, "Epoch 30 Step 139": 2.8647689819335938, "Epoch 30 Step 140": 2.8482797145843506, "Epoch 30 Step 141": 2.8582024574279785, "Epoch 30 Step 142": 2.864780902862549, "Epoch 30 Step 143": 2.861121892929077, "Epoch 30 Step 144": 2.8547024726867676, "Epoch 30 Step 145": 2.857908248901367, "Epoch 30 Step 146": 2.8332650661468506, "Epoch 30 Step 147": 2.839510679244995, "Epoch 30 Step 148": 2.831803321838379, "Epoch 30 Step 149": 2.864920139312744, "Epoch 30 Step 150": 2.8682620525360107, "Epoch 30 Step 151": 2.860398769378662, "Epoch 30 Step 152": 2.8597326278686523, "Epoch 30 Step 153": 2.8519906997680664, "Epoch 30 Step 154": 2.866983413696289, "Epoch 30 Step 155": 2.888291120529175, "Epoch 30 Step 156": 2.806206464767456, "Epoch 30 Step 157": 2.8587779998779297, "Epoch 30 Step 158": 2.851119041442871, "Epoch 30 Step 159": 2.875863790512085, "Epoch 30 Step 160": 2.8578755855560303, "Epoch 30 Step 161": 2.8765246868133545, "Epoch 30 Step 162": 2.8515732288360596, "Epoch 30 Step 163": 2.841144561767578, "Epoch 30 Step 164": 2.8528575897216797, "Epoch 30 Step 165": 2.866734266281128, "Epoch 30 Step 166": 2.852271556854248, "Epoch 30 Step 167": 2.8747191429138184, "Epoch 30 Step 168": 2.859119415283203, "Epoch 30 Step 169": 2.8209471702575684, "Epoch 30 Step 170": 2.850628137588501, "Epoch 30 Step 171": 2.8497190475463867, "Epoch 30 Step 172": 2.8497390747070312, "Epoch 30 Step 173": 2.868619203567505, "Epoch 30 Step 174": 2.8639540672302246, "Epoch 30 Step 175": 2.8661675453186035, "Epoch 30 Step 176": 2.8123972415924072, "Epoch 30 Step 177": 2.8627688884735107, "Epoch 30 Step 178": 2.8562939167022705, "Epoch 30 Step 179": 2.860577344894409, "Epoch 30 Step 180": 2.86299467086792, "Epoch 30 Step 181": 2.874504327774048, "Epoch 30 Step 182": 2.868912935256958, "Epoch 30 Step 183": 2.8525543212890625, "Epoch 30 Step 184": 2.876614570617676, "Epoch 30 Step 185": 2.8764233589172363, "Epoch 30 Step 186": 2.8610262870788574, "Epoch 30 Step 187": 2.858980417251587, "Epoch 30 Step 188": 2.8682069778442383, "Epoch 30 Step 189": 2.859261989593506, "Epoch 30 Step 190": 2.8585257530212402, "Epoch 30 Step 191": 2.841367244720459, "Epoch 30 Step 192": 2.8208606243133545, "Epoch 30 Step 193": 2.868032217025757, "Epoch 30 Step 194": 2.846611261367798, "Epoch 30 Step 195": 2.847163200378418, "Epoch 30 Step 196": 2.8658998012542725, "Epoch 30 Step 197": 2.890021562576294, "Epoch 30 Step 198": 2.8416178226470947, "Epoch 30 Step 199": 2.8712520599365234,