{"Epoch 876 Step 0": 2.8907809257507324, "Epoch 876 Step 1": 2.874697208404541, "Epoch 876 Step 2": 2.8870835304260254, "Epoch 876 Step 3": 2.8873705863952637, "Epoch 876 Step 4": 2.8920488357543945, "Epoch 876 Step 5": 2.895852565765381, "Epoch 876 Step 6": 2.8814754486083984, "Epoch 876 Step 7": 2.8921990394592285, "Epoch 876 Step 8": 2.877570390701294, "Epoch 876 Step 9": 2.8845198154449463, "Epoch 876 Step 10": 2.8774869441986084, "Epoch 876 Step 11": 2.891158103942871, "Epoch 876 Step 12": 2.8780250549316406, "Epoch 876 Step 13": 2.883462429046631, "Epoch 876 Step 14": 2.888915777206421, "Epoch 876 Step 15": 2.8735718727111816, "Epoch 876 Step 16": 2.872547149658203, "Epoch 876 Step 17": 2.8722009658813477, "Epoch 876 Step 18": 2.8894996643066406, "Epoch 876 Step 19": 2.882768154144287, "Epoch 876 Step 20": 2.877382516860962, "Epoch 876 Step 21": 2.889505624771118, "Epoch 876 Step 22": 2.896873712539673, "Epoch 876 Step 23": 2.882319450378418, "Epoch 876 Step 24": 2.8767921924591064, "Epoch 876 Step 25": 2.8869032859802246, "Epoch 876 Step 26": 2.891555070877075, "Epoch 876 Step 27": 2.8810436725616455, "Epoch 876 Step 28": 2.8826451301574707, "Epoch 876 Step 29": 2.878268241882324, "Epoch 876 Step 30": 2.8877580165863037, "Epoch 876 Step 31": 2.873685598373413, "Epoch 876 Step 32": 2.885065793991089, "Epoch 876 Step 33": 2.879222869873047, "Epoch 876 Step 34": 2.883026361465454, "Epoch 876 Step 35": 2.885497570037842, "Epoch 876 Step 36": 2.8713104724884033, "Epoch 876 Step 37": 2.885462522506714, "Epoch 876 Step 38": 2.8878774642944336, "Epoch 876 Step 39": 2.8864104747772217, "Epoch 876 Step 40": 2.8902428150177, "Epoch 876 Step 41": 2.884531021118164, "Epoch 876 Step 42": 2.872284412384033, "Epoch 876 Step 43": 2.881375551223755, "Epoch 876 Step 44": 2.8769242763519287, "Epoch 876 Step 45": 2.882549524307251, "Epoch 876 Step 46": 2.8831708431243896, "Epoch 876 Step 47": 2.8900890350341797, "Epoch 876 Step 48": 2.884619951248169, "Epoch 876 Step 49": 2.885114908218384, "Epoch 876 Step 50": 2.8817341327667236, "Epoch 876 Step 51": 2.8750834465026855, "Epoch 876 Step 52": 2.8797364234924316, "Epoch 876 Step 53": 2.8938536643981934, "Epoch 876 Step 54": 2.8880274295806885, "Epoch 876 Step 55": 2.8740031719207764, "Epoch 876 Step 56": 2.8907365798950195, "Epoch 876 Step 57": 2.882171392440796, "Epoch 876 Step 58": 2.8763175010681152, "Epoch 876 Step 59": 2.8726329803466797, "Epoch 876 Step 60": 2.881695032119751, "Epoch 876 Step 61": 2.8874080181121826, "Epoch 876 Step 62": 2.8806135654449463, "Epoch 876 Step 63": 2.879107713699341, "Epoch 876 Step 64": 2.8784825801849365, "Epoch 876 Step 65": 2.8763551712036133, "Epoch 876 Step 66": 2.8879029750823975, "Epoch 876 Step 67": 2.8747446537017822, "Epoch 876 Step 68": 2.8906943798065186, "Epoch 876 Step 69": 2.8718960285186768, "Epoch 876 Step 70": 2.874650001525879, "Epoch 876 Step 71": 2.8795218467712402, "Epoch 876 Step 72": 2.8684210777282715, "Epoch 876 Step 73": 2.8864974975585938, "Epoch 876 Step 74": 2.8810524940490723, "Epoch 876 Step 75": 2.8870253562927246, "Epoch 876 Step 76": 2.893157720565796, "Epoch 876 Step 77": 2.886025905609131, "Epoch 876 Step 78": 2.8784232139587402, "Epoch 876 Step 79": 2.8854780197143555, "Epoch 876 Step 80": 2.8964600563049316, "Epoch 876 Step 81": 2.894862651824951, "Epoch 876 Step 82": 2.892768144607544, "Epoch 876 Step 83": 2.8874568939208984, "Epoch 876 Step 84": 2.886748790740967, "Epoch 876 Step 85": 2.8868846893310547, "Epoch 876 Step 86": 2.904421806335449, "Epoch 876 Step 87": 2.9000346660614014, "Epoch 876 Step 88": 2.8981118202209473, "Epoch 876 Step 89": 2.875436782836914}