{"Epoch 521 Step 0": 2.892979621887207, "Epoch 521 Step 1": 2.887342929840088, "Epoch 521 Step 2": 2.8864986896514893, "Epoch 521 Step 3": 2.88421368598938, "Epoch 521 Step 4": 2.9043943881988525, "Epoch 521 Step 5": 2.900918960571289, "Epoch 521 Step 6": 2.8995559215545654, "Epoch 521 Step 7": 2.8754184246063232, "Epoch 521 Step 8": 2.8885631561279297, "Epoch 521 Step 9": 2.8932852745056152, "Epoch 521 Step 10": 2.87479829788208, "Epoch 521 Step 11": 2.886305570602417, "Epoch 521 Step 12": 2.8867671489715576, "Epoch 521 Step 13": 2.891498327255249, "Epoch 521 Step 14": 2.895707130432129, "Epoch 521 Step 15": 2.8819849491119385, "Epoch 521 Step 16": 2.8941757678985596, "Epoch 521 Step 17": 2.878307342529297, "Epoch 521 Step 18": 2.884794235229492, "Epoch 521 Step 19": 2.8784329891204834, "Epoch 521 Step 20": 2.891650915145874, "Epoch 521 Step 21": 2.8776562213897705, "Epoch 521 Step 22": 2.883161783218384, "Epoch 521 Step 23": 2.888559103012085, "Epoch 521 Step 24": 2.8735568523406982, "Epoch 521 Step 25": 2.8712563514709473, "Epoch 521 Step 26": 2.871903657913208, "Epoch 521 Step 27": 2.8887784481048584, "Epoch 521 Step 28": 2.8825128078460693, "Epoch 521 Step 29": 2.8780672550201416, "Epoch 521 Step 30": 2.8904802799224854, "Epoch 521 Step 31": 2.8955013751983643, "Epoch 521 Step 32": 2.8804681301116943, "Epoch 521 Step 33": 2.8763461112976074, "Epoch 521 Step 34": 2.886753797531128, "Epoch 521 Step 35": 2.8916444778442383, "Epoch 521 Step 36": 2.880342721939087, "Epoch 521 Step 37": 2.8816936016082764, "Epoch 521 Step 38": 2.8776438236236572, "Epoch 521 Step 39": 2.8873534202575684, "Epoch 521 Step 40": 2.8744475841522217, "Epoch 521 Step 41": 2.8854281902313232, "Epoch 521 Step 42": 2.8794329166412354, "Epoch 521 Step 43": 2.8830718994140625, "Epoch 521 Step 44": 2.8848414421081543, "Epoch 521 Step 45": 2.8711657524108887, "Epoch 521 Step 46": 2.884770393371582, "Epoch 521 Step 47": 2.8878369331359863, "Epoch 521 Step 48": 2.885891914367676, "Epoch 521 Step 49": 2.888857126235962, "Epoch 521 Step 50": 2.8842198848724365, "Epoch 521 Step 51": 2.8721120357513428, "Epoch 521 Step 52": 2.8813021183013916, "Epoch 521 Step 53": 2.8771796226501465, "Epoch 521 Step 54": 2.8826851844787598, "Epoch 521 Step 55": 2.8833038806915283, "Epoch 521 Step 56": 2.8903865814208984, "Epoch 521 Step 57": 2.884769916534424, "Epoch 521 Step 58": 2.885190725326538, "Epoch 521 Step 59": 2.8818435668945312, "Epoch 521 Step 60": 2.875338315963745, "Epoch 521 Step 61": 2.879746437072754, "Epoch 521 Step 62": 2.8940165042877197, "Epoch 521 Step 63": 2.887998342514038, "Epoch 521 Step 64": 2.873990058898926, "Epoch 521 Step 65": 2.8901379108428955, "Epoch 521 Step 66": 2.8822076320648193, "Epoch 521 Step 67": 2.875131368637085, "Epoch 521 Step 68": 2.8720781803131104, "Epoch 521 Step 69": 2.882497549057007, "Epoch 521 Step 70": 2.8880021572113037, "Epoch 521 Step 71": 2.879958391189575, "Epoch 521 Step 72": 2.878673553466797, "Epoch 521 Step 73": 2.878302574157715, "Epoch 521 Step 74": 2.876006841659546, "Epoch 521 Step 75": 2.8877921104431152, "Epoch 521 Step 76": 2.874049425125122, "Epoch 521 Step 77": 2.8910329341888428, "Epoch 521 Step 78": 2.871419668197632, "Epoch 521 Step 79": 2.8745200634002686, "Epoch 521 Step 80": 2.8799993991851807, "Epoch 521 Step 81": 2.868378162384033, "Epoch 521 Step 82": 2.8866639137268066, "Epoch 521 Step 83": 2.881194829940796, "Epoch 521 Step 84": 2.887049913406372, "Epoch 521 Step 85": 2.8931503295898438, "Epoch 521 Step 86": 2.8862602710723877, "Epoch 521 Step 87": 2.878094434738159, "Epoch 521 Step 88": 2.8847157955169678, "Epoch 521 Step 89": 2.895765542984009}