{"Epoch 733 Step 0": 2.879584789276123, "Epoch 733 Step 1": 2.8939712047576904, "Epoch 733 Step 2": 2.887885332107544, "Epoch 733 Step 3": 2.874396800994873, "Epoch 733 Step 4": 2.890669345855713, "Epoch 733 Step 5": 2.8821871280670166, "Epoch 733 Step 6": 2.87625789642334, "Epoch 733 Step 7": 2.87318754196167, "Epoch 733 Step 8": 2.8815667629241943, "Epoch 733 Step 9": 2.8874261379241943, "Epoch 733 Step 10": 2.8798656463623047, "Epoch 733 Step 11": 2.878962993621826, "Epoch 733 Step 12": 2.8788068294525146, "Epoch 733 Step 13": 2.8758890628814697, "Epoch 733 Step 14": 2.888367176055908, "Epoch 733 Step 15": 2.874305009841919, "Epoch 733 Step 16": 2.891216278076172, "Epoch 733 Step 17": 2.8712244033813477, "Epoch 733 Step 18": 2.874457359313965, "Epoch 733 Step 19": 2.879488706588745, "Epoch 733 Step 20": 2.868187427520752, "Epoch 733 Step 21": 2.8868696689605713, "Epoch 733 Step 22": 2.881274700164795, "Epoch 733 Step 23": 2.8868613243103027, "Epoch 733 Step 24": 2.893141746520996, "Epoch 733 Step 25": 2.8863162994384766, "Epoch 733 Step 26": 2.8781869411468506, "Epoch 733 Step 27": 2.8844990730285645, "Epoch 733 Step 28": 2.8955295085906982, "Epoch 733 Step 29": 2.894089937210083, "Epoch 733 Step 30": 2.8931572437286377, "Epoch 733 Step 31": 2.8876430988311768, "Epoch 733 Step 32": 2.8851184844970703, "Epoch 733 Step 33": 2.882087230682373, "Epoch 733 Step 34": 2.9056646823883057, "Epoch 733 Step 35": 2.899406909942627, "Epoch 733 Step 36": 2.898430109024048, "Epoch 733 Step 37": 2.876363754272461, "Epoch 733 Step 38": 2.889293909072876, "Epoch 733 Step 39": 2.893378257751465, "Epoch 733 Step 40": 2.8751015663146973, "Epoch 733 Step 41": 2.8862671852111816, "Epoch 733 Step 42": 2.8866562843322754, "Epoch 733 Step 43": 2.8915421962738037, "Epoch 733 Step 44": 2.896040916442871, "Epoch 733 Step 45": 2.8822195529937744, "Epoch 733 Step 46": 2.8948519229888916, "Epoch 733 Step 47": 2.8781330585479736, "Epoch 733 Step 48": 2.884718418121338, "Epoch 733 Step 49": 2.8775341510772705, "Epoch 733 Step 50": 2.891483783721924, "Epoch 733 Step 51": 2.8777337074279785, "Epoch 733 Step 52": 2.882957696914673, "Epoch 733 Step 53": 2.8888776302337646, "Epoch 733 Step 54": 2.8738596439361572, "Epoch 733 Step 55": 2.872061252593994, "Epoch 733 Step 56": 2.872135639190674, "Epoch 733 Step 57": 2.888233184814453, "Epoch 733 Step 58": 2.881577491760254, "Epoch 733 Step 59": 2.8781442642211914, "Epoch 733 Step 60": 2.89068341255188, "Epoch 733 Step 61": 2.895408868789673, "Epoch 733 Step 62": 2.880009651184082, "Epoch 733 Step 63": 2.8766746520996094, "Epoch 733 Step 64": 2.887819290161133, "Epoch 733 Step 65": 2.8914289474487305, "Epoch 733 Step 66": 2.881381034851074, "Epoch 733 Step 67": 2.882164239883423, "Epoch 733 Step 68": 2.877786636352539, "Epoch 733 Step 69": 2.8875439167022705, "Epoch 733 Step 70": 2.8740344047546387, "Epoch 733 Step 71": 2.885399103164673, "Epoch 733 Step 72": 2.8798673152923584, "Epoch 733 Step 73": 2.8833324909210205, "Epoch 733 Step 74": 2.8847463130950928, "Epoch 733 Step 75": 2.8716185092926025, "Epoch 733 Step 76": 2.885356903076172, "Epoch 733 Step 77": 2.8873651027679443, "Epoch 733 Step 78": 2.885735273361206, "Epoch 733 Step 79": 2.889261245727539, "Epoch 733 Step 80": 2.8847856521606445, "Epoch 733 Step 81": 2.8731555938720703, "Epoch 733 Step 82": 2.8807566165924072, "Epoch 733 Step 83": 2.877364158630371, "Epoch 733 Step 84": 2.8827974796295166, "Epoch 733 Step 85": 2.8828399181365967, "Epoch 733 Step 86": 2.891055107116699, "Epoch 733 Step 87": 2.8852663040161133, "Epoch 733 Step 88": 2.885242223739624, "Epoch 733 Step 89": 2.8809375762939453}