{"Epoch 653 Step 0": 2.8844051361083984, "Epoch 653 Step 1": 2.8724849224090576, "Epoch 653 Step 2": 2.881248950958252, "Epoch 653 Step 3": 2.8769335746765137, "Epoch 653 Step 4": 2.8825554847717285, "Epoch 653 Step 5": 2.882857322692871, "Epoch 653 Step 6": 2.8905928134918213, "Epoch 653 Step 7": 2.885108470916748, "Epoch 653 Step 8": 2.8856940269470215, "Epoch 653 Step 9": 2.881545066833496, "Epoch 653 Step 10": 2.875194549560547, "Epoch 653 Step 11": 2.879472494125366, "Epoch 653 Step 12": 2.8940277099609375, "Epoch 653 Step 13": 2.887864828109741, "Epoch 653 Step 14": 2.87393856048584, "Epoch 653 Step 15": 2.890904664993286, "Epoch 653 Step 16": 2.8820741176605225, "Epoch 653 Step 17": 2.876436233520508, "Epoch 653 Step 18": 2.873657464981079, "Epoch 653 Step 19": 2.8815855979919434, "Epoch 653 Step 20": 2.88736629486084, "Epoch 653 Step 21": 2.880455732345581, "Epoch 653 Step 22": 2.878979444503784, "Epoch 653 Step 23": 2.8783674240112305, "Epoch 653 Step 24": 2.8765523433685303, "Epoch 653 Step 25": 2.888145923614502, "Epoch 653 Step 26": 2.87544584274292, "Epoch 653 Step 27": 2.8913328647613525, "Epoch 653 Step 28": 2.8710811138153076, "Epoch 653 Step 29": 2.8746163845062256, "Epoch 653 Step 30": 2.879612684249878, "Epoch 653 Step 31": 2.8683619499206543, "Epoch 653 Step 32": 2.8867006301879883, "Epoch 653 Step 33": 2.88118839263916, "Epoch 653 Step 34": 2.886693000793457, "Epoch 653 Step 35": 2.8925302028656006, "Epoch 653 Step 36": 2.886105537414551, "Epoch 653 Step 37": 2.8787312507629395, "Epoch 653 Step 38": 2.885441780090332, "Epoch 653 Step 39": 2.8958168029785156, "Epoch 653 Step 40": 2.89513897895813, "Epoch 653 Step 41": 2.893718957901001, "Epoch 653 Step 42": 2.8883895874023438, "Epoch 653 Step 43": 2.886446952819824, "Epoch 653 Step 44": 2.8830511569976807, "Epoch 653 Step 45": 2.904486894607544, "Epoch 653 Step 46": 2.9002420902252197, "Epoch 653 Step 47": 2.8980560302734375, "Epoch 653 Step 48": 2.8756728172302246, "Epoch 653 Step 49": 2.8889265060424805, "Epoch 653 Step 50": 2.8931798934936523, "Epoch 653 Step 51": 2.8754894733428955, "Epoch 653 Step 52": 2.886582136154175, "Epoch 653 Step 53": 2.886583089828491, "Epoch 653 Step 54": 2.8917572498321533, "Epoch 653 Step 55": 2.895718574523926, "Epoch 653 Step 56": 2.88124680519104, "Epoch 653 Step 57": 2.8927056789398193, "Epoch 653 Step 58": 2.8777413368225098, "Epoch 653 Step 59": 2.8846375942230225, "Epoch 653 Step 60": 2.877420425415039, "Epoch 653 Step 61": 2.891939401626587, "Epoch 653 Step 62": 2.8779828548431396, "Epoch 653 Step 63": 2.8830759525299072, "Epoch 653 Step 64": 2.8885960578918457, "Epoch 653 Step 65": 2.87292742729187, "Epoch 653 Step 66": 2.871835947036743, "Epoch 653 Step 67": 2.87196683883667, "Epoch 653 Step 68": 2.888521909713745, "Epoch 653 Step 69": 2.882065773010254, "Epoch 653 Step 70": 2.87740159034729, "Epoch 653 Step 71": 2.889887571334839, "Epoch 653 Step 72": 2.8961822986602783, "Epoch 653 Step 73": 2.8810553550720215, "Epoch 653 Step 74": 2.8764235973358154, "Epoch 653 Step 75": 2.8869550228118896, "Epoch 653 Step 76": 2.891448974609375, "Epoch 653 Step 77": 2.881342649459839, "Epoch 653 Step 78": 2.8826277256011963, "Epoch 653 Step 79": 2.878251075744629, "Epoch 653 Step 80": 2.8878254890441895, "Epoch 653 Step 81": 2.8737823963165283, "Epoch 653 Step 82": 2.8853626251220703, "Epoch 653 Step 83": 2.87900710105896, "Epoch 653 Step 84": 2.8828611373901367, "Epoch 653 Step 85": 2.8849167823791504, "Epoch 653 Step 86": 2.871302366256714, "Epoch 653 Step 87": 2.8854994773864746, "Epoch 653 Step 88": 2.887587547302246, "Epoch 653 Step 89": 2.8858559131622314}