{"Epoch 175 Step 0": 2.884206533432007, "Epoch 175 Step 1": 2.876814126968384, "Epoch 175 Step 2": 2.8834168910980225, "Epoch 175 Step 3": 2.894172430038452, "Epoch 175 Step 4": 2.893451452255249, "Epoch 175 Step 5": 2.891538619995117, "Epoch 175 Step 6": 2.886707067489624, "Epoch 175 Step 7": 2.8856728076934814, "Epoch 175 Step 8": 2.882913112640381, "Epoch 175 Step 9": 2.902071952819824, "Epoch 175 Step 10": 2.8995754718780518, "Epoch 175 Step 11": 2.899033784866333, "Epoch 175 Step 12": 2.874959945678711, "Epoch 175 Step 13": 2.8874316215515137, "Epoch 175 Step 14": 2.891561508178711, "Epoch 175 Step 15": 2.8738956451416016, "Epoch 175 Step 16": 2.8852906227111816, "Epoch 175 Step 17": 2.886565923690796, "Epoch 175 Step 18": 2.8906450271606445, "Epoch 175 Step 19": 2.89518141746521, "Epoch 175 Step 20": 2.879347801208496, "Epoch 175 Step 21": 2.8918211460113525, "Epoch 175 Step 22": 2.8772127628326416, "Epoch 175 Step 23": 2.884906530380249, "Epoch 175 Step 24": 2.876866340637207, "Epoch 175 Step 25": 2.8903775215148926, "Epoch 175 Step 26": 2.875739097595215, "Epoch 175 Step 27": 2.8814334869384766, "Epoch 175 Step 28": 2.8872227668762207, "Epoch 175 Step 29": 2.872577667236328, "Epoch 175 Step 30": 2.870682954788208, "Epoch 175 Step 31": 2.8718349933624268, "Epoch 175 Step 32": 2.886563301086426, "Epoch 175 Step 33": 2.880767345428467, "Epoch 175 Step 34": 2.8760013580322266, "Epoch 175 Step 35": 2.8894460201263428, "Epoch 175 Step 36": 2.8931477069854736, "Epoch 175 Step 37": 2.879133701324463, "Epoch 175 Step 38": 2.8739545345306396, "Epoch 175 Step 39": 2.8856892585754395, "Epoch 175 Step 40": 2.8899738788604736, "Epoch 175 Step 41": 2.879223346710205, "Epoch 175 Step 42": 2.8807883262634277, "Epoch 175 Step 43": 2.8760812282562256, "Epoch 175 Step 44": 2.8859221935272217, "Epoch 175 Step 45": 2.872042179107666, "Epoch 175 Step 46": 2.8836288452148438, "Epoch 175 Step 47": 2.877401351928711, "Epoch 175 Step 48": 2.881596803665161, "Epoch 175 Step 49": 2.882249116897583, "Epoch 175 Step 50": 2.8689351081848145, "Epoch 175 Step 51": 2.883312702178955, "Epoch 175 Step 52": 2.8862156867980957, "Epoch 175 Step 53": 2.8837521076202393, "Epoch 175 Step 54": 2.887540817260742, "Epoch 175 Step 55": 2.8831071853637695, "Epoch 175 Step 56": 2.871434450149536, "Epoch 175 Step 57": 2.879770517349243, "Epoch 175 Step 58": 2.8757102489471436, "Epoch 175 Step 59": 2.8819360733032227, "Epoch 175 Step 60": 2.8806164264678955, "Epoch 175 Step 61": 2.889847755432129, "Epoch 175 Step 62": 2.884979009628296, "Epoch 175 Step 63": 2.8836681842803955, "Epoch 175 Step 64": 2.880070447921753, "Epoch 175 Step 65": 2.874505043029785, "Epoch 175 Step 66": 2.8773000240325928, "Epoch 175 Step 67": 2.891641616821289, "Epoch 175 Step 68": 2.886284112930298, "Epoch 175 Step 69": 2.871225118637085, "Epoch 175 Step 70": 2.888526201248169, "Epoch 175 Step 71": 2.880913019180298, "Epoch 175 Step 72": 2.874093532562256, "Epoch 175 Step 73": 2.869993209838867, "Epoch 175 Step 74": 2.88177227973938, "Epoch 175 Step 75": 2.8869175910949707, "Epoch 175 Step 76": 2.8783771991729736, "Epoch 175 Step 77": 2.8772685527801514, "Epoch 175 Step 78": 2.8767077922821045, "Epoch 175 Step 79": 2.8753597736358643, "Epoch 175 Step 80": 2.8845009803771973, "Epoch 175 Step 81": 2.871886968612671, "Epoch 175 Step 82": 2.889744758605957, "Epoch 175 Step 83": 2.871324300765991, "Epoch 175 Step 84": 2.871454954147339, "Epoch 175 Step 85": 2.877939224243164, "Epoch 175 Step 86": 2.8675777912139893, "Epoch 175 Step 87": 2.885709047317505, "Epoch 175 Step 88": 2.8807942867279053, "Epoch 175 Step 89": 2.882812976837158}