{"Epoch 110 Step 0": 2.8733739852905273, "Epoch 110 Step 1": 2.8767454624176025, "Epoch 110 Step 2": 2.8908920288085938, "Epoch 110 Step 3": 2.8861966133117676, "Epoch 110 Step 4": 2.8717925548553467, "Epoch 110 Step 5": 2.888040542602539, "Epoch 110 Step 6": 2.8805010318756104, "Epoch 110 Step 7": 2.8735179901123047, "Epoch 110 Step 8": 2.867126941680908, "Epoch 110 Step 9": 2.881315231323242, "Epoch 110 Step 10": 2.885861873626709, "Epoch 110 Step 11": 2.877290725708008, "Epoch 110 Step 12": 2.877748727798462, "Epoch 110 Step 13": 2.8778135776519775, "Epoch 110 Step 14": 2.8758599758148193, "Epoch 110 Step 15": 2.885709762573242, "Epoch 110 Step 16": 2.8715641498565674, "Epoch 110 Step 17": 2.8899357318878174, "Epoch 110 Step 18": 2.869631052017212, "Epoch 110 Step 19": 2.871861696243286, "Epoch 110 Step 20": 2.8781821727752686, "Epoch 110 Step 21": 2.866114377975464, "Epoch 110 Step 22": 2.8848206996917725, "Epoch 110 Step 23": 2.879953145980835, "Epoch 110 Step 24": 2.8826518058776855, "Epoch 110 Step 25": 2.8909904956817627, "Epoch 110 Step 26": 2.8843958377838135, "Epoch 110 Step 27": 2.876835584640503, "Epoch 110 Step 28": 2.882657527923584, "Epoch 110 Step 29": 2.8927695751190186, "Epoch 110 Step 30": 2.8937437534332275, "Epoch 110 Step 31": 2.890512704849243, "Epoch 110 Step 32": 2.8862037658691406, "Epoch 110 Step 33": 2.8858654499053955, "Epoch 110 Step 34": 2.8813180923461914, "Epoch 110 Step 35": 2.9023191928863525, "Epoch 110 Step 36": 2.899073362350464, "Epoch 110 Step 37": 2.89547061920166, "Epoch 110 Step 38": 2.874563455581665, "Epoch 110 Step 39": 2.8885910511016846, "Epoch 110 Step 40": 2.8923072814941406, "Epoch 110 Step 41": 2.8731529712677, "Epoch 110 Step 42": 2.8852930068969727, "Epoch 110 Step 43": 2.886502981185913, "Epoch 110 Step 44": 2.8907015323638916, "Epoch 110 Step 45": 2.8952205181121826, "Epoch 110 Step 46": 2.88049578666687, "Epoch 110 Step 47": 2.8912203311920166, "Epoch 110 Step 48": 2.8773910999298096, "Epoch 110 Step 49": 2.8855080604553223, "Epoch 110 Step 50": 2.87618088722229, "Epoch 110 Step 51": 2.890960931777954, "Epoch 110 Step 52": 2.875378370285034, "Epoch 110 Step 53": 2.8818302154541016, "Epoch 110 Step 54": 2.887439489364624, "Epoch 110 Step 55": 2.871598958969116, "Epoch 110 Step 56": 2.8703787326812744, "Epoch 110 Step 57": 2.8700978755950928, "Epoch 110 Step 58": 2.8865485191345215, "Epoch 110 Step 59": 2.881309747695923, "Epoch 110 Step 60": 2.87558913230896, "Epoch 110 Step 61": 2.8882205486297607, "Epoch 110 Step 62": 2.89359188079834, "Epoch 110 Step 63": 2.8782529830932617, "Epoch 110 Step 64": 2.8746023178100586, "Epoch 110 Step 65": 2.8858883380889893, "Epoch 110 Step 66": 2.890355110168457, "Epoch 110 Step 67": 2.8788657188415527, "Epoch 110 Step 68": 2.8805816173553467, "Epoch 110 Step 69": 2.876054525375366, "Epoch 110 Step 70": 2.8860533237457275, "Epoch 110 Step 71": 2.872262954711914, "Epoch 110 Step 72": 2.883864164352417, "Epoch 110 Step 73": 2.8772635459899902, "Epoch 110 Step 74": 2.881441116333008, "Epoch 110 Step 75": 2.8828012943267822, "Epoch 110 Step 76": 2.869279146194458, "Epoch 110 Step 77": 2.8831722736358643, "Epoch 110 Step 78": 2.8860342502593994, "Epoch 110 Step 79": 2.882455587387085, "Epoch 110 Step 80": 2.8868606090545654, "Epoch 110 Step 81": 2.8825933933258057, "Epoch 110 Step 82": 2.8717129230499268, "Epoch 110 Step 83": 2.8787481784820557, "Epoch 110 Step 84": 2.8745994567871094, "Epoch 110 Step 85": 2.8820302486419678, "Epoch 110 Step 86": 2.880697250366211, "Epoch 110 Step 87": 2.887986898422241, "Epoch 110 Step 88": 2.8840959072113037, "Epoch 110 Step 89": 2.883840799331665}