{"Epoch 678 Step 0": 2.8725926876068115, "Epoch 678 Step 1": 2.8720858097076416, "Epoch 678 Step 2": 2.8883728981018066, "Epoch 678 Step 3": 2.881765604019165, "Epoch 678 Step 4": 2.8777077198028564, "Epoch 678 Step 5": 2.8907411098480225, "Epoch 678 Step 6": 2.895693302154541, "Epoch 678 Step 7": 2.880361318588257, "Epoch 678 Step 8": 2.8759396076202393, "Epoch 678 Step 9": 2.887082576751709, "Epoch 678 Step 10": 2.891479969024658, "Epoch 678 Step 11": 2.880901575088501, "Epoch 678 Step 12": 2.8823108673095703, "Epoch 678 Step 13": 2.877911329269409, "Epoch 678 Step 14": 2.8874013423919678, "Epoch 678 Step 15": 2.8740334510803223, "Epoch 678 Step 16": 2.8852412700653076, "Epoch 678 Step 17": 2.879243850708008, "Epoch 678 Step 18": 2.883340358734131, "Epoch 678 Step 19": 2.8846027851104736, "Epoch 678 Step 20": 2.8711256980895996, "Epoch 678 Step 21": 2.8850326538085938, "Epoch 678 Step 22": 2.8875951766967773, "Epoch 678 Step 23": 2.885737657546997, "Epoch 678 Step 24": 2.889540433883667, "Epoch 678 Step 25": 2.884957790374756, "Epoch 678 Step 26": 2.872725248336792, "Epoch 678 Step 27": 2.88041353225708, "Epoch 678 Step 28": 2.876819372177124, "Epoch 678 Step 29": 2.8822593688964844, "Epoch 678 Step 30": 2.8830440044403076, "Epoch 678 Step 31": 2.890475273132324, "Epoch 678 Step 32": 2.884960412979126, "Epoch 678 Step 33": 2.8855743408203125, "Epoch 678 Step 34": 2.8813397884368896, "Epoch 678 Step 35": 2.875441551208496, "Epoch 678 Step 36": 2.8789710998535156, "Epoch 678 Step 37": 2.8941822052001953, "Epoch 678 Step 38": 2.8882052898406982, "Epoch 678 Step 39": 2.873650074005127, "Epoch 678 Step 40": 2.890625238418579, "Epoch 678 Step 41": 2.882134437561035, "Epoch 678 Step 42": 2.8763983249664307, "Epoch 678 Step 43": 2.87308406829834, "Epoch 678 Step 44": 2.881988763809204, "Epoch 678 Step 45": 2.887728452682495, "Epoch 678 Step 46": 2.8806815147399902, "Epoch 678 Step 47": 2.8787245750427246, "Epoch 678 Step 48": 2.8787648677825928, "Epoch 678 Step 49": 2.8766870498657227, "Epoch 678 Step 50": 2.8880975246429443, "Epoch 678 Step 51": 2.8747575283050537, "Epoch 678 Step 52": 2.8908560276031494, "Epoch 678 Step 53": 2.8715105056762695, "Epoch 678 Step 54": 2.874636173248291, "Epoch 678 Step 55": 2.8796143531799316, "Epoch 678 Step 56": 2.8683102130889893, "Epoch 678 Step 57": 2.8868165016174316, "Epoch 678 Step 58": 2.8811891078948975, "Epoch 678 Step 59": 2.8867499828338623, "Epoch 678 Step 60": 2.8929762840270996, "Epoch 678 Step 61": 2.8861262798309326, "Epoch 678 Step 62": 2.878812074661255, "Epoch 678 Step 63": 2.88615083694458, "Epoch 678 Step 64": 2.895691394805908, "Epoch 678 Step 65": 2.894564390182495, "Epoch 678 Step 66": 2.893399238586426, "Epoch 678 Step 67": 2.88864803314209, "Epoch 678 Step 68": 2.885748863220215, "Epoch 678 Step 69": 2.8818860054016113, "Epoch 678 Step 70": 2.903780937194824, "Epoch 678 Step 71": 2.90126895904541, "Epoch 678 Step 72": 2.899118423461914, "Epoch 678 Step 73": 2.8751864433288574, "Epoch 678 Step 74": 2.8882875442504883, "Epoch 678 Step 75": 2.892221689224243, "Epoch 678 Step 76": 2.8755953311920166, "Epoch 678 Step 77": 2.8863942623138428, "Epoch 678 Step 78": 2.8870837688446045, "Epoch 678 Step 79": 2.891395330429077, "Epoch 678 Step 80": 2.8954358100891113, "Epoch 678 Step 81": 2.880897045135498, "Epoch 678 Step 82": 2.8923180103302, "Epoch 678 Step 83": 2.877852201461792, "Epoch 678 Step 84": 2.88472843170166, "Epoch 678 Step 85": 2.877823829650879, "Epoch 678 Step 86": 2.891507148742676, "Epoch 678 Step 87": 2.8777475357055664, "Epoch 678 Step 88": 2.882652997970581, "Epoch 678 Step 89": 2.8881287574768066}