{"Epoch 232 Step 0": 2.8775413036346436, "Epoch 232 Step 1": 2.8899991512298584, "Epoch 232 Step 2": 2.895581007003784, "Epoch 232 Step 3": 2.8804543018341064, "Epoch 232 Step 4": 2.8763394355773926, "Epoch 232 Step 5": 2.887118339538574, "Epoch 232 Step 6": 2.890596389770508, "Epoch 232 Step 7": 2.8802382946014404, "Epoch 232 Step 8": 2.8810863494873047, "Epoch 232 Step 9": 2.8771331310272217, "Epoch 232 Step 10": 2.8872270584106445, "Epoch 232 Step 11": 2.873157024383545, "Epoch 232 Step 12": 2.884727716445923, "Epoch 232 Step 13": 2.879211664199829, "Epoch 232 Step 14": 2.882420063018799, "Epoch 232 Step 15": 2.8843283653259277, "Epoch 232 Step 16": 2.870959997177124, "Epoch 232 Step 17": 2.8841497898101807, "Epoch 232 Step 18": 2.887364387512207, "Epoch 232 Step 19": 2.885106325149536, "Epoch 232 Step 20": 2.889523983001709, "Epoch 232 Step 21": 2.884091377258301, "Epoch 232 Step 22": 2.8720648288726807, "Epoch 232 Step 23": 2.880333185195923, "Epoch 232 Step 24": 2.8770930767059326, "Epoch 232 Step 25": 2.8829784393310547, "Epoch 232 Step 26": 2.8823025226593018, "Epoch 232 Step 27": 2.8903818130493164, "Epoch 232 Step 28": 2.8844645023345947, "Epoch 232 Step 29": 2.8845152854919434, "Epoch 232 Step 30": 2.881120443344116, "Epoch 232 Step 31": 2.875056743621826, "Epoch 232 Step 32": 2.8795533180236816, "Epoch 232 Step 33": 2.8930768966674805, "Epoch 232 Step 34": 2.8873062133789062, "Epoch 232 Step 35": 2.87369704246521, "Epoch 232 Step 36": 2.889950752258301, "Epoch 232 Step 37": 2.881204843521118, "Epoch 232 Step 38": 2.875072479248047, "Epoch 232 Step 39": 2.8728089332580566, "Epoch 232 Step 40": 2.8821074962615967, "Epoch 232 Step 41": 2.8875653743743896, "Epoch 232 Step 42": 2.8799896240234375, "Epoch 232 Step 43": 2.878307342529297, "Epoch 232 Step 44": 2.8783555030822754, "Epoch 232 Step 45": 2.875869035720825, "Epoch 232 Step 46": 2.887737274169922, "Epoch 232 Step 47": 2.8737049102783203, "Epoch 232 Step 48": 2.8906056880950928, "Epoch 232 Step 49": 2.8712329864501953, "Epoch 232 Step 50": 2.874290704727173, "Epoch 232 Step 51": 2.879197835922241, "Epoch 232 Step 52": 2.867757797241211, "Epoch 232 Step 53": 2.886646270751953, "Epoch 232 Step 54": 2.8811442852020264, "Epoch 232 Step 55": 2.886974811553955, "Epoch 232 Step 56": 2.8929457664489746, "Epoch 232 Step 57": 2.886129140853882, "Epoch 232 Step 58": 2.877717971801758, "Epoch 232 Step 59": 2.8843820095062256, "Epoch 232 Step 60": 2.895087957382202, "Epoch 232 Step 61": 2.8946242332458496, "Epoch 232 Step 62": 2.893036365509033, "Epoch 232 Step 63": 2.88714337348938, "Epoch 232 Step 64": 2.8850934505462646, "Epoch 232 Step 65": 2.8824009895324707, "Epoch 232 Step 66": 2.904003620147705, "Epoch 232 Step 67": 2.8995718955993652, "Epoch 232 Step 68": 2.8969919681549072, "Epoch 232 Step 69": 2.8764028549194336, "Epoch 232 Step 70": 2.890002727508545, "Epoch 232 Step 71": 2.8935129642486572, "Epoch 232 Step 72": 2.875295400619507, "Epoch 232 Step 73": 2.8864688873291016, "Epoch 232 Step 74": 2.886831283569336, "Epoch 232 Step 75": 2.891369342803955, "Epoch 232 Step 76": 2.8956832885742188, "Epoch 232 Step 77": 2.8811111450195312, "Epoch 232 Step 78": 2.892449140548706, "Epoch 232 Step 79": 2.878474712371826, "Epoch 232 Step 80": 2.8849334716796875, "Epoch 232 Step 81": 2.8773176670074463, "Epoch 232 Step 82": 2.8918583393096924, "Epoch 232 Step 83": 2.8773179054260254, "Epoch 232 Step 84": 2.882383346557617, "Epoch 232 Step 85": 2.888242483139038, "Epoch 232 Step 86": 2.8732385635375977, "Epoch 232 Step 87": 2.871753215789795, "Epoch 232 Step 88": 2.872650146484375, "Epoch 232 Step 89": 2.8873462677001953}