{"Epoch 135 Step 0": 2.8909335136413574, "Epoch 135 Step 1": 2.8785195350646973, "Epoch 135 Step 2": 2.8806259632110596, "Epoch 135 Step 3": 2.874688148498535, "Epoch 135 Step 4": 2.8860251903533936, "Epoch 135 Step 5": 2.871389389038086, "Epoch 135 Step 6": 2.8826382160186768, "Epoch 135 Step 7": 2.8771095275878906, "Epoch 135 Step 8": 2.881751537322998, "Epoch 135 Step 9": 2.882201671600342, "Epoch 135 Step 10": 2.868497133255005, "Epoch 135 Step 11": 2.8828134536743164, "Epoch 135 Step 12": 2.8850138187408447, "Epoch 135 Step 13": 2.883759021759033, "Epoch 135 Step 14": 2.8879587650299072, "Epoch 135 Step 15": 2.8822224140167236, "Epoch 135 Step 16": 2.8703384399414062, "Epoch 135 Step 17": 2.878506660461426, "Epoch 135 Step 18": 2.8752920627593994, "Epoch 135 Step 19": 2.881467580795288, "Epoch 135 Step 20": 2.881561040878296, "Epoch 135 Step 21": 2.8880279064178467, "Epoch 135 Step 22": 2.884399175643921, "Epoch 135 Step 23": 2.8841497898101807, "Epoch 135 Step 24": 2.8806934356689453, "Epoch 135 Step 25": 2.874253749847412, "Epoch 135 Step 26": 2.877342700958252, "Epoch 135 Step 27": 2.8915762901306152, "Epoch 135 Step 28": 2.8864364624023438, "Epoch 135 Step 29": 2.8715171813964844, "Epoch 135 Step 30": 2.8885843753814697, "Epoch 135 Step 31": 2.8793041706085205, "Epoch 135 Step 32": 2.874072551727295, "Epoch 135 Step 33": 2.8693010807037354, "Epoch 135 Step 34": 2.881319046020508, "Epoch 135 Step 35": 2.8862669467926025, "Epoch 135 Step 36": 2.878441333770752, "Epoch 135 Step 37": 2.8782572746276855, "Epoch 135 Step 38": 2.8775055408477783, "Epoch 135 Step 39": 2.8744993209838867, "Epoch 135 Step 40": 2.8846230506896973, "Epoch 135 Step 41": 2.8705859184265137, "Epoch 135 Step 42": 2.889780044555664, "Epoch 135 Step 43": 2.870378017425537, "Epoch 135 Step 44": 2.8717336654663086, "Epoch 135 Step 45": 2.8776800632476807, "Epoch 135 Step 46": 2.865929365158081, "Epoch 135 Step 47": 2.8854849338531494, "Epoch 135 Step 48": 2.87994647026062, "Epoch 135 Step 49": 2.8827390670776367, "Epoch 135 Step 50": 2.8890798091888428, "Epoch 135 Step 51": 2.8841850757598877, "Epoch 135 Step 52": 2.877120018005371, "Epoch 135 Step 53": 2.880709171295166, "Epoch 135 Step 54": 2.892258882522583, "Epoch 135 Step 55": 2.894766092300415, "Epoch 135 Step 56": 2.8922195434570312, "Epoch 135 Step 57": 2.887486219406128, "Epoch 135 Step 58": 2.8863697052001953, "Epoch 135 Step 59": 2.883484363555908, "Epoch 135 Step 60": 2.9012563228607178, "Epoch 135 Step 61": 2.8995039463043213, "Epoch 135 Step 62": 2.8961806297302246, "Epoch 135 Step 63": 2.874570369720459, "Epoch 135 Step 64": 2.8880345821380615, "Epoch 135 Step 65": 2.8923397064208984, "Epoch 135 Step 66": 2.8729262351989746, "Epoch 135 Step 67": 2.885826587677002, "Epoch 135 Step 68": 2.885514736175537, "Epoch 135 Step 69": 2.8900773525238037, "Epoch 135 Step 70": 2.8938651084899902, "Epoch 135 Step 71": 2.878995180130005, "Epoch 135 Step 72": 2.8911685943603516, "Epoch 135 Step 73": 2.876763105392456, "Epoch 135 Step 74": 2.8841493129730225, "Epoch 135 Step 75": 2.8766613006591797, "Epoch 135 Step 76": 2.891084671020508, "Epoch 135 Step 77": 2.875242233276367, "Epoch 135 Step 78": 2.8800547122955322, "Epoch 135 Step 79": 2.886869430541992, "Epoch 135 Step 80": 2.8718271255493164, "Epoch 135 Step 81": 2.8702752590179443, "Epoch 135 Step 82": 2.871173858642578, "Epoch 135 Step 83": 2.8860297203063965, "Epoch 135 Step 84": 2.8807437419891357, "Epoch 135 Step 85": 2.8748059272766113, "Epoch 135 Step 86": 2.8889455795288086, "Epoch 135 Step 87": 2.8927032947540283, "Epoch 135 Step 88": 2.878638744354248, "Epoch 135 Step 89": 2.873783588409424}