{"Epoch 894 Step 0": 2.886986494064331, "Epoch 894 Step 1": 2.8817317485809326, "Epoch 894 Step 2": 2.8869969844818115, "Epoch 894 Step 3": 2.8932952880859375, "Epoch 894 Step 4": 2.886030435562134, "Epoch 894 Step 5": 2.8786253929138184, "Epoch 894 Step 6": 2.8853518962860107, "Epoch 894 Step 7": 2.8956501483917236, "Epoch 894 Step 8": 2.893388271331787, "Epoch 894 Step 9": 2.8916351795196533, "Epoch 894 Step 10": 2.8887476921081543, "Epoch 894 Step 11": 2.8875513076782227, "Epoch 894 Step 12": 2.8832178115844727, "Epoch 894 Step 13": 2.901487112045288, "Epoch 894 Step 14": 2.900233745574951, "Epoch 894 Step 15": 2.8980472087860107, "Epoch 894 Step 16": 2.875725746154785, "Epoch 894 Step 17": 2.8882739543914795, "Epoch 894 Step 18": 2.8924827575683594, "Epoch 894 Step 19": 2.8753552436828613, "Epoch 894 Step 20": 2.8864688873291016, "Epoch 894 Step 21": 2.8868014812469482, "Epoch 894 Step 22": 2.8915228843688965, "Epoch 894 Step 23": 2.895693302154541, "Epoch 894 Step 24": 2.8820319175720215, "Epoch 894 Step 25": 2.8932669162750244, "Epoch 894 Step 26": 2.877761125564575, "Epoch 894 Step 27": 2.885043144226074, "Epoch 894 Step 28": 2.8773417472839355, "Epoch 894 Step 29": 2.8919100761413574, "Epoch 894 Step 30": 2.8784306049346924, "Epoch 894 Step 31": 2.8833041191101074, "Epoch 894 Step 32": 2.888526678085327, "Epoch 894 Step 33": 2.8736660480499268, "Epoch 894 Step 34": 2.872800588607788, "Epoch 894 Step 35": 2.872662305831909, "Epoch 894 Step 36": 2.8889644145965576, "Epoch 894 Step 37": 2.882205009460449, "Epoch 894 Step 38": 2.877061128616333, "Epoch 894 Step 39": 2.8899736404418945, "Epoch 894 Step 40": 2.895493507385254, "Epoch 894 Step 41": 2.8803606033325195, "Epoch 894 Step 42": 2.876210927963257, "Epoch 894 Step 43": 2.887347936630249, "Epoch 894 Step 44": 2.8912224769592285, "Epoch 894 Step 45": 2.880722761154175, "Epoch 894 Step 46": 2.8825435638427734, "Epoch 894 Step 47": 2.878140449523926, "Epoch 894 Step 48": 2.8874664306640625, "Epoch 894 Step 49": 2.8736684322357178, "Epoch 894 Step 50": 2.8850767612457275, "Epoch 894 Step 51": 2.8792521953582764, "Epoch 894 Step 52": 2.8832955360412598, "Epoch 894 Step 53": 2.885111093521118, "Epoch 894 Step 54": 2.871163845062256, "Epoch 894 Step 55": 2.8849706649780273, "Epoch 894 Step 56": 2.8875198364257812, "Epoch 894 Step 57": 2.886042594909668, "Epoch 894 Step 58": 2.88942289352417, "Epoch 894 Step 59": 2.884080648422241, "Epoch 894 Step 60": 2.872091293334961, "Epoch 894 Step 61": 2.881903648376465, "Epoch 894 Step 62": 2.8775596618652344, "Epoch 894 Step 63": 2.882869005203247, "Epoch 894 Step 64": 2.8831725120544434, "Epoch 894 Step 65": 2.8907086849212646, "Epoch 894 Step 66": 2.884359836578369, "Epoch 894 Step 67": 2.8850505352020264, "Epoch 894 Step 68": 2.8812780380249023, "Epoch 894 Step 69": 2.8750855922698975, "Epoch 894 Step 70": 2.8796396255493164, "Epoch 894 Step 71": 2.8942971229553223, "Epoch 894 Step 72": 2.8883168697357178, "Epoch 894 Step 73": 2.8736391067504883, "Epoch 894 Step 74": 2.8909153938293457, "Epoch 894 Step 75": 2.882174491882324, "Epoch 894 Step 76": 2.875948667526245, "Epoch 894 Step 77": 2.8721506595611572, "Epoch 894 Step 78": 2.882040023803711, "Epoch 894 Step 79": 2.887640953063965, "Epoch 894 Step 80": 2.880530834197998, "Epoch 894 Step 81": 2.8793721199035645, "Epoch 894 Step 82": 2.8785345554351807, "Epoch 894 Step 83": 2.876892566680908, "Epoch 894 Step 84": 2.8878748416900635, "Epoch 894 Step 85": 2.874459743499756, "Epoch 894 Step 86": 2.8904967308044434, "Epoch 894 Step 87": 2.8716843128204346, "Epoch 894 Step 88": 2.874756097793579, "Epoch 894 Step 89": 2.8796355724334717}