{"Epoch 621 Step 0": 2.8871569633483887, "Epoch 621 Step 1": 2.8817083835601807, "Epoch 621 Step 2": 2.8868396282196045, "Epoch 621 Step 3": 2.893270969390869, "Epoch 621 Step 4": 2.886338233947754, "Epoch 621 Step 5": 2.8784584999084473, "Epoch 621 Step 6": 2.8852460384368896, "Epoch 621 Step 7": 2.8955647945404053, "Epoch 621 Step 8": 2.894062042236328, "Epoch 621 Step 9": 2.8931641578674316, "Epoch 621 Step 10": 2.8884074687957764, "Epoch 621 Step 11": 2.886186361312866, "Epoch 621 Step 12": 2.881863832473755, "Epoch 621 Step 13": 2.90320086479187, "Epoch 621 Step 14": 2.8993732929229736, "Epoch 621 Step 15": 2.8979852199554443, "Epoch 621 Step 16": 2.875535726547241, "Epoch 621 Step 17": 2.8890562057495117, "Epoch 621 Step 18": 2.8930788040161133, "Epoch 621 Step 19": 2.8759055137634277, "Epoch 621 Step 20": 2.8866405487060547, "Epoch 621 Step 21": 2.886737823486328, "Epoch 621 Step 22": 2.8909173011779785, "Epoch 621 Step 23": 2.895071029663086, "Epoch 621 Step 24": 2.880913496017456, "Epoch 621 Step 25": 2.8928933143615723, "Epoch 621 Step 26": 2.87823224067688, "Epoch 621 Step 27": 2.884742259979248, "Epoch 621 Step 28": 2.8780081272125244, "Epoch 621 Step 29": 2.8909804821014404, "Epoch 621 Step 30": 2.877750873565674, "Epoch 621 Step 31": 2.8830251693725586, "Epoch 621 Step 32": 2.8887219429016113, "Epoch 621 Step 33": 2.8739125728607178, "Epoch 621 Step 34": 2.8720805644989014, "Epoch 621 Step 35": 2.8726577758789062, "Epoch 621 Step 36": 2.8882217407226562, "Epoch 621 Step 37": 2.882098436355591, "Epoch 621 Step 38": 2.87746000289917, "Epoch 621 Step 39": 2.8889455795288086, "Epoch 621 Step 40": 2.89465069770813, "Epoch 621 Step 41": 2.8798844814300537, "Epoch 621 Step 42": 2.875617504119873, "Epoch 621 Step 43": 2.8882672786712646, "Epoch 621 Step 44": 2.891662359237671, "Epoch 621 Step 45": 2.88165283203125, "Epoch 621 Step 46": 2.8829431533813477, "Epoch 621 Step 47": 2.8781626224517822, "Epoch 621 Step 48": 2.88767671585083, "Epoch 621 Step 49": 2.8739476203918457, "Epoch 621 Step 50": 2.8855321407318115, "Epoch 621 Step 51": 2.8789472579956055, "Epoch 621 Step 52": 2.8830230236053467, "Epoch 621 Step 53": 2.88468599319458, "Epoch 621 Step 54": 2.871121406555176, "Epoch 621 Step 55": 2.8848249912261963, "Epoch 621 Step 56": 2.887906312942505, "Epoch 621 Step 57": 2.8858232498168945, "Epoch 621 Step 58": 2.889545440673828, "Epoch 621 Step 59": 2.8843486309051514, "Epoch 621 Step 60": 2.8724865913391113, "Epoch 621 Step 61": 2.8811681270599365, "Epoch 621 Step 62": 2.8771815299987793, "Epoch 621 Step 63": 2.882594347000122, "Epoch 621 Step 64": 2.8828725814819336, "Epoch 621 Step 65": 2.8906283378601074, "Epoch 621 Step 66": 2.8851394653320312, "Epoch 621 Step 67": 2.8852527141571045, "Epoch 621 Step 68": 2.8810925483703613, "Epoch 621 Step 69": 2.875068187713623, "Epoch 621 Step 70": 2.8790597915649414, "Epoch 621 Step 71": 2.8939127922058105, "Epoch 621 Step 72": 2.8879590034484863, "Epoch 621 Step 73": 2.874333381652832, "Epoch 621 Step 74": 2.8908298015594482, "Epoch 621 Step 75": 2.8817992210388184, "Epoch 621 Step 76": 2.8755369186401367, "Epoch 621 Step 77": 2.8709967136383057, "Epoch 621 Step 78": 2.882875919342041, "Epoch 621 Step 79": 2.8877601623535156, "Epoch 621 Step 80": 2.8809542655944824, "Epoch 621 Step 81": 2.878857135772705, "Epoch 621 Step 82": 2.8784172534942627, "Epoch 621 Step 83": 2.8765134811401367, "Epoch 621 Step 84": 2.887420892715454, "Epoch 621 Step 85": 2.874279260635376, "Epoch 621 Step 86": 2.891249179840088, "Epoch 621 Step 87": 2.871259927749634, "Epoch 621 Step 88": 2.874401569366455, "Epoch 621 Step 89": 2.8795292377471924}