{"Epoch 675 Step 0": 2.8817291259765625, "Epoch 675 Step 1": 2.877794027328491, "Epoch 675 Step 2": 2.8903064727783203, "Epoch 675 Step 3": 2.8956048488616943, "Epoch 675 Step 4": 2.8806769847869873, "Epoch 675 Step 5": 2.8752806186676025, "Epoch 675 Step 6": 2.8881759643554688, "Epoch 675 Step 7": 2.8920741081237793, "Epoch 675 Step 8": 2.880378484725952, "Epoch 675 Step 9": 2.8814618587493896, "Epoch 675 Step 10": 2.8776397705078125, "Epoch 675 Step 11": 2.88754940032959, "Epoch 675 Step 12": 2.8737199306488037, "Epoch 675 Step 13": 2.8850598335266113, "Epoch 675 Step 14": 2.879455089569092, "Epoch 675 Step 15": 2.8832039833068848, "Epoch 675 Step 16": 2.884992837905884, "Epoch 675 Step 17": 2.870988368988037, "Epoch 675 Step 18": 2.885451078414917, "Epoch 675 Step 19": 2.8873848915100098, "Epoch 675 Step 20": 2.8859784603118896, "Epoch 675 Step 21": 2.8895769119262695, "Epoch 675 Step 22": 2.8843960762023926, "Epoch 675 Step 23": 2.8718385696411133, "Epoch 675 Step 24": 2.880716323852539, "Epoch 675 Step 25": 2.8768296241760254, "Epoch 675 Step 26": 2.882418394088745, "Epoch 675 Step 27": 2.8831348419189453, "Epoch 675 Step 28": 2.8900156021118164, "Epoch 675 Step 29": 2.8846044540405273, "Epoch 675 Step 30": 2.884948968887329, "Epoch 675 Step 31": 2.8815295696258545, "Epoch 675 Step 32": 2.8751115798950195, "Epoch 675 Step 33": 2.87980580329895, "Epoch 675 Step 34": 2.894350290298462, "Epoch 675 Step 35": 2.8881449699401855, "Epoch 675 Step 36": 2.8733816146850586, "Epoch 675 Step 37": 2.8903632164001465, "Epoch 675 Step 38": 2.882394790649414, "Epoch 675 Step 39": 2.8757827281951904, "Epoch 675 Step 40": 2.872110366821289, "Epoch 675 Step 41": 2.8819501399993896, "Epoch 675 Step 42": 2.887547254562378, "Epoch 675 Step 43": 2.880014181137085, "Epoch 675 Step 44": 2.8789079189300537, "Epoch 675 Step 45": 2.8785219192504883, "Epoch 675 Step 46": 2.87597393989563, "Epoch 675 Step 47": 2.8881475925445557, "Epoch 675 Step 48": 2.874246597290039, "Epoch 675 Step 49": 2.8911030292510986, "Epoch 675 Step 50": 2.8711600303649902, "Epoch 675 Step 51": 2.874448537826538, "Epoch 675 Step 52": 2.8790574073791504, "Epoch 675 Step 53": 2.867690086364746, "Epoch 675 Step 54": 2.886779308319092, "Epoch 675 Step 55": 2.8812310695648193, "Epoch 675 Step 56": 2.886531114578247, "Epoch 675 Step 57": 2.8927948474884033, "Epoch 675 Step 58": 2.886070728302002, "Epoch 675 Step 59": 2.878875494003296, "Epoch 675 Step 60": 2.885230302810669, "Epoch 675 Step 61": 2.895232915878296, "Epoch 675 Step 62": 2.893644094467163, "Epoch 675 Step 63": 2.89335560798645, "Epoch 675 Step 64": 2.887822389602661, "Epoch 675 Step 65": 2.885610580444336, "Epoch 675 Step 66": 2.882549285888672, "Epoch 675 Step 67": 2.9056198596954346, "Epoch 675 Step 68": 2.899747848510742, "Epoch 675 Step 69": 2.897359609603882, "Epoch 675 Step 70": 2.876793146133423, "Epoch 675 Step 71": 2.8894965648651123, "Epoch 675 Step 72": 2.893559694290161, "Epoch 675 Step 73": 2.8752601146698, "Epoch 675 Step 74": 2.8861520290374756, "Epoch 675 Step 75": 2.8866100311279297, "Epoch 675 Step 76": 2.891416311264038, "Epoch 675 Step 77": 2.8955373764038086, "Epoch 675 Step 78": 2.8814775943756104, "Epoch 675 Step 79": 2.893509864807129, "Epoch 675 Step 80": 2.878286600112915, "Epoch 675 Step 81": 2.8851399421691895, "Epoch 675 Step 82": 2.87725567817688, "Epoch 675 Step 83": 2.892683744430542, "Epoch 675 Step 84": 2.878420352935791, "Epoch 675 Step 85": 2.8828237056732178, "Epoch 675 Step 86": 2.888735055923462, "Epoch 675 Step 87": 2.8730359077453613, "Epoch 675 Step 88": 2.871857166290283, "Epoch 675 Step 89": 2.8722124099731445}