{"Epoch 228 Step 0": 2.8759067058563232, "Epoch 228 Step 1": 2.8868184089660645, "Epoch 228 Step 2": 2.8909971714019775, "Epoch 228 Step 3": 2.879940986633301, "Epoch 228 Step 4": 2.880922794342041, "Epoch 228 Step 5": 2.8771891593933105, "Epoch 228 Step 6": 2.8872742652893066, "Epoch 228 Step 7": 2.8731677532196045, "Epoch 228 Step 8": 2.8844492435455322, "Epoch 228 Step 9": 2.878805160522461, "Epoch 228 Step 10": 2.882251739501953, "Epoch 228 Step 11": 2.8846919536590576, "Epoch 228 Step 12": 2.8708901405334473, "Epoch 228 Step 13": 2.884458303451538, "Epoch 228 Step 14": 2.886965274810791, "Epoch 228 Step 15": 2.8847358226776123, "Epoch 228 Step 16": 2.888807535171509, "Epoch 228 Step 17": 2.8843181133270264, "Epoch 228 Step 18": 2.872020959854126, "Epoch 228 Step 19": 2.879976511001587, "Epoch 228 Step 20": 2.876756429672241, "Epoch 228 Step 21": 2.8827621936798096, "Epoch 228 Step 22": 2.8821616172790527, "Epoch 228 Step 23": 2.8904428482055664, "Epoch 228 Step 24": 2.8845534324645996, "Epoch 228 Step 25": 2.8850107192993164, "Epoch 228 Step 26": 2.8812999725341797, "Epoch 228 Step 27": 2.8748674392700195, "Epoch 228 Step 28": 2.878736972808838, "Epoch 228 Step 29": 2.8931961059570312, "Epoch 228 Step 30": 2.8881802558898926, "Epoch 228 Step 31": 2.873217821121216, "Epoch 228 Step 32": 2.8898656368255615, "Epoch 228 Step 33": 2.8812038898468018, "Epoch 228 Step 34": 2.874638080596924, "Epoch 228 Step 35": 2.8725900650024414, "Epoch 228 Step 36": 2.8815619945526123, "Epoch 228 Step 37": 2.887291431427002, "Epoch 228 Step 38": 2.8792648315429688, "Epoch 228 Step 39": 2.8780641555786133, "Epoch 228 Step 40": 2.8781776428222656, "Epoch 228 Step 41": 2.875861883163452, "Epoch 228 Step 42": 2.887336254119873, "Epoch 228 Step 43": 2.873908519744873, "Epoch 228 Step 44": 2.890866994857788, "Epoch 228 Step 45": 2.871107339859009, "Epoch 228 Step 46": 2.8738059997558594, "Epoch 228 Step 47": 2.878830671310425, "Epoch 228 Step 48": 2.8675358295440674, "Epoch 228 Step 49": 2.8863184452056885, "Epoch 228 Step 50": 2.880906581878662, "Epoch 228 Step 51": 2.886193037033081, "Epoch 228 Step 52": 2.8922228813171387, "Epoch 228 Step 53": 2.886464834213257, "Epoch 228 Step 54": 2.877570390701294, "Epoch 228 Step 55": 2.8846912384033203, "Epoch 228 Step 56": 2.8950555324554443, "Epoch 228 Step 57": 2.8947315216064453, "Epoch 228 Step 58": 2.8930606842041016, "Epoch 228 Step 59": 2.887065887451172, "Epoch 228 Step 60": 2.885716199874878, "Epoch 228 Step 61": 2.8836402893066406, "Epoch 228 Step 62": 2.9052348136901855, "Epoch 228 Step 63": 2.8989429473876953, "Epoch 228 Step 64": 2.8959126472473145, "Epoch 228 Step 65": 2.875924587249756, "Epoch 228 Step 66": 2.889972448348999, "Epoch 228 Step 67": 2.8934242725372314, "Epoch 228 Step 68": 2.875171661376953, "Epoch 228 Step 69": 2.885878324508667, "Epoch 228 Step 70": 2.8869340419769287, "Epoch 228 Step 71": 2.891847610473633, "Epoch 228 Step 72": 2.896399736404419, "Epoch 228 Step 73": 2.8817389011383057, "Epoch 228 Step 74": 2.891976833343506, "Epoch 228 Step 75": 2.879055976867676, "Epoch 228 Step 76": 2.8845019340515137, "Epoch 228 Step 77": 2.8775250911712646, "Epoch 228 Step 78": 2.891810178756714, "Epoch 228 Step 79": 2.8779449462890625, "Epoch 228 Step 80": 2.8825860023498535, "Epoch 228 Step 81": 2.8884055614471436, "Epoch 228 Step 82": 2.8724613189697266, "Epoch 228 Step 83": 2.8714792728424072, "Epoch 228 Step 84": 2.8718574047088623, "Epoch 228 Step 85": 2.887789011001587, "Epoch 228 Step 86": 2.8812687397003174, "Epoch 228 Step 87": 2.8773515224456787, "Epoch 228 Step 88": 2.889374017715454, "Epoch 228 Step 89": 2.894998788833618}