{"Epoch 307 Step 0": 2.871854782104492, "Epoch 307 Step 1": 2.885050058364868, "Epoch 307 Step 2": 2.887802839279175, "Epoch 307 Step 3": 2.8857083320617676, "Epoch 307 Step 4": 2.8885726928710938, "Epoch 307 Step 5": 2.884220600128174, "Epoch 307 Step 6": 2.8724756240844727, "Epoch 307 Step 7": 2.8803343772888184, "Epoch 307 Step 8": 2.87666392326355, "Epoch 307 Step 9": 2.882676601409912, "Epoch 307 Step 10": 2.883659601211548, "Epoch 307 Step 11": 2.8910679817199707, "Epoch 307 Step 12": 2.8853719234466553, "Epoch 307 Step 13": 2.8851146697998047, "Epoch 307 Step 14": 2.8809046745300293, "Epoch 307 Step 15": 2.875969409942627, "Epoch 307 Step 16": 2.8794772624969482, "Epoch 307 Step 17": 2.893484354019165, "Epoch 307 Step 18": 2.8881964683532715, "Epoch 307 Step 19": 2.8748116493225098, "Epoch 307 Step 20": 2.890366315841675, "Epoch 307 Step 21": 2.882051467895508, "Epoch 307 Step 22": 2.875944137573242, "Epoch 307 Step 23": 2.872884750366211, "Epoch 307 Step 24": 2.8817079067230225, "Epoch 307 Step 25": 2.8878214359283447, "Epoch 307 Step 26": 2.8801052570343018, "Epoch 307 Step 27": 2.878897190093994, "Epoch 307 Step 28": 2.878814458847046, "Epoch 307 Step 29": 2.876530170440674, "Epoch 307 Step 30": 2.8875491619110107, "Epoch 307 Step 31": 2.8747494220733643, "Epoch 307 Step 32": 2.891770839691162, "Epoch 307 Step 33": 2.8715600967407227, "Epoch 307 Step 34": 2.8748180866241455, "Epoch 307 Step 35": 2.87979793548584, "Epoch 307 Step 36": 2.8676798343658447, "Epoch 307 Step 37": 2.8871781826019287, "Epoch 307 Step 38": 2.8814337253570557, "Epoch 307 Step 39": 2.887099504470825, "Epoch 307 Step 40": 2.8932127952575684, "Epoch 307 Step 41": 2.8869082927703857, "Epoch 307 Step 42": 2.8783485889434814, "Epoch 307 Step 43": 2.8846778869628906, "Epoch 307 Step 44": 2.8950932025909424, "Epoch 307 Step 45": 2.8936734199523926, "Epoch 307 Step 46": 2.8931849002838135, "Epoch 307 Step 47": 2.8874614238739014, "Epoch 307 Step 48": 2.886159658432007, "Epoch 307 Step 49": 2.8843488693237305, "Epoch 307 Step 50": 2.9046132564544678, "Epoch 307 Step 51": 2.900568962097168, "Epoch 307 Step 52": 2.8963582515716553, "Epoch 307 Step 53": 2.8768410682678223, "Epoch 307 Step 54": 2.8902695178985596, "Epoch 307 Step 55": 2.893965005874634, "Epoch 307 Step 56": 2.8750851154327393, "Epoch 307 Step 57": 2.8865954875946045, "Epoch 307 Step 58": 2.887428045272827, "Epoch 307 Step 59": 2.891838550567627, "Epoch 307 Step 60": 2.8959338665008545, "Epoch 307 Step 61": 2.882009506225586, "Epoch 307 Step 62": 2.8929340839385986, "Epoch 307 Step 63": 2.87939190864563, "Epoch 307 Step 64": 2.8852617740631104, "Epoch 307 Step 65": 2.8782129287719727, "Epoch 307 Step 66": 2.891853094100952, "Epoch 307 Step 67": 2.8774921894073486, "Epoch 307 Step 68": 2.882612943649292, "Epoch 307 Step 69": 2.8886187076568604, "Epoch 307 Step 70": 2.873206615447998, "Epoch 307 Step 71": 2.871690273284912, "Epoch 307 Step 72": 2.8723344802856445, "Epoch 307 Step 73": 2.8880398273468018, "Epoch 307 Step 74": 2.8819260597229004, "Epoch 307 Step 75": 2.878099203109741, "Epoch 307 Step 76": 2.889644145965576, "Epoch 307 Step 77": 2.895073413848877, "Epoch 307 Step 78": 2.879997968673706, "Epoch 307 Step 79": 2.8755953311920166, "Epoch 307 Step 80": 2.8874993324279785, "Epoch 307 Step 81": 2.8915154933929443, "Epoch 307 Step 82": 2.881061553955078, "Epoch 307 Step 83": 2.8818423748016357, "Epoch 307 Step 84": 2.8773984909057617, "Epoch 307 Step 85": 2.887450933456421, "Epoch 307 Step 86": 2.873788595199585, "Epoch 307 Step 87": 2.885075330734253, "Epoch 307 Step 88": 2.879159450531006, "Epoch 307 Step 89": 2.883251428604126}