{"Epoch 336 Step 0": 2.892320156097412, "Epoch 336 Step 1": 2.8809890747070312, "Epoch 336 Step 2": 2.88672137260437, "Epoch 336 Step 3": 2.878627061843872, "Epoch 336 Step 4": 2.8918075561523438, "Epoch 336 Step 5": 2.877918004989624, "Epoch 336 Step 6": 2.884225368499756, "Epoch 336 Step 7": 2.8888823986053467, "Epoch 336 Step 8": 2.8734428882598877, "Epoch 336 Step 9": 2.871638298034668, "Epoch 336 Step 10": 2.872580051422119, "Epoch 336 Step 11": 2.8891115188598633, "Epoch 336 Step 12": 2.883669853210449, "Epoch 336 Step 13": 2.8779404163360596, "Epoch 336 Step 14": 2.8894810676574707, "Epoch 336 Step 15": 2.8953323364257812, "Epoch 336 Step 16": 2.8809828758239746, "Epoch 336 Step 17": 2.876199722290039, "Epoch 336 Step 18": 2.887272834777832, "Epoch 336 Step 19": 2.8914427757263184, "Epoch 336 Step 20": 2.8806324005126953, "Epoch 336 Step 21": 2.8810031414031982, "Epoch 336 Step 22": 2.877469301223755, "Epoch 336 Step 23": 2.887613296508789, "Epoch 336 Step 24": 2.8738574981689453, "Epoch 336 Step 25": 2.885157346725464, "Epoch 336 Step 26": 2.8792104721069336, "Epoch 336 Step 27": 2.882993221282959, "Epoch 336 Step 28": 2.884401559829712, "Epoch 336 Step 29": 2.871859073638916, "Epoch 336 Step 30": 2.8852193355560303, "Epoch 336 Step 31": 2.8876376152038574, "Epoch 336 Step 32": 2.8860666751861572, "Epoch 336 Step 33": 2.889275550842285, "Epoch 336 Step 34": 2.8842568397521973, "Epoch 336 Step 35": 2.8722429275512695, "Epoch 336 Step 36": 2.8808698654174805, "Epoch 336 Step 37": 2.8771955966949463, "Epoch 336 Step 38": 2.882840156555176, "Epoch 336 Step 39": 2.8826143741607666, "Epoch 336 Step 40": 2.890122652053833, "Epoch 336 Step 41": 2.8847570419311523, "Epoch 336 Step 42": 2.8853344917297363, "Epoch 336 Step 43": 2.881436824798584, "Epoch 336 Step 44": 2.8755550384521484, "Epoch 336 Step 45": 2.879880905151367, "Epoch 336 Step 46": 2.8937814235687256, "Epoch 336 Step 47": 2.888066291809082, "Epoch 336 Step 48": 2.8742547035217285, "Epoch 336 Step 49": 2.8904120922088623, "Epoch 336 Step 50": 2.8823440074920654, "Epoch 336 Step 51": 2.8757452964782715, "Epoch 336 Step 52": 2.8719522953033447, "Epoch 336 Step 53": 2.88204026222229, "Epoch 336 Step 54": 2.8876538276672363, "Epoch 336 Step 55": 2.879831075668335, "Epoch 336 Step 56": 2.8783373832702637, "Epoch 336 Step 57": 2.878347158432007, "Epoch 336 Step 58": 2.877143383026123, "Epoch 336 Step 59": 2.8875560760498047, "Epoch 336 Step 60": 2.874943494796753, "Epoch 336 Step 61": 2.8914833068847656, "Epoch 336 Step 62": 2.871025800704956, "Epoch 336 Step 63": 2.8744258880615234, "Epoch 336 Step 64": 2.8792238235473633, "Epoch 336 Step 65": 2.8676233291625977, "Epoch 336 Step 66": 2.8870110511779785, "Epoch 336 Step 67": 2.8813388347625732, "Epoch 336 Step 68": 2.88651704788208, "Epoch 336 Step 69": 2.893242835998535, "Epoch 336 Step 70": 2.8867974281311035, "Epoch 336 Step 71": 2.8785181045532227, "Epoch 336 Step 72": 2.884711265563965, "Epoch 336 Step 73": 2.8956682682037354, "Epoch 336 Step 74": 2.8947701454162598, "Epoch 336 Step 75": 2.8925864696502686, "Epoch 336 Step 76": 2.888353109359741, "Epoch 336 Step 77": 2.887218952178955, "Epoch 336 Step 78": 2.886995315551758, "Epoch 336 Step 79": 2.9062516689300537, "Epoch 336 Step 80": 2.899813413619995, "Epoch 336 Step 81": 2.898609161376953, "Epoch 336 Step 82": 2.8764593601226807, "Epoch 336 Step 83": 2.8891732692718506, "Epoch 336 Step 84": 2.8922529220581055, "Epoch 336 Step 85": 2.8744592666625977, "Epoch 336 Step 86": 2.8871636390686035, "Epoch 336 Step 87": 2.887772798538208, "Epoch 336 Step 88": 2.891763210296631, "Epoch 336 Step 89": 2.8952577114105225}