{"Epoch 765 Step 0": 2.8781495094299316, "Epoch 765 Step 1": 2.8917534351348877, "Epoch 765 Step 2": 2.8950202465057373, "Epoch 765 Step 3": 2.8795971870422363, "Epoch 765 Step 4": 2.8758559226989746, "Epoch 765 Step 5": 2.887964963912964, "Epoch 765 Step 6": 2.8916471004486084, "Epoch 765 Step 7": 2.880845785140991, "Epoch 765 Step 8": 2.88206148147583, "Epoch 765 Step 9": 2.8781116008758545, "Epoch 765 Step 10": 2.8874526023864746, "Epoch 765 Step 11": 2.8741323947906494, "Epoch 765 Step 12": 2.885336399078369, "Epoch 765 Step 13": 2.8798327445983887, "Epoch 765 Step 14": 2.883230447769165, "Epoch 765 Step 15": 2.884761333465576, "Epoch 765 Step 16": 2.8713796138763428, "Epoch 765 Step 17": 2.8854846954345703, "Epoch 765 Step 18": 2.8875656127929688, "Epoch 765 Step 19": 2.886152982711792, "Epoch 765 Step 20": 2.88934326171875, "Epoch 765 Step 21": 2.8846092224121094, "Epoch 765 Step 22": 2.8730242252349854, "Epoch 765 Step 23": 2.881227970123291, "Epoch 765 Step 24": 2.877601146697998, "Epoch 765 Step 25": 2.883246421813965, "Epoch 765 Step 26": 2.8826794624328613, "Epoch 765 Step 27": 2.8901920318603516, "Epoch 765 Step 28": 2.8850653171539307, "Epoch 765 Step 29": 2.8856558799743652, "Epoch 765 Step 30": 2.881903886795044, "Epoch 765 Step 31": 2.875629425048828, "Epoch 765 Step 32": 2.87947416305542, "Epoch 765 Step 33": 2.894307851791382, "Epoch 765 Step 34": 2.8881542682647705, "Epoch 765 Step 35": 2.874131917953491, "Epoch 765 Step 36": 2.8909685611724854, "Epoch 765 Step 37": 2.882068634033203, "Epoch 765 Step 38": 2.8758792877197266, "Epoch 765 Step 39": 2.8727774620056152, "Epoch 765 Step 40": 2.882338285446167, "Epoch 765 Step 41": 2.8881115913391113, "Epoch 765 Step 42": 2.8808207511901855, "Epoch 765 Step 43": 2.8793046474456787, "Epoch 765 Step 44": 2.878772020339966, "Epoch 765 Step 45": 2.8761816024780273, "Epoch 765 Step 46": 2.8878173828125, "Epoch 765 Step 47": 2.8738324642181396, "Epoch 765 Step 48": 2.8910419940948486, "Epoch 765 Step 49": 2.8714261054992676, "Epoch 765 Step 50": 2.874419689178467, "Epoch 765 Step 51": 2.8796849250793457, "Epoch 765 Step 52": 2.8677306175231934, "Epoch 765 Step 53": 2.887366771697998, "Epoch 765 Step 54": 2.881775140762329, "Epoch 765 Step 55": 2.887516498565674, "Epoch 765 Step 56": 2.8941094875335693, "Epoch 765 Step 57": 2.886274814605713, "Epoch 765 Step 58": 2.878657817840576, "Epoch 765 Step 59": 2.8855371475219727, "Epoch 765 Step 60": 2.8956520557403564, "Epoch 765 Step 61": 2.893827199935913, "Epoch 765 Step 62": 2.892393112182617, "Epoch 765 Step 63": 2.8877761363983154, "Epoch 765 Step 64": 2.887432336807251, "Epoch 765 Step 65": 2.8890316486358643, "Epoch 765 Step 66": 2.9062790870666504, "Epoch 765 Step 67": 2.9012274742126465, "Epoch 765 Step 68": 2.8984930515289307, "Epoch 765 Step 69": 2.8771982192993164, "Epoch 765 Step 70": 2.889777898788452, "Epoch 765 Step 71": 2.8938846588134766, "Epoch 765 Step 72": 2.8752479553222656, "Epoch 765 Step 73": 2.8866126537323, "Epoch 765 Step 74": 2.887083053588867, "Epoch 765 Step 75": 2.891448497772217, "Epoch 765 Step 76": 2.895915985107422, "Epoch 765 Step 77": 2.881765842437744, "Epoch 765 Step 78": 2.8925464153289795, "Epoch 765 Step 79": 2.8793411254882812, "Epoch 765 Step 80": 2.886352300643921, "Epoch 765 Step 81": 2.878767251968384, "Epoch 765 Step 82": 2.8918914794921875, "Epoch 765 Step 83": 2.877432107925415, "Epoch 765 Step 84": 2.883148431777954, "Epoch 765 Step 85": 2.889434337615967, "Epoch 765 Step 86": 2.874605417251587, "Epoch 765 Step 87": 2.8729472160339355, "Epoch 765 Step 88": 2.8727738857269287, "Epoch 765 Step 89": 2.8882853984832764}