{"Epoch 212 Step 0": 2.8885586261749268, "Epoch 212 Step 1": 2.8838491439819336, "Epoch 212 Step 2": 2.872448682785034, "Epoch 212 Step 3": 2.879718780517578, "Epoch 212 Step 4": 2.877171754837036, "Epoch 212 Step 5": 2.8826916217803955, "Epoch 212 Step 6": 2.8818042278289795, "Epoch 212 Step 7": 2.8901984691619873, "Epoch 212 Step 8": 2.885136604309082, "Epoch 212 Step 9": 2.884716272354126, "Epoch 212 Step 10": 2.88077449798584, "Epoch 212 Step 11": 2.8743972778320312, "Epoch 212 Step 12": 2.8789989948272705, "Epoch 212 Step 13": 2.8926334381103516, "Epoch 212 Step 14": 2.888036012649536, "Epoch 212 Step 15": 2.8738038539886475, "Epoch 212 Step 16": 2.890167236328125, "Epoch 212 Step 17": 2.8805246353149414, "Epoch 212 Step 18": 2.8749632835388184, "Epoch 212 Step 19": 2.8725271224975586, "Epoch 212 Step 20": 2.881096839904785, "Epoch 212 Step 21": 2.8873136043548584, "Epoch 212 Step 22": 2.8791897296905518, "Epoch 212 Step 23": 2.879009485244751, "Epoch 212 Step 24": 2.8783438205718994, "Epoch 212 Step 25": 2.875671148300171, "Epoch 212 Step 26": 2.887172222137451, "Epoch 212 Step 27": 2.8741869926452637, "Epoch 212 Step 28": 2.8905930519104004, "Epoch 212 Step 29": 2.8708364963531494, "Epoch 212 Step 30": 2.8741416931152344, "Epoch 212 Step 31": 2.879045009613037, "Epoch 212 Step 32": 2.867488145828247, "Epoch 212 Step 33": 2.886279582977295, "Epoch 212 Step 34": 2.8810691833496094, "Epoch 212 Step 35": 2.88617205619812, "Epoch 212 Step 36": 2.892620086669922, "Epoch 212 Step 37": 2.885944366455078, "Epoch 212 Step 38": 2.877418279647827, "Epoch 212 Step 39": 2.884321928024292, "Epoch 212 Step 40": 2.894794464111328, "Epoch 212 Step 41": 2.8937113285064697, "Epoch 212 Step 42": 2.89263916015625, "Epoch 212 Step 43": 2.887486696243286, "Epoch 212 Step 44": 2.8859429359436035, "Epoch 212 Step 45": 2.882007122039795, "Epoch 212 Step 46": 2.9037704467773438, "Epoch 212 Step 47": 2.899770975112915, "Epoch 212 Step 48": 2.896674156188965, "Epoch 212 Step 49": 2.874633550643921, "Epoch 212 Step 50": 2.8885912895202637, "Epoch 212 Step 51": 2.89298677444458, "Epoch 212 Step 52": 2.8751235008239746, "Epoch 212 Step 53": 2.8858158588409424, "Epoch 212 Step 54": 2.885857105255127, "Epoch 212 Step 55": 2.8910648822784424, "Epoch 212 Step 56": 2.8946471214294434, "Epoch 212 Step 57": 2.880953788757324, "Epoch 212 Step 58": 2.892327070236206, "Epoch 212 Step 59": 2.87719464302063, "Epoch 212 Step 60": 2.8842670917510986, "Epoch 212 Step 61": 2.876755475997925, "Epoch 212 Step 62": 2.8914005756378174, "Epoch 212 Step 63": 2.8770341873168945, "Epoch 212 Step 64": 2.8821818828582764, "Epoch 212 Step 65": 2.888380765914917, "Epoch 212 Step 66": 2.8725414276123047, "Epoch 212 Step 67": 2.872218132019043, "Epoch 212 Step 68": 2.8725030422210693, "Epoch 212 Step 69": 2.887636184692383, "Epoch 212 Step 70": 2.882350444793701, "Epoch 212 Step 71": 2.876682758331299, "Epoch 212 Step 72": 2.8886477947235107, "Epoch 212 Step 73": 2.8950443267822266, "Epoch 212 Step 74": 2.880497694015503, "Epoch 212 Step 75": 2.875833511352539, "Epoch 212 Step 76": 2.886941432952881, "Epoch 212 Step 77": 2.890965700149536, "Epoch 212 Step 78": 2.880587577819824, "Epoch 212 Step 79": 2.8822412490844727, "Epoch 212 Step 80": 2.876863956451416, "Epoch 212 Step 81": 2.8875341415405273, "Epoch 212 Step 82": 2.873302936553955, "Epoch 212 Step 83": 2.884568452835083, "Epoch 212 Step 84": 2.8786532878875732, "Epoch 212 Step 85": 2.882298707962036, "Epoch 212 Step 86": 2.884110689163208, "Epoch 212 Step 87": 2.870633125305176, "Epoch 212 Step 88": 2.8842532634735107, "Epoch 212 Step 89": 2.887779712677002}