{"Epoch 644 Step 0": 2.8813939094543457, "Epoch 644 Step 1": 2.875415325164795, "Epoch 644 Step 2": 2.880018472671509, "Epoch 644 Step 3": 2.8937628269195557, "Epoch 644 Step 4": 2.8877151012420654, "Epoch 644 Step 5": 2.8743433952331543, "Epoch 644 Step 6": 2.8908557891845703, "Epoch 644 Step 7": 2.8820040225982666, "Epoch 644 Step 8": 2.8763349056243896, "Epoch 644 Step 9": 2.8728342056274414, "Epoch 644 Step 10": 2.8824331760406494, "Epoch 644 Step 11": 2.887641668319702, "Epoch 644 Step 12": 2.880354881286621, "Epoch 644 Step 13": 2.87864351272583, "Epoch 644 Step 14": 2.8780534267425537, "Epoch 644 Step 15": 2.875771999359131, "Epoch 644 Step 16": 2.8875632286071777, "Epoch 644 Step 17": 2.874638319015503, "Epoch 644 Step 18": 2.891165256500244, "Epoch 644 Step 19": 2.8710901737213135, "Epoch 644 Step 20": 2.8747456073760986, "Epoch 644 Step 21": 2.8795626163482666, "Epoch 644 Step 22": 2.868398666381836, "Epoch 644 Step 23": 2.8866612911224365, "Epoch 644 Step 24": 2.8814010620117188, "Epoch 644 Step 25": 2.88693904876709, "Epoch 644 Step 26": 2.8935961723327637, "Epoch 644 Step 27": 2.8866522312164307, "Epoch 644 Step 28": 2.877645969390869, "Epoch 644 Step 29": 2.885186195373535, "Epoch 644 Step 30": 2.896390199661255, "Epoch 644 Step 31": 2.8953592777252197, "Epoch 644 Step 32": 2.8935561180114746, "Epoch 644 Step 33": 2.8881325721740723, "Epoch 644 Step 34": 2.886183023452759, "Epoch 644 Step 35": 2.884463310241699, "Epoch 644 Step 36": 2.903137445449829, "Epoch 644 Step 37": 2.901045322418213, "Epoch 644 Step 38": 2.8984601497650146, "Epoch 644 Step 39": 2.876798152923584, "Epoch 644 Step 40": 2.890472412109375, "Epoch 644 Step 41": 2.894597291946411, "Epoch 644 Step 42": 2.875256061553955, "Epoch 644 Step 43": 2.886538505554199, "Epoch 644 Step 44": 2.8869192600250244, "Epoch 644 Step 45": 2.890994071960449, "Epoch 644 Step 46": 2.895381450653076, "Epoch 644 Step 47": 2.8815503120422363, "Epoch 644 Step 48": 2.8927087783813477, "Epoch 644 Step 49": 2.8787145614624023, "Epoch 644 Step 50": 2.88572096824646, "Epoch 644 Step 51": 2.878628969192505, "Epoch 644 Step 52": 2.892504930496216, "Epoch 644 Step 53": 2.8772995471954346, "Epoch 644 Step 54": 2.8829736709594727, "Epoch 644 Step 55": 2.8889365196228027, "Epoch 644 Step 56": 2.874501943588257, "Epoch 644 Step 57": 2.872114896774292, "Epoch 644 Step 58": 2.872561454772949, "Epoch 644 Step 59": 2.888292074203491, "Epoch 644 Step 60": 2.88230562210083, "Epoch 644 Step 61": 2.8774664402008057, "Epoch 644 Step 62": 2.8903698921203613, "Epoch 644 Step 63": 2.895278215408325, "Epoch 644 Step 64": 2.880431890487671, "Epoch 644 Step 65": 2.8756415843963623, "Epoch 644 Step 66": 2.887556791305542, "Epoch 644 Step 67": 2.891493082046509, "Epoch 644 Step 68": 2.880873441696167, "Epoch 644 Step 69": 2.8822245597839355, "Epoch 644 Step 70": 2.8777685165405273, "Epoch 644 Step 71": 2.8873751163482666, "Epoch 644 Step 72": 2.873964548110962, "Epoch 644 Step 73": 2.8852505683898926, "Epoch 644 Step 74": 2.879406690597534, "Epoch 644 Step 75": 2.8828916549682617, "Epoch 644 Step 76": 2.8848063945770264, "Epoch 644 Step 77": 2.8710062503814697, "Epoch 644 Step 78": 2.8854784965515137, "Epoch 644 Step 79": 2.887688636779785, "Epoch 644 Step 80": 2.8860254287719727, "Epoch 644 Step 81": 2.889774799346924, "Epoch 644 Step 82": 2.8842642307281494, "Epoch 644 Step 83": 2.8723948001861572, "Epoch 644 Step 84": 2.880603075027466, "Epoch 644 Step 85": 2.876957654953003, "Epoch 644 Step 86": 2.882718563079834, "Epoch 644 Step 87": 2.8833107948303223, "Epoch 644 Step 88": 2.891204595565796, "Epoch 644 Step 89": 2.884432554244995}