{"Epoch 790 Step 0": 2.9042224884033203, "Epoch 790 Step 1": 2.898627996444702, "Epoch 790 Step 2": 2.899782180786133, "Epoch 790 Step 3": 2.8758535385131836, "Epoch 790 Step 4": 2.8892030715942383, "Epoch 790 Step 5": 2.8936607837677, "Epoch 790 Step 6": 2.8752219676971436, "Epoch 790 Step 7": 2.8864033222198486, "Epoch 790 Step 8": 2.8868789672851562, "Epoch 790 Step 9": 2.8914294242858887, "Epoch 790 Step 10": 2.8958747386932373, "Epoch 790 Step 11": 2.8815300464630127, "Epoch 790 Step 12": 2.892879009246826, "Epoch 790 Step 13": 2.878410577774048, "Epoch 790 Step 14": 2.8847312927246094, "Epoch 790 Step 15": 2.878054618835449, "Epoch 790 Step 16": 2.891472339630127, "Epoch 790 Step 17": 2.8777520656585693, "Epoch 790 Step 18": 2.883021593093872, "Epoch 790 Step 19": 2.889134168624878, "Epoch 790 Step 20": 2.8736355304718018, "Epoch 790 Step 21": 2.8719804286956787, "Epoch 790 Step 22": 2.8725192546844482, "Epoch 790 Step 23": 2.8884596824645996, "Epoch 790 Step 24": 2.88297438621521, "Epoch 790 Step 25": 2.8776490688323975, "Epoch 790 Step 26": 2.8893446922302246, "Epoch 790 Step 27": 2.8958442211151123, "Epoch 790 Step 28": 2.880702257156372, "Epoch 790 Step 29": 2.8756606578826904, "Epoch 790 Step 30": 2.8881494998931885, "Epoch 790 Step 31": 2.8917558193206787, "Epoch 790 Step 32": 2.8812336921691895, "Epoch 790 Step 33": 2.8821938037872314, "Epoch 790 Step 34": 2.8780672550201416, "Epoch 790 Step 35": 2.88751482963562, "Epoch 790 Step 36": 2.8741021156311035, "Epoch 790 Step 37": 2.8853299617767334, "Epoch 790 Step 38": 2.879138469696045, "Epoch 790 Step 39": 2.882871389389038, "Epoch 790 Step 40": 2.884737968444824, "Epoch 790 Step 41": 2.8713955879211426, "Epoch 790 Step 42": 2.8856141567230225, "Epoch 790 Step 43": 2.8875441551208496, "Epoch 790 Step 44": 2.886014938354492, "Epoch 790 Step 45": 2.8898186683654785, "Epoch 790 Step 46": 2.884592056274414, "Epoch 790 Step 47": 2.872093915939331, "Epoch 790 Step 48": 2.8809056282043457, "Epoch 790 Step 49": 2.8766703605651855, "Epoch 790 Step 50": 2.8823606967926025, "Epoch 790 Step 51": 2.883441209793091, "Epoch 790 Step 52": 2.890532970428467, "Epoch 790 Step 53": 2.884868860244751, "Epoch 790 Step 54": 2.8851191997528076, "Epoch 790 Step 55": 2.8812568187713623, "Epoch 790 Step 56": 2.875476121902466, "Epoch 790 Step 57": 2.8796987533569336, "Epoch 790 Step 58": 2.8941454887390137, "Epoch 790 Step 59": 2.8878660202026367, "Epoch 790 Step 60": 2.873755693435669, "Epoch 790 Step 61": 2.890725612640381, "Epoch 790 Step 62": 2.8819634914398193, "Epoch 790 Step 63": 2.8758955001831055, "Epoch 790 Step 64": 2.8725757598876953, "Epoch 790 Step 65": 2.8828935623168945, "Epoch 790 Step 66": 2.888061046600342, "Epoch 790 Step 67": 2.880295991897583, "Epoch 790 Step 68": 2.8790788650512695, "Epoch 790 Step 69": 2.878608226776123, "Epoch 790 Step 70": 2.8763036727905273, "Epoch 790 Step 71": 2.8882341384887695, "Epoch 790 Step 72": 2.873419761657715, "Epoch 790 Step 73": 2.8917548656463623, "Epoch 790 Step 74": 2.871445655822754, "Epoch 790 Step 75": 2.8746328353881836, "Epoch 790 Step 76": 2.8792905807495117, "Epoch 790 Step 77": 2.867765188217163, "Epoch 790 Step 78": 2.8869452476501465, "Epoch 790 Step 79": 2.8821861743927, "Epoch 790 Step 80": 2.8875792026519775, "Epoch 790 Step 81": 2.8934996128082275, "Epoch 790 Step 82": 2.886000156402588, "Epoch 790 Step 83": 2.8791470527648926, "Epoch 790 Step 84": 2.8856050968170166, "Epoch 790 Step 85": 2.8954408168792725, "Epoch 790 Step 86": 2.8939566612243652, "Epoch 790 Step 87": 2.8935327529907227, "Epoch 790 Step 88": 2.8880739212036133, "Epoch 790 Step 89": 2.8857693672180176}