{"Epoch 482 Step 0": 2.887648344039917, "Epoch 482 Step 1": 2.8734071254730225, "Epoch 482 Step 2": 2.8851661682128906, "Epoch 482 Step 3": 2.879554271697998, "Epoch 482 Step 4": 2.883273124694824, "Epoch 482 Step 5": 2.8847360610961914, "Epoch 482 Step 6": 2.871124505996704, "Epoch 482 Step 7": 2.8846490383148193, "Epoch 482 Step 8": 2.8880202770233154, "Epoch 482 Step 9": 2.886072874069214, "Epoch 482 Step 10": 2.8897855281829834, "Epoch 482 Step 11": 2.8845832347869873, "Epoch 482 Step 12": 2.872439384460449, "Epoch 482 Step 13": 2.8814706802368164, "Epoch 482 Step 14": 2.8777880668640137, "Epoch 482 Step 15": 2.8832249641418457, "Epoch 482 Step 16": 2.8829808235168457, "Epoch 482 Step 17": 2.8900437355041504, "Epoch 482 Step 18": 2.884777069091797, "Epoch 482 Step 19": 2.885185480117798, "Epoch 482 Step 20": 2.8818459510803223, "Epoch 482 Step 21": 2.87626576423645, "Epoch 482 Step 22": 2.8799490928649902, "Epoch 482 Step 23": 2.893864631652832, "Epoch 482 Step 24": 2.8879895210266113, "Epoch 482 Step 25": 2.873725414276123, "Epoch 482 Step 26": 2.890505313873291, "Epoch 482 Step 27": 2.882205009460449, "Epoch 482 Step 28": 2.87568998336792, "Epoch 482 Step 29": 2.872387170791626, "Epoch 482 Step 30": 2.8821465969085693, "Epoch 482 Step 31": 2.8881566524505615, "Epoch 482 Step 32": 2.8805654048919678, "Epoch 482 Step 33": 2.878779172897339, "Epoch 482 Step 34": 2.8785386085510254, "Epoch 482 Step 35": 2.8771297931671143, "Epoch 482 Step 36": 2.888266086578369, "Epoch 482 Step 37": 2.874506711959839, "Epoch 482 Step 38": 2.890979528427124, "Epoch 482 Step 39": 2.8712830543518066, "Epoch 482 Step 40": 2.874652862548828, "Epoch 482 Step 41": 2.879574775695801, "Epoch 482 Step 42": 2.8677656650543213, "Epoch 482 Step 43": 2.8873143196105957, "Epoch 482 Step 44": 2.8817453384399414, "Epoch 482 Step 45": 2.8871231079101562, "Epoch 482 Step 46": 2.893418312072754, "Epoch 482 Step 47": 2.8862698078155518, "Epoch 482 Step 48": 2.878709077835083, "Epoch 482 Step 49": 2.885150194168091, "Epoch 482 Step 50": 2.8955273628234863, "Epoch 482 Step 51": 2.8945090770721436, "Epoch 482 Step 52": 2.89338755607605, "Epoch 482 Step 53": 2.887946128845215, "Epoch 482 Step 54": 2.885512590408325, "Epoch 482 Step 55": 2.882279634475708, "Epoch 482 Step 56": 2.90407395362854, "Epoch 482 Step 57": 2.899116277694702, "Epoch 482 Step 58": 2.898982524871826, "Epoch 482 Step 59": 2.8760507106781006, "Epoch 482 Step 60": 2.888671636581421, "Epoch 482 Step 61": 2.893305778503418, "Epoch 482 Step 62": 2.8751115798950195, "Epoch 482 Step 63": 2.8867287635803223, "Epoch 482 Step 64": 2.8867249488830566, "Epoch 482 Step 65": 2.8913917541503906, "Epoch 482 Step 66": 2.895228862762451, "Epoch 482 Step 67": 2.8811252117156982, "Epoch 482 Step 68": 2.893266439437866, "Epoch 482 Step 69": 2.8785250186920166, "Epoch 482 Step 70": 2.884416103363037, "Epoch 482 Step 71": 2.8780014514923096, "Epoch 482 Step 72": 2.89111328125, "Epoch 482 Step 73": 2.8777554035186768, "Epoch 482 Step 74": 2.883448839187622, "Epoch 482 Step 75": 2.8887336254119873, "Epoch 482 Step 76": 2.873566150665283, "Epoch 482 Step 77": 2.87165904045105, "Epoch 482 Step 78": 2.87225341796875, "Epoch 482 Step 79": 2.8884124755859375, "Epoch 482 Step 80": 2.8824496269226074, "Epoch 482 Step 81": 2.877746105194092, "Epoch 482 Step 82": 2.8893258571624756, "Epoch 482 Step 83": 2.8948817253112793, "Epoch 482 Step 84": 2.88016414642334, "Epoch 482 Step 85": 2.875929594039917, "Epoch 482 Step 86": 2.88846492767334, "Epoch 482 Step 87": 2.8918652534484863, "Epoch 482 Step 88": 2.88114333152771, "Epoch 482 Step 89": 2.882111072540283}