{"Epoch 114 Step 0": 2.88842511177063, "Epoch 114 Step 1": 2.884472370147705, "Epoch 114 Step 2": 2.884070634841919, "Epoch 114 Step 3": 2.8803648948669434, "Epoch 114 Step 4": 2.873708486557007, "Epoch 114 Step 5": 2.8772389888763428, "Epoch 114 Step 6": 2.8917856216430664, "Epoch 114 Step 7": 2.887397050857544, "Epoch 114 Step 8": 2.871708869934082, "Epoch 114 Step 9": 2.888979196548462, "Epoch 114 Step 10": 2.880770444869995, "Epoch 114 Step 11": 2.8732810020446777, "Epoch 114 Step 12": 2.8668346405029297, "Epoch 114 Step 13": 2.8815553188323975, "Epoch 114 Step 14": 2.8860557079315186, "Epoch 114 Step 15": 2.878528118133545, "Epoch 114 Step 16": 2.877375841140747, "Epoch 114 Step 17": 2.877981185913086, "Epoch 114 Step 18": 2.875140905380249, "Epoch 114 Step 19": 2.8855772018432617, "Epoch 114 Step 20": 2.8711578845977783, "Epoch 114 Step 21": 2.89048171043396, "Epoch 114 Step 22": 2.869917631149292, "Epoch 114 Step 23": 2.8720691204071045, "Epoch 114 Step 24": 2.878085136413574, "Epoch 114 Step 25": 2.8659162521362305, "Epoch 114 Step 26": 2.88511323928833, "Epoch 114 Step 27": 2.8801827430725098, "Epoch 114 Step 28": 2.883002996444702, "Epoch 114 Step 29": 2.890637159347534, "Epoch 114 Step 30": 2.884215831756592, "Epoch 114 Step 31": 2.8767306804656982, "Epoch 114 Step 32": 2.882904291152954, "Epoch 114 Step 33": 2.892770290374756, "Epoch 114 Step 34": 2.8940775394439697, "Epoch 114 Step 35": 2.890951156616211, "Epoch 114 Step 36": 2.8853867053985596, "Epoch 114 Step 37": 2.8846824169158936, "Epoch 114 Step 38": 2.88407826423645, "Epoch 114 Step 39": 2.903409481048584, "Epoch 114 Step 40": 2.897885799407959, "Epoch 114 Step 41": 2.8947718143463135, "Epoch 114 Step 42": 2.8767731189727783, "Epoch 114 Step 43": 2.890218496322632, "Epoch 114 Step 44": 2.8916053771972656, "Epoch 114 Step 45": 2.8730523586273193, "Epoch 114 Step 46": 2.8858566284179688, "Epoch 114 Step 47": 2.8866770267486572, "Epoch 114 Step 48": 2.890645980834961, "Epoch 114 Step 49": 2.8950493335723877, "Epoch 114 Step 50": 2.8798489570617676, "Epoch 114 Step 51": 2.8919224739074707, "Epoch 114 Step 52": 2.877274751663208, "Epoch 114 Step 53": 2.8851120471954346, "Epoch 114 Step 54": 2.8768632411956787, "Epoch 114 Step 55": 2.891319513320923, "Epoch 114 Step 56": 2.875643014907837, "Epoch 114 Step 57": 2.881026268005371, "Epoch 114 Step 58": 2.8877222537994385, "Epoch 114 Step 59": 2.8724091053009033, "Epoch 114 Step 60": 2.8700215816497803, "Epoch 114 Step 61": 2.870197296142578, "Epoch 114 Step 62": 2.8857882022857666, "Epoch 114 Step 63": 2.880851984024048, "Epoch 114 Step 64": 2.8749423027038574, "Epoch 114 Step 65": 2.8880884647369385, "Epoch 114 Step 66": 2.893009662628174, "Epoch 114 Step 67": 2.8787074089050293, "Epoch 114 Step 68": 2.8746914863586426, "Epoch 114 Step 69": 2.885119676589966, "Epoch 114 Step 70": 2.8897347450256348, "Epoch 114 Step 71": 2.878969192504883, "Epoch 114 Step 72": 2.8801629543304443, "Epoch 114 Step 73": 2.876530647277832, "Epoch 114 Step 74": 2.8857669830322266, "Epoch 114 Step 75": 2.8721494674682617, "Epoch 114 Step 76": 2.883291721343994, "Epoch 114 Step 77": 2.876281976699829, "Epoch 114 Step 78": 2.8817687034606934, "Epoch 114 Step 79": 2.882664680480957, "Epoch 114 Step 80": 2.868983030319214, "Epoch 114 Step 81": 2.882802724838257, "Epoch 114 Step 82": 2.885254383087158, "Epoch 114 Step 83": 2.881899356842041, "Epoch 114 Step 84": 2.887423038482666, "Epoch 114 Step 85": 2.881817579269409, "Epoch 114 Step 86": 2.8705708980560303, "Epoch 114 Step 87": 2.8780384063720703, "Epoch 114 Step 88": 2.8746092319488525, "Epoch 114 Step 89": 2.881591796875}