{"Epoch 510 Step 0": 2.8866493701934814, "Epoch 510 Step 1": 2.886854410171509, "Epoch 510 Step 2": 2.891270875930786, "Epoch 510 Step 3": 2.895155668258667, "Epoch 510 Step 4": 2.8815739154815674, "Epoch 510 Step 5": 2.8937153816223145, "Epoch 510 Step 6": 2.878364086151123, "Epoch 510 Step 7": 2.884540319442749, "Epoch 510 Step 8": 2.8781864643096924, "Epoch 510 Step 9": 2.8911709785461426, "Epoch 510 Step 10": 2.8778440952301025, "Epoch 510 Step 11": 2.8829891681671143, "Epoch 510 Step 12": 2.888734817504883, "Epoch 510 Step 13": 2.8734474182128906, "Epoch 510 Step 14": 2.872103452682495, "Epoch 510 Step 15": 2.872364044189453, "Epoch 510 Step 16": 2.8884081840515137, "Epoch 510 Step 17": 2.882065773010254, "Epoch 510 Step 18": 2.877511739730835, "Epoch 510 Step 19": 2.8903636932373047, "Epoch 510 Step 20": 2.8955869674682617, "Epoch 510 Step 21": 2.88047194480896, "Epoch 510 Step 22": 2.8761544227600098, "Epoch 510 Step 23": 2.8872692584991455, "Epoch 510 Step 24": 2.8914151191711426, "Epoch 510 Step 25": 2.8807260990142822, "Epoch 510 Step 26": 2.882441282272339, "Epoch 510 Step 27": 2.8780407905578613, "Epoch 510 Step 28": 2.887488842010498, "Epoch 510 Step 29": 2.873776912689209, "Epoch 510 Step 30": 2.885226249694824, "Epoch 510 Step 31": 2.879228353500366, "Epoch 510 Step 32": 2.8832621574401855, "Epoch 510 Step 33": 2.8847224712371826, "Epoch 510 Step 34": 2.8709592819213867, "Epoch 510 Step 35": 2.885348320007324, "Epoch 510 Step 36": 2.8875508308410645, "Epoch 510 Step 37": 2.8861169815063477, "Epoch 510 Step 38": 2.8895018100738525, "Epoch 510 Step 39": 2.8844001293182373, "Epoch 510 Step 40": 2.8722984790802, "Epoch 510 Step 41": 2.8806726932525635, "Epoch 510 Step 42": 2.8768210411071777, "Epoch 510 Step 43": 2.8827109336853027, "Epoch 510 Step 44": 2.8829898834228516, "Epoch 510 Step 45": 2.890653371810913, "Epoch 510 Step 46": 2.8846280574798584, "Epoch 510 Step 47": 2.884824514389038, "Epoch 510 Step 48": 2.8815531730651855, "Epoch 510 Step 49": 2.8759706020355225, "Epoch 510 Step 50": 2.87920880317688, "Epoch 510 Step 51": 2.8942248821258545, "Epoch 510 Step 52": 2.887995719909668, "Epoch 510 Step 53": 2.8731207847595215, "Epoch 510 Step 54": 2.8906006813049316, "Epoch 510 Step 55": 2.882279634475708, "Epoch 510 Step 56": 2.8756449222564697, "Epoch 510 Step 57": 2.8726065158843994, "Epoch 510 Step 58": 2.882385492324829, "Epoch 510 Step 59": 2.887779951095581, "Epoch 510 Step 60": 2.880082368850708, "Epoch 510 Step 61": 2.879098415374756, "Epoch 510 Step 62": 2.8784000873565674, "Epoch 510 Step 63": 2.876410484313965, "Epoch 510 Step 64": 2.887744426727295, "Epoch 510 Step 65": 2.874356985092163, "Epoch 510 Step 66": 2.89099383354187, "Epoch 510 Step 67": 2.8711907863616943, "Epoch 510 Step 68": 2.874499797821045, "Epoch 510 Step 69": 2.8792736530303955, "Epoch 510 Step 70": 2.868048667907715, "Epoch 510 Step 71": 2.886948585510254, "Epoch 510 Step 72": 2.881324529647827, "Epoch 510 Step 73": 2.887065887451172, "Epoch 510 Step 74": 2.8933136463165283, "Epoch 510 Step 75": 2.8862104415893555, "Epoch 510 Step 76": 2.878359317779541, "Epoch 510 Step 77": 2.885240316390991, "Epoch 510 Step 78": 2.895796537399292, "Epoch 510 Step 79": 2.8940556049346924, "Epoch 510 Step 80": 2.8925137519836426, "Epoch 510 Step 81": 2.8878631591796875, "Epoch 510 Step 82": 2.8871705532073975, "Epoch 510 Step 83": 2.8848683834075928, "Epoch 510 Step 84": 2.904010057449341, "Epoch 510 Step 85": 2.901153326034546, "Epoch 510 Step 86": 2.8992936611175537, "Epoch 510 Step 87": 2.87519907951355, "Epoch 510 Step 88": 2.8884668350219727, "Epoch 510 Step 89": 2.8927135467529297}