{"Epoch 568 Step 0": 2.8847274780273438, "Epoch 568 Step 1": 2.8711929321289062, "Epoch 568 Step 2": 2.884974479675293, "Epoch 568 Step 3": 2.887500524520874, "Epoch 568 Step 4": 2.885744571685791, "Epoch 568 Step 5": 2.889683485031128, "Epoch 568 Step 6": 2.8845632076263428, "Epoch 568 Step 7": 2.8723294734954834, "Epoch 568 Step 8": 2.880744695663452, "Epoch 568 Step 9": 2.8771438598632812, "Epoch 568 Step 10": 2.8826496601104736, "Epoch 568 Step 11": 2.8829050064086914, "Epoch 568 Step 12": 2.8902454376220703, "Epoch 568 Step 13": 2.884744882583618, "Epoch 568 Step 14": 2.885094165802002, "Epoch 568 Step 15": 2.8816874027252197, "Epoch 568 Step 16": 2.875088691711426, "Epoch 568 Step 17": 2.8798985481262207, "Epoch 568 Step 18": 2.8935420513153076, "Epoch 568 Step 19": 2.8876829147338867, "Epoch 568 Step 20": 2.873790740966797, "Epoch 568 Step 21": 2.8906326293945312, "Epoch 568 Step 22": 2.8823599815368652, "Epoch 568 Step 23": 2.8757641315460205, "Epoch 568 Step 24": 2.8723337650299072, "Epoch 568 Step 25": 2.8820929527282715, "Epoch 568 Step 26": 2.8872694969177246, "Epoch 568 Step 27": 2.8801207542419434, "Epoch 568 Step 28": 2.8786206245422363, "Epoch 568 Step 29": 2.8779776096343994, "Epoch 568 Step 30": 2.8760764598846436, "Epoch 568 Step 31": 2.8876595497131348, "Epoch 568 Step 32": 2.8741562366485596, "Epoch 568 Step 33": 2.8909425735473633, "Epoch 568 Step 34": 2.8713879585266113, "Epoch 568 Step 35": 2.8743371963500977, "Epoch 568 Step 36": 2.879479169845581, "Epoch 568 Step 37": 2.8683218955993652, "Epoch 568 Step 38": 2.886413812637329, "Epoch 568 Step 39": 2.881366014480591, "Epoch 568 Step 40": 2.8869643211364746, "Epoch 568 Step 41": 2.8935439586639404, "Epoch 568 Step 42": 2.886322498321533, "Epoch 568 Step 43": 2.8781325817108154, "Epoch 568 Step 44": 2.8850202560424805, "Epoch 568 Step 45": 2.895996332168579, "Epoch 568 Step 46": 2.8947315216064453, "Epoch 568 Step 47": 2.8930208683013916, "Epoch 568 Step 48": 2.887510299682617, "Epoch 568 Step 49": 2.886080741882324, "Epoch 568 Step 50": 2.8851780891418457, "Epoch 568 Step 51": 2.904749631881714, "Epoch 568 Step 52": 2.9004931449890137, "Epoch 568 Step 53": 2.8963704109191895, "Epoch 568 Step 54": 2.876906633377075, "Epoch 568 Step 55": 2.8906586170196533, "Epoch 568 Step 56": 2.8940556049346924, "Epoch 568 Step 57": 2.874971389770508, "Epoch 568 Step 58": 2.886812448501587, "Epoch 568 Step 59": 2.887302875518799, "Epoch 568 Step 60": 2.892101764678955, "Epoch 568 Step 61": 2.89585280418396, "Epoch 568 Step 62": 2.8824212551116943, "Epoch 568 Step 63": 2.893397092819214, "Epoch 568 Step 64": 2.8796322345733643, "Epoch 568 Step 65": 2.8856201171875, "Epoch 568 Step 66": 2.8783023357391357, "Epoch 568 Step 67": 2.892171621322632, "Epoch 568 Step 68": 2.877929210662842, "Epoch 568 Step 69": 2.883405923843384, "Epoch 568 Step 70": 2.888843536376953, "Epoch 568 Step 71": 2.8737621307373047, "Epoch 568 Step 72": 2.8715169429779053, "Epoch 568 Step 73": 2.8727612495422363, "Epoch 568 Step 74": 2.8883988857269287, "Epoch 568 Step 75": 2.882141351699829, "Epoch 568 Step 76": 2.877962589263916, "Epoch 568 Step 77": 2.8904922008514404, "Epoch 568 Step 78": 2.8950533866882324, "Epoch 568 Step 79": 2.88049054145813, "Epoch 568 Step 80": 2.875939130783081, "Epoch 568 Step 81": 2.887162446975708, "Epoch 568 Step 82": 2.8916075229644775, "Epoch 568 Step 83": 2.880605459213257, "Epoch 568 Step 84": 2.881788730621338, "Epoch 568 Step 85": 2.8776843547821045, "Epoch 568 Step 86": 2.887547016143799, "Epoch 568 Step 87": 2.873810291290283, "Epoch 568 Step 88": 2.8854165077209473, "Epoch 568 Step 89": 2.8793349266052246}