{"Epoch 26 Step 0": 2.887115716934204, "Epoch 26 Step 1": 2.873584032058716, "Epoch 26 Step 2": 2.888659715652466, "Epoch 26 Step 3": 2.8800270557403564, "Epoch 26 Step 4": 2.8753550052642822, "Epoch 26 Step 5": 2.8689725399017334, "Epoch 26 Step 6": 2.8816916942596436, "Epoch 26 Step 7": 2.8873918056488037, "Epoch 26 Step 8": 2.879472494125366, "Epoch 26 Step 9": 2.877936363220215, "Epoch 26 Step 10": 2.8777456283569336, "Epoch 26 Step 11": 2.875386953353882, "Epoch 26 Step 12": 2.887197256088257, "Epoch 26 Step 13": 2.8732247352600098, "Epoch 26 Step 14": 2.89044451713562, "Epoch 26 Step 15": 2.8713440895080566, "Epoch 26 Step 16": 2.8736000061035156, "Epoch 26 Step 17": 2.878290891647339, "Epoch 26 Step 18": 2.8671491146087646, "Epoch 26 Step 19": 2.8854048252105713, "Epoch 26 Step 20": 2.881110906600952, "Epoch 26 Step 21": 2.8846075534820557, "Epoch 26 Step 22": 2.89233660697937, "Epoch 26 Step 23": 2.8853261470794678, "Epoch 26 Step 24": 2.877725601196289, "Epoch 26 Step 25": 2.8835654258728027, "Epoch 26 Step 26": 2.8938097953796387, "Epoch 26 Step 27": 2.894261360168457, "Epoch 26 Step 28": 2.8923840522766113, "Epoch 26 Step 29": 2.8870794773101807, "Epoch 26 Step 30": 2.885627269744873, "Epoch 26 Step 31": 2.8816919326782227, "Epoch 26 Step 32": 2.903029441833496, "Epoch 26 Step 33": 2.8971731662750244, "Epoch 26 Step 34": 2.8969314098358154, "Epoch 26 Step 35": 2.876314401626587, "Epoch 26 Step 36": 2.889317035675049, "Epoch 26 Step 37": 2.893125295639038, "Epoch 26 Step 38": 2.8751349449157715, "Epoch 26 Step 39": 2.8860507011413574, "Epoch 26 Step 40": 2.8865861892700195, "Epoch 26 Step 41": 2.890908718109131, "Epoch 26 Step 42": 2.8953192234039307, "Epoch 26 Step 43": 2.88088321685791, "Epoch 26 Step 44": 2.892517566680908, "Epoch 26 Step 45": 2.877345561981201, "Epoch 26 Step 46": 2.884000301361084, "Epoch 26 Step 47": 2.876837730407715, "Epoch 26 Step 48": 2.8899848461151123, "Epoch 26 Step 49": 2.8767507076263428, "Epoch 26 Step 50": 2.882249355316162, "Epoch 26 Step 51": 2.887596607208252, "Epoch 26 Step 52": 2.8724565505981445, "Epoch 26 Step 53": 2.8719356060028076, "Epoch 26 Step 54": 2.871795654296875, "Epoch 26 Step 55": 2.8873283863067627, "Epoch 26 Step 56": 2.881370782852173, "Epoch 26 Step 57": 2.8758108615875244, "Epoch 26 Step 58": 2.890848398208618, "Epoch 26 Step 59": 2.89575457572937, "Epoch 26 Step 60": 2.8794491291046143, "Epoch 26 Step 61": 2.875260591506958, "Epoch 26 Step 62": 2.886899948120117, "Epoch 26 Step 63": 2.8909270763397217, "Epoch 26 Step 64": 2.881349802017212, "Epoch 26 Step 65": 2.8816444873809814, "Epoch 26 Step 66": 2.8777058124542236, "Epoch 26 Step 67": 2.8857767581939697, "Epoch 26 Step 68": 2.8725061416625977, "Epoch 26 Step 69": 2.8840749263763428, "Epoch 26 Step 70": 2.878621816635132, "Epoch 26 Step 71": 2.882227897644043, "Epoch 26 Step 72": 2.883774995803833, "Epoch 26 Step 73": 2.869971513748169, "Epoch 26 Step 74": 2.884169340133667, "Epoch 26 Step 75": 2.8868062496185303, "Epoch 26 Step 76": 2.884521007537842, "Epoch 26 Step 77": 2.8885135650634766, "Epoch 26 Step 78": 2.8835010528564453, "Epoch 26 Step 79": 2.8718221187591553, "Epoch 26 Step 80": 2.8804476261138916, "Epoch 26 Step 81": 2.876840114593506, "Epoch 26 Step 82": 2.882261037826538, "Epoch 26 Step 83": 2.8813393115997314, "Epoch 26 Step 84": 2.8887338638305664, "Epoch 26 Step 85": 2.884359121322632, "Epoch 26 Step 86": 2.8839287757873535, "Epoch 26 Step 87": 2.880851984024048, "Epoch 26 Step 88": 2.8740105628967285, "Epoch 26 Step 89": 2.877854585647583}