{"Epoch 345 Step 0": 2.893580198287964, "Epoch 345 Step 1": 2.88667631149292, "Epoch 345 Step 2": 2.8785319328308105, "Epoch 345 Step 3": 2.8856489658355713, "Epoch 345 Step 4": 2.89544677734375, "Epoch 345 Step 5": 2.893899917602539, "Epoch 345 Step 6": 2.8932619094848633, "Epoch 345 Step 7": 2.887401580810547, "Epoch 345 Step 8": 2.8854429721832275, "Epoch 345 Step 9": 2.883538246154785, "Epoch 345 Step 10": 2.9047906398773193, "Epoch 345 Step 11": 2.901294469833374, "Epoch 345 Step 12": 2.8965003490448, "Epoch 345 Step 13": 2.8777854442596436, "Epoch 345 Step 14": 2.8909966945648193, "Epoch 345 Step 15": 2.8940274715423584, "Epoch 345 Step 16": 2.875088691711426, "Epoch 345 Step 17": 2.8863229751586914, "Epoch 345 Step 18": 2.8872690200805664, "Epoch 345 Step 19": 2.8924903869628906, "Epoch 345 Step 20": 2.896104097366333, "Epoch 345 Step 21": 2.8814775943756104, "Epoch 345 Step 22": 2.8932888507843018, "Epoch 345 Step 23": 2.8789467811584473, "Epoch 345 Step 24": 2.885676383972168, "Epoch 345 Step 25": 2.878511905670166, "Epoch 345 Step 26": 2.8924663066864014, "Epoch 345 Step 27": 2.877798557281494, "Epoch 345 Step 28": 2.88274884223938, "Epoch 345 Step 29": 2.8886497020721436, "Epoch 345 Step 30": 2.8735456466674805, "Epoch 345 Step 31": 2.8717334270477295, "Epoch 345 Step 32": 2.8729381561279297, "Epoch 345 Step 33": 2.8881938457489014, "Epoch 345 Step 34": 2.881751298904419, "Epoch 345 Step 35": 2.877718925476074, "Epoch 345 Step 36": 2.89017915725708, "Epoch 345 Step 37": 2.8949897289276123, "Epoch 345 Step 38": 2.880143404006958, "Epoch 345 Step 39": 2.8758199214935303, "Epoch 345 Step 40": 2.887857675552368, "Epoch 345 Step 41": 2.8916616439819336, "Epoch 345 Step 42": 2.880352735519409, "Epoch 345 Step 43": 2.8812623023986816, "Epoch 345 Step 44": 2.8772566318511963, "Epoch 345 Step 45": 2.8878090381622314, "Epoch 345 Step 46": 2.8740432262420654, "Epoch 345 Step 47": 2.885535717010498, "Epoch 345 Step 48": 2.8794026374816895, "Epoch 345 Step 49": 2.8827779293060303, "Epoch 345 Step 50": 2.8844802379608154, "Epoch 345 Step 51": 2.8713481426239014, "Epoch 345 Step 52": 2.8846428394317627, "Epoch 345 Step 53": 2.8875813484191895, "Epoch 345 Step 54": 2.8854901790618896, "Epoch 345 Step 55": 2.8893604278564453, "Epoch 345 Step 56": 2.8846182823181152, "Epoch 345 Step 57": 2.872790813446045, "Epoch 345 Step 58": 2.880584239959717, "Epoch 345 Step 59": 2.8768885135650635, "Epoch 345 Step 60": 2.8823602199554443, "Epoch 345 Step 61": 2.883493423461914, "Epoch 345 Step 62": 2.891385078430176, "Epoch 345 Step 63": 2.8849377632141113, "Epoch 345 Step 64": 2.8851451873779297, "Epoch 345 Step 65": 2.881406784057617, "Epoch 345 Step 66": 2.8755733966827393, "Epoch 345 Step 67": 2.8796889781951904, "Epoch 345 Step 68": 2.893676519393921, "Epoch 345 Step 69": 2.8878281116485596, "Epoch 345 Step 70": 2.8736796379089355, "Epoch 345 Step 71": 2.8901970386505127, "Epoch 345 Step 72": 2.882857322692871, "Epoch 345 Step 73": 2.87544322013855, "Epoch 345 Step 74": 2.87248158454895, "Epoch 345 Step 75": 2.882261276245117, "Epoch 345 Step 76": 2.8875808715820312, "Epoch 345 Step 77": 2.880105495452881, "Epoch 345 Step 78": 2.878523111343384, "Epoch 345 Step 79": 2.8774991035461426, "Epoch 345 Step 80": 2.8764138221740723, "Epoch 345 Step 81": 2.8875930309295654, "Epoch 345 Step 82": 2.875576972961426, "Epoch 345 Step 83": 2.891441583633423, "Epoch 345 Step 84": 2.871426820755005, "Epoch 345 Step 85": 2.874687671661377, "Epoch 345 Step 86": 2.8802249431610107, "Epoch 345 Step 87": 2.868464708328247, "Epoch 345 Step 88": 2.886751890182495, "Epoch 345 Step 89": 2.8815600872039795}