{"Epoch 172 Step 0": 2.894719362258911, "Epoch 172 Step 1": 2.8928003311157227, "Epoch 172 Step 2": 2.8899343013763428, "Epoch 172 Step 3": 2.887307643890381, "Epoch 172 Step 4": 2.8864216804504395, "Epoch 172 Step 5": 2.8831522464752197, "Epoch 172 Step 6": 2.901791572570801, "Epoch 172 Step 7": 2.900808334350586, "Epoch 172 Step 8": 2.8983891010284424, "Epoch 172 Step 9": 2.8746557235717773, "Epoch 172 Step 10": 2.886268138885498, "Epoch 172 Step 11": 2.890974283218384, "Epoch 172 Step 12": 2.873054265975952, "Epoch 172 Step 13": 2.8845126628875732, "Epoch 172 Step 14": 2.8861546516418457, "Epoch 172 Step 15": 2.8907723426818848, "Epoch 172 Step 16": 2.895272731781006, "Epoch 172 Step 17": 2.8801398277282715, "Epoch 172 Step 18": 2.89154052734375, "Epoch 172 Step 19": 2.8757996559143066, "Epoch 172 Step 20": 2.884869337081909, "Epoch 172 Step 21": 2.87675404548645, "Epoch 172 Step 22": 2.8912465572357178, "Epoch 172 Step 23": 2.876220226287842, "Epoch 172 Step 24": 2.882206439971924, "Epoch 172 Step 25": 2.886998176574707, "Epoch 172 Step 26": 2.8717398643493652, "Epoch 172 Step 27": 2.8706953525543213, "Epoch 172 Step 28": 2.8711512088775635, "Epoch 172 Step 29": 2.8860924243927, "Epoch 172 Step 30": 2.8809926509857178, "Epoch 172 Step 31": 2.876397132873535, "Epoch 172 Step 32": 2.8891642093658447, "Epoch 172 Step 33": 2.8930447101593018, "Epoch 172 Step 34": 2.879138708114624, "Epoch 172 Step 35": 2.875072956085205, "Epoch 172 Step 36": 2.886192560195923, "Epoch 172 Step 37": 2.890118360519409, "Epoch 172 Step 38": 2.8796534538269043, "Epoch 172 Step 39": 2.8810040950775146, "Epoch 172 Step 40": 2.8760087490081787, "Epoch 172 Step 41": 2.8859565258026123, "Epoch 172 Step 42": 2.871852159500122, "Epoch 172 Step 43": 2.883786201477051, "Epoch 172 Step 44": 2.8771212100982666, "Epoch 172 Step 45": 2.882246732711792, "Epoch 172 Step 46": 2.882612466812134, "Epoch 172 Step 47": 2.8690154552459717, "Epoch 172 Step 48": 2.882770299911499, "Epoch 172 Step 49": 2.8864963054656982, "Epoch 172 Step 50": 2.883347749710083, "Epoch 172 Step 51": 2.888021469116211, "Epoch 172 Step 52": 2.882943868637085, "Epoch 172 Step 53": 2.8711531162261963, "Epoch 172 Step 54": 2.8795628547668457, "Epoch 172 Step 55": 2.875492572784424, "Epoch 172 Step 56": 2.8823952674865723, "Epoch 172 Step 57": 2.880725860595703, "Epoch 172 Step 58": 2.8902227878570557, "Epoch 172 Step 59": 2.884150505065918, "Epoch 172 Step 60": 2.8839714527130127, "Epoch 172 Step 61": 2.880175828933716, "Epoch 172 Step 62": 2.8744654655456543, "Epoch 172 Step 63": 2.8776321411132812, "Epoch 172 Step 64": 2.891618490219116, "Epoch 172 Step 65": 2.8863332271575928, "Epoch 172 Step 66": 2.8714804649353027, "Epoch 172 Step 67": 2.888012170791626, "Epoch 172 Step 68": 2.880911111831665, "Epoch 172 Step 69": 2.8740551471710205, "Epoch 172 Step 70": 2.8709726333618164, "Epoch 172 Step 71": 2.8810832500457764, "Epoch 172 Step 72": 2.8862414360046387, "Epoch 172 Step 73": 2.87843918800354, "Epoch 172 Step 74": 2.8780221939086914, "Epoch 172 Step 75": 2.8774337768554688, "Epoch 172 Step 76": 2.8751566410064697, "Epoch 172 Step 77": 2.8849267959594727, "Epoch 172 Step 78": 2.8716938495635986, "Epoch 172 Step 79": 2.889472246170044, "Epoch 172 Step 80": 2.871382713317871, "Epoch 172 Step 81": 2.8728084564208984, "Epoch 172 Step 82": 2.8783087730407715, "Epoch 172 Step 83": 2.866727828979492, "Epoch 172 Step 84": 2.885730504989624, "Epoch 172 Step 85": 2.880390167236328, "Epoch 172 Step 86": 2.8836562633514404, "Epoch 172 Step 87": 2.8919010162353516, "Epoch 172 Step 88": 2.884178400039673, "Epoch 172 Step 89": 2.877755641937256}