{"Epoch 887 Step 0": 2.89542555809021, "Epoch 887 Step 1": 2.8931081295013428, "Epoch 887 Step 2": 2.8926427364349365, "Epoch 887 Step 3": 2.8875858783721924, "Epoch 887 Step 4": 2.8866286277770996, "Epoch 887 Step 5": 2.883547306060791, "Epoch 887 Step 6": 2.909301280975342, "Epoch 887 Step 7": 2.898104667663574, "Epoch 887 Step 8": 2.9019079208374023, "Epoch 887 Step 9": 2.8766679763793945, "Epoch 887 Step 10": 2.890669345855713, "Epoch 887 Step 11": 2.8937206268310547, "Epoch 887 Step 12": 2.876088857650757, "Epoch 887 Step 13": 2.8870136737823486, "Epoch 887 Step 14": 2.8871936798095703, "Epoch 887 Step 15": 2.892437696456909, "Epoch 887 Step 16": 2.8965368270874023, "Epoch 887 Step 17": 2.8822739124298096, "Epoch 887 Step 18": 2.895160675048828, "Epoch 887 Step 19": 2.8783633708953857, "Epoch 887 Step 20": 2.884779214859009, "Epoch 887 Step 21": 2.8779969215393066, "Epoch 887 Step 22": 2.8919973373413086, "Epoch 887 Step 23": 2.878608465194702, "Epoch 887 Step 24": 2.8828582763671875, "Epoch 887 Step 25": 2.8887531757354736, "Epoch 887 Step 26": 2.8736929893493652, "Epoch 887 Step 27": 2.872279644012451, "Epoch 887 Step 28": 2.872460126876831, "Epoch 887 Step 29": 2.8884470462799072, "Epoch 887 Step 30": 2.8820250034332275, "Epoch 887 Step 31": 2.8771519660949707, "Epoch 887 Step 32": 2.8906149864196777, "Epoch 887 Step 33": 2.8954710960388184, "Epoch 887 Step 34": 2.880680799484253, "Epoch 887 Step 35": 2.8770315647125244, "Epoch 887 Step 36": 2.8870272636413574, "Epoch 887 Step 37": 2.891385078430176, "Epoch 887 Step 38": 2.8806116580963135, "Epoch 887 Step 39": 2.8822574615478516, "Epoch 887 Step 40": 2.8777859210968018, "Epoch 887 Step 41": 2.8878135681152344, "Epoch 887 Step 42": 2.873878002166748, "Epoch 887 Step 43": 2.8851895332336426, "Epoch 887 Step 44": 2.8792240619659424, "Epoch 887 Step 45": 2.882826566696167, "Epoch 887 Step 46": 2.8851206302642822, "Epoch 887 Step 47": 2.871131658554077, "Epoch 887 Step 48": 2.885432243347168, "Epoch 887 Step 49": 2.8877182006835938, "Epoch 887 Step 50": 2.885807991027832, "Epoch 887 Step 51": 2.8895344734191895, "Epoch 887 Step 52": 2.8846275806427, "Epoch 887 Step 53": 2.87250018119812, "Epoch 887 Step 54": 2.8814797401428223, "Epoch 887 Step 55": 2.8772666454315186, "Epoch 887 Step 56": 2.8824331760406494, "Epoch 887 Step 57": 2.8831517696380615, "Epoch 887 Step 58": 2.8905773162841797, "Epoch 887 Step 59": 2.8847525119781494, "Epoch 887 Step 60": 2.8854618072509766, "Epoch 887 Step 61": 2.8816401958465576, "Epoch 887 Step 62": 2.8748369216918945, "Epoch 887 Step 63": 2.879983901977539, "Epoch 887 Step 64": 2.893994092941284, "Epoch 887 Step 65": 2.8878631591796875, "Epoch 887 Step 66": 2.874812364578247, "Epoch 887 Step 67": 2.8908896446228027, "Epoch 887 Step 68": 2.882767915725708, "Epoch 887 Step 69": 2.8770902156829834, "Epoch 887 Step 70": 2.8737375736236572, "Epoch 887 Step 71": 2.8816680908203125, "Epoch 887 Step 72": 2.8872714042663574, "Epoch 887 Step 73": 2.8799633979797363, "Epoch 887 Step 74": 2.8793647289276123, "Epoch 887 Step 75": 2.8783206939697266, "Epoch 887 Step 76": 2.8764004707336426, "Epoch 887 Step 77": 2.8880701065063477, "Epoch 887 Step 78": 2.87503719329834, "Epoch 887 Step 79": 2.8909292221069336, "Epoch 887 Step 80": 2.8712728023529053, "Epoch 887 Step 81": 2.874563455581665, "Epoch 887 Step 82": 2.8796064853668213, "Epoch 887 Step 83": 2.8678812980651855, "Epoch 887 Step 84": 2.8872411251068115, "Epoch 887 Step 85": 2.881314277648926, "Epoch 887 Step 86": 2.887160301208496, "Epoch 887 Step 87": 2.8927528858184814, "Epoch 887 Step 88": 2.8868491649627686, "Epoch 887 Step 89": 2.87873911857605}