{"Epoch 816 Step 0": 2.882692575454712, "Epoch 816 Step 1": 2.888636350631714, "Epoch 816 Step 2": 2.882265090942383, "Epoch 816 Step 3": 2.8804731369018555, "Epoch 816 Step 4": 2.878871440887451, "Epoch 816 Step 5": 2.8767387866973877, "Epoch 816 Step 6": 2.8880505561828613, "Epoch 816 Step 7": 2.875035047531128, "Epoch 816 Step 8": 2.891399621963501, "Epoch 816 Step 9": 2.8712985515594482, "Epoch 816 Step 10": 2.8744466304779053, "Epoch 816 Step 11": 2.8797454833984375, "Epoch 816 Step 12": 2.8679757118225098, "Epoch 816 Step 13": 2.8878047466278076, "Epoch 816 Step 14": 2.88192081451416, "Epoch 816 Step 15": 2.8871817588806152, "Epoch 816 Step 16": 2.893278121948242, "Epoch 816 Step 17": 2.886540174484253, "Epoch 816 Step 18": 2.8777105808258057, "Epoch 816 Step 19": 2.8844873905181885, "Epoch 816 Step 20": 2.896674394607544, "Epoch 816 Step 21": 2.8962812423706055, "Epoch 816 Step 22": 2.8932814598083496, "Epoch 816 Step 23": 2.8885364532470703, "Epoch 816 Step 24": 2.888277053833008, "Epoch 816 Step 25": 2.886232614517212, "Epoch 816 Step 26": 2.9035441875457764, "Epoch 816 Step 27": 2.9056010246276855, "Epoch 816 Step 28": 2.9009952545166016, "Epoch 816 Step 29": 2.876352310180664, "Epoch 816 Step 30": 2.888819694519043, "Epoch 816 Step 31": 2.8933515548706055, "Epoch 816 Step 32": 2.87485671043396, "Epoch 816 Step 33": 2.886486053466797, "Epoch 816 Step 34": 2.8867177963256836, "Epoch 816 Step 35": 2.891545057296753, "Epoch 816 Step 36": 2.897486925125122, "Epoch 816 Step 37": 2.882791757583618, "Epoch 816 Step 38": 2.893576145172119, "Epoch 816 Step 39": 2.8782167434692383, "Epoch 816 Step 40": 2.885267972946167, "Epoch 816 Step 41": 2.87833833694458, "Epoch 816 Step 42": 2.89319109916687, "Epoch 816 Step 43": 2.879655599594116, "Epoch 816 Step 44": 2.883525848388672, "Epoch 816 Step 45": 2.889025926589966, "Epoch 816 Step 46": 2.8739142417907715, "Epoch 816 Step 47": 2.872466564178467, "Epoch 816 Step 48": 2.8728437423706055, "Epoch 816 Step 49": 2.8884124755859375, "Epoch 816 Step 50": 2.881758213043213, "Epoch 816 Step 51": 2.8779187202453613, "Epoch 816 Step 52": 2.8893308639526367, "Epoch 816 Step 53": 2.897080183029175, "Epoch 816 Step 54": 2.8813743591308594, "Epoch 816 Step 55": 2.8754074573516846, "Epoch 816 Step 56": 2.889071464538574, "Epoch 816 Step 57": 2.8923251628875732, "Epoch 816 Step 58": 2.8809280395507812, "Epoch 816 Step 59": 2.8824305534362793, "Epoch 816 Step 60": 2.879124641418457, "Epoch 816 Step 61": 2.887861967086792, "Epoch 816 Step 62": 2.873612880706787, "Epoch 816 Step 63": 2.885709762573242, "Epoch 816 Step 64": 2.8795130252838135, "Epoch 816 Step 65": 2.8836209774017334, "Epoch 816 Step 66": 2.885075330734253, "Epoch 816 Step 67": 2.871366500854492, "Epoch 816 Step 68": 2.8859987258911133, "Epoch 816 Step 69": 2.8877005577087402, "Epoch 816 Step 70": 2.886188507080078, "Epoch 816 Step 71": 2.890096426010132, "Epoch 816 Step 72": 2.8847742080688477, "Epoch 816 Step 73": 2.8730626106262207, "Epoch 816 Step 74": 2.880854845046997, "Epoch 816 Step 75": 2.877197027206421, "Epoch 816 Step 76": 2.8828563690185547, "Epoch 816 Step 77": 2.882948398590088, "Epoch 816 Step 78": 2.890747547149658, "Epoch 816 Step 79": 2.8846664428710938, "Epoch 816 Step 80": 2.8851358890533447, "Epoch 816 Step 81": 2.8809239864349365, "Epoch 816 Step 82": 2.8757407665252686, "Epoch 816 Step 83": 2.8792519569396973, "Epoch 816 Step 84": 2.8944547176361084, "Epoch 816 Step 85": 2.88857364654541, "Epoch 816 Step 86": 2.873540163040161, "Epoch 816 Step 87": 2.890410900115967, "Epoch 816 Step 88": 2.8820667266845703, "Epoch 816 Step 89": 2.8761684894561768}