{"Epoch 541 Step 0": 2.8799703121185303, "Epoch 541 Step 1": 2.8784031867980957, "Epoch 541 Step 2": 2.8784096240997314, "Epoch 541 Step 3": 2.8763532638549805, "Epoch 541 Step 4": 2.8877370357513428, "Epoch 541 Step 5": 2.8737874031066895, "Epoch 541 Step 6": 2.8913521766662598, "Epoch 541 Step 7": 2.8714823722839355, "Epoch 541 Step 8": 2.874891757965088, "Epoch 541 Step 9": 2.879561424255371, "Epoch 541 Step 10": 2.867908239364624, "Epoch 541 Step 11": 2.887190580368042, "Epoch 541 Step 12": 2.881815195083618, "Epoch 541 Step 13": 2.8871424198150635, "Epoch 541 Step 14": 2.893162250518799, "Epoch 541 Step 15": 2.8866841793060303, "Epoch 541 Step 16": 2.8784868717193604, "Epoch 541 Step 17": 2.884927272796631, "Epoch 541 Step 18": 2.8951549530029297, "Epoch 541 Step 19": 2.8940298557281494, "Epoch 541 Step 20": 2.8930299282073975, "Epoch 541 Step 21": 2.887402296066284, "Epoch 541 Step 22": 2.8859708309173584, "Epoch 541 Step 23": 2.8837051391601562, "Epoch 541 Step 24": 2.9047915935516357, "Epoch 541 Step 25": 2.900541067123413, "Epoch 541 Step 26": 2.8986027240753174, "Epoch 541 Step 27": 2.876084566116333, "Epoch 541 Step 28": 2.888826370239258, "Epoch 541 Step 29": 2.892986536026001, "Epoch 541 Step 30": 2.874946117401123, "Epoch 541 Step 31": 2.886817216873169, "Epoch 541 Step 32": 2.886873245239258, "Epoch 541 Step 33": 2.8915836811065674, "Epoch 541 Step 34": 2.895275354385376, "Epoch 541 Step 35": 2.881632089614868, "Epoch 541 Step 36": 2.8934624195098877, "Epoch 541 Step 37": 2.8789217472076416, "Epoch 541 Step 38": 2.8848235607147217, "Epoch 541 Step 39": 2.877967596054077, "Epoch 541 Step 40": 2.8912010192871094, "Epoch 541 Step 41": 2.8779141902923584, "Epoch 541 Step 42": 2.883362054824829, "Epoch 541 Step 43": 2.8887176513671875, "Epoch 541 Step 44": 2.873328447341919, "Epoch 541 Step 45": 2.8720498085021973, "Epoch 541 Step 46": 2.872373580932617, "Epoch 541 Step 47": 2.888465404510498, "Epoch 541 Step 48": 2.882399559020996, "Epoch 541 Step 49": 2.8776357173919678, "Epoch 541 Step 50": 2.889883041381836, "Epoch 541 Step 51": 2.894829511642456, "Epoch 541 Step 52": 2.880068063735962, "Epoch 541 Step 53": 2.8765885829925537, "Epoch 541 Step 54": 2.8875365257263184, "Epoch 541 Step 55": 2.8917617797851562, "Epoch 541 Step 56": 2.8806440830230713, "Epoch 541 Step 57": 2.8816888332366943, "Epoch 541 Step 58": 2.877934217453003, "Epoch 541 Step 59": 2.887233018875122, "Epoch 541 Step 60": 2.874117374420166, "Epoch 541 Step 61": 2.885169744491577, "Epoch 541 Step 62": 2.8795292377471924, "Epoch 541 Step 63": 2.882664442062378, "Epoch 541 Step 64": 2.884711265563965, "Epoch 541 Step 65": 2.8712658882141113, "Epoch 541 Step 66": 2.885312080383301, "Epoch 541 Step 67": 2.887460231781006, "Epoch 541 Step 68": 2.885904550552368, "Epoch 541 Step 69": 2.889833450317383, "Epoch 541 Step 70": 2.884652853012085, "Epoch 541 Step 71": 2.872150182723999, "Epoch 541 Step 72": 2.880620241165161, "Epoch 541 Step 73": 2.87674880027771, "Epoch 541 Step 74": 2.8826448917388916, "Epoch 541 Step 75": 2.8829236030578613, "Epoch 541 Step 76": 2.8904783725738525, "Epoch 541 Step 77": 2.885028123855591, "Epoch 541 Step 78": 2.8851168155670166, "Epoch 541 Step 79": 2.881596803665161, "Epoch 541 Step 80": 2.8757784366607666, "Epoch 541 Step 81": 2.879570484161377, "Epoch 541 Step 82": 2.893702268600464, "Epoch 541 Step 83": 2.8879501819610596, "Epoch 541 Step 84": 2.8737988471984863, "Epoch 541 Step 85": 2.8903281688690186, "Epoch 541 Step 86": 2.882439374923706, "Epoch 541 Step 87": 2.875410318374634, "Epoch 541 Step 88": 2.8711845874786377, "Epoch 541 Step 89": 2.8823914527893066}