{"Epoch 923 Step 0": 2.87693452835083, "Epoch 923 Step 1": 2.882499933242798, "Epoch 923 Step 2": 2.8835601806640625, "Epoch 923 Step 3": 2.890933036804199, "Epoch 923 Step 4": 2.8852529525756836, "Epoch 923 Step 5": 2.8855206966400146, "Epoch 923 Step 6": 2.881714344024658, "Epoch 923 Step 7": 2.8759233951568604, "Epoch 923 Step 8": 2.879868268966675, "Epoch 923 Step 9": 2.8939592838287354, "Epoch 923 Step 10": 2.8880326747894287, "Epoch 923 Step 11": 2.875166416168213, "Epoch 923 Step 12": 2.8905117511749268, "Epoch 923 Step 13": 2.882561445236206, "Epoch 923 Step 14": 2.8759472370147705, "Epoch 923 Step 15": 2.8727760314941406, "Epoch 923 Step 16": 2.8815879821777344, "Epoch 923 Step 17": 2.8876965045928955, "Epoch 923 Step 18": 2.8799092769622803, "Epoch 923 Step 19": 2.878480911254883, "Epoch 923 Step 20": 2.8783276081085205, "Epoch 923 Step 21": 2.8759069442749023, "Epoch 923 Step 22": 2.888507604598999, "Epoch 923 Step 23": 2.8753716945648193, "Epoch 923 Step 24": 2.8905701637268066, "Epoch 923 Step 25": 2.871885299682617, "Epoch 923 Step 26": 2.8747851848602295, "Epoch 923 Step 27": 2.8805203437805176, "Epoch 923 Step 28": 2.8687119483947754, "Epoch 923 Step 29": 2.886941432952881, "Epoch 923 Step 30": 2.8813326358795166, "Epoch 923 Step 31": 2.8872063159942627, "Epoch 923 Step 32": 2.893401622772217, "Epoch 923 Step 33": 2.8859198093414307, "Epoch 923 Step 34": 2.87792706489563, "Epoch 923 Step 35": 2.885380744934082, "Epoch 923 Step 36": 2.8960886001586914, "Epoch 923 Step 37": 2.895040512084961, "Epoch 923 Step 38": 2.894164800643921, "Epoch 923 Step 39": 2.8886537551879883, "Epoch 923 Step 40": 2.8856124877929688, "Epoch 923 Step 41": 2.8802478313446045, "Epoch 923 Step 42": 2.903440475463867, "Epoch 923 Step 43": 2.8986458778381348, "Epoch 923 Step 44": 2.8983404636383057, "Epoch 923 Step 45": 2.8773021697998047, "Epoch 923 Step 46": 2.890281915664673, "Epoch 923 Step 47": 2.893284797668457, "Epoch 923 Step 48": 2.875890016555786, "Epoch 923 Step 49": 2.88686466217041, "Epoch 923 Step 50": 2.886904716491699, "Epoch 923 Step 51": 2.8913753032684326, "Epoch 923 Step 52": 2.8953001499176025, "Epoch 923 Step 53": 2.880511522293091, "Epoch 923 Step 54": 2.891732931137085, "Epoch 923 Step 55": 2.878516674041748, "Epoch 923 Step 56": 2.885030508041382, "Epoch 923 Step 57": 2.8778727054595947, "Epoch 923 Step 58": 2.891369581222534, "Epoch 923 Step 59": 2.8786704540252686, "Epoch 923 Step 60": 2.884230613708496, "Epoch 923 Step 61": 2.8903844356536865, "Epoch 923 Step 62": 2.8749656677246094, "Epoch 923 Step 63": 2.8728256225585938, "Epoch 923 Step 64": 2.8732173442840576, "Epoch 923 Step 65": 2.8889012336730957, "Epoch 923 Step 66": 2.8824357986450195, "Epoch 923 Step 67": 2.877932071685791, "Epoch 923 Step 68": 2.8893930912017822, "Epoch 923 Step 69": 2.8947393894195557, "Epoch 923 Step 70": 2.8807945251464844, "Epoch 923 Step 71": 2.877610445022583, "Epoch 923 Step 72": 2.887486696243286, "Epoch 923 Step 73": 2.8913259506225586, "Epoch 923 Step 74": 2.881145715713501, "Epoch 923 Step 75": 2.8825201988220215, "Epoch 923 Step 76": 2.8780999183654785, "Epoch 923 Step 77": 2.888526439666748, "Epoch 923 Step 78": 2.874037981033325, "Epoch 923 Step 79": 2.8857619762420654, "Epoch 923 Step 80": 2.8791091442108154, "Epoch 923 Step 81": 2.883021354675293, "Epoch 923 Step 82": 2.8850765228271484, "Epoch 923 Step 83": 2.8714351654052734, "Epoch 923 Step 84": 2.8852217197418213, "Epoch 923 Step 85": 2.8877272605895996, "Epoch 923 Step 86": 2.8854246139526367, "Epoch 923 Step 87": 2.8898141384124756, "Epoch 923 Step 88": 2.8855628967285156, "Epoch 923 Step 89": 2.8726954460144043}