{"Epoch 363 Step 0": 2.875455856323242, "Epoch 363 Step 1": 2.8714723587036133, "Epoch 363 Step 2": 2.882185459136963, "Epoch 363 Step 3": 2.8883283138275146, "Epoch 363 Step 4": 2.880258321762085, "Epoch 363 Step 5": 2.8785715103149414, "Epoch 363 Step 6": 2.8780977725982666, "Epoch 363 Step 7": 2.876567840576172, "Epoch 363 Step 8": 2.887687921524048, "Epoch 363 Step 9": 2.8734331130981445, "Epoch 363 Step 10": 2.8911712169647217, "Epoch 363 Step 11": 2.871694564819336, "Epoch 363 Step 12": 2.874722719192505, "Epoch 363 Step 13": 2.87941575050354, "Epoch 363 Step 14": 2.8677265644073486, "Epoch 363 Step 15": 2.886904239654541, "Epoch 363 Step 16": 2.8821542263031006, "Epoch 363 Step 17": 2.887159824371338, "Epoch 363 Step 18": 2.893432140350342, "Epoch 363 Step 19": 2.886502265930176, "Epoch 363 Step 20": 2.8789796829223633, "Epoch 363 Step 21": 2.8849494457244873, "Epoch 363 Step 22": 2.8949780464172363, "Epoch 363 Step 23": 2.8941006660461426, "Epoch 363 Step 24": 2.8933212757110596, "Epoch 363 Step 25": 2.8879997730255127, "Epoch 363 Step 26": 2.8857758045196533, "Epoch 363 Step 27": 2.88230037689209, "Epoch 363 Step 28": 2.903428316116333, "Epoch 363 Step 29": 2.9002270698547363, "Epoch 363 Step 30": 2.8990752696990967, "Epoch 363 Step 31": 2.8759915828704834, "Epoch 363 Step 32": 2.8890914916992188, "Epoch 363 Step 33": 2.89290452003479, "Epoch 363 Step 34": 2.8752505779266357, "Epoch 363 Step 35": 2.8867406845092773, "Epoch 363 Step 36": 2.88696026802063, "Epoch 363 Step 37": 2.891451597213745, "Epoch 363 Step 38": 2.8955600261688232, "Epoch 363 Step 39": 2.881589651107788, "Epoch 363 Step 40": 2.8941662311553955, "Epoch 363 Step 41": 2.87872314453125, "Epoch 363 Step 42": 2.884644031524658, "Epoch 363 Step 43": 2.8780581951141357, "Epoch 363 Step 44": 2.891206979751587, "Epoch 363 Step 45": 2.8780019283294678, "Epoch 363 Step 46": 2.883042573928833, "Epoch 363 Step 47": 2.8889288902282715, "Epoch 363 Step 48": 2.8738696575164795, "Epoch 363 Step 49": 2.8723106384277344, "Epoch 363 Step 50": 2.8719425201416016, "Epoch 363 Step 51": 2.8881771564483643, "Epoch 363 Step 52": 2.881582021713257, "Epoch 363 Step 53": 2.8776144981384277, "Epoch 363 Step 54": 2.890770196914673, "Epoch 363 Step 55": 2.894798517227173, "Epoch 363 Step 56": 2.88043475151062, "Epoch 363 Step 57": 2.876431703567505, "Epoch 363 Step 58": 2.8872504234313965, "Epoch 363 Step 59": 2.89111590385437, "Epoch 363 Step 60": 2.8808541297912598, "Epoch 363 Step 61": 2.8820087909698486, "Epoch 363 Step 62": 2.877720594406128, "Epoch 363 Step 63": 2.8875789642333984, "Epoch 363 Step 64": 2.873957395553589, "Epoch 363 Step 65": 2.8852927684783936, "Epoch 363 Step 66": 2.879279136657715, "Epoch 363 Step 67": 2.883028030395508, "Epoch 363 Step 68": 2.8844759464263916, "Epoch 363 Step 69": 2.871352195739746, "Epoch 363 Step 70": 2.8850178718566895, "Epoch 363 Step 71": 2.8873958587646484, "Epoch 363 Step 72": 2.88569974899292, "Epoch 363 Step 73": 2.889282703399658, "Epoch 363 Step 74": 2.883831262588501, "Epoch 363 Step 75": 2.872230052947998, "Epoch 363 Step 76": 2.880836248397827, "Epoch 363 Step 77": 2.877079725265503, "Epoch 363 Step 78": 2.882683515548706, "Epoch 363 Step 79": 2.882993459701538, "Epoch 363 Step 80": 2.8907878398895264, "Epoch 363 Step 81": 2.8847060203552246, "Epoch 363 Step 82": 2.885070562362671, "Epoch 363 Step 83": 2.8811213970184326, "Epoch 363 Step 84": 2.875425338745117, "Epoch 363 Step 85": 2.879241943359375, "Epoch 363 Step 86": 2.8937764167785645, "Epoch 363 Step 87": 2.8882601261138916, "Epoch 363 Step 88": 2.873960494995117, "Epoch 363 Step 89": 2.890302896499634}