{"Epoch 229 Step 0": 2.8804776668548584, "Epoch 229 Step 1": 2.8762035369873047, "Epoch 229 Step 2": 2.8870038986206055, "Epoch 229 Step 3": 2.8910021781921387, "Epoch 229 Step 4": 2.8807499408721924, "Epoch 229 Step 5": 2.881821632385254, "Epoch 229 Step 6": 2.877152919769287, "Epoch 229 Step 7": 2.8875224590301514, "Epoch 229 Step 8": 2.8732526302337646, "Epoch 229 Step 9": 2.8851218223571777, "Epoch 229 Step 10": 2.878852605819702, "Epoch 229 Step 11": 2.8824970722198486, "Epoch 229 Step 12": 2.8841428756713867, "Epoch 229 Step 13": 2.870926856994629, "Epoch 229 Step 14": 2.8845791816711426, "Epoch 229 Step 15": 2.8875138759613037, "Epoch 229 Step 16": 2.8849010467529297, "Epoch 229 Step 17": 2.8890488147735596, "Epoch 229 Step 18": 2.8841652870178223, "Epoch 229 Step 19": 2.872025966644287, "Epoch 229 Step 20": 2.880490303039551, "Epoch 229 Step 21": 2.8769943714141846, "Epoch 229 Step 22": 2.882882595062256, "Epoch 229 Step 23": 2.8823678493499756, "Epoch 229 Step 24": 2.8906235694885254, "Epoch 229 Step 25": 2.8847622871398926, "Epoch 229 Step 26": 2.8851585388183594, "Epoch 229 Step 27": 2.8811938762664795, "Epoch 229 Step 28": 2.8751206398010254, "Epoch 229 Step 29": 2.8796489238739014, "Epoch 229 Step 30": 2.8935389518737793, "Epoch 229 Step 31": 2.887847423553467, "Epoch 229 Step 32": 2.8737258911132812, "Epoch 229 Step 33": 2.889927387237549, "Epoch 229 Step 34": 2.8820414543151855, "Epoch 229 Step 35": 2.875415086746216, "Epoch 229 Step 36": 2.8731002807617188, "Epoch 229 Step 37": 2.881459951400757, "Epoch 229 Step 38": 2.8872437477111816, "Epoch 229 Step 39": 2.87982439994812, "Epoch 229 Step 40": 2.878716230392456, "Epoch 229 Step 41": 2.8783743381500244, "Epoch 229 Step 42": 2.875906229019165, "Epoch 229 Step 43": 2.8875885009765625, "Epoch 229 Step 44": 2.8745064735412598, "Epoch 229 Step 45": 2.890838146209717, "Epoch 229 Step 46": 2.8710155487060547, "Epoch 229 Step 47": 2.8740415573120117, "Epoch 229 Step 48": 2.879326343536377, "Epoch 229 Step 49": 2.8674368858337402, "Epoch 229 Step 50": 2.8870270252227783, "Epoch 229 Step 51": 2.880993127822876, "Epoch 229 Step 52": 2.886429786682129, "Epoch 229 Step 53": 2.892812490463257, "Epoch 229 Step 54": 2.885685920715332, "Epoch 229 Step 55": 2.8777995109558105, "Epoch 229 Step 56": 2.8847360610961914, "Epoch 229 Step 57": 2.894986391067505, "Epoch 229 Step 58": 2.895250082015991, "Epoch 229 Step 59": 2.8928205966949463, "Epoch 229 Step 60": 2.888192653656006, "Epoch 229 Step 61": 2.8873441219329834, "Epoch 229 Step 62": 2.8849527835845947, "Epoch 229 Step 63": 2.9040353298187256, "Epoch 229 Step 64": 2.90311598777771, "Epoch 229 Step 65": 2.899813175201416, "Epoch 229 Step 66": 2.8749918937683105, "Epoch 229 Step 67": 2.887983560562134, "Epoch 229 Step 68": 2.8914124965667725, "Epoch 229 Step 69": 2.8742682933807373, "Epoch 229 Step 70": 2.885938882827759, "Epoch 229 Step 71": 2.887240171432495, "Epoch 229 Step 72": 2.8921000957489014, "Epoch 229 Step 73": 2.8957440853118896, "Epoch 229 Step 74": 2.882021427154541, "Epoch 229 Step 75": 2.893005609512329, "Epoch 229 Step 76": 2.879218816757202, "Epoch 229 Step 77": 2.8857710361480713, "Epoch 229 Step 78": 2.877906084060669, "Epoch 229 Step 79": 2.8913919925689697, "Epoch 229 Step 80": 2.8777005672454834, "Epoch 229 Step 81": 2.8837249279022217, "Epoch 229 Step 82": 2.8885080814361572, "Epoch 229 Step 83": 2.8737432956695557, "Epoch 229 Step 84": 2.872083902359009, "Epoch 229 Step 85": 2.8729889392852783, "Epoch 229 Step 86": 2.8878262042999268, "Epoch 229 Step 87": 2.882863759994507, "Epoch 229 Step 88": 2.8774936199188232, "Epoch 229 Step 89": 2.890697956085205}