{"Epoch 66 Step 0": 2.888793706893921, "Epoch 66 Step 1": 2.87211275100708, "Epoch 66 Step 2": 2.870884656906128, "Epoch 66 Step 3": 2.8713364601135254, "Epoch 66 Step 4": 2.886979818344116, "Epoch 66 Step 5": 2.881681203842163, "Epoch 66 Step 6": 2.876570701599121, "Epoch 66 Step 7": 2.8895058631896973, "Epoch 66 Step 8": 2.894124746322632, "Epoch 66 Step 9": 2.8791556358337402, "Epoch 66 Step 10": 2.8753457069396973, "Epoch 66 Step 11": 2.885934352874756, "Epoch 66 Step 12": 2.8899717330932617, "Epoch 66 Step 13": 2.8810806274414062, "Epoch 66 Step 14": 2.8822031021118164, "Epoch 66 Step 15": 2.8770089149475098, "Epoch 66 Step 16": 2.8863277435302734, "Epoch 66 Step 17": 2.873366117477417, "Epoch 66 Step 18": 2.8835980892181396, "Epoch 66 Step 19": 2.878366231918335, "Epoch 66 Step 20": 2.882883071899414, "Epoch 66 Step 21": 2.8835086822509766, "Epoch 66 Step 22": 2.8698503971099854, "Epoch 66 Step 23": 2.883101463317871, "Epoch 66 Step 24": 2.887033462524414, "Epoch 66 Step 25": 2.88320255279541, "Epoch 66 Step 26": 2.887831211090088, "Epoch 66 Step 27": 2.8826229572296143, "Epoch 66 Step 28": 2.871990203857422, "Epoch 66 Step 29": 2.8801820278167725, "Epoch 66 Step 30": 2.876371383666992, "Epoch 66 Step 31": 2.883596181869507, "Epoch 66 Step 32": 2.8799517154693604, "Epoch 66 Step 33": 2.889331102371216, "Epoch 66 Step 34": 2.8837082386016846, "Epoch 66 Step 35": 2.884976625442505, "Epoch 66 Step 36": 2.8811135292053223, "Epoch 66 Step 37": 2.874804973602295, "Epoch 66 Step 38": 2.8787429332733154, "Epoch 66 Step 39": 2.892648696899414, "Epoch 66 Step 40": 2.8874287605285645, "Epoch 66 Step 41": 2.8731114864349365, "Epoch 66 Step 42": 2.889010190963745, "Epoch 66 Step 43": 2.8813319206237793, "Epoch 66 Step 44": 2.873533010482788, "Epoch 66 Step 45": 2.869929313659668, "Epoch 66 Step 46": 2.882251024246216, "Epoch 66 Step 47": 2.886819839477539, "Epoch 66 Step 48": 2.8787729740142822, "Epoch 66 Step 49": 2.877504348754883, "Epoch 66 Step 50": 2.8777289390563965, "Epoch 66 Step 51": 2.875230073928833, "Epoch 66 Step 52": 2.885869026184082, "Epoch 66 Step 53": 2.87154221534729, "Epoch 66 Step 54": 2.889292001724243, "Epoch 66 Step 55": 2.871058702468872, "Epoch 66 Step 56": 2.8739213943481445, "Epoch 66 Step 57": 2.8785603046417236, "Epoch 66 Step 58": 2.867017984390259, "Epoch 66 Step 59": 2.885565757751465, "Epoch 66 Step 60": 2.880828380584717, "Epoch 66 Step 61": 2.885438919067383, "Epoch 66 Step 62": 2.8918309211730957, "Epoch 66 Step 63": 2.8863284587860107, "Epoch 66 Step 64": 2.8766708374023438, "Epoch 66 Step 65": 2.882856607437134, "Epoch 66 Step 66": 2.8940863609313965, "Epoch 66 Step 67": 2.892698049545288, "Epoch 66 Step 68": 2.891625165939331, "Epoch 66 Step 69": 2.8872451782226562, "Epoch 66 Step 70": 2.8845949172973633, "Epoch 66 Step 71": 2.881045341491699, "Epoch 66 Step 72": 2.9034016132354736, "Epoch 66 Step 73": 2.8977510929107666, "Epoch 66 Step 74": 2.8942301273345947, "Epoch 66 Step 75": 2.8752784729003906, "Epoch 66 Step 76": 2.889354705810547, "Epoch 66 Step 77": 2.8929736614227295, "Epoch 66 Step 78": 2.874239683151245, "Epoch 66 Step 79": 2.8851611614227295, "Epoch 66 Step 80": 2.885068893432617, "Epoch 66 Step 81": 2.890286445617676, "Epoch 66 Step 82": 2.894890069961548, "Epoch 66 Step 83": 2.8807532787323, "Epoch 66 Step 84": 2.89174485206604, "Epoch 66 Step 85": 2.876366138458252, "Epoch 66 Step 86": 2.883671522140503, "Epoch 66 Step 87": 2.875030040740967, "Epoch 66 Step 88": 2.8908510208129883, "Epoch 66 Step 89": 2.8769028186798096}