{"Epoch 260 Step 0": 2.8873989582061768, "Epoch 260 Step 1": 2.886488914489746, "Epoch 260 Step 2": 2.8846943378448486, "Epoch 260 Step 3": 2.904207944869995, "Epoch 260 Step 4": 2.901158332824707, "Epoch 260 Step 5": 2.8977644443511963, "Epoch 260 Step 6": 2.8751347064971924, "Epoch 260 Step 7": 2.889296293258667, "Epoch 260 Step 8": 2.893444538116455, "Epoch 260 Step 9": 2.874793529510498, "Epoch 260 Step 10": 2.885899782180786, "Epoch 260 Step 11": 2.886428117752075, "Epoch 260 Step 12": 2.8918185234069824, "Epoch 260 Step 13": 2.895942449569702, "Epoch 260 Step 14": 2.882059335708618, "Epoch 260 Step 15": 2.892432689666748, "Epoch 260 Step 16": 2.878387212753296, "Epoch 260 Step 17": 2.8847455978393555, "Epoch 260 Step 18": 2.8774476051330566, "Epoch 260 Step 19": 2.8916592597961426, "Epoch 260 Step 20": 2.8781967163085938, "Epoch 260 Step 21": 2.882966995239258, "Epoch 260 Step 22": 2.889491319656372, "Epoch 260 Step 23": 2.873253345489502, "Epoch 260 Step 24": 2.871567964553833, "Epoch 260 Step 25": 2.8720967769622803, "Epoch 260 Step 26": 2.8873186111450195, "Epoch 260 Step 27": 2.8819162845611572, "Epoch 260 Step 28": 2.8772153854370117, "Epoch 260 Step 29": 2.889927864074707, "Epoch 260 Step 30": 2.895047664642334, "Epoch 260 Step 31": 2.8807809352874756, "Epoch 260 Step 32": 2.875577926635742, "Epoch 260 Step 33": 2.887298107147217, "Epoch 260 Step 34": 2.8912553787231445, "Epoch 260 Step 35": 2.880308151245117, "Epoch 260 Step 36": 2.8812124729156494, "Epoch 260 Step 37": 2.877364158630371, "Epoch 260 Step 38": 2.8873913288116455, "Epoch 260 Step 39": 2.8730034828186035, "Epoch 260 Step 40": 2.8850440979003906, "Epoch 260 Step 41": 2.8786416053771973, "Epoch 260 Step 42": 2.883236885070801, "Epoch 260 Step 43": 2.885254144668579, "Epoch 260 Step 44": 2.8712821006774902, "Epoch 260 Step 45": 2.8849594593048096, "Epoch 260 Step 46": 2.887495279312134, "Epoch 260 Step 47": 2.8856301307678223, "Epoch 260 Step 48": 2.8893849849700928, "Epoch 260 Step 49": 2.8843369483947754, "Epoch 260 Step 50": 2.872182846069336, "Epoch 260 Step 51": 2.8807854652404785, "Epoch 260 Step 52": 2.8771533966064453, "Epoch 260 Step 53": 2.8826680183410645, "Epoch 260 Step 54": 2.882780075073242, "Epoch 260 Step 55": 2.8905467987060547, "Epoch 260 Step 56": 2.8848366737365723, "Epoch 260 Step 57": 2.8853213787078857, "Epoch 260 Step 58": 2.881464719772339, "Epoch 260 Step 59": 2.875361442565918, "Epoch 260 Step 60": 2.8793110847473145, "Epoch 260 Step 61": 2.8934648036956787, "Epoch 260 Step 62": 2.888349771499634, "Epoch 260 Step 63": 2.8738930225372314, "Epoch 260 Step 64": 2.8903448581695557, "Epoch 260 Step 65": 2.881945848464966, "Epoch 260 Step 66": 2.875006914138794, "Epoch 260 Step 67": 2.8725674152374268, "Epoch 260 Step 68": 2.8814501762390137, "Epoch 260 Step 69": 2.8873226642608643, "Epoch 260 Step 70": 2.8799631595611572, "Epoch 260 Step 71": 2.879045248031616, "Epoch 260 Step 72": 2.8787171840667725, "Epoch 260 Step 73": 2.8758678436279297, "Epoch 260 Step 74": 2.887707471847534, "Epoch 260 Step 75": 2.874807119369507, "Epoch 260 Step 76": 2.8908092975616455, "Epoch 260 Step 77": 2.870990037918091, "Epoch 260 Step 78": 2.874115228652954, "Epoch 260 Step 79": 2.8789656162261963, "Epoch 260 Step 80": 2.8675482273101807, "Epoch 260 Step 81": 2.8871586322784424, "Epoch 260 Step 82": 2.880995988845825, "Epoch 260 Step 83": 2.8861968517303467, "Epoch 260 Step 84": 2.8928208351135254, "Epoch 260 Step 85": 2.886403799057007, "Epoch 260 Step 86": 2.878476858139038, "Epoch 260 Step 87": 2.8846960067749023, "Epoch 260 Step 88": 2.8950088024139404, "Epoch 260 Step 89": 2.8935904502868652}