{"Epoch 769 Step 0": 2.8723948001861572, "Epoch 769 Step 1": 2.8726577758789062, "Epoch 769 Step 2": 2.889444589614868, "Epoch 769 Step 3": 2.882753610610962, "Epoch 769 Step 4": 2.8769328594207764, "Epoch 769 Step 5": 2.889389991760254, "Epoch 769 Step 6": 2.8949973583221436, "Epoch 769 Step 7": 2.8804891109466553, "Epoch 769 Step 8": 2.8759169578552246, "Epoch 769 Step 9": 2.88883638381958, "Epoch 769 Step 10": 2.8924503326416016, "Epoch 769 Step 11": 2.8815016746520996, "Epoch 769 Step 12": 2.882477283477783, "Epoch 769 Step 13": 2.8784537315368652, "Epoch 769 Step 14": 2.8875691890716553, "Epoch 769 Step 15": 2.8740346431732178, "Epoch 769 Step 16": 2.8852035999298096, "Epoch 769 Step 17": 2.8787550926208496, "Epoch 769 Step 18": 2.882990837097168, "Epoch 769 Step 19": 2.8851706981658936, "Epoch 769 Step 20": 2.8711800575256348, "Epoch 769 Step 21": 2.885317325592041, "Epoch 769 Step 22": 2.88777494430542, "Epoch 769 Step 23": 2.886178493499756, "Epoch 769 Step 24": 2.890390634536743, "Epoch 769 Step 25": 2.8844728469848633, "Epoch 769 Step 26": 2.872295618057251, "Epoch 769 Step 27": 2.881150007247925, "Epoch 769 Step 28": 2.8767590522766113, "Epoch 769 Step 29": 2.8829259872436523, "Epoch 769 Step 30": 2.8829171657562256, "Epoch 769 Step 31": 2.8914413452148438, "Epoch 769 Step 32": 2.884925603866577, "Epoch 769 Step 33": 2.8853182792663574, "Epoch 769 Step 34": 2.8813974857330322, "Epoch 769 Step 35": 2.877277135848999, "Epoch 769 Step 36": 2.879202127456665, "Epoch 769 Step 37": 2.8938443660736084, "Epoch 769 Step 38": 2.8881587982177734, "Epoch 769 Step 39": 2.8741962909698486, "Epoch 769 Step 40": 2.8906216621398926, "Epoch 769 Step 41": 2.8825876712799072, "Epoch 769 Step 42": 2.8758795261383057, "Epoch 769 Step 43": 2.872492551803589, "Epoch 769 Step 44": 2.88242244720459, "Epoch 769 Step 45": 2.8880109786987305, "Epoch 769 Step 46": 2.8810155391693115, "Epoch 769 Step 47": 2.8789303302764893, "Epoch 769 Step 48": 2.878448009490967, "Epoch 769 Step 49": 2.8770976066589355, "Epoch 769 Step 50": 2.8881466388702393, "Epoch 769 Step 51": 2.8752217292785645, "Epoch 769 Step 52": 2.8909146785736084, "Epoch 769 Step 53": 2.871314525604248, "Epoch 769 Step 54": 2.874556303024292, "Epoch 769 Step 55": 2.880038022994995, "Epoch 769 Step 56": 2.8683245182037354, "Epoch 769 Step 57": 2.8872711658477783, "Epoch 769 Step 58": 2.881488084793091, "Epoch 769 Step 59": 2.8869848251342773, "Epoch 769 Step 60": 2.8933215141296387, "Epoch 769 Step 61": 2.8862147331237793, "Epoch 769 Step 62": 2.878147602081299, "Epoch 769 Step 63": 2.8848915100097656, "Epoch 769 Step 64": 2.8959035873413086, "Epoch 769 Step 65": 2.894185781478882, "Epoch 769 Step 66": 2.8932573795318604, "Epoch 769 Step 67": 2.888291120529175, "Epoch 769 Step 68": 2.8866422176361084, "Epoch 769 Step 69": 2.8828957080841064, "Epoch 769 Step 70": 2.9056668281555176, "Epoch 769 Step 71": 2.9008283615112305, "Epoch 769 Step 72": 2.900442361831665, "Epoch 769 Step 73": 2.875113010406494, "Epoch 769 Step 74": 2.8887972831726074, "Epoch 769 Step 75": 2.893291711807251, "Epoch 769 Step 76": 2.8748958110809326, "Epoch 769 Step 77": 2.8865294456481934, "Epoch 769 Step 78": 2.8865153789520264, "Epoch 769 Step 79": 2.8916642665863037, "Epoch 769 Step 80": 2.8962855339050293, "Epoch 769 Step 81": 2.881495237350464, "Epoch 769 Step 82": 2.8925626277923584, "Epoch 769 Step 83": 2.8778226375579834, "Epoch 769 Step 84": 2.8845839500427246, "Epoch 769 Step 85": 2.8775436878204346, "Epoch 769 Step 86": 2.8922672271728516, "Epoch 769 Step 87": 2.8785853385925293, "Epoch 769 Step 88": 2.8829662799835205, "Epoch 769 Step 89": 2.88824462890625}