{"Epoch 343 Step 0": 2.8782646656036377, "Epoch 343 Step 1": 2.8852760791778564, "Epoch 343 Step 2": 2.895609140396118, "Epoch 343 Step 3": 2.8936052322387695, "Epoch 343 Step 4": 2.8922016620635986, "Epoch 343 Step 5": 2.8876383304595947, "Epoch 343 Step 6": 2.8872456550598145, "Epoch 343 Step 7": 2.8844754695892334, "Epoch 343 Step 8": 2.9042882919311523, "Epoch 343 Step 9": 2.901505708694458, "Epoch 343 Step 10": 2.898927927017212, "Epoch 343 Step 11": 2.875379800796509, "Epoch 343 Step 12": 2.8878374099731445, "Epoch 343 Step 13": 2.8925154209136963, "Epoch 343 Step 14": 2.8750627040863037, "Epoch 343 Step 15": 2.8860082626342773, "Epoch 343 Step 16": 2.8867695331573486, "Epoch 343 Step 17": 2.8917479515075684, "Epoch 343 Step 18": 2.896007537841797, "Epoch 343 Step 19": 2.882246732711792, "Epoch 343 Step 20": 2.893554210662842, "Epoch 343 Step 21": 2.8785641193389893, "Epoch 343 Step 22": 2.885282516479492, "Epoch 343 Step 23": 2.8784799575805664, "Epoch 343 Step 24": 2.892197608947754, "Epoch 343 Step 25": 2.8779444694519043, "Epoch 343 Step 26": 2.8828811645507812, "Epoch 343 Step 27": 2.8884389400482178, "Epoch 343 Step 28": 2.8730878829956055, "Epoch 343 Step 29": 2.871983289718628, "Epoch 343 Step 30": 2.8725545406341553, "Epoch 343 Step 31": 2.8882784843444824, "Epoch 343 Step 32": 2.8822505474090576, "Epoch 343 Step 33": 2.8783955574035645, "Epoch 343 Step 34": 2.8897085189819336, "Epoch 343 Step 35": 2.895409107208252, "Epoch 343 Step 36": 2.880197763442993, "Epoch 343 Step 37": 2.8759140968322754, "Epoch 343 Step 38": 2.887662887573242, "Epoch 343 Step 39": 2.8918392658233643, "Epoch 343 Step 40": 2.8809478282928467, "Epoch 343 Step 41": 2.8815770149230957, "Epoch 343 Step 42": 2.877262830734253, "Epoch 343 Step 43": 2.8877053260803223, "Epoch 343 Step 44": 2.873736619949341, "Epoch 343 Step 45": 2.8853955268859863, "Epoch 343 Step 46": 2.879633903503418, "Epoch 343 Step 47": 2.8831796646118164, "Epoch 343 Step 48": 2.884706497192383, "Epoch 343 Step 49": 2.8712027072906494, "Epoch 343 Step 50": 2.8850274085998535, "Epoch 343 Step 51": 2.8877177238464355, "Epoch 343 Step 52": 2.886111259460449, "Epoch 343 Step 53": 2.889195203781128, "Epoch 343 Step 54": 2.8845982551574707, "Epoch 343 Step 55": 2.872917413711548, "Epoch 343 Step 56": 2.88078236579895, "Epoch 343 Step 57": 2.8770999908447266, "Epoch 343 Step 58": 2.8829102516174316, "Epoch 343 Step 59": 2.883021831512451, "Epoch 343 Step 60": 2.8907220363616943, "Epoch 343 Step 61": 2.8848845958709717, "Epoch 343 Step 62": 2.8854379653930664, "Epoch 343 Step 63": 2.8812601566314697, "Epoch 343 Step 64": 2.8753912448883057, "Epoch 343 Step 65": 2.8792335987091064, "Epoch 343 Step 66": 2.893930196762085, "Epoch 343 Step 67": 2.8878586292266846, "Epoch 343 Step 68": 2.8743131160736084, "Epoch 343 Step 69": 2.8906772136688232, "Epoch 343 Step 70": 2.8825197219848633, "Epoch 343 Step 71": 2.8759407997131348, "Epoch 343 Step 72": 2.8731212615966797, "Epoch 343 Step 73": 2.8818798065185547, "Epoch 343 Step 74": 2.8879780769348145, "Epoch 343 Step 75": 2.8804924488067627, "Epoch 343 Step 76": 2.8789093494415283, "Epoch 343 Step 77": 2.8782577514648438, "Epoch 343 Step 78": 2.8761119842529297, "Epoch 343 Step 79": 2.887525796890259, "Epoch 343 Step 80": 2.8748116493225098, "Epoch 343 Step 81": 2.8910017013549805, "Epoch 343 Step 82": 2.8711998462677, "Epoch 343 Step 83": 2.8747570514678955, "Epoch 343 Step 84": 2.8796167373657227, "Epoch 343 Step 85": 2.8680524826049805, "Epoch 343 Step 86": 2.887791156768799, "Epoch 343 Step 87": 2.881490468978882, "Epoch 343 Step 88": 2.8870458602905273, "Epoch 343 Step 89": 2.8929624557495117}