{"Epoch 476 Step 0": 2.8714563846588135, "Epoch 476 Step 1": 2.8855106830596924, "Epoch 476 Step 2": 2.8874266147613525, "Epoch 476 Step 3": 2.886568069458008, "Epoch 476 Step 4": 2.889559507369995, "Epoch 476 Step 5": 2.884397506713867, "Epoch 476 Step 6": 2.872819185256958, "Epoch 476 Step 7": 2.8805859088897705, "Epoch 476 Step 8": 2.87717342376709, "Epoch 476 Step 9": 2.8828232288360596, "Epoch 476 Step 10": 2.883244514465332, "Epoch 476 Step 11": 2.891030788421631, "Epoch 476 Step 12": 2.8848581314086914, "Epoch 476 Step 13": 2.884526491165161, "Epoch 476 Step 14": 2.881237268447876, "Epoch 476 Step 15": 2.8763182163238525, "Epoch 476 Step 16": 2.8793749809265137, "Epoch 476 Step 17": 2.894103765487671, "Epoch 476 Step 18": 2.8880882263183594, "Epoch 476 Step 19": 2.874006986618042, "Epoch 476 Step 20": 2.8902390003204346, "Epoch 476 Step 21": 2.8822994232177734, "Epoch 476 Step 22": 2.8754069805145264, "Epoch 476 Step 23": 2.8731234073638916, "Epoch 476 Step 24": 2.8825128078460693, "Epoch 476 Step 25": 2.8876283168792725, "Epoch 476 Step 26": 2.88025164604187, "Epoch 476 Step 27": 2.878986358642578, "Epoch 476 Step 28": 2.8784053325653076, "Epoch 476 Step 29": 2.876279830932617, "Epoch 476 Step 30": 2.888442277908325, "Epoch 476 Step 31": 2.8749189376831055, "Epoch 476 Step 32": 2.8916831016540527, "Epoch 476 Step 33": 2.8715946674346924, "Epoch 476 Step 34": 2.8747119903564453, "Epoch 476 Step 35": 2.8798115253448486, "Epoch 476 Step 36": 2.8681693077087402, "Epoch 476 Step 37": 2.886603355407715, "Epoch 476 Step 38": 2.881706953048706, "Epoch 476 Step 39": 2.8870577812194824, "Epoch 476 Step 40": 2.8932793140411377, "Epoch 476 Step 41": 2.8862862586975098, "Epoch 476 Step 42": 2.8781282901763916, "Epoch 476 Step 43": 2.8846888542175293, "Epoch 476 Step 44": 2.895416498184204, "Epoch 476 Step 45": 2.893982410430908, "Epoch 476 Step 46": 2.8932766914367676, "Epoch 476 Step 47": 2.888174533843994, "Epoch 476 Step 48": 2.8867602348327637, "Epoch 476 Step 49": 2.8819615840911865, "Epoch 476 Step 50": 2.90411114692688, "Epoch 476 Step 51": 2.9000184535980225, "Epoch 476 Step 52": 2.898928165435791, "Epoch 476 Step 53": 2.8748056888580322, "Epoch 476 Step 54": 2.887972831726074, "Epoch 476 Step 55": 2.8921682834625244, "Epoch 476 Step 56": 2.875030040740967, "Epoch 476 Step 57": 2.886478900909424, "Epoch 476 Step 58": 2.8865394592285156, "Epoch 476 Step 59": 2.8907957077026367, "Epoch 476 Step 60": 2.895531177520752, "Epoch 476 Step 61": 2.8816442489624023, "Epoch 476 Step 62": 2.8933191299438477, "Epoch 476 Step 63": 2.877811908721924, "Epoch 476 Step 64": 2.88407826423645, "Epoch 476 Step 65": 2.877899408340454, "Epoch 476 Step 66": 2.8911030292510986, "Epoch 476 Step 67": 2.8782057762145996, "Epoch 476 Step 68": 2.8825294971466064, "Epoch 476 Step 69": 2.888234853744507, "Epoch 476 Step 70": 2.873227119445801, "Epoch 476 Step 71": 2.871875286102295, "Epoch 476 Step 72": 2.8714311122894287, "Epoch 476 Step 73": 2.8884267807006836, "Epoch 476 Step 74": 2.881779909133911, "Epoch 476 Step 75": 2.877687931060791, "Epoch 476 Step 76": 2.8902008533477783, "Epoch 476 Step 77": 2.8958323001861572, "Epoch 476 Step 78": 2.880341053009033, "Epoch 476 Step 79": 2.875563859939575, "Epoch 476 Step 80": 2.8876216411590576, "Epoch 476 Step 81": 2.8916015625, "Epoch 476 Step 82": 2.8810741901397705, "Epoch 476 Step 83": 2.8817334175109863, "Epoch 476 Step 84": 2.877507448196411, "Epoch 476 Step 85": 2.8874454498291016, "Epoch 476 Step 86": 2.8735978603363037, "Epoch 476 Step 87": 2.8852646350860596, "Epoch 476 Step 88": 2.8796048164367676, "Epoch 476 Step 89": 2.883000135421753}