{"Epoch 567 Step 0": 2.8711414337158203, "Epoch 567 Step 1": 2.8849520683288574, "Epoch 567 Step 2": 2.88767671585083, "Epoch 567 Step 3": 2.8857603073120117, "Epoch 567 Step 4": 2.8895106315612793, "Epoch 567 Step 5": 2.8845574855804443, "Epoch 567 Step 6": 2.872626304626465, "Epoch 567 Step 7": 2.8804407119750977, "Epoch 567 Step 8": 2.8769748210906982, "Epoch 567 Step 9": 2.882646322250366, "Epoch 567 Step 10": 2.8832292556762695, "Epoch 567 Step 11": 2.8902812004089355, "Epoch 567 Step 12": 2.8851170539855957, "Epoch 567 Step 13": 2.8854293823242188, "Epoch 567 Step 14": 2.881213665008545, "Epoch 567 Step 15": 2.8755972385406494, "Epoch 567 Step 16": 2.8792991638183594, "Epoch 567 Step 17": 2.8943369388580322, "Epoch 567 Step 18": 2.888348340988159, "Epoch 567 Step 19": 2.8742337226867676, "Epoch 567 Step 20": 2.89046311378479, "Epoch 567 Step 21": 2.882181167602539, "Epoch 567 Step 22": 2.8757259845733643, "Epoch 567 Step 23": 2.872413396835327, "Epoch 567 Step 24": 2.881779432296753, "Epoch 567 Step 25": 2.8878889083862305, "Epoch 567 Step 26": 2.8801143169403076, "Epoch 567 Step 27": 2.878774404525757, "Epoch 567 Step 28": 2.8784871101379395, "Epoch 567 Step 29": 2.8758137226104736, "Epoch 567 Step 30": 2.887765407562256, "Epoch 567 Step 31": 2.8748223781585693, "Epoch 567 Step 32": 2.891491413116455, "Epoch 567 Step 33": 2.8711438179016113, "Epoch 567 Step 34": 2.87492036819458, "Epoch 567 Step 35": 2.8794472217559814, "Epoch 567 Step 36": 2.8682355880737305, "Epoch 567 Step 37": 2.8870809078216553, "Epoch 567 Step 38": 2.881369113922119, "Epoch 567 Step 39": 2.8869481086730957, "Epoch 567 Step 40": 2.893307685852051, "Epoch 567 Step 41": 2.8867104053497314, "Epoch 567 Step 42": 2.8783650398254395, "Epoch 567 Step 43": 2.8848228454589844, "Epoch 567 Step 44": 2.895359516143799, "Epoch 567 Step 45": 2.893810749053955, "Epoch 567 Step 46": 2.8927226066589355, "Epoch 567 Step 47": 2.8875956535339355, "Epoch 567 Step 48": 2.8862979412078857, "Epoch 567 Step 49": 2.8852100372314453, "Epoch 567 Step 50": 2.9052987098693848, "Epoch 567 Step 51": 2.900771379470825, "Epoch 567 Step 52": 2.8969614505767822, "Epoch 567 Step 53": 2.8761637210845947, "Epoch 567 Step 54": 2.889068841934204, "Epoch 567 Step 55": 2.892627477645874, "Epoch 567 Step 56": 2.874568223953247, "Epoch 567 Step 57": 2.8863110542297363, "Epoch 567 Step 58": 2.888158082962036, "Epoch 567 Step 59": 2.892585277557373, "Epoch 567 Step 60": 2.895998954772949, "Epoch 567 Step 61": 2.881880760192871, "Epoch 567 Step 62": 2.8927395343780518, "Epoch 567 Step 63": 2.878979206085205, "Epoch 567 Step 64": 2.8855884075164795, "Epoch 567 Step 65": 2.8780064582824707, "Epoch 567 Step 66": 2.8915436267852783, "Epoch 567 Step 67": 2.877516508102417, "Epoch 567 Step 68": 2.883028268814087, "Epoch 567 Step 69": 2.888741970062256, "Epoch 567 Step 70": 2.8731467723846436, "Epoch 567 Step 71": 2.8717148303985596, "Epoch 567 Step 72": 2.872452974319458, "Epoch 567 Step 73": 2.888359785079956, "Epoch 567 Step 74": 2.882676362991333, "Epoch 567 Step 75": 2.8779187202453613, "Epoch 567 Step 76": 2.8890812397003174, "Epoch 567 Step 77": 2.8954405784606934, "Epoch 567 Step 78": 2.8808228969573975, "Epoch 567 Step 79": 2.8760809898376465, "Epoch 567 Step 80": 2.8873655796051025, "Epoch 567 Step 81": 2.8917644023895264, "Epoch 567 Step 82": 2.8803391456604004, "Epoch 567 Step 83": 2.881342887878418, "Epoch 567 Step 84": 2.8776817321777344, "Epoch 567 Step 85": 2.8875954151153564, "Epoch 567 Step 86": 2.873785972595215, "Epoch 567 Step 87": 2.8853600025177, "Epoch 567 Step 88": 2.879349708557129, "Epoch 567 Step 89": 2.8827693462371826}