{"Epoch 145 Step 0": 2.8706321716308594, "Epoch 145 Step 1": 2.871782064437866, "Epoch 145 Step 2": 2.8871207237243652, "Epoch 145 Step 3": 2.8814315795898438, "Epoch 145 Step 4": 2.8772435188293457, "Epoch 145 Step 5": 2.8894846439361572, "Epoch 145 Step 6": 2.8930225372314453, "Epoch 145 Step 7": 2.8793442249298096, "Epoch 145 Step 8": 2.875920057296753, "Epoch 145 Step 9": 2.8868508338928223, "Epoch 145 Step 10": 2.890500068664551, "Epoch 145 Step 11": 2.8785650730133057, "Epoch 145 Step 12": 2.8803718090057373, "Epoch 145 Step 13": 2.8755438327789307, "Epoch 145 Step 14": 2.8877108097076416, "Epoch 145 Step 15": 2.8721892833709717, "Epoch 145 Step 16": 2.8838038444519043, "Epoch 145 Step 17": 2.87800669670105, "Epoch 145 Step 18": 2.8825643062591553, "Epoch 145 Step 19": 2.883906602859497, "Epoch 145 Step 20": 2.8706443309783936, "Epoch 145 Step 21": 2.8832364082336426, "Epoch 145 Step 22": 2.8861753940582275, "Epoch 145 Step 23": 2.8837075233459473, "Epoch 145 Step 24": 2.8877551555633545, "Epoch 145 Step 25": 2.8827106952667236, "Epoch 145 Step 26": 2.8709323406219482, "Epoch 145 Step 27": 2.8798015117645264, "Epoch 145 Step 28": 2.875612497329712, "Epoch 145 Step 29": 2.8822476863861084, "Epoch 145 Step 30": 2.881983757019043, "Epoch 145 Step 31": 2.8900911808013916, "Epoch 145 Step 32": 2.883945941925049, "Epoch 145 Step 33": 2.8837616443634033, "Epoch 145 Step 34": 2.880486011505127, "Epoch 145 Step 35": 2.8758952617645264, "Epoch 145 Step 36": 2.8781466484069824, "Epoch 145 Step 37": 2.891990900039673, "Epoch 145 Step 38": 2.887402296066284, "Epoch 145 Step 39": 2.8733701705932617, "Epoch 145 Step 40": 2.8888638019561768, "Epoch 145 Step 41": 2.881472110748291, "Epoch 145 Step 42": 2.8741016387939453, "Epoch 145 Step 43": 2.870826482772827, "Epoch 145 Step 44": 2.881199836730957, "Epoch 145 Step 45": 2.8863513469696045, "Epoch 145 Step 46": 2.8793206214904785, "Epoch 145 Step 47": 2.8775949478149414, "Epoch 145 Step 48": 2.877906322479248, "Epoch 145 Step 49": 2.8758976459503174, "Epoch 145 Step 50": 2.885673761367798, "Epoch 145 Step 51": 2.8720905780792236, "Epoch 145 Step 52": 2.8894217014312744, "Epoch 145 Step 53": 2.870513916015625, "Epoch 145 Step 54": 2.8718767166137695, "Epoch 145 Step 55": 2.878140449523926, "Epoch 145 Step 56": 2.8669533729553223, "Epoch 145 Step 57": 2.885728359222412, "Epoch 145 Step 58": 2.880364418029785, "Epoch 145 Step 59": 2.88384747505188, "Epoch 145 Step 60": 2.8924190998077393, "Epoch 145 Step 61": 2.8854753971099854, "Epoch 145 Step 62": 2.8786227703094482, "Epoch 145 Step 63": 2.884124517440796, "Epoch 145 Step 64": 2.89446759223938, "Epoch 145 Step 65": 2.893892765045166, "Epoch 145 Step 66": 2.892280340194702, "Epoch 145 Step 67": 2.8872621059417725, "Epoch 145 Step 68": 2.8861515522003174, "Epoch 145 Step 69": 2.8826282024383545, "Epoch 145 Step 70": 2.9022817611694336, "Epoch 145 Step 71": 2.9016993045806885, "Epoch 145 Step 72": 2.896038055419922, "Epoch 145 Step 73": 2.8759331703186035, "Epoch 145 Step 74": 2.8889338970184326, "Epoch 145 Step 75": 2.8912646770477295, "Epoch 145 Step 76": 2.874361991882324, "Epoch 145 Step 77": 2.8863155841827393, "Epoch 145 Step 78": 2.887305974960327, "Epoch 145 Step 79": 2.891345977783203, "Epoch 145 Step 80": 2.894989490509033, "Epoch 145 Step 81": 2.880077600479126, "Epoch 145 Step 82": 2.8898704051971436, "Epoch 145 Step 83": 2.877868175506592, "Epoch 145 Step 84": 2.8863754272460938, "Epoch 145 Step 85": 2.878232479095459, "Epoch 145 Step 86": 2.8908793926239014, "Epoch 145 Step 87": 2.875452756881714, "Epoch 145 Step 88": 2.880922794342041, "Epoch 145 Step 89": 2.8880300521850586}