{"Epoch 74 Step 0": 2.8810625076293945, "Epoch 74 Step 1": 2.8918519020080566, "Epoch 74 Step 2": 2.8764638900756836, "Epoch 74 Step 3": 2.884687900543213, "Epoch 74 Step 4": 2.8759498596191406, "Epoch 74 Step 5": 2.890737533569336, "Epoch 74 Step 6": 2.8772330284118652, "Epoch 74 Step 7": 2.8815267086029053, "Epoch 74 Step 8": 2.8875081539154053, "Epoch 74 Step 9": 2.8723771572113037, "Epoch 74 Step 10": 2.8706042766571045, "Epoch 74 Step 11": 2.871044397354126, "Epoch 74 Step 12": 2.887394428253174, "Epoch 74 Step 13": 2.8806333541870117, "Epoch 74 Step 14": 2.875321626663208, "Epoch 74 Step 15": 2.889695405960083, "Epoch 74 Step 16": 2.893270254135132, "Epoch 74 Step 17": 2.879197120666504, "Epoch 74 Step 18": 2.8759350776672363, "Epoch 74 Step 19": 2.886934995651245, "Epoch 74 Step 20": 2.890123128890991, "Epoch 74 Step 21": 2.880641460418701, "Epoch 74 Step 22": 2.8812427520751953, "Epoch 74 Step 23": 2.876408338546753, "Epoch 74 Step 24": 2.886256217956543, "Epoch 74 Step 25": 2.872347593307495, "Epoch 74 Step 26": 2.8845741748809814, "Epoch 74 Step 27": 2.878561496734619, "Epoch 74 Step 28": 2.881803274154663, "Epoch 74 Step 29": 2.8832695484161377, "Epoch 74 Step 30": 2.869185447692871, "Epoch 74 Step 31": 2.883457660675049, "Epoch 74 Step 32": 2.8863422870635986, "Epoch 74 Step 33": 2.8837544918060303, "Epoch 74 Step 34": 2.8880910873413086, "Epoch 74 Step 35": 2.882551908493042, "Epoch 74 Step 36": 2.872115135192871, "Epoch 74 Step 37": 2.878384590148926, "Epoch 74 Step 38": 2.875816583633423, "Epoch 74 Step 39": 2.8825645446777344, "Epoch 74 Step 40": 2.880202293395996, "Epoch 74 Step 41": 2.8873794078826904, "Epoch 74 Step 42": 2.884117841720581, "Epoch 74 Step 43": 2.884079933166504, "Epoch 74 Step 44": 2.8809807300567627, "Epoch 74 Step 45": 2.8742904663085938, "Epoch 74 Step 46": 2.8772809505462646, "Epoch 74 Step 47": 2.892481565475464, "Epoch 74 Step 48": 2.886644124984741, "Epoch 74 Step 49": 2.873997211456299, "Epoch 74 Step 50": 2.8892605304718018, "Epoch 74 Step 51": 2.880262613296509, "Epoch 74 Step 52": 2.8740758895874023, "Epoch 74 Step 53": 2.8688559532165527, "Epoch 74 Step 54": 2.8808467388153076, "Epoch 74 Step 55": 2.8868675231933594, "Epoch 74 Step 56": 2.879190683364868, "Epoch 74 Step 57": 2.877580404281616, "Epoch 74 Step 58": 2.877837896347046, "Epoch 74 Step 59": 2.875335693359375, "Epoch 74 Step 60": 2.8863465785980225, "Epoch 74 Step 61": 2.8724164962768555, "Epoch 74 Step 62": 2.890310049057007, "Epoch 74 Step 63": 2.8706181049346924, "Epoch 74 Step 64": 2.872887134552002, "Epoch 74 Step 65": 2.8788554668426514, "Epoch 74 Step 66": 2.8665859699249268, "Epoch 74 Step 67": 2.8858015537261963, "Epoch 74 Step 68": 2.8806004524230957, "Epoch 74 Step 69": 2.884687900543213, "Epoch 74 Step 70": 2.8916401863098145, "Epoch 74 Step 71": 2.885816812515259, "Epoch 74 Step 72": 2.8772525787353516, "Epoch 74 Step 73": 2.88236665725708, "Epoch 74 Step 74": 2.893599271774292, "Epoch 74 Step 75": 2.893430233001709, "Epoch 74 Step 76": 2.892157793045044, "Epoch 74 Step 77": 2.88714337348938, "Epoch 74 Step 78": 2.8854470252990723, "Epoch 74 Step 79": 2.881279706954956, "Epoch 74 Step 80": 2.903198719024658, "Epoch 74 Step 81": 2.8979604244232178, "Epoch 74 Step 82": 2.8965649604797363, "Epoch 74 Step 83": 2.8744654655456543, "Epoch 74 Step 84": 2.8886983394622803, "Epoch 74 Step 85": 2.8923964500427246, "Epoch 74 Step 86": 2.8737354278564453, "Epoch 74 Step 87": 2.8854470252990723, "Epoch 74 Step 88": 2.8857972621917725, "Epoch 74 Step 89": 2.8905255794525146}