{"Epoch 478 Step 0": 2.8828423023223877, "Epoch 478 Step 1": 2.8846216201782227, "Epoch 478 Step 2": 2.8714892864227295, "Epoch 478 Step 3": 2.885282278060913, "Epoch 478 Step 4": 2.8878767490386963, "Epoch 478 Step 5": 2.8858606815338135, "Epoch 478 Step 6": 2.8901243209838867, "Epoch 478 Step 7": 2.8841750621795654, "Epoch 478 Step 8": 2.87241268157959, "Epoch 478 Step 9": 2.880814790725708, "Epoch 478 Step 10": 2.87697434425354, "Epoch 478 Step 11": 2.882641553878784, "Epoch 478 Step 12": 2.882868528366089, "Epoch 478 Step 13": 2.890958309173584, "Epoch 478 Step 14": 2.8850340843200684, "Epoch 478 Step 15": 2.885209560394287, "Epoch 478 Step 16": 2.8812196254730225, "Epoch 478 Step 17": 2.875347852706909, "Epoch 478 Step 18": 2.879427194595337, "Epoch 478 Step 19": 2.894094944000244, "Epoch 478 Step 20": 2.888170003890991, "Epoch 478 Step 21": 2.8744194507598877, "Epoch 478 Step 22": 2.891007423400879, "Epoch 478 Step 23": 2.882307529449463, "Epoch 478 Step 24": 2.875559091567993, "Epoch 478 Step 25": 2.871751070022583, "Epoch 478 Step 26": 2.8826894760131836, "Epoch 478 Step 27": 2.887552261352539, "Epoch 478 Step 28": 2.880514621734619, "Epoch 478 Step 29": 2.8787732124328613, "Epoch 478 Step 30": 2.8778796195983887, "Epoch 478 Step 31": 2.8764634132385254, "Epoch 478 Step 32": 2.8878257274627686, "Epoch 478 Step 33": 2.87485408782959, "Epoch 478 Step 34": 2.8914432525634766, "Epoch 478 Step 35": 2.8716254234313965, "Epoch 478 Step 36": 2.8744943141937256, "Epoch 478 Step 37": 2.879727363586426, "Epoch 478 Step 38": 2.868098258972168, "Epoch 478 Step 39": 2.8868441581726074, "Epoch 478 Step 40": 2.881486415863037, "Epoch 478 Step 41": 2.8872952461242676, "Epoch 478 Step 42": 2.893221855163574, "Epoch 478 Step 43": 2.886032819747925, "Epoch 478 Step 44": 2.878227949142456, "Epoch 478 Step 45": 2.8850276470184326, "Epoch 478 Step 46": 2.895395517349243, "Epoch 478 Step 47": 2.893759250640869, "Epoch 478 Step 48": 2.893343448638916, "Epoch 478 Step 49": 2.8877198696136475, "Epoch 478 Step 50": 2.8861351013183594, "Epoch 478 Step 51": 2.8830268383026123, "Epoch 478 Step 52": 2.904972553253174, "Epoch 478 Step 53": 2.8999693393707275, "Epoch 478 Step 54": 2.897463083267212, "Epoch 478 Step 55": 2.875784158706665, "Epoch 478 Step 56": 2.8892621994018555, "Epoch 478 Step 57": 2.8932979106903076, "Epoch 478 Step 58": 2.875572681427002, "Epoch 478 Step 59": 2.8865954875946045, "Epoch 478 Step 60": 2.8864264488220215, "Epoch 478 Step 61": 2.891350507736206, "Epoch 478 Step 62": 2.8959755897521973, "Epoch 478 Step 63": 2.8819403648376465, "Epoch 478 Step 64": 2.893381357192993, "Epoch 478 Step 65": 2.8780386447906494, "Epoch 478 Step 66": 2.884460926055908, "Epoch 478 Step 67": 2.8779828548431396, "Epoch 478 Step 68": 2.891481399536133, "Epoch 478 Step 69": 2.8779289722442627, "Epoch 478 Step 70": 2.8827297687530518, "Epoch 478 Step 71": 2.8884072303771973, "Epoch 478 Step 72": 2.87339186668396, "Epoch 478 Step 73": 2.8717262744903564, "Epoch 478 Step 74": 2.8716347217559814, "Epoch 478 Step 75": 2.8885061740875244, "Epoch 478 Step 76": 2.88201904296875, "Epoch 478 Step 77": 2.87758731842041, "Epoch 478 Step 78": 2.890626907348633, "Epoch 478 Step 79": 2.895598888397217, "Epoch 478 Step 80": 2.880338668823242, "Epoch 478 Step 81": 2.8761308193206787, "Epoch 478 Step 82": 2.886873722076416, "Epoch 478 Step 83": 2.890900135040283, "Epoch 478 Step 84": 2.8810503482818604, "Epoch 478 Step 85": 2.882283926010132, "Epoch 478 Step 86": 2.8778443336486816, "Epoch 478 Step 87": 2.887760877609253, "Epoch 478 Step 88": 2.873727798461914, "Epoch 478 Step 89": 2.885354995727539}