{"Epoch 449 Step 0": 2.878507614135742, "Epoch 449 Step 1": 2.8783531188964844, "Epoch 449 Step 2": 2.8765499591827393, "Epoch 449 Step 3": 2.8875815868377686, "Epoch 449 Step 4": 2.875373363494873, "Epoch 449 Step 5": 2.8913142681121826, "Epoch 449 Step 6": 2.871000051498413, "Epoch 449 Step 7": 2.8746869564056396, "Epoch 449 Step 8": 2.8795864582061768, "Epoch 449 Step 9": 2.868133544921875, "Epoch 449 Step 10": 2.8872900009155273, "Epoch 449 Step 11": 2.8814494609832764, "Epoch 449 Step 12": 2.8865480422973633, "Epoch 449 Step 13": 2.8929972648620605, "Epoch 449 Step 14": 2.886601209640503, "Epoch 449 Step 15": 2.8783769607543945, "Epoch 449 Step 16": 2.884718418121338, "Epoch 449 Step 17": 2.895308494567871, "Epoch 449 Step 18": 2.894596576690674, "Epoch 449 Step 19": 2.8935024738311768, "Epoch 449 Step 20": 2.888301372528076, "Epoch 449 Step 21": 2.8860433101654053, "Epoch 449 Step 22": 2.882509469985962, "Epoch 449 Step 23": 2.904872179031372, "Epoch 449 Step 24": 2.899534225463867, "Epoch 449 Step 25": 2.8993124961853027, "Epoch 449 Step 26": 2.8751680850982666, "Epoch 449 Step 27": 2.8885762691497803, "Epoch 449 Step 28": 2.893385410308838, "Epoch 449 Step 29": 2.875372886657715, "Epoch 449 Step 30": 2.8864786624908447, "Epoch 449 Step 31": 2.8866419792175293, "Epoch 449 Step 32": 2.891045093536377, "Epoch 449 Step 33": 2.895556688308716, "Epoch 449 Step 34": 2.8816394805908203, "Epoch 449 Step 35": 2.8935694694519043, "Epoch 449 Step 36": 2.8780088424682617, "Epoch 449 Step 37": 2.8844549655914307, "Epoch 449 Step 38": 2.8780972957611084, "Epoch 449 Step 39": 2.891355037689209, "Epoch 449 Step 40": 2.8783016204833984, "Epoch 449 Step 41": 2.8826284408569336, "Epoch 449 Step 42": 2.88859486579895, "Epoch 449 Step 43": 2.873337745666504, "Epoch 449 Step 44": 2.8720245361328125, "Epoch 449 Step 45": 2.871782064437866, "Epoch 449 Step 46": 2.888406991958618, "Epoch 449 Step 47": 2.881601572036743, "Epoch 449 Step 48": 2.877455949783325, "Epoch 449 Step 49": 2.8907976150512695, "Epoch 449 Step 50": 2.895477056503296, "Epoch 449 Step 51": 2.8804728984832764, "Epoch 449 Step 52": 2.876218318939209, "Epoch 449 Step 53": 2.8874130249023438, "Epoch 449 Step 54": 2.8912832736968994, "Epoch 449 Step 55": 2.8809802532196045, "Epoch 449 Step 56": 2.882474899291992, "Epoch 449 Step 57": 2.877974033355713, "Epoch 449 Step 58": 2.8874387741088867, "Epoch 449 Step 59": 2.873812675476074, "Epoch 449 Step 60": 2.8852922916412354, "Epoch 449 Step 61": 2.8791866302490234, "Epoch 449 Step 62": 2.8831870555877686, "Epoch 449 Step 63": 2.884887456893921, "Epoch 449 Step 64": 2.8710250854492188, "Epoch 449 Step 65": 2.884775161743164, "Epoch 449 Step 66": 2.8880257606506348, "Epoch 449 Step 67": 2.8859903812408447, "Epoch 449 Step 68": 2.8894240856170654, "Epoch 449 Step 69": 2.8843681812286377, "Epoch 449 Step 70": 2.8725364208221436, "Epoch 449 Step 71": 2.8813557624816895, "Epoch 449 Step 72": 2.8772289752960205, "Epoch 449 Step 73": 2.8826537132263184, "Epoch 449 Step 74": 2.8832991123199463, "Epoch 449 Step 75": 2.8901259899139404, "Epoch 449 Step 76": 2.8847267627716064, "Epoch 449 Step 77": 2.884927749633789, "Epoch 449 Step 78": 2.8817436695098877, "Epoch 449 Step 79": 2.8749899864196777, "Epoch 449 Step 80": 2.879835367202759, "Epoch 449 Step 81": 2.8942854404449463, "Epoch 449 Step 82": 2.8878016471862793, "Epoch 449 Step 83": 2.8738033771514893, "Epoch 449 Step 84": 2.8902618885040283, "Epoch 449 Step 85": 2.8823306560516357, "Epoch 449 Step 86": 2.8753509521484375, "Epoch 449 Step 87": 2.872004747390747, "Epoch 449 Step 88": 2.8818538188934326, "Epoch 449 Step 89": 2.8877785205841064}