{"Epoch 16 Step 0": 2.8782365322113037, "Epoch 16 Step 1": 2.875251054763794, "Epoch 16 Step 2": 2.8868038654327393, "Epoch 16 Step 3": 2.872730016708374, "Epoch 16 Step 4": 2.889247179031372, "Epoch 16 Step 5": 2.871004819869995, "Epoch 16 Step 6": 2.873629570007324, "Epoch 16 Step 7": 2.8776655197143555, "Epoch 16 Step 8": 2.8657031059265137, "Epoch 16 Step 9": 2.8862874507904053, "Epoch 16 Step 10": 2.882045269012451, "Epoch 16 Step 11": 2.8860039710998535, "Epoch 16 Step 12": 2.891343593597412, "Epoch 16 Step 13": 2.8848462104797363, "Epoch 16 Step 14": 2.8793156147003174, "Epoch 16 Step 15": 2.8844339847564697, "Epoch 16 Step 16": 2.8934543132781982, "Epoch 16 Step 17": 2.8934316635131836, "Epoch 16 Step 18": 2.8921492099761963, "Epoch 16 Step 19": 2.8878297805786133, "Epoch 16 Step 20": 2.8849339485168457, "Epoch 16 Step 21": 2.879253387451172, "Epoch 16 Step 22": 2.9050590991973877, "Epoch 16 Step 23": 2.8958959579467773, "Epoch 16 Step 24": 2.895632743835449, "Epoch 16 Step 25": 2.8767309188842773, "Epoch 16 Step 26": 2.8887104988098145, "Epoch 16 Step 27": 2.8924291133880615, "Epoch 16 Step 28": 2.8755300045013428, "Epoch 16 Step 29": 2.8855998516082764, "Epoch 16 Step 30": 2.886843681335449, "Epoch 16 Step 31": 2.890916347503662, "Epoch 16 Step 32": 2.8957571983337402, "Epoch 16 Step 33": 2.8801801204681396, "Epoch 16 Step 34": 2.89284610748291, "Epoch 16 Step 35": 2.877631425857544, "Epoch 16 Step 36": 2.8849711418151855, "Epoch 16 Step 37": 2.877450704574585, "Epoch 16 Step 38": 2.8884291648864746, "Epoch 16 Step 39": 2.877445936203003, "Epoch 16 Step 40": 2.8814425468444824, "Epoch 16 Step 41": 2.8889291286468506, "Epoch 16 Step 42": 2.8734967708587646, "Epoch 16 Step 43": 2.8718762397766113, "Epoch 16 Step 44": 2.870903491973877, "Epoch 16 Step 45": 2.8876683712005615, "Epoch 16 Step 46": 2.881197929382324, "Epoch 16 Step 47": 2.875868082046509, "Epoch 16 Step 48": 2.889040946960449, "Epoch 16 Step 49": 2.894097328186035, "Epoch 16 Step 50": 2.8798227310180664, "Epoch 16 Step 51": 2.8763489723205566, "Epoch 16 Step 52": 2.887671947479248, "Epoch 16 Step 53": 2.891037702560425, "Epoch 16 Step 54": 2.880537271499634, "Epoch 16 Step 55": 2.880434989929199, "Epoch 16 Step 56": 2.876119613647461, "Epoch 16 Step 57": 2.8874008655548096, "Epoch 16 Step 58": 2.872340202331543, "Epoch 16 Step 59": 2.884450912475586, "Epoch 16 Step 60": 2.877941370010376, "Epoch 16 Step 61": 2.8821861743927, "Epoch 16 Step 62": 2.8841779232025146, "Epoch 16 Step 63": 2.8701634407043457, "Epoch 16 Step 64": 2.8846945762634277, "Epoch 16 Step 65": 2.886326551437378, "Epoch 16 Step 66": 2.883251905441284, "Epoch 16 Step 67": 2.8881611824035645, "Epoch 16 Step 68": 2.8834946155548096, "Epoch 16 Step 69": 2.8709027767181396, "Epoch 16 Step 70": 2.879295825958252, "Epoch 16 Step 71": 2.8764264583587646, "Epoch 16 Step 72": 2.881347894668579, "Epoch 16 Step 73": 2.8815248012542725, "Epoch 16 Step 74": 2.8910632133483887, "Epoch 16 Step 75": 2.8847861289978027, "Epoch 16 Step 76": 2.8841328620910645, "Epoch 16 Step 77": 2.8807764053344727, "Epoch 16 Step 78": 2.8734512329101562, "Epoch 16 Step 79": 2.8787198066711426, "Epoch 16 Step 80": 2.8926122188568115, "Epoch 16 Step 81": 2.8874597549438477, "Epoch 16 Step 82": 2.8745126724243164, "Epoch 16 Step 83": 2.8895151615142822, "Epoch 16 Step 84": 2.8800599575042725, "Epoch 16 Step 85": 2.8750557899475098, "Epoch 16 Step 86": 2.8710663318634033, "Epoch 16 Step 87": 2.8808765411376953, "Epoch 16 Step 88": 2.886418581008911, "Epoch 16 Step 89": 2.87911319732666}