{"Epoch 808 Step 0": 2.8913183212280273, "Epoch 808 Step 1": 2.8710334300994873, "Epoch 808 Step 2": 2.8744075298309326, "Epoch 808 Step 3": 2.8795371055603027, "Epoch 808 Step 4": 2.86820387840271, "Epoch 808 Step 5": 2.8869516849517822, "Epoch 808 Step 6": 2.882100820541382, "Epoch 808 Step 7": 2.887608051300049, "Epoch 808 Step 8": 2.8936643600463867, "Epoch 808 Step 9": 2.8857171535491943, "Epoch 808 Step 10": 2.8787121772766113, "Epoch 808 Step 11": 2.885627031326294, "Epoch 808 Step 12": 2.895541191101074, "Epoch 808 Step 13": 2.892399549484253, "Epoch 808 Step 14": 2.8911380767822266, "Epoch 808 Step 15": 2.8883001804351807, "Epoch 808 Step 16": 2.8883461952209473, "Epoch 808 Step 17": 2.88662052154541, "Epoch 808 Step 18": 2.9090230464935303, "Epoch 808 Step 19": 2.8977954387664795, "Epoch 808 Step 20": 2.8997550010681152, "Epoch 808 Step 21": 2.875924587249756, "Epoch 808 Step 22": 2.8890087604522705, "Epoch 808 Step 23": 2.8937249183654785, "Epoch 808 Step 24": 2.875497341156006, "Epoch 808 Step 25": 2.8867199420928955, "Epoch 808 Step 26": 2.8866281509399414, "Epoch 808 Step 27": 2.8911495208740234, "Epoch 808 Step 28": 2.8956642150878906, "Epoch 808 Step 29": 2.882092237472534, "Epoch 808 Step 30": 2.894176483154297, "Epoch 808 Step 31": 2.878793239593506, "Epoch 808 Step 32": 2.8845109939575195, "Epoch 808 Step 33": 2.878391742706299, "Epoch 808 Step 34": 2.8908848762512207, "Epoch 808 Step 35": 2.877812623977661, "Epoch 808 Step 36": 2.882544755935669, "Epoch 808 Step 37": 2.888336420059204, "Epoch 808 Step 38": 2.873347282409668, "Epoch 808 Step 39": 2.8715004920959473, "Epoch 808 Step 40": 2.8720476627349854, "Epoch 808 Step 41": 2.8883588314056396, "Epoch 808 Step 42": 2.881783962249756, "Epoch 808 Step 43": 2.8785929679870605, "Epoch 808 Step 44": 2.889857053756714, "Epoch 808 Step 45": 2.8955178260803223, "Epoch 808 Step 46": 2.880711793899536, "Epoch 808 Step 47": 2.8767049312591553, "Epoch 808 Step 48": 2.8876888751983643, "Epoch 808 Step 49": 2.8917980194091797, "Epoch 808 Step 50": 2.8805861473083496, "Epoch 808 Step 51": 2.88132643699646, "Epoch 808 Step 52": 2.8776943683624268, "Epoch 808 Step 53": 2.888173818588257, "Epoch 808 Step 54": 2.874181032180786, "Epoch 808 Step 55": 2.8853843212127686, "Epoch 808 Step 56": 2.8799242973327637, "Epoch 808 Step 57": 2.883319139480591, "Epoch 808 Step 58": 2.8855819702148438, "Epoch 808 Step 59": 2.871433973312378, "Epoch 808 Step 60": 2.886033058166504, "Epoch 808 Step 61": 2.88773250579834, "Epoch 808 Step 62": 2.88565993309021, "Epoch 808 Step 63": 2.8893072605133057, "Epoch 808 Step 64": 2.8852381706237793, "Epoch 808 Step 65": 2.87308669090271, "Epoch 808 Step 66": 2.8806915283203125, "Epoch 808 Step 67": 2.8772008419036865, "Epoch 808 Step 68": 2.882459878921509, "Epoch 808 Step 69": 2.8836467266082764, "Epoch 808 Step 70": 2.890903949737549, "Epoch 808 Step 71": 2.885261058807373, "Epoch 808 Step 72": 2.8857898712158203, "Epoch 808 Step 73": 2.881594181060791, "Epoch 808 Step 74": 2.8754680156707764, "Epoch 808 Step 75": 2.8798084259033203, "Epoch 808 Step 76": 2.893929958343506, "Epoch 808 Step 77": 2.887856960296631, "Epoch 808 Step 78": 2.8746941089630127, "Epoch 808 Step 79": 2.8909518718719482, "Epoch 808 Step 80": 2.882162570953369, "Epoch 808 Step 81": 2.8759560585021973, "Epoch 808 Step 82": 2.8721120357513428, "Epoch 808 Step 83": 2.882467269897461, "Epoch 808 Step 84": 2.8882317543029785, "Epoch 808 Step 85": 2.8799853324890137, "Epoch 808 Step 86": 2.878369092941284, "Epoch 808 Step 87": 2.8784677982330322, "Epoch 808 Step 88": 2.8764877319335938, "Epoch 808 Step 89": 2.8878931999206543}