{"Epoch 487 Step 0": 2.887338399887085, "Epoch 487 Step 1": 2.8913772106170654, "Epoch 487 Step 2": 2.8813040256500244, "Epoch 487 Step 3": 2.8822524547576904, "Epoch 487 Step 4": 2.8778207302093506, "Epoch 487 Step 5": 2.8874082565307617, "Epoch 487 Step 6": 2.8737523555755615, "Epoch 487 Step 7": 2.8856029510498047, "Epoch 487 Step 8": 2.8791961669921875, "Epoch 487 Step 9": 2.8832266330718994, "Epoch 487 Step 10": 2.8846068382263184, "Epoch 487 Step 11": 2.8713221549987793, "Epoch 487 Step 12": 2.885019540786743, "Epoch 487 Step 13": 2.8880698680877686, "Epoch 487 Step 14": 2.8856401443481445, "Epoch 487 Step 15": 2.8894670009613037, "Epoch 487 Step 16": 2.884486198425293, "Epoch 487 Step 17": 2.8725485801696777, "Epoch 487 Step 18": 2.8810224533081055, "Epoch 487 Step 19": 2.8772120475769043, "Epoch 487 Step 20": 2.8825409412384033, "Epoch 487 Step 21": 2.883166551589966, "Epoch 487 Step 22": 2.890608310699463, "Epoch 487 Step 23": 2.8850038051605225, "Epoch 487 Step 24": 2.8852591514587402, "Epoch 487 Step 25": 2.8813230991363525, "Epoch 487 Step 26": 2.8755650520324707, "Epoch 487 Step 27": 2.879568338394165, "Epoch 487 Step 28": 2.8940799236297607, "Epoch 487 Step 29": 2.8880186080932617, "Epoch 487 Step 30": 2.8736231327056885, "Epoch 487 Step 31": 2.890451669692993, "Epoch 487 Step 32": 2.882366418838501, "Epoch 487 Step 33": 2.875808000564575, "Epoch 487 Step 34": 2.872035503387451, "Epoch 487 Step 35": 2.8824517726898193, "Epoch 487 Step 36": 2.8877522945404053, "Epoch 487 Step 37": 2.8804948329925537, "Epoch 487 Step 38": 2.8791120052337646, "Epoch 487 Step 39": 2.878218173980713, "Epoch 487 Step 40": 2.8761026859283447, "Epoch 487 Step 41": 2.8873817920684814, "Epoch 487 Step 42": 2.874650239944458, "Epoch 487 Step 43": 2.891566038131714, "Epoch 487 Step 44": 2.8714122772216797, "Epoch 487 Step 45": 2.8745486736297607, "Epoch 487 Step 46": 2.8796679973602295, "Epoch 487 Step 47": 2.868049144744873, "Epoch 487 Step 48": 2.886888265609741, "Epoch 487 Step 49": 2.881549835205078, "Epoch 487 Step 50": 2.8870849609375, "Epoch 487 Step 51": 2.8932721614837646, "Epoch 487 Step 52": 2.8862736225128174, "Epoch 487 Step 53": 2.878594398498535, "Epoch 487 Step 54": 2.885159730911255, "Epoch 487 Step 55": 2.8956313133239746, "Epoch 487 Step 56": 2.894730806350708, "Epoch 487 Step 57": 2.893289566040039, "Epoch 487 Step 58": 2.8876137733459473, "Epoch 487 Step 59": 2.8860270977020264, "Epoch 487 Step 60": 2.8850693702697754, "Epoch 487 Step 61": 2.904482126235962, "Epoch 487 Step 62": 2.901718854904175, "Epoch 487 Step 63": 2.8974666595458984, "Epoch 487 Step 64": 2.8761544227600098, "Epoch 487 Step 65": 2.8900656700134277, "Epoch 487 Step 66": 2.893693685531616, "Epoch 487 Step 67": 2.8757705688476562, "Epoch 487 Step 68": 2.886647939682007, "Epoch 487 Step 69": 2.887483835220337, "Epoch 487 Step 70": 2.8925046920776367, "Epoch 487 Step 71": 2.896033525466919, "Epoch 487 Step 72": 2.8815865516662598, "Epoch 487 Step 73": 2.8925652503967285, "Epoch 487 Step 74": 2.8785722255706787, "Epoch 487 Step 75": 2.8854072093963623, "Epoch 487 Step 76": 2.8784329891204834, "Epoch 487 Step 77": 2.8921308517456055, "Epoch 487 Step 78": 2.8781356811523438, "Epoch 487 Step 79": 2.8826935291290283, "Epoch 487 Step 80": 2.8880631923675537, "Epoch 487 Step 81": 2.873075246810913, "Epoch 487 Step 82": 2.872148275375366, "Epoch 487 Step 83": 2.872593879699707, "Epoch 487 Step 84": 2.8881115913391113, "Epoch 487 Step 85": 2.8818423748016357, "Epoch 487 Step 86": 2.877607583999634, "Epoch 487 Step 87": 2.890399694442749, "Epoch 487 Step 88": 2.896038293838501, "Epoch 487 Step 89": 2.880849599838257}