{"Epoch 805 Step 0": 2.878838062286377, "Epoch 805 Step 1": 2.867647886276245, "Epoch 805 Step 2": 2.886688709259033, "Epoch 805 Step 3": 2.8813977241516113, "Epoch 805 Step 4": 2.887263536453247, "Epoch 805 Step 5": 2.893134355545044, "Epoch 805 Step 6": 2.8862409591674805, "Epoch 805 Step 7": 2.8794567584991455, "Epoch 805 Step 8": 2.8857617378234863, "Epoch 805 Step 9": 2.8954291343688965, "Epoch 805 Step 10": 2.8947079181671143, "Epoch 805 Step 11": 2.893779993057251, "Epoch 805 Step 12": 2.887894868850708, "Epoch 805 Step 13": 2.886183738708496, "Epoch 805 Step 14": 2.8835196495056152, "Epoch 805 Step 15": 2.9086945056915283, "Epoch 805 Step 16": 2.8985989093780518, "Epoch 805 Step 17": 2.9008240699768066, "Epoch 805 Step 18": 2.87627911567688, "Epoch 805 Step 19": 2.8899917602539062, "Epoch 805 Step 20": 2.8948862552642822, "Epoch 805 Step 21": 2.8758344650268555, "Epoch 805 Step 22": 2.8876290321350098, "Epoch 805 Step 23": 2.8866617679595947, "Epoch 805 Step 24": 2.890918016433716, "Epoch 805 Step 25": 2.894618034362793, "Epoch 805 Step 26": 2.8816208839416504, "Epoch 805 Step 27": 2.8928415775299072, "Epoch 805 Step 28": 2.8785977363586426, "Epoch 805 Step 29": 2.8845431804656982, "Epoch 805 Step 30": 2.8780176639556885, "Epoch 805 Step 31": 2.890923500061035, "Epoch 805 Step 32": 2.8779566287994385, "Epoch 805 Step 33": 2.8836374282836914, "Epoch 805 Step 34": 2.889010429382324, "Epoch 805 Step 35": 2.8739256858825684, "Epoch 805 Step 36": 2.87215256690979, "Epoch 805 Step 37": 2.871877431869507, "Epoch 805 Step 38": 2.8891236782073975, "Epoch 805 Step 39": 2.882178783416748, "Epoch 805 Step 40": 2.8777225017547607, "Epoch 805 Step 41": 2.891211748123169, "Epoch 805 Step 42": 2.8968417644500732, "Epoch 805 Step 43": 2.881157636642456, "Epoch 805 Step 44": 2.8757033348083496, "Epoch 805 Step 45": 2.889220714569092, "Epoch 805 Step 46": 2.8926117420196533, "Epoch 805 Step 47": 2.880300283432007, "Epoch 805 Step 48": 2.8821699619293213, "Epoch 805 Step 49": 2.878222942352295, "Epoch 805 Step 50": 2.88816499710083, "Epoch 805 Step 51": 2.8739349842071533, "Epoch 805 Step 52": 2.886000871658325, "Epoch 805 Step 53": 2.879692554473877, "Epoch 805 Step 54": 2.8832693099975586, "Epoch 805 Step 55": 2.885406494140625, "Epoch 805 Step 56": 2.8710100650787354, "Epoch 805 Step 57": 2.885117769241333, "Epoch 805 Step 58": 2.887650966644287, "Epoch 805 Step 59": 2.886138916015625, "Epoch 805 Step 60": 2.8901028633117676, "Epoch 805 Step 61": 2.8847813606262207, "Epoch 805 Step 62": 2.872793436050415, "Epoch 805 Step 63": 2.881572961807251, "Epoch 805 Step 64": 2.8768205642700195, "Epoch 805 Step 65": 2.8822414875030518, "Epoch 805 Step 66": 2.884031057357788, "Epoch 805 Step 67": 2.891974449157715, "Epoch 805 Step 68": 2.884711980819702, "Epoch 805 Step 69": 2.885531187057495, "Epoch 805 Step 70": 2.881509304046631, "Epoch 805 Step 71": 2.875749349594116, "Epoch 805 Step 72": 2.8800241947174072, "Epoch 805 Step 73": 2.893587827682495, "Epoch 805 Step 74": 2.8877289295196533, "Epoch 805 Step 75": 2.874171495437622, "Epoch 805 Step 76": 2.8904755115509033, "Epoch 805 Step 77": 2.8820714950561523, "Epoch 805 Step 78": 2.875563383102417, "Epoch 805 Step 79": 2.873018503189087, "Epoch 805 Step 80": 2.883174419403076, "Epoch 805 Step 81": 2.8879799842834473, "Epoch 805 Step 82": 2.8798975944519043, "Epoch 805 Step 83": 2.8782739639282227, "Epoch 805 Step 84": 2.8784902095794678, "Epoch 805 Step 85": 2.8778154850006104, "Epoch 805 Step 86": 2.888068199157715, "Epoch 805 Step 87": 2.8749380111694336, "Epoch 805 Step 88": 2.8911449909210205, "Epoch 805 Step 89": 2.8718559741973877}