{"Epoch 32 Step 0": 2.8839735984802246, "Epoch 32 Step 1": 2.883715867996216, "Epoch 32 Step 2": 2.879962921142578, "Epoch 32 Step 3": 2.8732171058654785, "Epoch 32 Step 4": 2.8780319690704346, "Epoch 32 Step 5": 2.8923678398132324, "Epoch 32 Step 6": 2.887714385986328, "Epoch 32 Step 7": 2.8731422424316406, "Epoch 32 Step 8": 2.8891286849975586, "Epoch 32 Step 9": 2.88120436668396, "Epoch 32 Step 10": 2.8741328716278076, "Epoch 32 Step 11": 2.8706676959991455, "Epoch 32 Step 12": 2.8819735050201416, "Epoch 32 Step 13": 2.886601209640503, "Epoch 32 Step 14": 2.8788890838623047, "Epoch 32 Step 15": 2.8781216144561768, "Epoch 32 Step 16": 2.877995491027832, "Epoch 32 Step 17": 2.874314785003662, "Epoch 32 Step 18": 2.886148691177368, "Epoch 32 Step 19": 2.8733396530151367, "Epoch 32 Step 20": 2.888922691345215, "Epoch 32 Step 21": 2.871090888977051, "Epoch 32 Step 22": 2.8732855319976807, "Epoch 32 Step 23": 2.8775794506073, "Epoch 32 Step 24": 2.866459369659424, "Epoch 32 Step 25": 2.8857383728027344, "Epoch 32 Step 26": 2.880955457687378, "Epoch 32 Step 27": 2.8849599361419678, "Epoch 32 Step 28": 2.891329288482666, "Epoch 32 Step 29": 2.8852150440216064, "Epoch 32 Step 30": 2.8780088424682617, "Epoch 32 Step 31": 2.883216619491577, "Epoch 32 Step 32": 2.895054578781128, "Epoch 32 Step 33": 2.8937904834747314, "Epoch 32 Step 34": 2.891599178314209, "Epoch 32 Step 35": 2.8874459266662598, "Epoch 32 Step 36": 2.8856024742126465, "Epoch 32 Step 37": 2.8821773529052734, "Epoch 32 Step 38": 2.9040515422821045, "Epoch 32 Step 39": 2.8972203731536865, "Epoch 32 Step 40": 2.894430637359619, "Epoch 32 Step 41": 2.8753156661987305, "Epoch 32 Step 42": 2.8902370929718018, "Epoch 32 Step 43": 2.8934519290924072, "Epoch 32 Step 44": 2.8750460147857666, "Epoch 32 Step 45": 2.885709762573242, "Epoch 32 Step 46": 2.8863682746887207, "Epoch 32 Step 47": 2.8908421993255615, "Epoch 32 Step 48": 2.8951406478881836, "Epoch 32 Step 49": 2.8812501430511475, "Epoch 32 Step 50": 2.8936100006103516, "Epoch 32 Step 51": 2.8768904209136963, "Epoch 32 Step 52": 2.883775234222412, "Epoch 32 Step 53": 2.8767402172088623, "Epoch 32 Step 54": 2.890735149383545, "Epoch 32 Step 55": 2.8774406909942627, "Epoch 32 Step 56": 2.882185459136963, "Epoch 32 Step 57": 2.8884360790252686, "Epoch 32 Step 58": 2.872361660003662, "Epoch 32 Step 59": 2.8716931343078613, "Epoch 32 Step 60": 2.8709514141082764, "Epoch 32 Step 61": 2.8879342079162598, "Epoch 32 Step 62": 2.8806350231170654, "Epoch 32 Step 63": 2.8764572143554688, "Epoch 32 Step 64": 2.889962911605835, "Epoch 32 Step 65": 2.89518666267395, "Epoch 32 Step 66": 2.878978729248047, "Epoch 32 Step 67": 2.8745193481445312, "Epoch 32 Step 68": 2.8865206241607666, "Epoch 32 Step 69": 2.89091157913208, "Epoch 32 Step 70": 2.881444215774536, "Epoch 32 Step 71": 2.8821966648101807, "Epoch 32 Step 72": 2.8772830963134766, "Epoch 32 Step 73": 2.8857030868530273, "Epoch 32 Step 74": 2.8726041316986084, "Epoch 32 Step 75": 2.884150266647339, "Epoch 32 Step 76": 2.878114700317383, "Epoch 32 Step 77": 2.8820886611938477, "Epoch 32 Step 78": 2.883579969406128, "Epoch 32 Step 79": 2.8697593212127686, "Epoch 32 Step 80": 2.884593963623047, "Epoch 32 Step 81": 2.8872320652008057, "Epoch 32 Step 82": 2.8847641944885254, "Epoch 32 Step 83": 2.888990640640259, "Epoch 32 Step 84": 2.883011817932129, "Epoch 32 Step 85": 2.8715031147003174, "Epoch 32 Step 86": 2.879763603210449, "Epoch 32 Step 87": 2.877028703689575, "Epoch 32 Step 88": 2.88291335105896, "Epoch 32 Step 89": 2.8806278705596924}