{"Epoch 779 Step 0": 2.88154935836792, "Epoch 779 Step 1": 2.892239809036255, "Epoch 779 Step 2": 2.878059148788452, "Epoch 779 Step 3": 2.884765863418579, "Epoch 779 Step 4": 2.8779478073120117, "Epoch 779 Step 5": 2.8910677433013916, "Epoch 779 Step 6": 2.8785436153411865, "Epoch 779 Step 7": 2.8831279277801514, "Epoch 779 Step 8": 2.8885276317596436, "Epoch 779 Step 9": 2.873626470565796, "Epoch 779 Step 10": 2.872314453125, "Epoch 779 Step 11": 2.8722996711730957, "Epoch 779 Step 12": 2.8886210918426514, "Epoch 779 Step 13": 2.881965160369873, "Epoch 779 Step 14": 2.8770761489868164, "Epoch 779 Step 15": 2.8907761573791504, "Epoch 779 Step 16": 2.895604133605957, "Epoch 779 Step 17": 2.8803353309631348, "Epoch 779 Step 18": 2.875866413116455, "Epoch 779 Step 19": 2.8867907524108887, "Epoch 779 Step 20": 2.8910655975341797, "Epoch 779 Step 21": 2.8816640377044678, "Epoch 779 Step 22": 2.883786201477051, "Epoch 779 Step 23": 2.8784267902374268, "Epoch 779 Step 24": 2.8873212337493896, "Epoch 779 Step 25": 2.8739118576049805, "Epoch 779 Step 26": 2.8852076530456543, "Epoch 779 Step 27": 2.879122495651245, "Epoch 779 Step 28": 2.8835108280181885, "Epoch 779 Step 29": 2.8850598335266113, "Epoch 779 Step 30": 2.870978593826294, "Epoch 779 Step 31": 2.8851418495178223, "Epoch 779 Step 32": 2.887894868850708, "Epoch 779 Step 33": 2.8860971927642822, "Epoch 779 Step 34": 2.889507293701172, "Epoch 779 Step 35": 2.884500026702881, "Epoch 779 Step 36": 2.872812271118164, "Epoch 779 Step 37": 2.8816733360290527, "Epoch 779 Step 38": 2.8773834705352783, "Epoch 779 Step 39": 2.8826656341552734, "Epoch 779 Step 40": 2.8831357955932617, "Epoch 779 Step 41": 2.890784978866577, "Epoch 779 Step 42": 2.8849778175354004, "Epoch 779 Step 43": 2.8849315643310547, "Epoch 779 Step 44": 2.880997896194458, "Epoch 779 Step 45": 2.8759045600891113, "Epoch 779 Step 46": 2.879655361175537, "Epoch 779 Step 47": 2.894225835800171, "Epoch 779 Step 48": 2.8881795406341553, "Epoch 779 Step 49": 2.8744516372680664, "Epoch 779 Step 50": 2.890536308288574, "Epoch 779 Step 51": 2.8822553157806396, "Epoch 779 Step 52": 2.8759922981262207, "Epoch 779 Step 53": 2.872788429260254, "Epoch 779 Step 54": 2.8822734355926514, "Epoch 779 Step 55": 2.887916326522827, "Epoch 779 Step 56": 2.8811678886413574, "Epoch 779 Step 57": 2.8791611194610596, "Epoch 779 Step 58": 2.878909111022949, "Epoch 779 Step 59": 2.8765859603881836, "Epoch 779 Step 60": 2.8879952430725098, "Epoch 779 Step 61": 2.8746860027313232, "Epoch 779 Step 62": 2.891364097595215, "Epoch 779 Step 63": 2.871541976928711, "Epoch 779 Step 64": 2.875006675720215, "Epoch 779 Step 65": 2.8794658184051514, "Epoch 779 Step 66": 2.8684093952178955, "Epoch 779 Step 67": 2.887180805206299, "Epoch 779 Step 68": 2.8814735412597656, "Epoch 779 Step 69": 2.886751651763916, "Epoch 779 Step 70": 2.892784357070923, "Epoch 779 Step 71": 2.886273145675659, "Epoch 779 Step 72": 2.878812074661255, "Epoch 779 Step 73": 2.8849635124206543, "Epoch 779 Step 74": 2.89597487449646, "Epoch 779 Step 75": 2.8947479724884033, "Epoch 779 Step 76": 2.892789602279663, "Epoch 779 Step 77": 2.8873820304870605, "Epoch 779 Step 78": 2.887223720550537, "Epoch 779 Step 79": 2.8847877979278564, "Epoch 779 Step 80": 2.9055511951446533, "Epoch 779 Step 81": 2.900895357131958, "Epoch 779 Step 82": 2.900517463684082, "Epoch 779 Step 83": 2.8750905990600586, "Epoch 779 Step 84": 2.8879542350769043, "Epoch 779 Step 85": 2.8925020694732666, "Epoch 779 Step 86": 2.874833583831787, "Epoch 779 Step 87": 2.886650562286377, "Epoch 779 Step 88": 2.8872339725494385, "Epoch 779 Step 89": 2.89170241355896}