{"Epoch 121 Step 0": 2.888504981994629, "Epoch 121 Step 1": 2.8821873664855957, "Epoch 121 Step 2": 2.8706419467926025, "Epoch 121 Step 3": 2.878612756729126, "Epoch 121 Step 4": 2.8753371238708496, "Epoch 121 Step 5": 2.881624937057495, "Epoch 121 Step 6": 2.8803300857543945, "Epoch 121 Step 7": 2.887922525405884, "Epoch 121 Step 8": 2.884161949157715, "Epoch 121 Step 9": 2.8830862045288086, "Epoch 121 Step 10": 2.8793675899505615, "Epoch 121 Step 11": 2.8739116191864014, "Epoch 121 Step 12": 2.8765640258789062, "Epoch 121 Step 13": 2.8912553787231445, "Epoch 121 Step 14": 2.8863818645477295, "Epoch 121 Step 15": 2.872387409210205, "Epoch 121 Step 16": 2.888195276260376, "Epoch 121 Step 17": 2.880444049835205, "Epoch 121 Step 18": 2.8735036849975586, "Epoch 121 Step 19": 2.867236852645874, "Epoch 121 Step 20": 2.8807666301727295, "Epoch 121 Step 21": 2.8854713439941406, "Epoch 121 Step 22": 2.8781425952911377, "Epoch 121 Step 23": 2.877241373062134, "Epoch 121 Step 24": 2.8784313201904297, "Epoch 121 Step 25": 2.875098705291748, "Epoch 121 Step 26": 2.8855957984924316, "Epoch 121 Step 27": 2.870152711868286, "Epoch 121 Step 28": 2.889711380004883, "Epoch 121 Step 29": 2.8701529502868652, "Epoch 121 Step 30": 2.8720316886901855, "Epoch 121 Step 31": 2.8774642944335938, "Epoch 121 Step 32": 2.8656039237976074, "Epoch 121 Step 33": 2.884432315826416, "Epoch 121 Step 34": 2.8801541328430176, "Epoch 121 Step 35": 2.883413791656494, "Epoch 121 Step 36": 2.8906731605529785, "Epoch 121 Step 37": 2.884721279144287, "Epoch 121 Step 38": 2.876504421234131, "Epoch 121 Step 39": 2.8814399242401123, "Epoch 121 Step 40": 2.892906904220581, "Epoch 121 Step 41": 2.894057035446167, "Epoch 121 Step 42": 2.8909389972686768, "Epoch 121 Step 43": 2.88638973236084, "Epoch 121 Step 44": 2.885380506515503, "Epoch 121 Step 45": 2.883366823196411, "Epoch 121 Step 46": 2.901827812194824, "Epoch 121 Step 47": 2.898282766342163, "Epoch 121 Step 48": 2.895190954208374, "Epoch 121 Step 49": 2.8747501373291016, "Epoch 121 Step 50": 2.8889009952545166, "Epoch 121 Step 51": 2.891176462173462, "Epoch 121 Step 52": 2.8726930618286133, "Epoch 121 Step 53": 2.885573148727417, "Epoch 121 Step 54": 2.886730909347534, "Epoch 121 Step 55": 2.890303134918213, "Epoch 121 Step 56": 2.8950912952423096, "Epoch 121 Step 57": 2.8796088695526123, "Epoch 121 Step 58": 2.891265630722046, "Epoch 121 Step 59": 2.877708911895752, "Epoch 121 Step 60": 2.885237216949463, "Epoch 121 Step 61": 2.8767871856689453, "Epoch 121 Step 62": 2.8903467655181885, "Epoch 121 Step 63": 2.875096321105957, "Epoch 121 Step 64": 2.8813178539276123, "Epoch 121 Step 65": 2.887223720550537, "Epoch 121 Step 66": 2.872018814086914, "Epoch 121 Step 67": 2.8698081970214844, "Epoch 121 Step 68": 2.8700897693634033, "Epoch 121 Step 69": 2.8855128288269043, "Epoch 121 Step 70": 2.880479574203491, "Epoch 121 Step 71": 2.8747527599334717, "Epoch 121 Step 72": 2.8892457485198975, "Epoch 121 Step 73": 2.894044876098633, "Epoch 121 Step 74": 2.8773791790008545, "Epoch 121 Step 75": 2.8743021488189697, "Epoch 121 Step 76": 2.8854141235351562, "Epoch 121 Step 77": 2.88934063911438, "Epoch 121 Step 78": 2.8786189556121826, "Epoch 121 Step 79": 2.8807337284088135, "Epoch 121 Step 80": 2.876129627227783, "Epoch 121 Step 81": 2.88592529296875, "Epoch 121 Step 82": 2.871812105178833, "Epoch 121 Step 83": 2.8830349445343018, "Epoch 121 Step 84": 2.8762333393096924, "Epoch 121 Step 85": 2.881960868835449, "Epoch 121 Step 86": 2.8829126358032227, "Epoch 121 Step 87": 2.869203805923462, "Epoch 121 Step 88": 2.8836441040039062, "Epoch 121 Step 89": 2.885646104812622}