{"Epoch 158 Step 0": 2.885678768157959, "Epoch 158 Step 1": 2.890031337738037, "Epoch 158 Step 2": 2.894076108932495, "Epoch 158 Step 3": 2.880113363265991, "Epoch 158 Step 4": 2.891996383666992, "Epoch 158 Step 5": 2.876729965209961, "Epoch 158 Step 6": 2.8847389221191406, "Epoch 158 Step 7": 2.87648344039917, "Epoch 158 Step 8": 2.890854597091675, "Epoch 158 Step 9": 2.8758504390716553, "Epoch 158 Step 10": 2.8809192180633545, "Epoch 158 Step 11": 2.8864898681640625, "Epoch 158 Step 12": 2.8713040351867676, "Epoch 158 Step 13": 2.8695485591888428, "Epoch 158 Step 14": 2.8702197074890137, "Epoch 158 Step 15": 2.8861896991729736, "Epoch 158 Step 16": 2.8810319900512695, "Epoch 158 Step 17": 2.875337600708008, "Epoch 158 Step 18": 2.8877551555633545, "Epoch 158 Step 19": 2.8924221992492676, "Epoch 158 Step 20": 2.8778555393218994, "Epoch 158 Step 21": 2.875906467437744, "Epoch 158 Step 22": 2.8854122161865234, "Epoch 158 Step 23": 2.8897101879119873, "Epoch 158 Step 24": 2.8799288272857666, "Epoch 158 Step 25": 2.880077838897705, "Epoch 158 Step 26": 2.874645948410034, "Epoch 158 Step 27": 2.886274576187134, "Epoch 158 Step 28": 2.8719325065612793, "Epoch 158 Step 29": 2.883537769317627, "Epoch 158 Step 30": 2.8776028156280518, "Epoch 158 Step 31": 2.8812999725341797, "Epoch 158 Step 32": 2.8828203678131104, "Epoch 158 Step 33": 2.8682162761688232, "Epoch 158 Step 34": 2.882376194000244, "Epoch 158 Step 35": 2.8858864307403564, "Epoch 158 Step 36": 2.8821001052856445, "Epoch 158 Step 37": 2.8867714405059814, "Epoch 158 Step 38": 2.8822529315948486, "Epoch 158 Step 39": 2.8709356784820557, "Epoch 158 Step 40": 2.8774166107177734, "Epoch 158 Step 41": 2.875650405883789, "Epoch 158 Step 42": 2.8817050457000732, "Epoch 158 Step 43": 2.879516363143921, "Epoch 158 Step 44": 2.888160228729248, "Epoch 158 Step 45": 2.883077621459961, "Epoch 158 Step 46": 2.883368730545044, "Epoch 158 Step 47": 2.880343437194824, "Epoch 158 Step 48": 2.875600814819336, "Epoch 158 Step 49": 2.877354145050049, "Epoch 158 Step 50": 2.8899874687194824, "Epoch 158 Step 51": 2.886232376098633, "Epoch 158 Step 52": 2.873231887817383, "Epoch 158 Step 53": 2.8872156143188477, "Epoch 158 Step 54": 2.882175922393799, "Epoch 158 Step 55": 2.87312650680542, "Epoch 158 Step 56": 2.8696651458740234, "Epoch 158 Step 57": 2.879807710647583, "Epoch 158 Step 58": 2.8858213424682617, "Epoch 158 Step 59": 2.8793632984161377, "Epoch 158 Step 60": 2.876636505126953, "Epoch 158 Step 61": 2.8772480487823486, "Epoch 158 Step 62": 2.8732924461364746, "Epoch 158 Step 63": 2.884679079055786, "Epoch 158 Step 64": 2.870570421218872, "Epoch 158 Step 65": 2.8895928859710693, "Epoch 158 Step 66": 2.871290922164917, "Epoch 158 Step 67": 2.8715908527374268, "Epoch 158 Step 68": 2.8772547245025635, "Epoch 158 Step 69": 2.8672268390655518, "Epoch 158 Step 70": 2.884195566177368, "Epoch 158 Step 71": 2.8791842460632324, "Epoch 158 Step 72": 2.8827548027038574, "Epoch 158 Step 73": 2.8912973403930664, "Epoch 158 Step 74": 2.8858766555786133, "Epoch 158 Step 75": 2.8774328231811523, "Epoch 158 Step 76": 2.8826401233673096, "Epoch 158 Step 77": 2.8957600593566895, "Epoch 158 Step 78": 2.8935413360595703, "Epoch 158 Step 79": 2.8918144702911377, "Epoch 158 Step 80": 2.8866219520568848, "Epoch 158 Step 81": 2.885362386703491, "Epoch 158 Step 82": 2.883781909942627, "Epoch 158 Step 83": 2.902210235595703, "Epoch 158 Step 84": 2.9013867378234863, "Epoch 158 Step 85": 2.8973801136016846, "Epoch 158 Step 86": 2.8749988079071045, "Epoch 158 Step 87": 2.887556314468384, "Epoch 158 Step 88": 2.8916916847229004, "Epoch 158 Step 89": 2.8738441467285156}