{"Epoch 683 Step 0": 2.8929312229156494, "Epoch 683 Step 1": 2.87884521484375, "Epoch 683 Step 2": 2.8839826583862305, "Epoch 683 Step 3": 2.889007568359375, "Epoch 683 Step 4": 2.8740217685699463, "Epoch 683 Step 5": 2.8726797103881836, "Epoch 683 Step 6": 2.872281312942505, "Epoch 683 Step 7": 2.8891637325286865, "Epoch 683 Step 8": 2.8841161727905273, "Epoch 683 Step 9": 2.8780388832092285, "Epoch 683 Step 10": 2.8906853199005127, "Epoch 683 Step 11": 2.8957223892211914, "Epoch 683 Step 12": 2.8803200721740723, "Epoch 683 Step 13": 2.877568483352661, "Epoch 683 Step 14": 2.8877978324890137, "Epoch 683 Step 15": 2.8916420936584473, "Epoch 683 Step 16": 2.8802599906921387, "Epoch 683 Step 17": 2.881101608276367, "Epoch 683 Step 18": 2.8773415088653564, "Epoch 683 Step 19": 2.8879292011260986, "Epoch 683 Step 20": 2.8742318153381348, "Epoch 683 Step 21": 2.8853859901428223, "Epoch 683 Step 22": 2.8793673515319824, "Epoch 683 Step 23": 2.883096694946289, "Epoch 683 Step 24": 2.884986400604248, "Epoch 683 Step 25": 2.871202230453491, "Epoch 683 Step 26": 2.884479522705078, "Epoch 683 Step 27": 2.8877785205841064, "Epoch 683 Step 28": 2.885787010192871, "Epoch 683 Step 29": 2.8891987800598145, "Epoch 683 Step 30": 2.884429931640625, "Epoch 683 Step 31": 2.872462749481201, "Epoch 683 Step 32": 2.8814303874969482, "Epoch 683 Step 33": 2.8773727416992188, "Epoch 683 Step 34": 2.882683038711548, "Epoch 683 Step 35": 2.8832902908325195, "Epoch 683 Step 36": 2.8902602195739746, "Epoch 683 Step 37": 2.8845794200897217, "Epoch 683 Step 38": 2.885166883468628, "Epoch 683 Step 39": 2.881563425064087, "Epoch 683 Step 40": 2.87528395652771, "Epoch 683 Step 41": 2.879814863204956, "Epoch 683 Step 42": 2.8942677974700928, "Epoch 683 Step 43": 2.888126850128174, "Epoch 683 Step 44": 2.8735554218292236, "Epoch 683 Step 45": 2.8905558586120605, "Epoch 683 Step 46": 2.8821053504943848, "Epoch 683 Step 47": 2.8752899169921875, "Epoch 683 Step 48": 2.8731677532196045, "Epoch 683 Step 49": 2.883004903793335, "Epoch 683 Step 50": 2.8881752490997314, "Epoch 683 Step 51": 2.8803117275238037, "Epoch 683 Step 52": 2.8788695335388184, "Epoch 683 Step 53": 2.8781216144561768, "Epoch 683 Step 54": 2.8764610290527344, "Epoch 683 Step 55": 2.8877131938934326, "Epoch 683 Step 56": 2.874251127243042, "Epoch 683 Step 57": 2.8914661407470703, "Epoch 683 Step 58": 2.8715250492095947, "Epoch 683 Step 59": 2.8745648860931396, "Epoch 683 Step 60": 2.879303216934204, "Epoch 683 Step 61": 2.8678767681121826, "Epoch 683 Step 62": 2.887016534805298, "Epoch 683 Step 63": 2.882460832595825, "Epoch 683 Step 64": 2.8877065181732178, "Epoch 683 Step 65": 2.8930716514587402, "Epoch 683 Step 66": 2.8865809440612793, "Epoch 683 Step 67": 2.8799898624420166, "Epoch 683 Step 68": 2.8861186504364014, "Epoch 683 Step 69": 2.894843101501465, "Epoch 683 Step 70": 2.8948380947113037, "Epoch 683 Step 71": 2.8938283920288086, "Epoch 683 Step 72": 2.888767957687378, "Epoch 683 Step 73": 2.8860864639282227, "Epoch 683 Step 74": 2.8788046836853027, "Epoch 683 Step 75": 2.900458335876465, "Epoch 683 Step 76": 2.899568557739258, "Epoch 683 Step 77": 2.8976781368255615, "Epoch 683 Step 78": 2.8766279220581055, "Epoch 683 Step 79": 2.8897249698638916, "Epoch 683 Step 80": 2.8925347328186035, "Epoch 683 Step 81": 2.8752503395080566, "Epoch 683 Step 82": 2.886679172515869, "Epoch 683 Step 83": 2.8873250484466553, "Epoch 683 Step 84": 2.891998529434204, "Epoch 683 Step 85": 2.8954532146453857, "Epoch 683 Step 86": 2.880653142929077, "Epoch 683 Step 87": 2.89186692237854, "Epoch 683 Step 88": 2.8786215782165527, "Epoch 683 Step 89": 2.8851559162139893}