{"Epoch 616 Step 0": 2.87849760055542, "Epoch 616 Step 1": 2.884910821914673, "Epoch 616 Step 2": 2.8949804306030273, "Epoch 616 Step 3": 2.8939363956451416, "Epoch 616 Step 4": 2.8930132389068604, "Epoch 616 Step 5": 2.8886325359344482, "Epoch 616 Step 6": 2.886937379837036, "Epoch 616 Step 7": 2.882105827331543, "Epoch 616 Step 8": 2.903764009475708, "Epoch 616 Step 9": 2.900905132293701, "Epoch 616 Step 10": 2.9003047943115234, "Epoch 616 Step 11": 2.8757874965667725, "Epoch 616 Step 12": 2.887965202331543, "Epoch 616 Step 13": 2.8926632404327393, "Epoch 616 Step 14": 2.8750147819519043, "Epoch 616 Step 15": 2.886622905731201, "Epoch 616 Step 16": 2.8866050243377686, "Epoch 616 Step 17": 2.8907010555267334, "Epoch 616 Step 18": 2.895310640335083, "Epoch 616 Step 19": 2.881518602371216, "Epoch 616 Step 20": 2.893183708190918, "Epoch 616 Step 21": 2.8777966499328613, "Epoch 616 Step 22": 2.8843510150909424, "Epoch 616 Step 23": 2.8775861263275146, "Epoch 616 Step 24": 2.8916103839874268, "Epoch 616 Step 25": 2.8785595893859863, "Epoch 616 Step 26": 2.8827860355377197, "Epoch 616 Step 27": 2.8882856369018555, "Epoch 616 Step 28": 2.873183488845825, "Epoch 616 Step 29": 2.8725500106811523, "Epoch 616 Step 30": 2.8722848892211914, "Epoch 616 Step 31": 2.888486862182617, "Epoch 616 Step 32": 2.882040500640869, "Epoch 616 Step 33": 2.8770413398742676, "Epoch 616 Step 34": 2.889472007751465, "Epoch 616 Step 35": 2.895287036895752, "Epoch 616 Step 36": 2.880622386932373, "Epoch 616 Step 37": 2.8759422302246094, "Epoch 616 Step 38": 2.8877968788146973, "Epoch 616 Step 39": 2.891885995864868, "Epoch 616 Step 40": 2.8808510303497314, "Epoch 616 Step 41": 2.8821606636047363, "Epoch 616 Step 42": 2.8780856132507324, "Epoch 616 Step 43": 2.8871586322784424, "Epoch 616 Step 44": 2.873753309249878, "Epoch 616 Step 45": 2.884983777999878, "Epoch 616 Step 46": 2.879377603530884, "Epoch 616 Step 47": 2.8826613426208496, "Epoch 616 Step 48": 2.8846113681793213, "Epoch 616 Step 49": 2.8712193965911865, "Epoch 616 Step 50": 2.884948253631592, "Epoch 616 Step 51": 2.887718677520752, "Epoch 616 Step 52": 2.886221408843994, "Epoch 616 Step 53": 2.889976978302002, "Epoch 616 Step 54": 2.884380578994751, "Epoch 616 Step 55": 2.871971368789673, "Epoch 616 Step 56": 2.8811066150665283, "Epoch 616 Step 57": 2.8771257400512695, "Epoch 616 Step 58": 2.8825812339782715, "Epoch 616 Step 59": 2.8830442428588867, "Epoch 616 Step 60": 2.890568256378174, "Epoch 616 Step 61": 2.884805679321289, "Epoch 616 Step 62": 2.8848977088928223, "Epoch 616 Step 63": 2.881439208984375, "Epoch 616 Step 64": 2.874927043914795, "Epoch 616 Step 65": 2.879707098007202, "Epoch 616 Step 66": 2.893723487854004, "Epoch 616 Step 67": 2.887727975845337, "Epoch 616 Step 68": 2.87416672706604, "Epoch 616 Step 69": 2.8902666568756104, "Epoch 616 Step 70": 2.882233142852783, "Epoch 616 Step 71": 2.8758459091186523, "Epoch 616 Step 72": 2.8721868991851807, "Epoch 616 Step 73": 2.882211208343506, "Epoch 616 Step 74": 2.887575387954712, "Epoch 616 Step 75": 2.8805248737335205, "Epoch 616 Step 76": 2.8791873455047607, "Epoch 616 Step 77": 2.8785653114318848, "Epoch 616 Step 78": 2.8759446144104004, "Epoch 616 Step 79": 2.8879082202911377, "Epoch 616 Step 80": 2.874119281768799, "Epoch 616 Step 81": 2.8908212184906006, "Epoch 616 Step 82": 2.8716413974761963, "Epoch 616 Step 83": 2.874718427658081, "Epoch 616 Step 84": 2.87943696975708, "Epoch 616 Step 85": 2.8682241439819336, "Epoch 616 Step 86": 2.886702299118042, "Epoch 616 Step 87": 2.8811373710632324, "Epoch 616 Step 88": 2.88704514503479, "Epoch 616 Step 89": 2.893388271331787}