{"Epoch 810 Step 0": 2.887997627258301, "Epoch 810 Step 1": 2.8741133213043213, "Epoch 810 Step 2": 2.8911685943603516, "Epoch 810 Step 3": 2.871495246887207, "Epoch 810 Step 4": 2.874417543411255, "Epoch 810 Step 5": 2.8796422481536865, "Epoch 810 Step 6": 2.8678572177886963, "Epoch 810 Step 7": 2.887160062789917, "Epoch 810 Step 8": 2.881514072418213, "Epoch 810 Step 9": 2.887153148651123, "Epoch 810 Step 10": 2.893423557281494, "Epoch 810 Step 11": 2.8863377571105957, "Epoch 810 Step 12": 2.878549814224243, "Epoch 810 Step 13": 2.8851478099823, "Epoch 810 Step 14": 2.8959710597991943, "Epoch 810 Step 15": 2.89442777633667, "Epoch 810 Step 16": 2.892479419708252, "Epoch 810 Step 17": 2.8879456520080566, "Epoch 810 Step 18": 2.8869383335113525, "Epoch 810 Step 19": 2.8856077194213867, "Epoch 810 Step 20": 2.9105989933013916, "Epoch 810 Step 21": 2.897988796234131, "Epoch 810 Step 22": 2.9024016857147217, "Epoch 810 Step 23": 2.8762218952178955, "Epoch 810 Step 24": 2.8897175788879395, "Epoch 810 Step 25": 2.894714117050171, "Epoch 810 Step 26": 2.875913381576538, "Epoch 810 Step 27": 2.887176513671875, "Epoch 810 Step 28": 2.8870699405670166, "Epoch 810 Step 29": 2.892383337020874, "Epoch 810 Step 30": 2.896599292755127, "Epoch 810 Step 31": 2.881652593612671, "Epoch 810 Step 32": 2.894057035446167, "Epoch 810 Step 33": 2.8786611557006836, "Epoch 810 Step 34": 2.885171413421631, "Epoch 810 Step 35": 2.8783719539642334, "Epoch 810 Step 36": 2.8921587467193604, "Epoch 810 Step 37": 2.8784024715423584, "Epoch 810 Step 38": 2.8830959796905518, "Epoch 810 Step 39": 2.888648271560669, "Epoch 810 Step 40": 2.873682975769043, "Epoch 810 Step 41": 2.8717200756073, "Epoch 810 Step 42": 2.8727240562438965, "Epoch 810 Step 43": 2.8881988525390625, "Epoch 810 Step 44": 2.8816072940826416, "Epoch 810 Step 45": 2.8776614665985107, "Epoch 810 Step 46": 2.8900551795959473, "Epoch 810 Step 47": 2.895470142364502, "Epoch 810 Step 48": 2.8800907135009766, "Epoch 810 Step 49": 2.875450849533081, "Epoch 810 Step 50": 2.888221502304077, "Epoch 810 Step 51": 2.8918936252593994, "Epoch 810 Step 52": 2.8811681270599365, "Epoch 810 Step 53": 2.88200044631958, "Epoch 810 Step 54": 2.877828359603882, "Epoch 810 Step 55": 2.887528419494629, "Epoch 810 Step 56": 2.8738644123077393, "Epoch 810 Step 57": 2.885230779647827, "Epoch 810 Step 58": 2.8791544437408447, "Epoch 810 Step 59": 2.8831255435943604, "Epoch 810 Step 60": 2.884984016418457, "Epoch 810 Step 61": 2.871307611465454, "Epoch 810 Step 62": 2.885315179824829, "Epoch 810 Step 63": 2.8877131938934326, "Epoch 810 Step 64": 2.8861682415008545, "Epoch 810 Step 65": 2.890016555786133, "Epoch 810 Step 66": 2.884742498397827, "Epoch 810 Step 67": 2.872319221496582, "Epoch 810 Step 68": 2.880662441253662, "Epoch 810 Step 69": 2.8770782947540283, "Epoch 810 Step 70": 2.883136034011841, "Epoch 810 Step 71": 2.8832175731658936, "Epoch 810 Step 72": 2.8904106616973877, "Epoch 810 Step 73": 2.8853342533111572, "Epoch 810 Step 74": 2.885140895843506, "Epoch 810 Step 75": 2.88130259513855, "Epoch 810 Step 76": 2.8761343955993652, "Epoch 810 Step 77": 2.879641056060791, "Epoch 810 Step 78": 2.894047498703003, "Epoch 810 Step 79": 2.8881919384002686, "Epoch 810 Step 80": 2.8741614818573, "Epoch 810 Step 81": 2.890441656112671, "Epoch 810 Step 82": 2.882490396499634, "Epoch 810 Step 83": 2.8761610984802246, "Epoch 810 Step 84": 2.872779607772827, "Epoch 810 Step 85": 2.8822429180145264, "Epoch 810 Step 86": 2.8874459266662598, "Epoch 810 Step 87": 2.8802316188812256, "Epoch 810 Step 88": 2.878729820251465, "Epoch 810 Step 89": 2.8781206607818604}