{"Epoch 559 Step 0": 2.877094030380249, "Epoch 559 Step 1": 2.8826091289520264, "Epoch 559 Step 2": 2.8829703330993652, "Epoch 559 Step 3": 2.890467405319214, "Epoch 559 Step 4": 2.884575605392456, "Epoch 559 Step 5": 2.88482403755188, "Epoch 559 Step 6": 2.8813445568084717, "Epoch 559 Step 7": 2.875081777572632, "Epoch 559 Step 8": 2.8798282146453857, "Epoch 559 Step 9": 2.8936519622802734, "Epoch 559 Step 10": 2.887892246246338, "Epoch 559 Step 11": 2.874176263809204, "Epoch 559 Step 12": 2.8901753425598145, "Epoch 559 Step 13": 2.8821370601654053, "Epoch 559 Step 14": 2.8753998279571533, "Epoch 559 Step 15": 2.872323989868164, "Epoch 559 Step 16": 2.8825135231018066, "Epoch 559 Step 17": 2.8874893188476562, "Epoch 559 Step 18": 2.8801958560943604, "Epoch 559 Step 19": 2.8789684772491455, "Epoch 559 Step 20": 2.8782496452331543, "Epoch 559 Step 21": 2.875969648361206, "Epoch 559 Step 22": 2.887700319290161, "Epoch 559 Step 23": 2.874185562133789, "Epoch 559 Step 24": 2.891228199005127, "Epoch 559 Step 25": 2.871177911758423, "Epoch 559 Step 26": 2.8746964931488037, "Epoch 559 Step 27": 2.8794634342193604, "Epoch 559 Step 28": 2.8682494163513184, "Epoch 559 Step 29": 2.8866569995880127, "Epoch 559 Step 30": 2.8813698291778564, "Epoch 559 Step 31": 2.8867876529693604, "Epoch 559 Step 32": 2.8931589126586914, "Epoch 559 Step 33": 2.8860840797424316, "Epoch 559 Step 34": 2.8784143924713135, "Epoch 559 Step 35": 2.8851451873779297, "Epoch 559 Step 36": 2.8957417011260986, "Epoch 559 Step 37": 2.894310712814331, "Epoch 559 Step 38": 2.893005609512329, "Epoch 559 Step 39": 2.887190818786621, "Epoch 559 Step 40": 2.886329174041748, "Epoch 559 Step 41": 2.8841123580932617, "Epoch 559 Step 42": 2.9047510623931885, "Epoch 559 Step 43": 2.9005074501037598, "Epoch 559 Step 44": 2.8980677127838135, "Epoch 559 Step 45": 2.8755102157592773, "Epoch 559 Step 46": 2.888960361480713, "Epoch 559 Step 47": 2.893185615539551, "Epoch 559 Step 48": 2.8752245903015137, "Epoch 559 Step 49": 2.8862972259521484, "Epoch 559 Step 50": 2.8866281509399414, "Epoch 559 Step 51": 2.891590118408203, "Epoch 559 Step 52": 2.895920515060425, "Epoch 559 Step 53": 2.881852865219116, "Epoch 559 Step 54": 2.893157958984375, "Epoch 559 Step 55": 2.8788650035858154, "Epoch 559 Step 56": 2.885098695755005, "Epoch 559 Step 57": 2.878580331802368, "Epoch 559 Step 58": 2.8915741443634033, "Epoch 559 Step 59": 2.877828598022461, "Epoch 559 Step 60": 2.8828141689300537, "Epoch 559 Step 61": 2.8884496688842773, "Epoch 559 Step 62": 2.8728930950164795, "Epoch 559 Step 63": 2.8713221549987793, "Epoch 559 Step 64": 2.871811628341675, "Epoch 559 Step 65": 2.888392686843872, "Epoch 559 Step 66": 2.8820738792419434, "Epoch 559 Step 67": 2.877765655517578, "Epoch 559 Step 68": 2.88985013961792, "Epoch 559 Step 69": 2.8953590393066406, "Epoch 559 Step 70": 2.8803489208221436, "Epoch 559 Step 71": 2.87595534324646, "Epoch 559 Step 72": 2.887507915496826, "Epoch 559 Step 73": 2.8915138244628906, "Epoch 559 Step 74": 2.8809876441955566, "Epoch 559 Step 75": 2.88207745552063, "Epoch 559 Step 76": 2.8777546882629395, "Epoch 559 Step 77": 2.8874220848083496, "Epoch 559 Step 78": 2.8733952045440674, "Epoch 559 Step 79": 2.8854169845581055, "Epoch 559 Step 80": 2.879554271697998, "Epoch 559 Step 81": 2.8832035064697266, "Epoch 559 Step 82": 2.884848117828369, "Epoch 559 Step 83": 2.871269464492798, "Epoch 559 Step 84": 2.8850929737091064, "Epoch 559 Step 85": 2.887968063354492, "Epoch 559 Step 86": 2.885798692703247, "Epoch 559 Step 87": 2.8894855976104736, "Epoch 559 Step 88": 2.8844032287597656, "Epoch 559 Step 89": 2.872620105743408}