{"Epoch 707 Step 0": 2.8789637088775635, "Epoch 707 Step 1": 2.8852181434631348, "Epoch 707 Step 2": 2.8958747386932373, "Epoch 707 Step 3": 2.894313097000122, "Epoch 707 Step 4": 2.8933916091918945, "Epoch 707 Step 5": 2.887087821960449, "Epoch 707 Step 6": 2.8856725692749023, "Epoch 707 Step 7": 2.8837244510650635, "Epoch 707 Step 8": 2.9050450325012207, "Epoch 707 Step 9": 2.9004554748535156, "Epoch 707 Step 10": 2.8987033367156982, "Epoch 707 Step 11": 2.8770482540130615, "Epoch 707 Step 12": 2.889829158782959, "Epoch 707 Step 13": 2.894280433654785, "Epoch 707 Step 14": 2.875074625015259, "Epoch 707 Step 15": 2.886495590209961, "Epoch 707 Step 16": 2.8865373134613037, "Epoch 707 Step 17": 2.891665458679199, "Epoch 707 Step 18": 2.8956751823425293, "Epoch 707 Step 19": 2.881782293319702, "Epoch 707 Step 20": 2.8928842544555664, "Epoch 707 Step 21": 2.879415512084961, "Epoch 707 Step 22": 2.8856306076049805, "Epoch 707 Step 23": 2.8773138523101807, "Epoch 707 Step 24": 2.8923985958099365, "Epoch 707 Step 25": 2.878757953643799, "Epoch 707 Step 26": 2.8832318782806396, "Epoch 707 Step 27": 2.888805389404297, "Epoch 707 Step 28": 2.8729143142700195, "Epoch 707 Step 29": 2.8716204166412354, "Epoch 707 Step 30": 2.8727850914001465, "Epoch 707 Step 31": 2.8886539936065674, "Epoch 707 Step 32": 2.8822238445281982, "Epoch 707 Step 33": 2.8781261444091797, "Epoch 707 Step 34": 2.890282154083252, "Epoch 707 Step 35": 2.895909309387207, "Epoch 707 Step 36": 2.8808343410491943, "Epoch 707 Step 37": 2.876636266708374, "Epoch 707 Step 38": 2.8872647285461426, "Epoch 707 Step 39": 2.8917036056518555, "Epoch 707 Step 40": 2.8811464309692383, "Epoch 707 Step 41": 2.8824005126953125, "Epoch 707 Step 42": 2.877821445465088, "Epoch 707 Step 43": 2.8881161212921143, "Epoch 707 Step 44": 2.874108076095581, "Epoch 707 Step 45": 2.885843276977539, "Epoch 707 Step 46": 2.8795790672302246, "Epoch 707 Step 47": 2.883446455001831, "Epoch 707 Step 48": 2.884667158126831, "Epoch 707 Step 49": 2.871561288833618, "Epoch 707 Step 50": 2.8852360248565674, "Epoch 707 Step 51": 2.8877997398376465, "Epoch 707 Step 52": 2.885791778564453, "Epoch 707 Step 53": 2.889683246612549, "Epoch 707 Step 54": 2.8847031593322754, "Epoch 707 Step 55": 2.872593402862549, "Epoch 707 Step 56": 2.8810949325561523, "Epoch 707 Step 57": 2.8774423599243164, "Epoch 707 Step 58": 2.883124351501465, "Epoch 707 Step 59": 2.883120536804199, "Epoch 707 Step 60": 2.8907833099365234, "Epoch 707 Step 61": 2.884547472000122, "Epoch 707 Step 62": 2.88492751121521, "Epoch 707 Step 63": 2.8811864852905273, "Epoch 707 Step 64": 2.875527858734131, "Epoch 707 Step 65": 2.879934549331665, "Epoch 707 Step 66": 2.8945155143737793, "Epoch 707 Step 67": 2.8883330821990967, "Epoch 707 Step 68": 2.8736910820007324, "Epoch 707 Step 69": 2.8903615474700928, "Epoch 707 Step 70": 2.8820602893829346, "Epoch 707 Step 71": 2.8752927780151367, "Epoch 707 Step 72": 2.872469186782837, "Epoch 707 Step 73": 2.882967472076416, "Epoch 707 Step 74": 2.888119697570801, "Epoch 707 Step 75": 2.8804514408111572, "Epoch 707 Step 76": 2.8793437480926514, "Epoch 707 Step 77": 2.8778889179229736, "Epoch 707 Step 78": 2.8766815662384033, "Epoch 707 Step 79": 2.8880176544189453, "Epoch 707 Step 80": 2.8739688396453857, "Epoch 707 Step 81": 2.8909597396850586, "Epoch 707 Step 82": 2.87215256690979, "Epoch 707 Step 83": 2.874652862548828, "Epoch 707 Step 84": 2.880279064178467, "Epoch 707 Step 85": 2.867924451828003, "Epoch 707 Step 86": 2.8866777420043945, "Epoch 707 Step 87": 2.8815724849700928, "Epoch 707 Step 88": 2.8873937129974365, "Epoch 707 Step 89": 2.8934481143951416}