{"Epoch 457 Step 0": 2.8734209537506104, "Epoch 457 Step 1": 2.8907008171081543, "Epoch 457 Step 2": 2.8826541900634766, "Epoch 457 Step 3": 2.8753771781921387, "Epoch 457 Step 4": 2.8730432987213135, "Epoch 457 Step 5": 2.88254451751709, "Epoch 457 Step 6": 2.887887716293335, "Epoch 457 Step 7": 2.8800814151763916, "Epoch 457 Step 8": 2.878227472305298, "Epoch 457 Step 9": 2.8781867027282715, "Epoch 457 Step 10": 2.8770079612731934, "Epoch 457 Step 11": 2.887697696685791, "Epoch 457 Step 12": 2.8748703002929688, "Epoch 457 Step 13": 2.8912718296051025, "Epoch 457 Step 14": 2.871201515197754, "Epoch 457 Step 15": 2.8744499683380127, "Epoch 457 Step 16": 2.8800947666168213, "Epoch 457 Step 17": 2.8672962188720703, "Epoch 457 Step 18": 2.887787103652954, "Epoch 457 Step 19": 2.881824493408203, "Epoch 457 Step 20": 2.8872406482696533, "Epoch 457 Step 21": 2.893228769302368, "Epoch 457 Step 22": 2.8862407207489014, "Epoch 457 Step 23": 2.879274606704712, "Epoch 457 Step 24": 2.885531425476074, "Epoch 457 Step 25": 2.895402193069458, "Epoch 457 Step 26": 2.8953914642333984, "Epoch 457 Step 27": 2.8943557739257812, "Epoch 457 Step 28": 2.8883211612701416, "Epoch 457 Step 29": 2.885772705078125, "Epoch 457 Step 30": 2.882488965988159, "Epoch 457 Step 31": 2.9037864208221436, "Epoch 457 Step 32": 2.8995048999786377, "Epoch 457 Step 33": 2.8975093364715576, "Epoch 457 Step 34": 2.8760986328125, "Epoch 457 Step 35": 2.8904271125793457, "Epoch 457 Step 36": 2.8938653469085693, "Epoch 457 Step 37": 2.875380754470825, "Epoch 457 Step 38": 2.8866097927093506, "Epoch 457 Step 39": 2.8868918418884277, "Epoch 457 Step 40": 2.8912899494171143, "Epoch 457 Step 41": 2.895002603530884, "Epoch 457 Step 42": 2.880896806716919, "Epoch 457 Step 43": 2.892561197280884, "Epoch 457 Step 44": 2.878345251083374, "Epoch 457 Step 45": 2.8848371505737305, "Epoch 457 Step 46": 2.8777482509613037, "Epoch 457 Step 47": 2.891908884048462, "Epoch 457 Step 48": 2.878264904022217, "Epoch 457 Step 49": 2.8830525875091553, "Epoch 457 Step 50": 2.8892898559570312, "Epoch 457 Step 51": 2.8740148544311523, "Epoch 457 Step 52": 2.8717703819274902, "Epoch 457 Step 53": 2.8723180294036865, "Epoch 457 Step 54": 2.888713836669922, "Epoch 457 Step 55": 2.8820595741271973, "Epoch 457 Step 56": 2.8773410320281982, "Epoch 457 Step 57": 2.889434576034546, "Epoch 457 Step 58": 2.8946993350982666, "Epoch 457 Step 59": 2.880688428878784, "Epoch 457 Step 60": 2.8762824535369873, "Epoch 457 Step 61": 2.887190103530884, "Epoch 457 Step 62": 2.8916726112365723, "Epoch 457 Step 63": 2.8812341690063477, "Epoch 457 Step 64": 2.8823986053466797, "Epoch 457 Step 65": 2.8779141902923584, "Epoch 457 Step 66": 2.8879234790802, "Epoch 457 Step 67": 2.8737869262695312, "Epoch 457 Step 68": 2.8857686519622803, "Epoch 457 Step 69": 2.878833055496216, "Epoch 457 Step 70": 2.8829660415649414, "Epoch 457 Step 71": 2.8844707012176514, "Epoch 457 Step 72": 2.8710291385650635, "Epoch 457 Step 73": 2.8849430084228516, "Epoch 457 Step 74": 2.887725830078125, "Epoch 457 Step 75": 2.8856537342071533, "Epoch 457 Step 76": 2.8894574642181396, "Epoch 457 Step 77": 2.8843517303466797, "Epoch 457 Step 78": 2.8722121715545654, "Epoch 457 Step 79": 2.8810102939605713, "Epoch 457 Step 80": 2.8768928050994873, "Epoch 457 Step 81": 2.88230299949646, "Epoch 457 Step 82": 2.883147954940796, "Epoch 457 Step 83": 2.8908190727233887, "Epoch 457 Step 84": 2.8848586082458496, "Epoch 457 Step 85": 2.885091781616211, "Epoch 457 Step 86": 2.881096839904785, "Epoch 457 Step 87": 2.8752760887145996, "Epoch 457 Step 88": 2.879481792449951, "Epoch 457 Step 89": 2.8939077854156494}