{"Epoch 33 Step 0": 2.8666439056396484, "Epoch 33 Step 1": 2.8571348190307617, "Epoch 33 Step 2": 2.8651745319366455, "Epoch 33 Step 3": 2.860788106918335, "Epoch 33 Step 4": 2.853414297103882, "Epoch 33 Step 5": 2.8537139892578125, "Epoch 33 Step 6": 2.817384719848633, "Epoch 33 Step 7": 2.8539204597473145, "Epoch 33 Step 8": 2.8702855110168457, "Epoch 33 Step 9": 2.8447935581207275, "Epoch 33 Step 10": 2.8469502925872803, "Epoch 33 Step 11": 2.8833394050598145, "Epoch 33 Step 12": 2.8566653728485107, "Epoch 33 Step 13": 2.8803999423980713, "Epoch 33 Step 14": 2.878757953643799, "Epoch 33 Step 15": 2.865309238433838, "Epoch 33 Step 16": 2.8461122512817383, "Epoch 33 Step 17": 2.87485671043396, "Epoch 33 Step 18": 2.8756461143493652, "Epoch 33 Step 19": 2.867861032485962, "Epoch 33 Step 20": 2.8624675273895264, "Epoch 33 Step 21": 2.874915599822998, "Epoch 33 Step 22": 2.882582187652588, "Epoch 33 Step 23": 2.802788257598877, "Epoch 33 Step 24": 2.8463943004608154, "Epoch 33 Step 25": 2.7955355644226074, "Epoch 33 Step 26": 2.8350625038146973, "Epoch 33 Step 27": 2.8759591579437256, "Epoch 33 Step 28": 2.872183322906494, "Epoch 33 Step 29": 2.8804805278778076, "Epoch 33 Step 30": 2.8662796020507812, "Epoch 33 Step 31": 2.7645998001098633, "Epoch 33 Step 32": 2.7074568271636963, "Epoch 33 Step 33": 2.815048933029175, "Epoch 33 Step 34": 2.8809874057769775, "Epoch 33 Step 35": 2.8689916133880615, "Epoch 33 Step 36": 2.8551621437072754, "Epoch 33 Step 37": 2.863524913787842, "Epoch 33 Step 38": 2.8774945735931396, "Epoch 33 Step 39": 2.8758633136749268, "Epoch 33 Step 40": 2.8802297115325928, "Epoch 33 Step 41": 2.864147663116455, "Epoch 33 Step 42": 2.8813390731811523, "Epoch 33 Step 43": 2.8795039653778076, "Epoch 33 Step 44": 2.8394837379455566, "Epoch 33 Step 45": 2.847442865371704, "Epoch 33 Step 46": 2.855422019958496, "Epoch 33 Step 47": 2.857689380645752, "Epoch 33 Step 48": 2.873034954071045, "Epoch 33 Step 49": 2.87353253364563, "Epoch 33 Step 50": 2.8732588291168213, "Epoch 33 Step 51": 2.8770861625671387, "Epoch 33 Step 52": 2.8667445182800293, "Epoch 33 Step 53": 2.8858325481414795, "Epoch 33 Step 54": 2.8675551414489746, "Epoch 33 Step 55": 2.8713345527648926, "Epoch 33 Step 56": 2.880838394165039, "Epoch 33 Step 57": 2.874821186065674, "Epoch 33 Step 58": 2.8711540699005127, "Epoch 33 Step 59": 2.8744125366210938, "Epoch 33 Step 60": 2.8577659130096436, "Epoch 33 Step 61": 2.835296630859375, "Epoch 33 Step 62": 2.860527753829956, "Epoch 33 Step 63": 2.8738808631896973, "Epoch 33 Step 64": 2.8438804149627686, "Epoch 33 Step 65": 2.860924243927002, "Epoch 33 Step 66": 2.861107349395752, "Epoch 33 Step 67": 2.8516013622283936, "Epoch 33 Step 68": 2.8812952041625977, "Epoch 33 Step 69": 2.857478141784668, "Epoch 33 Step 70": 2.870556354522705, "Epoch 33 Step 71": 2.855318546295166, "Epoch 33 Step 72": 2.8692710399627686, "Epoch 33 Step 73": 2.822071075439453, "Epoch 33 Step 74": 2.883711576461792, "Epoch 33 Step 75": 2.847109794616699, "Epoch 33 Step 76": 2.8804426193237305, "Epoch 33 Step 77": 2.864095687866211, "Epoch 33 Step 78": 2.846803903579712, "Epoch 33 Step 79": 2.844202995300293, "Epoch 33 Step 80": 2.8631017208099365, "Epoch 33 Step 81": 2.8514721393585205, "Epoch 33 Step 82": 2.8448851108551025, "Epoch 33 Step 83": 2.876770257949829, "Epoch 33 Step 84": 2.867173433303833, "Epoch 33 Step 85": 2.859238862991333, "Epoch 33 Step 86": 2.8443145751953125, "Epoch 33 Step 87": 2.857072353363037, "Epoch 33 Step 88": 2.858262062072754, "Epoch 33 Step 89": 2.8342983722686768, "Epoch 33 Step 90": 2.849125623703003, "Epoch 33 Step 91": 2.8478708267211914, "Epoch 33 Step 92": 2.8418078422546387, "Epoch 33 Step 93": 2.8351104259490967, "Epoch 33 Step 94": 2.870709180831909, "Epoch 33 Step 95": 2.839236259460449, "Epoch 33 Step 96": 2.8783938884735107, "Epoch 33 Step 97": 2.859955072402954, "Epoch 33 Step 98": 2.8394362926483154, "Epoch 33 Step 99": 2.875258207321167, "Epoch 33 Step 100": 2.8506739139556885, "Epoch 33 Step 101": 2.858854055404663, "Epoch 33 Step 102": 2.863720417022705, "Epoch 33 Step 103": 2.830233573913574, "Epoch 33 Step 104": 2.87565279006958, "Epoch 33 Step 105": 2.855811357498169, "Epoch 33 Step 106": 2.8749501705169678, "Epoch 33 Step 107": 2.8692753314971924, "Epoch 33 Step 108": 2.8933818340301514, "Epoch 33 Step 109": 2.8787214756011963, "Epoch 33 Step 110": 2.8368289470672607, "Epoch 33 Step 111": 2.8693394660949707, "Epoch 33 Step 112": 2.855954885482788, "Epoch 33 Step 113": 2.844766616821289, "Epoch 33 Step 114": 2.8570189476013184, "Epoch 33 Step 115": 2.8546361923217773, "Epoch 33 Step 116": 2.8785009384155273, "Epoch 33 Step 117": 2.8581957817077637, "Epoch 33 Step 118": 2.8776800632476807, "Epoch 33 Step 119": 2.8731865882873535, "Epoch 33 Step 120": 2.8781278133392334, "Epoch 33 Step 121": 2.8524837493896484, "Epoch 33 Step 122": 2.8663737773895264, "Epoch 33 Step 123": 2.8626303672790527, "Epoch 33 Step 124": 2.8546478748321533, "Epoch 33 Step 125": 2.8672358989715576, "Epoch 33 Step 126": 2.843696355819702, "Epoch 33 Step 127": 2.8669471740722656, "Epoch 33 Step 128": 2.872607707977295, "Epoch 33 Step 129": 2.8126413822174072, "Epoch 33 Step 130": 2.8536250591278076, "Epoch 33 Step 131": 2.8478221893310547, "Epoch 33 Step 132": 2.862515449523926, "Epoch 33 Step 133": 2.8709256649017334, "Epoch 33 Step 134": 2.8437416553497314, "Epoch 33 Step 135": 2.864159107208252, "Epoch 33 Step 136": 2.812370538711548, "Epoch 33 Step 137": 2.8467671871185303, "Epoch 33 Step 138": 2.8731608390808105, "Epoch 33 Step 139": 2.863112211227417, "Epoch 33 Step 140": 2.8585867881774902, "Epoch 33 Step 141": 2.8473966121673584, "Epoch 33 Step 142": 2.8656649589538574, "Epoch 33 Step 143": 2.8515260219573975, "Epoch 33 Step 144": 2.8627772331237793, "Epoch 33 Step 145": 2.865689516067505, "Epoch 33 Step 146": 2.8629446029663086, "Epoch 33 Step 147": 2.8564555644989014, "Epoch 33 Step 148": 2.858023166656494, "Epoch 33 Step 149": 2.8361170291900635, "Epoch 33 Step 150": 2.840039014816284, "Epoch 33 Step 151": 2.829700231552124, "Epoch 33 Step 152": 2.8648946285247803, "Epoch 33 Step 153": 2.8709359169006348, "Epoch 33 Step 154": 2.8604636192321777, "Epoch 33 Step 155": 2.861725091934204, "Epoch 33 Step 156": 2.8532299995422363, "Epoch 33 Step 157": 2.8684399127960205, "Epoch 33 Step 158": 2.8899285793304443, "Epoch 33 Step 159": 2.8081438541412354, "Epoch 33 Step 160": 2.8588173389434814, "Epoch 33 Step 161": 2.850710868835449, "Epoch 33 Step 162": 2.873898506164551, "Epoch 33 Step 163": 2.8562872409820557, "Epoch 33 Step 164": 2.878397226333618, "Epoch 33 Step 165": 2.8517751693725586, "Epoch 33 Step 166": 2.8408145904541016, "Epoch 33 Step 167": 2.852727174758911, "Epoch 33 Step 168": 2.86333966255188, "Epoch 33 Step 169": 2.8518893718719482, "Epoch 33 Step 170": 2.872997522354126, "Epoch 33 Step 171": 2.859513998031616, "Epoch 33 Step 172": 2.8236682415008545, "Epoch 33 Step 173": 2.8500468730926514, "Epoch 33 Step 174": 2.8518118858337402, "Epoch 33 Step 175": 2.850158452987671, "Epoch 33 Step 176": 2.8690173625946045, "Epoch 33 Step 177": 2.8634214401245117, "Epoch 33 Step 178": 2.865675449371338, "Epoch 33 Step 179": 2.811105966567993, "Epoch 33 Step 180": 2.861555337905884, "Epoch 33 Step 181": 2.8566412925720215, "Epoch 33 Step 182": 2.862748622894287, "Epoch 33 Step 183": 2.8628439903259277, "Epoch 33 Step 184": 2.8711609840393066, "Epoch 33 Step 185": 2.8689608573913574, "Epoch 33 Step 186": 2.851724147796631, "Epoch 33 Step 187": 2.8764281272888184, "Epoch 33 Step 188": 2.8757753372192383, "Epoch 33 Step 189": 2.8634378910064697, "Epoch 33 Step 190": 2.8588502407073975, "Epoch 33 Step 191": 2.868612051010132, "Epoch 33 Step 192": 2.8589720726013184, "Epoch 33 Step 193": 2.8569858074188232, "Epoch 33 Step 194": 2.838162660598755, "Epoch 33 Step 195": 2.8192436695098877, "Epoch 33 Step 196": 2.8694851398468018, "Epoch 33 Step 197": 2.846933603286743, "Epoch 33 Step 198": 2.845944404602051,