{"Epoch 178 Step 0": 2.8799362182617188, "Epoch 178 Step 1": 2.8828163146972656, "Epoch 178 Step 2": 2.8920249938964844, "Epoch 178 Step 3": 2.88429856300354, "Epoch 178 Step 4": 2.8770647048950195, "Epoch 178 Step 5": 2.8829872608184814, "Epoch 178 Step 6": 2.894395351409912, "Epoch 178 Step 7": 2.893678903579712, "Epoch 178 Step 8": 2.891780138015747, "Epoch 178 Step 9": 2.8871891498565674, "Epoch 178 Step 10": 2.8855042457580566, "Epoch 178 Step 11": 2.883727788925171, "Epoch 178 Step 12": 2.9024131298065186, "Epoch 178 Step 13": 2.897982120513916, "Epoch 178 Step 14": 2.897122859954834, "Epoch 178 Step 15": 2.8748722076416016, "Epoch 178 Step 16": 2.887749195098877, "Epoch 178 Step 17": 2.8926708698272705, "Epoch 178 Step 18": 2.873642921447754, "Epoch 178 Step 19": 2.8849570751190186, "Epoch 178 Step 20": 2.886504888534546, "Epoch 178 Step 21": 2.8905205726623535, "Epoch 178 Step 22": 2.8944711685180664, "Epoch 178 Step 23": 2.879990339279175, "Epoch 178 Step 24": 2.89103627204895, "Epoch 178 Step 25": 2.877122163772583, "Epoch 178 Step 26": 2.8844292163848877, "Epoch 178 Step 27": 2.8769233226776123, "Epoch 178 Step 28": 2.889880418777466, "Epoch 178 Step 29": 2.8756163120269775, "Epoch 178 Step 30": 2.8815059661865234, "Epoch 178 Step 31": 2.887131929397583, "Epoch 178 Step 32": 2.8722035884857178, "Epoch 178 Step 33": 2.870497465133667, "Epoch 178 Step 34": 2.8712997436523438, "Epoch 178 Step 35": 2.8865764141082764, "Epoch 178 Step 36": 2.8803281784057617, "Epoch 178 Step 37": 2.8766815662384033, "Epoch 178 Step 38": 2.8894968032836914, "Epoch 178 Step 39": 2.8928332328796387, "Epoch 178 Step 40": 2.8787381649017334, "Epoch 178 Step 41": 2.8746845722198486, "Epoch 178 Step 42": 2.8853790760040283, "Epoch 178 Step 43": 2.8899149894714355, "Epoch 178 Step 44": 2.879565477371216, "Epoch 178 Step 45": 2.8808422088623047, "Epoch 178 Step 46": 2.8749468326568604, "Epoch 178 Step 47": 2.8856213092803955, "Epoch 178 Step 48": 2.872175455093384, "Epoch 178 Step 49": 2.883781909942627, "Epoch 178 Step 50": 2.877422571182251, "Epoch 178 Step 51": 2.8826682567596436, "Epoch 178 Step 52": 2.8819963932037354, "Epoch 178 Step 53": 2.8695950508117676, "Epoch 178 Step 54": 2.882962465286255, "Epoch 178 Step 55": 2.885848045349121, "Epoch 178 Step 56": 2.883448362350464, "Epoch 178 Step 57": 2.887188196182251, "Epoch 178 Step 58": 2.882845878601074, "Epoch 178 Step 59": 2.8711535930633545, "Epoch 178 Step 60": 2.879523754119873, "Epoch 178 Step 61": 2.8750102519989014, "Epoch 178 Step 62": 2.8812243938446045, "Epoch 178 Step 63": 2.8803048133850098, "Epoch 178 Step 64": 2.889653444290161, "Epoch 178 Step 65": 2.8840653896331787, "Epoch 178 Step 66": 2.883087158203125, "Epoch 178 Step 67": 2.880391836166382, "Epoch 178 Step 68": 2.874502182006836, "Epoch 178 Step 69": 2.8774216175079346, "Epoch 178 Step 70": 2.8915481567382812, "Epoch 178 Step 71": 2.8862111568450928, "Epoch 178 Step 72": 2.871856212615967, "Epoch 178 Step 73": 2.8882811069488525, "Epoch 178 Step 74": 2.8814027309417725, "Epoch 178 Step 75": 2.874117612838745, "Epoch 178 Step 76": 2.871182918548584, "Epoch 178 Step 77": 2.881408929824829, "Epoch 178 Step 78": 2.886453866958618, "Epoch 178 Step 79": 2.8783156871795654, "Epoch 178 Step 80": 2.8776493072509766, "Epoch 178 Step 81": 2.876901149749756, "Epoch 178 Step 82": 2.8755197525024414, "Epoch 178 Step 83": 2.8851640224456787, "Epoch 178 Step 84": 2.8719370365142822, "Epoch 178 Step 85": 2.889404296875, "Epoch 178 Step 86": 2.8715906143188477, "Epoch 178 Step 87": 2.8725438117980957, "Epoch 178 Step 88": 2.8774220943450928, "Epoch 178 Step 89": 2.8669557571411133}