{"Epoch 485 Step 0": 2.8804831504821777, "Epoch 485 Step 1": 2.882438898086548, "Epoch 485 Step 2": 2.8779022693634033, "Epoch 485 Step 3": 2.887625217437744, "Epoch 485 Step 4": 2.87361478805542, "Epoch 485 Step 5": 2.885303258895874, "Epoch 485 Step 6": 2.8793652057647705, "Epoch 485 Step 7": 2.8836700916290283, "Epoch 485 Step 8": 2.8850510120391846, "Epoch 485 Step 9": 2.8713324069976807, "Epoch 485 Step 10": 2.8843564987182617, "Epoch 485 Step 11": 2.8883540630340576, "Epoch 485 Step 12": 2.886476993560791, "Epoch 485 Step 13": 2.889716625213623, "Epoch 485 Step 14": 2.883945941925049, "Epoch 485 Step 15": 2.872532367706299, "Epoch 485 Step 16": 2.881784439086914, "Epoch 485 Step 17": 2.878023147583008, "Epoch 485 Step 18": 2.8835690021514893, "Epoch 485 Step 19": 2.8828957080841064, "Epoch 485 Step 20": 2.891298532485962, "Epoch 485 Step 21": 2.8848752975463867, "Epoch 485 Step 22": 2.8852767944335938, "Epoch 485 Step 23": 2.881058931350708, "Epoch 485 Step 24": 2.875737190246582, "Epoch 485 Step 25": 2.8796446323394775, "Epoch 485 Step 26": 2.894054889678955, "Epoch 485 Step 27": 2.8880865573883057, "Epoch 485 Step 28": 2.8738934993743896, "Epoch 485 Step 29": 2.8907971382141113, "Epoch 485 Step 30": 2.8820300102233887, "Epoch 485 Step 31": 2.8754236698150635, "Epoch 485 Step 32": 2.872490167617798, "Epoch 485 Step 33": 2.8825793266296387, "Epoch 485 Step 34": 2.888171434402466, "Epoch 485 Step 35": 2.88063645362854, "Epoch 485 Step 36": 2.878675699234009, "Epoch 485 Step 37": 2.8783249855041504, "Epoch 485 Step 38": 2.8775389194488525, "Epoch 485 Step 39": 2.8878262042999268, "Epoch 485 Step 40": 2.874542236328125, "Epoch 485 Step 41": 2.8913817405700684, "Epoch 485 Step 42": 2.871397018432617, "Epoch 485 Step 43": 2.8746132850646973, "Epoch 485 Step 44": 2.8801088333129883, "Epoch 485 Step 45": 2.86780047416687, "Epoch 485 Step 46": 2.887490749359131, "Epoch 485 Step 47": 2.881983995437622, "Epoch 485 Step 48": 2.8869643211364746, "Epoch 485 Step 49": 2.8931446075439453, "Epoch 485 Step 50": 2.8864898681640625, "Epoch 485 Step 51": 2.879000663757324, "Epoch 485 Step 52": 2.8848438262939453, "Epoch 485 Step 53": 2.8949482440948486, "Epoch 485 Step 54": 2.8944177627563477, "Epoch 485 Step 55": 2.89268159866333, "Epoch 485 Step 56": 2.888951301574707, "Epoch 485 Step 57": 2.886777400970459, "Epoch 485 Step 58": 2.884901285171509, "Epoch 485 Step 59": 2.905160903930664, "Epoch 485 Step 60": 2.9009850025177, "Epoch 485 Step 61": 2.8991425037384033, "Epoch 485 Step 62": 2.875105619430542, "Epoch 485 Step 63": 2.887998104095459, "Epoch 485 Step 64": 2.892717123031616, "Epoch 485 Step 65": 2.875173330307007, "Epoch 485 Step 66": 2.886479139328003, "Epoch 485 Step 67": 2.887007474899292, "Epoch 485 Step 68": 2.8912956714630127, "Epoch 485 Step 69": 2.8955602645874023, "Epoch 485 Step 70": 2.8819661140441895, "Epoch 485 Step 71": 2.8949313163757324, "Epoch 485 Step 72": 2.8785881996154785, "Epoch 485 Step 73": 2.884817361831665, "Epoch 485 Step 74": 2.878330707550049, "Epoch 485 Step 75": 2.891247272491455, "Epoch 485 Step 76": 2.877423048019409, "Epoch 485 Step 77": 2.882932186126709, "Epoch 485 Step 78": 2.8885631561279297, "Epoch 485 Step 79": 2.8734757900238037, "Epoch 485 Step 80": 2.8720061779022217, "Epoch 485 Step 81": 2.872436285018921, "Epoch 485 Step 82": 2.8881795406341553, "Epoch 485 Step 83": 2.8818867206573486, "Epoch 485 Step 84": 2.8786964416503906, "Epoch 485 Step 85": 2.890443801879883, "Epoch 485 Step 86": 2.8958184719085693, "Epoch 485 Step 87": 2.8806726932525635, "Epoch 485 Step 88": 2.8758604526519775, "Epoch 485 Step 89": 2.887355327606201}