{"Epoch 796 Step 0": 2.8968608379364014, "Epoch 796 Step 1": 2.8939459323883057, "Epoch 796 Step 2": 2.892303466796875, "Epoch 796 Step 3": 2.888075351715088, "Epoch 796 Step 4": 2.8868610858917236, "Epoch 796 Step 5": 2.8852028846740723, "Epoch 796 Step 6": 2.904087781906128, "Epoch 796 Step 7": 2.9025309085845947, "Epoch 796 Step 8": 2.8943660259246826, "Epoch 796 Step 9": 2.8788437843322754, "Epoch 796 Step 10": 2.892016649246216, "Epoch 796 Step 11": 2.894991636276245, "Epoch 796 Step 12": 2.875088930130005, "Epoch 796 Step 13": 2.8870954513549805, "Epoch 796 Step 14": 2.8879263401031494, "Epoch 796 Step 15": 2.892375946044922, "Epoch 796 Step 16": 2.895775318145752, "Epoch 796 Step 17": 2.8810999393463135, "Epoch 796 Step 18": 2.8930578231811523, "Epoch 796 Step 19": 2.879390001296997, "Epoch 796 Step 20": 2.886078119277954, "Epoch 796 Step 21": 2.8784048557281494, "Epoch 796 Step 22": 2.892167806625366, "Epoch 796 Step 23": 2.8776702880859375, "Epoch 796 Step 24": 2.8833038806915283, "Epoch 796 Step 25": 2.889143943786621, "Epoch 796 Step 26": 2.874148368835449, "Epoch 796 Step 27": 2.872300386428833, "Epoch 796 Step 28": 2.872129440307617, "Epoch 796 Step 29": 2.8898980617523193, "Epoch 796 Step 30": 2.884134292602539, "Epoch 796 Step 31": 2.8772852420806885, "Epoch 796 Step 32": 2.888167381286621, "Epoch 796 Step 33": 2.895151376724243, "Epoch 796 Step 34": 2.8820841312408447, "Epoch 796 Step 35": 2.876037120819092, "Epoch 796 Step 36": 2.889526605606079, "Epoch 796 Step 37": 2.8933980464935303, "Epoch 796 Step 38": 2.8813302516937256, "Epoch 796 Step 39": 2.8814938068389893, "Epoch 796 Step 40": 2.8780062198638916, "Epoch 796 Step 41": 2.88757061958313, "Epoch 796 Step 42": 2.8745131492614746, "Epoch 796 Step 43": 2.8858327865600586, "Epoch 796 Step 44": 2.8793981075286865, "Epoch 796 Step 45": 2.88250732421875, "Epoch 796 Step 46": 2.8849167823791504, "Epoch 796 Step 47": 2.8711767196655273, "Epoch 796 Step 48": 2.885467529296875, "Epoch 796 Step 49": 2.8879268169403076, "Epoch 796 Step 50": 2.8858470916748047, "Epoch 796 Step 51": 2.889558792114258, "Epoch 796 Step 52": 2.884429931640625, "Epoch 796 Step 53": 2.8724546432495117, "Epoch 796 Step 54": 2.8811233043670654, "Epoch 796 Step 55": 2.877035617828369, "Epoch 796 Step 56": 2.8823211193084717, "Epoch 796 Step 57": 2.8835320472717285, "Epoch 796 Step 58": 2.8914644718170166, "Epoch 796 Step 59": 2.8848423957824707, "Epoch 796 Step 60": 2.8848540782928467, "Epoch 796 Step 61": 2.881171464920044, "Epoch 796 Step 62": 2.875948905944824, "Epoch 796 Step 63": 2.879121780395508, "Epoch 796 Step 64": 2.893794536590576, "Epoch 796 Step 65": 2.8884637355804443, "Epoch 796 Step 66": 2.874095916748047, "Epoch 796 Step 67": 2.890878677368164, "Epoch 796 Step 68": 2.881714344024658, "Epoch 796 Step 69": 2.876826524734497, "Epoch 796 Step 70": 2.872793197631836, "Epoch 796 Step 71": 2.8823885917663574, "Epoch 796 Step 72": 2.887847900390625, "Epoch 796 Step 73": 2.8813390731811523, "Epoch 796 Step 74": 2.8797974586486816, "Epoch 796 Step 75": 2.8786072731018066, "Epoch 796 Step 76": 2.876023292541504, "Epoch 796 Step 77": 2.8877828121185303, "Epoch 796 Step 78": 2.8743417263031006, "Epoch 796 Step 79": 2.891094207763672, "Epoch 796 Step 80": 2.8715617656707764, "Epoch 796 Step 81": 2.874945640563965, "Epoch 796 Step 82": 2.879481315612793, "Epoch 796 Step 83": 2.8680081367492676, "Epoch 796 Step 84": 2.8869071006774902, "Epoch 796 Step 85": 2.881828546524048, "Epoch 796 Step 86": 2.8874969482421875, "Epoch 796 Step 87": 2.8939919471740723, "Epoch 796 Step 88": 2.8860015869140625, "Epoch 796 Step 89": 2.878310203552246}