{"Epoch 423 Step 0": 2.875836133956909, "Epoch 423 Step 1": 2.889446496963501, "Epoch 423 Step 2": 2.8935937881469727, "Epoch 423 Step 3": 2.8753762245178223, "Epoch 423 Step 4": 2.886356830596924, "Epoch 423 Step 5": 2.8867311477661133, "Epoch 423 Step 6": 2.8914389610290527, "Epoch 423 Step 7": 2.896125316619873, "Epoch 423 Step 8": 2.882035732269287, "Epoch 423 Step 9": 2.8939871788024902, "Epoch 423 Step 10": 2.878408432006836, "Epoch 423 Step 11": 2.8843798637390137, "Epoch 423 Step 12": 2.8784029483795166, "Epoch 423 Step 13": 2.891767740249634, "Epoch 423 Step 14": 2.8779656887054443, "Epoch 423 Step 15": 2.882788896560669, "Epoch 423 Step 16": 2.888488531112671, "Epoch 423 Step 17": 2.8731977939605713, "Epoch 423 Step 18": 2.8715426921844482, "Epoch 423 Step 19": 2.871924638748169, "Epoch 423 Step 20": 2.8882999420166016, "Epoch 423 Step 21": 2.8814029693603516, "Epoch 423 Step 22": 2.877948045730591, "Epoch 423 Step 23": 2.890958786010742, "Epoch 423 Step 24": 2.8954570293426514, "Epoch 423 Step 25": 2.880500555038452, "Epoch 423 Step 26": 2.876070737838745, "Epoch 423 Step 27": 2.887072801589966, "Epoch 423 Step 28": 2.8912692070007324, "Epoch 423 Step 29": 2.8811299800872803, "Epoch 423 Step 30": 2.8818929195404053, "Epoch 423 Step 31": 2.8775839805603027, "Epoch 423 Step 32": 2.8877298831939697, "Epoch 423 Step 33": 2.8738820552825928, "Epoch 423 Step 34": 2.88551664352417, "Epoch 423 Step 35": 2.879122018814087, "Epoch 423 Step 36": 2.8831777572631836, "Epoch 423 Step 37": 2.8844969272613525, "Epoch 423 Step 38": 2.871408462524414, "Epoch 423 Step 39": 2.8844873905181885, "Epoch 423 Step 40": 2.888011932373047, "Epoch 423 Step 41": 2.885725736618042, "Epoch 423 Step 42": 2.889265537261963, "Epoch 423 Step 43": 2.884580612182617, "Epoch 423 Step 44": 2.8725733757019043, "Epoch 423 Step 45": 2.8813276290893555, "Epoch 423 Step 46": 2.8773279190063477, "Epoch 423 Step 47": 2.882782459259033, "Epoch 423 Step 48": 2.8834052085876465, "Epoch 423 Step 49": 2.890397787094116, "Epoch 423 Step 50": 2.8851325511932373, "Epoch 423 Step 51": 2.885254383087158, "Epoch 423 Step 52": 2.8816335201263428, "Epoch 423 Step 53": 2.8757362365722656, "Epoch 423 Step 54": 2.880204200744629, "Epoch 423 Step 55": 2.893846035003662, "Epoch 423 Step 56": 2.887909173965454, "Epoch 423 Step 57": 2.8744852542877197, "Epoch 423 Step 58": 2.890343427658081, "Epoch 423 Step 59": 2.8825695514678955, "Epoch 423 Step 60": 2.8755979537963867, "Epoch 423 Step 61": 2.8721601963043213, "Epoch 423 Step 62": 2.881899356842041, "Epoch 423 Step 63": 2.888216257095337, "Epoch 423 Step 64": 2.8808693885803223, "Epoch 423 Step 65": 2.8785552978515625, "Epoch 423 Step 66": 2.878492593765259, "Epoch 423 Step 67": 2.8761069774627686, "Epoch 423 Step 68": 2.887730598449707, "Epoch 423 Step 69": 2.875147581100464, "Epoch 423 Step 70": 2.891925096511841, "Epoch 423 Step 71": 2.8717005252838135, "Epoch 423 Step 72": 2.874605417251587, "Epoch 423 Step 73": 2.8799855709075928, "Epoch 423 Step 74": 2.868117570877075, "Epoch 423 Step 75": 2.8873467445373535, "Epoch 423 Step 76": 2.881734609603882, "Epoch 423 Step 77": 2.886610507965088, "Epoch 423 Step 78": 2.8930652141571045, "Epoch 423 Step 79": 2.8868067264556885, "Epoch 423 Step 80": 2.878173351287842, "Epoch 423 Step 81": 2.884544849395752, "Epoch 423 Step 82": 2.895627975463867, "Epoch 423 Step 83": 2.8947508335113525, "Epoch 423 Step 84": 2.8935277462005615, "Epoch 423 Step 85": 2.887970209121704, "Epoch 423 Step 86": 2.8862197399139404, "Epoch 423 Step 87": 2.881429433822632, "Epoch 423 Step 88": 2.9044649600982666, "Epoch 423 Step 89": 2.8991165161132812}