{"Epoch 185 Step 0": 2.870818853378296, "Epoch 185 Step 1": 2.8903539180755615, "Epoch 185 Step 2": 2.8709354400634766, "Epoch 185 Step 3": 2.8721649646759033, "Epoch 185 Step 4": 2.878735303878784, "Epoch 185 Step 5": 2.8668439388275146, "Epoch 185 Step 6": 2.885213613510132, "Epoch 185 Step 7": 2.8799359798431396, "Epoch 185 Step 8": 2.8831422328948975, "Epoch 185 Step 9": 2.8917384147644043, "Epoch 185 Step 10": 2.8849661350250244, "Epoch 185 Step 11": 2.8775765895843506, "Epoch 185 Step 12": 2.8819632530212402, "Epoch 185 Step 13": 2.8931379318237305, "Epoch 185 Step 14": 2.895548105239868, "Epoch 185 Step 15": 2.893381118774414, "Epoch 185 Step 16": 2.8862125873565674, "Epoch 185 Step 17": 2.8850040435791016, "Epoch 185 Step 18": 2.8826000690460205, "Epoch 185 Step 19": 2.9020228385925293, "Epoch 185 Step 20": 2.8986215591430664, "Epoch 185 Step 21": 2.8962159156799316, "Epoch 185 Step 22": 2.875128746032715, "Epoch 185 Step 23": 2.8880467414855957, "Epoch 185 Step 24": 2.892807960510254, "Epoch 185 Step 25": 2.873659610748291, "Epoch 185 Step 26": 2.8848235607147217, "Epoch 185 Step 27": 2.8863770961761475, "Epoch 185 Step 28": 2.8895609378814697, "Epoch 185 Step 29": 2.89434814453125, "Epoch 185 Step 30": 2.8795876502990723, "Epoch 185 Step 31": 2.8906219005584717, "Epoch 185 Step 32": 2.8785767555236816, "Epoch 185 Step 33": 2.884723663330078, "Epoch 185 Step 34": 2.877181053161621, "Epoch 185 Step 35": 2.8905880451202393, "Epoch 185 Step 36": 2.8757388591766357, "Epoch 185 Step 37": 2.88114070892334, "Epoch 185 Step 38": 2.886658191680908, "Epoch 185 Step 39": 2.871504783630371, "Epoch 185 Step 40": 2.8697621822357178, "Epoch 185 Step 41": 2.870277166366577, "Epoch 185 Step 42": 2.8874351978302, "Epoch 185 Step 43": 2.8805205821990967, "Epoch 185 Step 44": 2.8756346702575684, "Epoch 185 Step 45": 2.887359380722046, "Epoch 185 Step 46": 2.8929989337921143, "Epoch 185 Step 47": 2.8783395290374756, "Epoch 185 Step 48": 2.8754162788391113, "Epoch 185 Step 49": 2.8851616382598877, "Epoch 185 Step 50": 2.8899471759796143, "Epoch 185 Step 51": 2.878649950027466, "Epoch 185 Step 52": 2.8794398307800293, "Epoch 185 Step 53": 2.8749735355377197, "Epoch 185 Step 54": 2.885645627975464, "Epoch 185 Step 55": 2.8714067935943604, "Epoch 185 Step 56": 2.8823442459106445, "Epoch 185 Step 57": 2.8778882026672363, "Epoch 185 Step 58": 2.8818464279174805, "Epoch 185 Step 59": 2.882045269012451, "Epoch 185 Step 60": 2.8680837154388428, "Epoch 185 Step 61": 2.8839268684387207, "Epoch 185 Step 62": 2.8862178325653076, "Epoch 185 Step 63": 2.88350248336792, "Epoch 185 Step 64": 2.887366533279419, "Epoch 185 Step 65": 2.881944179534912, "Epoch 185 Step 66": 2.870943784713745, "Epoch 185 Step 67": 2.878777265548706, "Epoch 185 Step 68": 2.8753082752227783, "Epoch 185 Step 69": 2.8802855014801025, "Epoch 185 Step 70": 2.879511594772339, "Epoch 185 Step 71": 2.889127492904663, "Epoch 185 Step 72": 2.8846521377563477, "Epoch 185 Step 73": 2.8835411071777344, "Epoch 185 Step 74": 2.8795971870422363, "Epoch 185 Step 75": 2.87306809425354, "Epoch 185 Step 76": 2.877216339111328, "Epoch 185 Step 77": 2.8909926414489746, "Epoch 185 Step 78": 2.886610507965088, "Epoch 185 Step 79": 2.871859312057495, "Epoch 185 Step 80": 2.8885984420776367, "Epoch 185 Step 81": 2.8810436725616455, "Epoch 185 Step 82": 2.873276710510254, "Epoch 185 Step 83": 2.8678760528564453, "Epoch 185 Step 84": 2.880434036254883, "Epoch 185 Step 85": 2.886727809906006, "Epoch 185 Step 86": 2.8782687187194824, "Epoch 185 Step 87": 2.8780038356781006, "Epoch 185 Step 88": 2.877549171447754, "Epoch 185 Step 89": 2.8752095699310303}