{"Epoch 150 Step 0": 2.890166997909546, "Epoch 150 Step 1": 2.8754329681396484, "Epoch 150 Step 2": 2.8814375400543213, "Epoch 150 Step 3": 2.8880207538604736, "Epoch 150 Step 4": 2.8719139099121094, "Epoch 150 Step 5": 2.870443105697632, "Epoch 150 Step 6": 2.8711814880371094, "Epoch 150 Step 7": 2.8865931034088135, "Epoch 150 Step 8": 2.881035566329956, "Epoch 150 Step 9": 2.875828742980957, "Epoch 150 Step 10": 2.8891143798828125, "Epoch 150 Step 11": 2.891892671585083, "Epoch 150 Step 12": 2.8787143230438232, "Epoch 150 Step 13": 2.8756141662597656, "Epoch 150 Step 14": 2.8860058784484863, "Epoch 150 Step 15": 2.890336275100708, "Epoch 150 Step 16": 2.8802666664123535, "Epoch 150 Step 17": 2.880829334259033, "Epoch 150 Step 18": 2.875959873199463, "Epoch 150 Step 19": 2.886235475540161, "Epoch 150 Step 20": 2.8719327449798584, "Epoch 150 Step 21": 2.8838906288146973, "Epoch 150 Step 22": 2.877183437347412, "Epoch 150 Step 23": 2.8816826343536377, "Epoch 150 Step 24": 2.882511854171753, "Epoch 150 Step 25": 2.8690097332000732, "Epoch 150 Step 26": 2.882728338241577, "Epoch 150 Step 27": 2.886179208755493, "Epoch 150 Step 28": 2.883465051651001, "Epoch 150 Step 29": 2.8873186111450195, "Epoch 150 Step 30": 2.882622718811035, "Epoch 150 Step 31": 2.871962785720825, "Epoch 150 Step 32": 2.8791205883026123, "Epoch 150 Step 33": 2.8757424354553223, "Epoch 150 Step 34": 2.882176160812378, "Epoch 150 Step 35": 2.8818671703338623, "Epoch 150 Step 36": 2.888939142227173, "Epoch 150 Step 37": 2.8841710090637207, "Epoch 150 Step 38": 2.8834228515625, "Epoch 150 Step 39": 2.880328893661499, "Epoch 150 Step 40": 2.8755035400390625, "Epoch 150 Step 41": 2.877807855606079, "Epoch 150 Step 42": 2.891927480697632, "Epoch 150 Step 43": 2.8872663974761963, "Epoch 150 Step 44": 2.8725063800811768, "Epoch 150 Step 45": 2.888258218765259, "Epoch 150 Step 46": 2.880938768386841, "Epoch 150 Step 47": 2.8742423057556152, "Epoch 150 Step 48": 2.870586633682251, "Epoch 150 Step 49": 2.8808841705322266, "Epoch 150 Step 50": 2.8858065605163574, "Epoch 150 Step 51": 2.87825870513916, "Epoch 150 Step 52": 2.8779003620147705, "Epoch 150 Step 53": 2.8775570392608643, "Epoch 150 Step 54": 2.8752264976501465, "Epoch 150 Step 55": 2.8847854137420654, "Epoch 150 Step 56": 2.8714160919189453, "Epoch 150 Step 57": 2.8886497020721436, "Epoch 150 Step 58": 2.870522975921631, "Epoch 150 Step 59": 2.8721673488616943, "Epoch 150 Step 60": 2.8780837059020996, "Epoch 150 Step 61": 2.8665237426757812, "Epoch 150 Step 62": 2.8842031955718994, "Epoch 150 Step 63": 2.880676031112671, "Epoch 150 Step 64": 2.883911609649658, "Epoch 150 Step 65": 2.8916070461273193, "Epoch 150 Step 66": 2.884209632873535, "Epoch 150 Step 67": 2.8789420127868652, "Epoch 150 Step 68": 2.883760929107666, "Epoch 150 Step 69": 2.8956758975982666, "Epoch 150 Step 70": 2.8936290740966797, "Epoch 150 Step 71": 2.891915798187256, "Epoch 150 Step 72": 2.886164426803589, "Epoch 150 Step 73": 2.884312868118286, "Epoch 150 Step 74": 2.8812355995178223, "Epoch 150 Step 75": 2.9026148319244385, "Epoch 150 Step 76": 2.8979828357696533, "Epoch 150 Step 77": 2.8952600955963135, "Epoch 150 Step 78": 2.8752284049987793, "Epoch 150 Step 79": 2.8870656490325928, "Epoch 150 Step 80": 2.891162633895874, "Epoch 150 Step 81": 2.8740644454956055, "Epoch 150 Step 82": 2.885113000869751, "Epoch 150 Step 83": 2.8861775398254395, "Epoch 150 Step 84": 2.890350580215454, "Epoch 150 Step 85": 2.8947763442993164, "Epoch 150 Step 86": 2.879727840423584, "Epoch 150 Step 87": 2.8915040493011475, "Epoch 150 Step 88": 2.8760390281677246, "Epoch 150 Step 89": 2.8837387561798096}