{"Epoch 440 Step 0": 2.8680481910705566, "Epoch 440 Step 1": 2.8865175247192383, "Epoch 440 Step 2": 2.881734848022461, "Epoch 440 Step 3": 2.887267827987671, "Epoch 440 Step 4": 2.893397808074951, "Epoch 440 Step 5": 2.8863799571990967, "Epoch 440 Step 6": 2.8782711029052734, "Epoch 440 Step 7": 2.8851206302642822, "Epoch 440 Step 8": 2.8958144187927246, "Epoch 440 Step 9": 2.894284725189209, "Epoch 440 Step 10": 2.8920226097106934, "Epoch 440 Step 11": 2.887983798980713, "Epoch 440 Step 12": 2.8872950077056885, "Epoch 440 Step 13": 2.884753465652466, "Epoch 440 Step 14": 2.903872489929199, "Epoch 440 Step 15": 2.9019062519073486, "Epoch 440 Step 16": 2.899568557739258, "Epoch 440 Step 17": 2.87553334236145, "Epoch 440 Step 18": 2.8889477252960205, "Epoch 440 Step 19": 2.893054962158203, "Epoch 440 Step 20": 2.8751556873321533, "Epoch 440 Step 21": 2.8861160278320312, "Epoch 440 Step 22": 2.8867032527923584, "Epoch 440 Step 23": 2.891418218612671, "Epoch 440 Step 24": 2.895972490310669, "Epoch 440 Step 25": 2.8822147846221924, "Epoch 440 Step 26": 2.8930745124816895, "Epoch 440 Step 27": 2.878540277481079, "Epoch 440 Step 28": 2.8858072757720947, "Epoch 440 Step 29": 2.879194736480713, "Epoch 440 Step 30": 2.893521308898926, "Epoch 440 Step 31": 2.8781449794769287, "Epoch 440 Step 32": 2.8827269077301025, "Epoch 440 Step 33": 2.888261318206787, "Epoch 440 Step 34": 2.8732872009277344, "Epoch 440 Step 35": 2.871925115585327, "Epoch 440 Step 36": 2.872529983520508, "Epoch 440 Step 37": 2.8881096839904785, "Epoch 440 Step 38": 2.8820416927337646, "Epoch 440 Step 39": 2.8777668476104736, "Epoch 440 Step 40": 2.8908188343048096, "Epoch 440 Step 41": 2.895622968673706, "Epoch 440 Step 42": 2.8799338340759277, "Epoch 440 Step 43": 2.8757245540618896, "Epoch 440 Step 44": 2.888082504272461, "Epoch 440 Step 45": 2.891550302505493, "Epoch 440 Step 46": 2.8812239170074463, "Epoch 440 Step 47": 2.8823904991149902, "Epoch 440 Step 48": 2.877444267272949, "Epoch 440 Step 49": 2.8876068592071533, "Epoch 440 Step 50": 2.8739161491394043, "Epoch 440 Step 51": 2.885632276535034, "Epoch 440 Step 52": 2.8794567584991455, "Epoch 440 Step 53": 2.883638381958008, "Epoch 440 Step 54": 2.8849775791168213, "Epoch 440 Step 55": 2.871244430541992, "Epoch 440 Step 56": 2.884600877761841, "Epoch 440 Step 57": 2.888180732727051, "Epoch 440 Step 58": 2.88621187210083, "Epoch 440 Step 59": 2.8898534774780273, "Epoch 440 Step 60": 2.884472370147705, "Epoch 440 Step 61": 2.872622489929199, "Epoch 440 Step 62": 2.881289005279541, "Epoch 440 Step 63": 2.877657413482666, "Epoch 440 Step 64": 2.883270025253296, "Epoch 440 Step 65": 2.882899284362793, "Epoch 440 Step 66": 2.890261173248291, "Epoch 440 Step 67": 2.884857416152954, "Epoch 440 Step 68": 2.884760856628418, "Epoch 440 Step 69": 2.881214141845703, "Epoch 440 Step 70": 2.875617265701294, "Epoch 440 Step 71": 2.8795793056488037, "Epoch 440 Step 72": 2.894198179244995, "Epoch 440 Step 73": 2.8883559703826904, "Epoch 440 Step 74": 2.874192953109741, "Epoch 440 Step 75": 2.890505790710449, "Epoch 440 Step 76": 2.8819289207458496, "Epoch 440 Step 77": 2.8757870197296143, "Epoch 440 Step 78": 2.8727073669433594, "Epoch 440 Step 79": 2.8822383880615234, "Epoch 440 Step 80": 2.8876729011535645, "Epoch 440 Step 81": 2.8804280757904053, "Epoch 440 Step 82": 2.8787145614624023, "Epoch 440 Step 83": 2.878471612930298, "Epoch 440 Step 84": 2.876735210418701, "Epoch 440 Step 85": 2.887990713119507, "Epoch 440 Step 86": 2.8759918212890625, "Epoch 440 Step 87": 2.8915300369262695, "Epoch 440 Step 88": 2.871122121810913, "Epoch 440 Step 89": 2.8746984004974365}