{"Epoch 160 Step 0": 2.8731584548950195, "Epoch 160 Step 1": 2.8844311237335205, "Epoch 160 Step 2": 2.8854761123657227, "Epoch 160 Step 3": 2.889406681060791, "Epoch 160 Step 4": 2.8950119018554688, "Epoch 160 Step 5": 2.8800418376922607, "Epoch 160 Step 6": 2.8910725116729736, "Epoch 160 Step 7": 2.876192331314087, "Epoch 160 Step 8": 2.884408473968506, "Epoch 160 Step 9": 2.8760862350463867, "Epoch 160 Step 10": 2.890618324279785, "Epoch 160 Step 11": 2.875436544418335, "Epoch 160 Step 12": 2.8802807331085205, "Epoch 160 Step 13": 2.885733127593994, "Epoch 160 Step 14": 2.871318817138672, "Epoch 160 Step 15": 2.8698160648345947, "Epoch 160 Step 16": 2.8697264194488525, "Epoch 160 Step 17": 2.8853955268859863, "Epoch 160 Step 18": 2.8801634311676025, "Epoch 160 Step 19": 2.8750696182250977, "Epoch 160 Step 20": 2.8884549140930176, "Epoch 160 Step 21": 2.8931849002838135, "Epoch 160 Step 22": 2.877605438232422, "Epoch 160 Step 23": 2.8746702671051025, "Epoch 160 Step 24": 2.885727882385254, "Epoch 160 Step 25": 2.8898332118988037, "Epoch 160 Step 26": 2.880145788192749, "Epoch 160 Step 27": 2.8803348541259766, "Epoch 160 Step 28": 2.875401020050049, "Epoch 160 Step 29": 2.8859896659851074, "Epoch 160 Step 30": 2.8716447353363037, "Epoch 160 Step 31": 2.8833463191986084, "Epoch 160 Step 32": 2.8769819736480713, "Epoch 160 Step 33": 2.8815085887908936, "Epoch 160 Step 34": 2.8821170330047607, "Epoch 160 Step 35": 2.868757724761963, "Epoch 160 Step 36": 2.8824055194854736, "Epoch 160 Step 37": 2.8852698802948, "Epoch 160 Step 38": 2.8822662830352783, "Epoch 160 Step 39": 2.885946273803711, "Epoch 160 Step 40": 2.8821845054626465, "Epoch 160 Step 41": 2.870850086212158, "Epoch 160 Step 42": 2.878617286682129, "Epoch 160 Step 43": 2.875502586364746, "Epoch 160 Step 44": 2.8821799755096436, "Epoch 160 Step 45": 2.880362033843994, "Epoch 160 Step 46": 2.888340711593628, "Epoch 160 Step 47": 2.8838412761688232, "Epoch 160 Step 48": 2.8837828636169434, "Epoch 160 Step 49": 2.8803112506866455, "Epoch 160 Step 50": 2.8739864826202393, "Epoch 160 Step 51": 2.8768856525421143, "Epoch 160 Step 52": 2.8905324935913086, "Epoch 160 Step 53": 2.8870127201080322, "Epoch 160 Step 54": 2.873042345046997, "Epoch 160 Step 55": 2.888012409210205, "Epoch 160 Step 56": 2.881030559539795, "Epoch 160 Step 57": 2.873520851135254, "Epoch 160 Step 58": 2.8695154190063477, "Epoch 160 Step 59": 2.8797688484191895, "Epoch 160 Step 60": 2.8853955268859863, "Epoch 160 Step 61": 2.8785674571990967, "Epoch 160 Step 62": 2.8772048950195312, "Epoch 160 Step 63": 2.8775198459625244, "Epoch 160 Step 64": 2.8743488788604736, "Epoch 160 Step 65": 2.8851068019866943, "Epoch 160 Step 66": 2.8698225021362305, "Epoch 160 Step 67": 2.8904073238372803, "Epoch 160 Step 68": 2.870523691177368, "Epoch 160 Step 69": 2.8715193271636963, "Epoch 160 Step 70": 2.8780219554901123, "Epoch 160 Step 71": 2.8663489818573, "Epoch 160 Step 72": 2.8848705291748047, "Epoch 160 Step 73": 2.880091428756714, "Epoch 160 Step 74": 2.8826842308044434, "Epoch 160 Step 75": 2.890855312347412, "Epoch 160 Step 76": 2.8846983909606934, "Epoch 160 Step 77": 2.8781960010528564, "Epoch 160 Step 78": 2.8822968006134033, "Epoch 160 Step 79": 2.894190549850464, "Epoch 160 Step 80": 2.8945538997650146, "Epoch 160 Step 81": 2.8921139240264893, "Epoch 160 Step 82": 2.8869316577911377, "Epoch 160 Step 83": 2.8843934535980225, "Epoch 160 Step 84": 2.88112735748291, "Epoch 160 Step 85": 2.902937173843384, "Epoch 160 Step 86": 2.89874529838562, "Epoch 160 Step 87": 2.894172430038452, "Epoch 160 Step 88": 2.875178813934326, "Epoch 160 Step 89": 2.8882200717926025}