{"Epoch 474 Step 0": 2.887775182723999, "Epoch 474 Step 1": 2.885976791381836, "Epoch 474 Step 2": 2.8894424438476562, "Epoch 474 Step 3": 2.8843750953674316, "Epoch 474 Step 4": 2.872683048248291, "Epoch 474 Step 5": 2.88118839263916, "Epoch 474 Step 6": 2.8775124549865723, "Epoch 474 Step 7": 2.883305072784424, "Epoch 474 Step 8": 2.8830416202545166, "Epoch 474 Step 9": 2.890155792236328, "Epoch 474 Step 10": 2.8849620819091797, "Epoch 474 Step 11": 2.885154962539673, "Epoch 474 Step 12": 2.8812077045440674, "Epoch 474 Step 13": 2.8759756088256836, "Epoch 474 Step 14": 2.8794949054718018, "Epoch 474 Step 15": 2.8941054344177246, "Epoch 474 Step 16": 2.888211250305176, "Epoch 474 Step 17": 2.8741047382354736, "Epoch 474 Step 18": 2.890446186065674, "Epoch 474 Step 19": 2.8826754093170166, "Epoch 474 Step 20": 2.875880241394043, "Epoch 474 Step 21": 2.8734962940216064, "Epoch 474 Step 22": 2.8818256855010986, "Epoch 474 Step 23": 2.887526273727417, "Epoch 474 Step 24": 2.8803017139434814, "Epoch 474 Step 25": 2.8790504932403564, "Epoch 474 Step 26": 2.878192663192749, "Epoch 474 Step 27": 2.87603759765625, "Epoch 474 Step 28": 2.8878958225250244, "Epoch 474 Step 29": 2.873821258544922, "Epoch 474 Step 30": 2.89113712310791, "Epoch 474 Step 31": 2.8716492652893066, "Epoch 474 Step 32": 2.8747782707214355, "Epoch 474 Step 33": 2.8793890476226807, "Epoch 474 Step 34": 2.867929458618164, "Epoch 474 Step 35": 2.8874685764312744, "Epoch 474 Step 36": 2.881927728652954, "Epoch 474 Step 37": 2.8872880935668945, "Epoch 474 Step 38": 2.8936707973480225, "Epoch 474 Step 39": 2.886446475982666, "Epoch 474 Step 40": 2.878750801086426, "Epoch 474 Step 41": 2.8849382400512695, "Epoch 474 Step 42": 2.895080804824829, "Epoch 474 Step 43": 2.8941664695739746, "Epoch 474 Step 44": 2.893393039703369, "Epoch 474 Step 45": 2.8879241943359375, "Epoch 474 Step 46": 2.8860957622528076, "Epoch 474 Step 47": 2.883056402206421, "Epoch 474 Step 48": 2.903697967529297, "Epoch 474 Step 49": 2.9006564617156982, "Epoch 474 Step 50": 2.898439407348633, "Epoch 474 Step 51": 2.875481605529785, "Epoch 474 Step 52": 2.889180898666382, "Epoch 474 Step 53": 2.8931779861450195, "Epoch 474 Step 54": 2.875765562057495, "Epoch 474 Step 55": 2.8866922855377197, "Epoch 474 Step 56": 2.886596202850342, "Epoch 474 Step 57": 2.891531229019165, "Epoch 474 Step 58": 2.895639181137085, "Epoch 474 Step 59": 2.881242036819458, "Epoch 474 Step 60": 2.8932628631591797, "Epoch 474 Step 61": 2.878365993499756, "Epoch 474 Step 62": 2.8846654891967773, "Epoch 474 Step 63": 2.878269672393799, "Epoch 474 Step 64": 2.8918795585632324, "Epoch 474 Step 65": 2.877598762512207, "Epoch 474 Step 66": 2.8831405639648438, "Epoch 474 Step 67": 2.888381242752075, "Epoch 474 Step 68": 2.873652458190918, "Epoch 474 Step 69": 2.871394395828247, "Epoch 474 Step 70": 2.872117519378662, "Epoch 474 Step 71": 2.8884377479553223, "Epoch 474 Step 72": 2.8820598125457764, "Epoch 474 Step 73": 2.8774008750915527, "Epoch 474 Step 74": 2.8900439739227295, "Epoch 474 Step 75": 2.8952083587646484, "Epoch 474 Step 76": 2.8802692890167236, "Epoch 474 Step 77": 2.875366687774658, "Epoch 474 Step 78": 2.88806414604187, "Epoch 474 Step 79": 2.891563892364502, "Epoch 474 Step 80": 2.8804738521575928, "Epoch 474 Step 81": 2.881965160369873, "Epoch 474 Step 82": 2.877836227416992, "Epoch 474 Step 83": 2.8874192237854004, "Epoch 474 Step 84": 2.873792886734009, "Epoch 474 Step 85": 2.8853394985198975, "Epoch 474 Step 86": 2.8794519901275635, "Epoch 474 Step 87": 2.883166790008545, "Epoch 474 Step 88": 2.8850224018096924, "Epoch 474 Step 89": 2.87127685546875}