{"Epoch 67 Step 0": 2.881798028945923, "Epoch 67 Step 1": 2.88742733001709, "Epoch 67 Step 2": 2.8718433380126953, "Epoch 67 Step 3": 2.871022939682007, "Epoch 67 Step 4": 2.8709006309509277, "Epoch 67 Step 5": 2.886752128601074, "Epoch 67 Step 6": 2.881089448928833, "Epoch 67 Step 7": 2.8758862018585205, "Epoch 67 Step 8": 2.8891794681549072, "Epoch 67 Step 9": 2.8942291736602783, "Epoch 67 Step 10": 2.87994384765625, "Epoch 67 Step 11": 2.875336170196533, "Epoch 67 Step 12": 2.885465145111084, "Epoch 67 Step 13": 2.889897108078003, "Epoch 67 Step 14": 2.8806309700012207, "Epoch 67 Step 15": 2.8812007904052734, "Epoch 67 Step 16": 2.876234531402588, "Epoch 67 Step 17": 2.8857553005218506, "Epoch 67 Step 18": 2.8721048831939697, "Epoch 67 Step 19": 2.8843023777008057, "Epoch 67 Step 20": 2.877871036529541, "Epoch 67 Step 21": 2.882540225982666, "Epoch 67 Step 22": 2.8832197189331055, "Epoch 67 Step 23": 2.869668483734131, "Epoch 67 Step 24": 2.883197784423828, "Epoch 67 Step 25": 2.8865182399749756, "Epoch 67 Step 26": 2.8834118843078613, "Epoch 67 Step 27": 2.888749122619629, "Epoch 67 Step 28": 2.882807731628418, "Epoch 67 Step 29": 2.870715379714966, "Epoch 67 Step 30": 2.8788716793060303, "Epoch 67 Step 31": 2.8759849071502686, "Epoch 67 Step 32": 2.882718563079834, "Epoch 67 Step 33": 2.8802318572998047, "Epoch 67 Step 34": 2.8888309001922607, "Epoch 67 Step 35": 2.8839058876037598, "Epoch 67 Step 36": 2.8846516609191895, "Epoch 67 Step 37": 2.8814697265625, "Epoch 67 Step 38": 2.8744823932647705, "Epoch 67 Step 39": 2.8792834281921387, "Epoch 67 Step 40": 2.8917253017425537, "Epoch 67 Step 41": 2.886807680130005, "Epoch 67 Step 42": 2.8732352256774902, "Epoch 67 Step 43": 2.8890504837036133, "Epoch 67 Step 44": 2.882061243057251, "Epoch 67 Step 45": 2.873304605484009, "Epoch 67 Step 46": 2.8688271045684814, "Epoch 67 Step 47": 2.881584882736206, "Epoch 67 Step 48": 2.8864245414733887, "Epoch 67 Step 49": 2.8782458305358887, "Epoch 67 Step 50": 2.8775851726531982, "Epoch 67 Step 51": 2.876978635787964, "Epoch 67 Step 52": 2.8744735717773438, "Epoch 67 Step 53": 2.8856282234191895, "Epoch 67 Step 54": 2.87073016166687, "Epoch 67 Step 55": 2.889594793319702, "Epoch 67 Step 56": 2.870455265045166, "Epoch 67 Step 57": 2.8733129501342773, "Epoch 67 Step 58": 2.878399133682251, "Epoch 67 Step 59": 2.8663687705993652, "Epoch 67 Step 60": 2.884711980819702, "Epoch 67 Step 61": 2.8806328773498535, "Epoch 67 Step 62": 2.8853342533111572, "Epoch 67 Step 63": 2.892066478729248, "Epoch 67 Step 64": 2.8852951526641846, "Epoch 67 Step 65": 2.8774831295013428, "Epoch 67 Step 66": 2.883638620376587, "Epoch 67 Step 67": 2.8937270641326904, "Epoch 67 Step 68": 2.892378091812134, "Epoch 67 Step 69": 2.8912899494171143, "Epoch 67 Step 70": 2.887117862701416, "Epoch 67 Step 71": 2.8849411010742188, "Epoch 67 Step 72": 2.880659580230713, "Epoch 67 Step 73": 2.90265154838562, "Epoch 67 Step 74": 2.8976588249206543, "Epoch 67 Step 75": 2.892976999282837, "Epoch 67 Step 76": 2.8752923011779785, "Epoch 67 Step 77": 2.888692855834961, "Epoch 67 Step 78": 2.891223669052124, "Epoch 67 Step 79": 2.8738949298858643, "Epoch 67 Step 80": 2.8852479457855225, "Epoch 67 Step 81": 2.8862247467041016, "Epoch 67 Step 82": 2.890239953994751, "Epoch 67 Step 83": 2.8957879543304443, "Epoch 67 Step 84": 2.8804290294647217, "Epoch 67 Step 85": 2.891709089279175, "Epoch 67 Step 86": 2.87682843208313, "Epoch 67 Step 87": 2.8842318058013916, "Epoch 67 Step 88": 2.876229763031006, "Epoch 67 Step 89": 2.8913285732269287}