{"Epoch 128 Step 0": 2.876598358154297, "Epoch 128 Step 1": 2.8810977935791016, "Epoch 128 Step 2": 2.8819119930267334, "Epoch 128 Step 3": 2.8679535388946533, "Epoch 128 Step 4": 2.882704019546509, "Epoch 128 Step 5": 2.8846001625061035, "Epoch 128 Step 6": 2.883129119873047, "Epoch 128 Step 7": 2.886753559112549, "Epoch 128 Step 8": 2.8820736408233643, "Epoch 128 Step 9": 2.870081901550293, "Epoch 128 Step 10": 2.8775084018707275, "Epoch 128 Step 11": 2.875514268875122, "Epoch 128 Step 12": 2.881946325302124, "Epoch 128 Step 13": 2.880941867828369, "Epoch 128 Step 14": 2.8898754119873047, "Epoch 128 Step 15": 2.8838820457458496, "Epoch 128 Step 16": 2.884613037109375, "Epoch 128 Step 17": 2.879727363586426, "Epoch 128 Step 18": 2.875145435333252, "Epoch 128 Step 19": 2.8773865699768066, "Epoch 128 Step 20": 2.8906466960906982, "Epoch 128 Step 21": 2.8863637447357178, "Epoch 128 Step 22": 2.871220111846924, "Epoch 128 Step 23": 2.888072967529297, "Epoch 128 Step 24": 2.8801515102386475, "Epoch 128 Step 25": 2.873631477355957, "Epoch 128 Step 26": 2.869290828704834, "Epoch 128 Step 27": 2.880880832672119, "Epoch 128 Step 28": 2.8861191272735596, "Epoch 128 Step 29": 2.878293752670288, "Epoch 128 Step 30": 2.877772808074951, "Epoch 128 Step 31": 2.878373861312866, "Epoch 128 Step 32": 2.8745932579040527, "Epoch 128 Step 33": 2.8857574462890625, "Epoch 128 Step 34": 2.8700201511383057, "Epoch 128 Step 35": 2.8886566162109375, "Epoch 128 Step 36": 2.8700573444366455, "Epoch 128 Step 37": 2.872293710708618, "Epoch 128 Step 38": 2.877302885055542, "Epoch 128 Step 39": 2.866295337677002, "Epoch 128 Step 40": 2.8851118087768555, "Epoch 128 Step 41": 2.8794467449188232, "Epoch 128 Step 42": 2.882655620574951, "Epoch 128 Step 43": 2.8902926445007324, "Epoch 128 Step 44": 2.885923385620117, "Epoch 128 Step 45": 2.8774421215057373, "Epoch 128 Step 46": 2.880697250366211, "Epoch 128 Step 47": 2.894735813140869, "Epoch 128 Step 48": 2.8943893909454346, "Epoch 128 Step 49": 2.891972303390503, "Epoch 128 Step 50": 2.886727809906006, "Epoch 128 Step 51": 2.8854217529296875, "Epoch 128 Step 52": 2.882882595062256, "Epoch 128 Step 53": 2.9029903411865234, "Epoch 128 Step 54": 2.899261474609375, "Epoch 128 Step 55": 2.895599842071533, "Epoch 128 Step 56": 2.8746140003204346, "Epoch 128 Step 57": 2.888009786605835, "Epoch 128 Step 58": 2.891921281814575, "Epoch 128 Step 59": 2.8731276988983154, "Epoch 128 Step 60": 2.884549856185913, "Epoch 128 Step 61": 2.8856279850006104, "Epoch 128 Step 62": 2.8902344703674316, "Epoch 128 Step 63": 2.8947248458862305, "Epoch 128 Step 64": 2.879359483718872, "Epoch 128 Step 65": 2.8916990756988525, "Epoch 128 Step 66": 2.8768393993377686, "Epoch 128 Step 67": 2.8844456672668457, "Epoch 128 Step 68": 2.8754959106445312, "Epoch 128 Step 69": 2.89029598236084, "Epoch 128 Step 70": 2.8753714561462402, "Epoch 128 Step 71": 2.8807270526885986, "Epoch 128 Step 72": 2.886218547821045, "Epoch 128 Step 73": 2.8714916706085205, "Epoch 128 Step 74": 2.869990110397339, "Epoch 128 Step 75": 2.86959171295166, "Epoch 128 Step 76": 2.885673999786377, "Epoch 128 Step 77": 2.8800199031829834, "Epoch 128 Step 78": 2.8752224445343018, "Epoch 128 Step 79": 2.888223171234131, "Epoch 128 Step 80": 2.893035411834717, "Epoch 128 Step 81": 2.8785483837127686, "Epoch 128 Step 82": 2.875216484069824, "Epoch 128 Step 83": 2.8846609592437744, "Epoch 128 Step 84": 2.890181303024292, "Epoch 128 Step 85": 2.8784351348876953, "Epoch 128 Step 86": 2.8807592391967773, "Epoch 128 Step 87": 2.875197649002075, "Epoch 128 Step 88": 2.8863368034362793, "Epoch 128 Step 89": 2.8711097240448}