{"Epoch 553 Step 0": 2.8816068172454834, "Epoch 553 Step 1": 2.87555193901062, "Epoch 553 Step 2": 2.8798162937164307, "Epoch 553 Step 3": 2.8936564922332764, "Epoch 553 Step 4": 2.8879716396331787, "Epoch 553 Step 5": 2.8741295337677, "Epoch 553 Step 6": 2.890669584274292, "Epoch 553 Step 7": 2.8823485374450684, "Epoch 553 Step 8": 2.8757145404815674, "Epoch 553 Step 9": 2.8722941875457764, "Epoch 553 Step 10": 2.8810906410217285, "Epoch 553 Step 11": 2.8876454830169678, "Epoch 553 Step 12": 2.8799102306365967, "Epoch 553 Step 13": 2.8784096240997314, "Epoch 553 Step 14": 2.878587484359741, "Epoch 553 Step 15": 2.8764288425445557, "Epoch 553 Step 16": 2.887725830078125, "Epoch 553 Step 17": 2.874743700027466, "Epoch 553 Step 18": 2.891080617904663, "Epoch 553 Step 19": 2.8712737560272217, "Epoch 553 Step 20": 2.8744356632232666, "Epoch 553 Step 21": 2.8795056343078613, "Epoch 553 Step 22": 2.8680779933929443, "Epoch 553 Step 23": 2.887019395828247, "Epoch 553 Step 24": 2.8813140392303467, "Epoch 553 Step 25": 2.886735677719116, "Epoch 553 Step 26": 2.8930914402008057, "Epoch 553 Step 27": 2.8861613273620605, "Epoch 553 Step 28": 2.8786659240722656, "Epoch 553 Step 29": 2.884889841079712, "Epoch 553 Step 30": 2.895430564880371, "Epoch 553 Step 31": 2.894275426864624, "Epoch 553 Step 32": 2.8929853439331055, "Epoch 553 Step 33": 2.887849807739258, "Epoch 553 Step 34": 2.8866641521453857, "Epoch 553 Step 35": 2.8830976486206055, "Epoch 553 Step 36": 2.9047772884368896, "Epoch 553 Step 37": 2.901010751724243, "Epoch 553 Step 38": 2.8996119499206543, "Epoch 553 Step 39": 2.8757476806640625, "Epoch 553 Step 40": 2.8882369995117188, "Epoch 553 Step 41": 2.8923144340515137, "Epoch 553 Step 42": 2.8743984699249268, "Epoch 553 Step 43": 2.886702060699463, "Epoch 553 Step 44": 2.8867664337158203, "Epoch 553 Step 45": 2.8913328647613525, "Epoch 553 Step 46": 2.895413398742676, "Epoch 553 Step 47": 2.8816418647766113, "Epoch 553 Step 48": 2.8934831619262695, "Epoch 553 Step 49": 2.878159999847412, "Epoch 553 Step 50": 2.884997844696045, "Epoch 553 Step 51": 2.878183603286743, "Epoch 553 Step 52": 2.8912692070007324, "Epoch 553 Step 53": 2.8777990341186523, "Epoch 553 Step 54": 2.883296012878418, "Epoch 553 Step 55": 2.888329267501831, "Epoch 553 Step 56": 2.8734190464019775, "Epoch 553 Step 57": 2.8716964721679688, "Epoch 553 Step 58": 2.8716790676116943, "Epoch 553 Step 59": 2.8887157440185547, "Epoch 553 Step 60": 2.882584571838379, "Epoch 553 Step 61": 2.877467155456543, "Epoch 553 Step 62": 2.890610694885254, "Epoch 553 Step 63": 2.8946704864501953, "Epoch 553 Step 64": 2.8802950382232666, "Epoch 553 Step 65": 2.876903772354126, "Epoch 553 Step 66": 2.8873157501220703, "Epoch 553 Step 67": 2.892017126083374, "Epoch 553 Step 68": 2.8804869651794434, "Epoch 553 Step 69": 2.8816044330596924, "Epoch 553 Step 70": 2.8776791095733643, "Epoch 553 Step 71": 2.8875415325164795, "Epoch 553 Step 72": 2.8736846446990967, "Epoch 553 Step 73": 2.8853113651275635, "Epoch 553 Step 74": 2.8792216777801514, "Epoch 553 Step 75": 2.882699489593506, "Epoch 553 Step 76": 2.884706974029541, "Epoch 553 Step 77": 2.871063470840454, "Epoch 553 Step 78": 2.8849668502807617, "Epoch 553 Step 79": 2.88813853263855, "Epoch 553 Step 80": 2.885932207107544, "Epoch 553 Step 81": 2.890029191970825, "Epoch 553 Step 82": 2.8845860958099365, "Epoch 553 Step 83": 2.872253894805908, "Epoch 553 Step 84": 2.8809187412261963, "Epoch 553 Step 85": 2.8770229816436768, "Epoch 553 Step 86": 2.882594347000122, "Epoch 553 Step 87": 2.883389711380005, "Epoch 553 Step 88": 2.890256643295288, "Epoch 553 Step 89": 2.885122299194336}