{"Epoch 481 Step 0": 2.873795509338379, "Epoch 481 Step 1": 2.8855817317962646, "Epoch 481 Step 2": 2.8792505264282227, "Epoch 481 Step 3": 2.8827717304229736, "Epoch 481 Step 4": 2.8846588134765625, "Epoch 481 Step 5": 2.87092661857605, "Epoch 481 Step 6": 2.8853726387023926, "Epoch 481 Step 7": 2.888333559036255, "Epoch 481 Step 8": 2.885777711868286, "Epoch 481 Step 9": 2.8897476196289062, "Epoch 481 Step 10": 2.8842055797576904, "Epoch 481 Step 11": 2.8721752166748047, "Epoch 481 Step 12": 2.881185293197632, "Epoch 481 Step 13": 2.8769497871398926, "Epoch 481 Step 14": 2.8824164867401123, "Epoch 481 Step 15": 2.8831608295440674, "Epoch 481 Step 16": 2.890899181365967, "Epoch 481 Step 17": 2.884948492050171, "Epoch 481 Step 18": 2.8849637508392334, "Epoch 481 Step 19": 2.881246328353882, "Epoch 481 Step 20": 2.8758068084716797, "Epoch 481 Step 21": 2.8794546127319336, "Epoch 481 Step 22": 2.8940210342407227, "Epoch 481 Step 23": 2.8879590034484863, "Epoch 481 Step 24": 2.8740382194519043, "Epoch 481 Step 25": 2.890285015106201, "Epoch 481 Step 26": 2.8820858001708984, "Epoch 481 Step 27": 2.875523090362549, "Epoch 481 Step 28": 2.8725504875183105, "Epoch 481 Step 29": 2.882716178894043, "Epoch 481 Step 30": 2.887725591659546, "Epoch 481 Step 31": 2.8806684017181396, "Epoch 481 Step 32": 2.8793742656707764, "Epoch 481 Step 33": 2.878504514694214, "Epoch 481 Step 34": 2.8756351470947266, "Epoch 481 Step 35": 2.8881025314331055, "Epoch 481 Step 36": 2.8735954761505127, "Epoch 481 Step 37": 2.891310691833496, "Epoch 481 Step 38": 2.871102809906006, "Epoch 481 Step 39": 2.8745553493499756, "Epoch 481 Step 40": 2.8795053958892822, "Epoch 481 Step 41": 2.867929697036743, "Epoch 481 Step 42": 2.8865551948547363, "Epoch 481 Step 43": 2.8814573287963867, "Epoch 481 Step 44": 2.8870081901550293, "Epoch 481 Step 45": 2.8932225704193115, "Epoch 481 Step 46": 2.8860974311828613, "Epoch 481 Step 47": 2.8784372806549072, "Epoch 481 Step 48": 2.8851757049560547, "Epoch 481 Step 49": 2.8953747749328613, "Epoch 481 Step 50": 2.8943727016448975, "Epoch 481 Step 51": 2.8932950496673584, "Epoch 481 Step 52": 2.8874659538269043, "Epoch 481 Step 53": 2.886543035507202, "Epoch 481 Step 54": 2.883361577987671, "Epoch 481 Step 55": 2.9043500423431396, "Epoch 481 Step 56": 2.900362730026245, "Epoch 481 Step 57": 2.8977110385894775, "Epoch 481 Step 58": 2.876433849334717, "Epoch 481 Step 59": 2.8887250423431396, "Epoch 481 Step 60": 2.892984390258789, "Epoch 481 Step 61": 2.8753113746643066, "Epoch 481 Step 62": 2.886834144592285, "Epoch 481 Step 63": 2.8874270915985107, "Epoch 481 Step 64": 2.892244338989258, "Epoch 481 Step 65": 2.895941734313965, "Epoch 481 Step 66": 2.8814096450805664, "Epoch 481 Step 67": 2.8921620845794678, "Epoch 481 Step 68": 2.8783299922943115, "Epoch 481 Step 69": 2.8853061199188232, "Epoch 481 Step 70": 2.878661870956421, "Epoch 481 Step 71": 2.892164945602417, "Epoch 481 Step 72": 2.877981662750244, "Epoch 481 Step 73": 2.8830440044403076, "Epoch 481 Step 74": 2.888462543487549, "Epoch 481 Step 75": 2.8731133937835693, "Epoch 481 Step 76": 2.8719003200531006, "Epoch 481 Step 77": 2.872056722640991, "Epoch 481 Step 78": 2.8884036540985107, "Epoch 481 Step 79": 2.882460594177246, "Epoch 481 Step 80": 2.877434015274048, "Epoch 481 Step 81": 2.890381336212158, "Epoch 481 Step 82": 2.896028995513916, "Epoch 481 Step 83": 2.880638599395752, "Epoch 481 Step 84": 2.875897169113159, "Epoch 481 Step 85": 2.887718915939331, "Epoch 481 Step 86": 2.8918163776397705, "Epoch 481 Step 87": 2.880748987197876, "Epoch 481 Step 88": 2.882096767425537, "Epoch 481 Step 89": 2.877699851989746}