{"Epoch 276 Step 0": 2.8737988471984863, "Epoch 276 Step 1": 2.8908631801605225, "Epoch 276 Step 2": 2.870872735977173, "Epoch 276 Step 3": 2.873586893081665, "Epoch 276 Step 4": 2.8797826766967773, "Epoch 276 Step 5": 2.8669092655181885, "Epoch 276 Step 6": 2.8863463401794434, "Epoch 276 Step 7": 2.8806583881378174, "Epoch 276 Step 8": 2.885843515396118, "Epoch 276 Step 9": 2.8928959369659424, "Epoch 276 Step 10": 2.8853933811187744, "Epoch 276 Step 11": 2.877932548522949, "Epoch 276 Step 12": 2.8850741386413574, "Epoch 276 Step 13": 2.894185781478882, "Epoch 276 Step 14": 2.892683506011963, "Epoch 276 Step 15": 2.8908743858337402, "Epoch 276 Step 16": 2.8876638412475586, "Epoch 276 Step 17": 2.8876044750213623, "Epoch 276 Step 18": 2.884784698486328, "Epoch 276 Step 19": 2.902137517929077, "Epoch 276 Step 20": 2.9006950855255127, "Epoch 276 Step 21": 2.8943657875061035, "Epoch 276 Step 22": 2.876128673553467, "Epoch 276 Step 23": 2.8898448944091797, "Epoch 276 Step 24": 2.8931262493133545, "Epoch 276 Step 25": 2.873976469039917, "Epoch 276 Step 26": 2.8864188194274902, "Epoch 276 Step 27": 2.88718581199646, "Epoch 276 Step 28": 2.8908779621124268, "Epoch 276 Step 29": 2.894768238067627, "Epoch 276 Step 30": 2.880229949951172, "Epoch 276 Step 31": 2.8910436630249023, "Epoch 276 Step 32": 2.879365921020508, "Epoch 276 Step 33": 2.88638973236084, "Epoch 276 Step 34": 2.8774595260620117, "Epoch 276 Step 35": 2.890160083770752, "Epoch 276 Step 36": 2.8766586780548096, "Epoch 276 Step 37": 2.884289503097534, "Epoch 276 Step 38": 2.889040470123291, "Epoch 276 Step 39": 2.873621940612793, "Epoch 276 Step 40": 2.8715362548828125, "Epoch 276 Step 41": 2.870926856994629, "Epoch 276 Step 42": 2.889907121658325, "Epoch 276 Step 43": 2.8851091861724854, "Epoch 276 Step 44": 2.876664400100708, "Epoch 276 Step 45": 2.890171527862549, "Epoch 276 Step 46": 2.89656138420105, "Epoch 276 Step 47": 2.881709098815918, "Epoch 276 Step 48": 2.876535415649414, "Epoch 276 Step 49": 2.886549949645996, "Epoch 276 Step 50": 2.8907406330108643, "Epoch 276 Step 51": 2.8798840045928955, "Epoch 276 Step 52": 2.881089210510254, "Epoch 276 Step 53": 2.877206563949585, "Epoch 276 Step 54": 2.8878540992736816, "Epoch 276 Step 55": 2.873412609100342, "Epoch 276 Step 56": 2.885064125061035, "Epoch 276 Step 57": 2.878636360168457, "Epoch 276 Step 58": 2.882716178894043, "Epoch 276 Step 59": 2.8840830326080322, "Epoch 276 Step 60": 2.8720176219940186, "Epoch 276 Step 61": 2.8839282989501953, "Epoch 276 Step 62": 2.887200117111206, "Epoch 276 Step 63": 2.8845577239990234, "Epoch 276 Step 64": 2.8892710208892822, "Epoch 276 Step 65": 2.8828890323638916, "Epoch 276 Step 66": 2.871431589126587, "Epoch 276 Step 67": 2.8808345794677734, "Epoch 276 Step 68": 2.876767158508301, "Epoch 276 Step 69": 2.8828485012054443, "Epoch 276 Step 70": 2.8830718994140625, "Epoch 276 Step 71": 2.8894739151000977, "Epoch 276 Step 72": 2.883979082107544, "Epoch 276 Step 73": 2.8849101066589355, "Epoch 276 Step 74": 2.8830196857452393, "Epoch 276 Step 75": 2.8758704662323, "Epoch 276 Step 76": 2.878814935684204, "Epoch 276 Step 77": 2.8941290378570557, "Epoch 276 Step 78": 2.8885934352874756, "Epoch 276 Step 79": 2.8736603260040283, "Epoch 276 Step 80": 2.890409231185913, "Epoch 276 Step 81": 2.881554365158081, "Epoch 276 Step 82": 2.875070571899414, "Epoch 276 Step 83": 2.8710947036743164, "Epoch 276 Step 84": 2.882530689239502, "Epoch 276 Step 85": 2.887798547744751, "Epoch 276 Step 86": 2.880167245864868, "Epoch 276 Step 87": 2.87849497795105, "Epoch 276 Step 88": 2.878230571746826, "Epoch 276 Step 89": 2.8763697147369385}