{"Epoch 312 Step 0": 2.8738081455230713, "Epoch 312 Step 1": 2.885101795196533, "Epoch 312 Step 2": 2.879016399383545, "Epoch 312 Step 3": 2.883922815322876, "Epoch 312 Step 4": 2.884974718093872, "Epoch 312 Step 5": 2.8710508346557617, "Epoch 312 Step 6": 2.8847451210021973, "Epoch 312 Step 7": 2.8877248764038086, "Epoch 312 Step 8": 2.8862643241882324, "Epoch 312 Step 9": 2.888871192932129, "Epoch 312 Step 10": 2.8845410346984863, "Epoch 312 Step 11": 2.872467279434204, "Epoch 312 Step 12": 2.8809621334075928, "Epoch 312 Step 13": 2.877215623855591, "Epoch 312 Step 14": 2.88308048248291, "Epoch 312 Step 15": 2.8838858604431152, "Epoch 312 Step 16": 2.8902101516723633, "Epoch 312 Step 17": 2.88460636138916, "Epoch 312 Step 18": 2.8856143951416016, "Epoch 312 Step 19": 2.8822438716888428, "Epoch 312 Step 20": 2.8762946128845215, "Epoch 312 Step 21": 2.8797616958618164, "Epoch 312 Step 22": 2.894813299179077, "Epoch 312 Step 23": 2.8886189460754395, "Epoch 312 Step 24": 2.8733134269714355, "Epoch 312 Step 25": 2.8907976150512695, "Epoch 312 Step 26": 2.8820295333862305, "Epoch 312 Step 27": 2.875520706176758, "Epoch 312 Step 28": 2.8725478649139404, "Epoch 312 Step 29": 2.8820133209228516, "Epoch 312 Step 30": 2.887692451477051, "Epoch 312 Step 31": 2.879448413848877, "Epoch 312 Step 32": 2.877973794937134, "Epoch 312 Step 33": 2.8783693313598633, "Epoch 312 Step 34": 2.8770055770874023, "Epoch 312 Step 35": 2.887969493865967, "Epoch 312 Step 36": 2.874760866165161, "Epoch 312 Step 37": 2.8912534713745117, "Epoch 312 Step 38": 2.871661424636841, "Epoch 312 Step 39": 2.8747718334198, "Epoch 312 Step 40": 2.880164384841919, "Epoch 312 Step 41": 2.868436813354492, "Epoch 312 Step 42": 2.8870394229888916, "Epoch 312 Step 43": 2.881155014038086, "Epoch 312 Step 44": 2.886643648147583, "Epoch 312 Step 45": 2.8926520347595215, "Epoch 312 Step 46": 2.886402130126953, "Epoch 312 Step 47": 2.8788840770721436, "Epoch 312 Step 48": 2.884753465652466, "Epoch 312 Step 49": 2.8955047130584717, "Epoch 312 Step 50": 2.894766092300415, "Epoch 312 Step 51": 2.893615484237671, "Epoch 312 Step 52": 2.888185977935791, "Epoch 312 Step 53": 2.8860361576080322, "Epoch 312 Step 54": 2.8820629119873047, "Epoch 312 Step 55": 2.9049794673919678, "Epoch 312 Step 56": 2.899151563644409, "Epoch 312 Step 57": 2.8987438678741455, "Epoch 312 Step 58": 2.8758292198181152, "Epoch 312 Step 59": 2.8888041973114014, "Epoch 312 Step 60": 2.893087148666382, "Epoch 312 Step 61": 2.8747410774230957, "Epoch 312 Step 62": 2.8865342140197754, "Epoch 312 Step 63": 2.887016534805298, "Epoch 312 Step 64": 2.8917460441589355, "Epoch 312 Step 65": 2.8960623741149902, "Epoch 312 Step 66": 2.881383180618286, "Epoch 312 Step 67": 2.8922619819641113, "Epoch 312 Step 68": 2.878617763519287, "Epoch 312 Step 69": 2.8848674297332764, "Epoch 312 Step 70": 2.878356695175171, "Epoch 312 Step 71": 2.8916726112365723, "Epoch 312 Step 72": 2.8778655529022217, "Epoch 312 Step 73": 2.8828418254852295, "Epoch 312 Step 74": 2.8886680603027344, "Epoch 312 Step 75": 2.8732266426086426, "Epoch 312 Step 76": 2.871635675430298, "Epoch 312 Step 77": 2.8721041679382324, "Epoch 312 Step 78": 2.888099431991577, "Epoch 312 Step 79": 2.8822014331817627, "Epoch 312 Step 80": 2.877634048461914, "Epoch 312 Step 81": 2.889040946960449, "Epoch 312 Step 82": 2.895382881164551, "Epoch 312 Step 83": 2.8800857067108154, "Epoch 312 Step 84": 2.8763296604156494, "Epoch 312 Step 85": 2.887988805770874, "Epoch 312 Step 86": 2.8913896083831787, "Epoch 312 Step 87": 2.8810276985168457, "Epoch 312 Step 88": 2.8817954063415527, "Epoch 312 Step 89": 2.877462863922119}