{"Epoch 917 Step 0": 2.881150007247925, "Epoch 917 Step 1": 2.8768861293792725, "Epoch 917 Step 2": 2.8790271282196045, "Epoch 917 Step 3": 2.8943116664886475, "Epoch 917 Step 4": 2.889040946960449, "Epoch 917 Step 5": 2.873896598815918, "Epoch 917 Step 6": 2.8909976482391357, "Epoch 917 Step 7": 2.881723165512085, "Epoch 917 Step 8": 2.8755476474761963, "Epoch 917 Step 9": 2.8728175163269043, "Epoch 917 Step 10": 2.882680892944336, "Epoch 917 Step 11": 2.888195276260376, "Epoch 917 Step 12": 2.880466938018799, "Epoch 917 Step 13": 2.8795950412750244, "Epoch 917 Step 14": 2.8789708614349365, "Epoch 917 Step 15": 2.8768718242645264, "Epoch 917 Step 16": 2.8881521224975586, "Epoch 917 Step 17": 2.8744709491729736, "Epoch 917 Step 18": 2.8908603191375732, "Epoch 917 Step 19": 2.8711297512054443, "Epoch 917 Step 20": 2.874507427215576, "Epoch 917 Step 21": 2.879187822341919, "Epoch 917 Step 22": 2.868091344833374, "Epoch 917 Step 23": 2.8871257305145264, "Epoch 917 Step 24": 2.8817880153656006, "Epoch 917 Step 25": 2.8872368335723877, "Epoch 917 Step 26": 2.8929319381713867, "Epoch 917 Step 27": 2.886298656463623, "Epoch 917 Step 28": 2.8797004222869873, "Epoch 917 Step 29": 2.8855347633361816, "Epoch 917 Step 30": 2.8953747749328613, "Epoch 917 Step 31": 2.895669460296631, "Epoch 917 Step 32": 2.8944387435913086, "Epoch 917 Step 33": 2.8874118328094482, "Epoch 917 Step 34": 2.886019706726074, "Epoch 917 Step 35": 2.8837077617645264, "Epoch 917 Step 36": 2.906111240386963, "Epoch 917 Step 37": 2.900017261505127, "Epoch 917 Step 38": 2.898500919342041, "Epoch 917 Step 39": 2.8759849071502686, "Epoch 917 Step 40": 2.889235734939575, "Epoch 917 Step 41": 2.8937618732452393, "Epoch 917 Step 42": 2.875857353210449, "Epoch 917 Step 43": 2.887429714202881, "Epoch 917 Step 44": 2.8876163959503174, "Epoch 917 Step 45": 2.892298698425293, "Epoch 917 Step 46": 2.897054433822632, "Epoch 917 Step 47": 2.882096529006958, "Epoch 917 Step 48": 2.8937478065490723, "Epoch 917 Step 49": 2.877957344055176, "Epoch 917 Step 50": 2.885294198989868, "Epoch 917 Step 51": 2.8777778148651123, "Epoch 917 Step 52": 2.8930041790008545, "Epoch 917 Step 53": 2.87967848777771, "Epoch 917 Step 54": 2.8839099407196045, "Epoch 917 Step 55": 2.889659881591797, "Epoch 917 Step 56": 2.8743584156036377, "Epoch 917 Step 57": 2.873194694519043, "Epoch 917 Step 58": 2.8732357025146484, "Epoch 917 Step 59": 2.8885838985443115, "Epoch 917 Step 60": 2.8820643424987793, "Epoch 917 Step 61": 2.8784873485565186, "Epoch 917 Step 62": 2.894749879837036, "Epoch 917 Step 63": 2.8972208499908447, "Epoch 917 Step 64": 2.8803181648254395, "Epoch 917 Step 65": 2.876128673553467, "Epoch 917 Step 66": 2.887150287628174, "Epoch 917 Step 67": 2.891345500946045, "Epoch 917 Step 68": 2.881333589553833, "Epoch 917 Step 69": 2.8825130462646484, "Epoch 917 Step 70": 2.87796950340271, "Epoch 917 Step 71": 2.8873188495635986, "Epoch 917 Step 72": 2.874039888381958, "Epoch 917 Step 73": 2.885469675064087, "Epoch 917 Step 74": 2.879448652267456, "Epoch 917 Step 75": 2.8840601444244385, "Epoch 917 Step 76": 2.885190010070801, "Epoch 917 Step 77": 2.871448516845703, "Epoch 917 Step 78": 2.8847341537475586, "Epoch 917 Step 79": 2.887809991836548, "Epoch 917 Step 80": 2.8862862586975098, "Epoch 917 Step 81": 2.889592409133911, "Epoch 917 Step 82": 2.8847832679748535, "Epoch 917 Step 83": 2.8742218017578125, "Epoch 917 Step 84": 2.881422996520996, "Epoch 917 Step 85": 2.877429485321045, "Epoch 917 Step 86": 2.882906198501587, "Epoch 917 Step 87": 2.8838443756103516, "Epoch 917 Step 88": 2.8910446166992188, "Epoch 917 Step 89": 2.885232448577881}