{"Epoch 581 Step 0": 2.8947811126708984, "Epoch 581 Step 1": 2.8799548149108887, "Epoch 581 Step 2": 2.8761942386627197, "Epoch 581 Step 3": 2.8871817588806152, "Epoch 581 Step 4": 2.89152455329895, "Epoch 581 Step 5": 2.881422519683838, "Epoch 581 Step 6": 2.882880687713623, "Epoch 581 Step 7": 2.8781816959381104, "Epoch 581 Step 8": 2.8875937461853027, "Epoch 581 Step 9": 2.873631238937378, "Epoch 581 Step 10": 2.8854410648345947, "Epoch 581 Step 11": 2.8790717124938965, "Epoch 581 Step 12": 2.8828136920928955, "Epoch 581 Step 13": 2.8846380710601807, "Epoch 581 Step 14": 2.8707919120788574, "Epoch 581 Step 15": 2.884939193725586, "Epoch 581 Step 16": 2.8878724575042725, "Epoch 581 Step 17": 2.8855221271514893, "Epoch 581 Step 18": 2.889200448989868, "Epoch 581 Step 19": 2.8843207359313965, "Epoch 581 Step 20": 2.8727059364318848, "Epoch 581 Step 21": 2.881027936935425, "Epoch 581 Step 22": 2.876864194869995, "Epoch 581 Step 23": 2.8822457790374756, "Epoch 581 Step 24": 2.883251667022705, "Epoch 581 Step 25": 2.890892267227173, "Epoch 581 Step 26": 2.8847429752349854, "Epoch 581 Step 27": 2.885033130645752, "Epoch 581 Step 28": 2.8809762001037598, "Epoch 581 Step 29": 2.8755667209625244, "Epoch 581 Step 30": 2.8792927265167236, "Epoch 581 Step 31": 2.894353151321411, "Epoch 581 Step 32": 2.8881263732910156, "Epoch 581 Step 33": 2.8740358352661133, "Epoch 581 Step 34": 2.8901572227478027, "Epoch 581 Step 35": 2.8824141025543213, "Epoch 581 Step 36": 2.875248432159424, "Epoch 581 Step 37": 2.871790647506714, "Epoch 581 Step 38": 2.881927490234375, "Epoch 581 Step 39": 2.8880598545074463, "Epoch 581 Step 40": 2.8807451725006104, "Epoch 581 Step 41": 2.879035472869873, "Epoch 581 Step 42": 2.8784992694854736, "Epoch 581 Step 43": 2.875844717025757, "Epoch 581 Step 44": 2.8875997066497803, "Epoch 581 Step 45": 2.8742012977600098, "Epoch 581 Step 46": 2.8914120197296143, "Epoch 581 Step 47": 2.871363401412964, "Epoch 581 Step 48": 2.8744261264801025, "Epoch 581 Step 49": 2.8794562816619873, "Epoch 581 Step 50": 2.8680195808410645, "Epoch 581 Step 51": 2.88728928565979, "Epoch 581 Step 52": 2.881361961364746, "Epoch 581 Step 53": 2.8868861198425293, "Epoch 581 Step 54": 2.8929896354675293, "Epoch 581 Step 55": 2.8862171173095703, "Epoch 581 Step 56": 2.8785417079925537, "Epoch 581 Step 57": 2.884758234024048, "Epoch 581 Step 58": 2.8953022956848145, "Epoch 581 Step 59": 2.8937032222747803, "Epoch 581 Step 60": 2.8921806812286377, "Epoch 581 Step 61": 2.887453556060791, "Epoch 581 Step 62": 2.887469530105591, "Epoch 581 Step 63": 2.885533571243286, "Epoch 581 Step 64": 2.904036045074463, "Epoch 581 Step 65": 2.901843547821045, "Epoch 581 Step 66": 2.8985416889190674, "Epoch 581 Step 67": 2.875657320022583, "Epoch 581 Step 68": 2.888401746749878, "Epoch 581 Step 69": 2.8921761512756348, "Epoch 581 Step 70": 2.875088930130005, "Epoch 581 Step 71": 2.8865244388580322, "Epoch 581 Step 72": 2.8872885704040527, "Epoch 581 Step 73": 2.8913795948028564, "Epoch 581 Step 74": 2.8958659172058105, "Epoch 581 Step 75": 2.882044792175293, "Epoch 581 Step 76": 2.8917057514190674, "Epoch 581 Step 77": 2.8786652088165283, "Epoch 581 Step 78": 2.8860890865325928, "Epoch 581 Step 79": 2.8788113594055176, "Epoch 581 Step 80": 2.8919179439544678, "Epoch 581 Step 81": 2.8780875205993652, "Epoch 581 Step 82": 2.883976459503174, "Epoch 581 Step 83": 2.888803243637085, "Epoch 581 Step 84": 2.873351812362671, "Epoch 581 Step 85": 2.8723084926605225, "Epoch 581 Step 86": 2.872126817703247, "Epoch 581 Step 87": 2.8888497352600098, "Epoch 581 Step 88": 2.883042335510254, "Epoch 581 Step 89": 2.8777358531951904}