{"Epoch 681 Step 0": 2.883420944213867, "Epoch 681 Step 1": 2.8889284133911133, "Epoch 681 Step 2": 2.873342275619507, "Epoch 681 Step 3": 2.872356653213501, "Epoch 681 Step 4": 2.8722469806671143, "Epoch 681 Step 5": 2.8889992237091064, "Epoch 681 Step 6": 2.8845386505126953, "Epoch 681 Step 7": 2.8786237239837646, "Epoch 681 Step 8": 2.8893892765045166, "Epoch 681 Step 9": 2.895616292953491, "Epoch 681 Step 10": 2.881011486053467, "Epoch 681 Step 11": 2.8767430782318115, "Epoch 681 Step 12": 2.887241840362549, "Epoch 681 Step 13": 2.8915436267852783, "Epoch 681 Step 14": 2.8803465366363525, "Epoch 681 Step 15": 2.8816704750061035, "Epoch 681 Step 16": 2.877577543258667, "Epoch 681 Step 17": 2.88784122467041, "Epoch 681 Step 18": 2.8740272521972656, "Epoch 681 Step 19": 2.8856136798858643, "Epoch 681 Step 20": 2.8794357776641846, "Epoch 681 Step 21": 2.883754253387451, "Epoch 681 Step 22": 2.8853397369384766, "Epoch 681 Step 23": 2.8711585998535156, "Epoch 681 Step 24": 2.884986162185669, "Epoch 681 Step 25": 2.8878133296966553, "Epoch 681 Step 26": 2.885911226272583, "Epoch 681 Step 27": 2.889219284057617, "Epoch 681 Step 28": 2.8842945098876953, "Epoch 681 Step 29": 2.8731236457824707, "Epoch 681 Step 30": 2.8811233043670654, "Epoch 681 Step 31": 2.8773531913757324, "Epoch 681 Step 32": 2.88307523727417, "Epoch 681 Step 33": 2.882868766784668, "Epoch 681 Step 34": 2.8904387950897217, "Epoch 681 Step 35": 2.8845736980438232, "Epoch 681 Step 36": 2.8849687576293945, "Epoch 681 Step 37": 2.8812332153320312, "Epoch 681 Step 38": 2.875746965408325, "Epoch 681 Step 39": 2.8794326782226562, "Epoch 681 Step 40": 2.894043207168579, "Epoch 681 Step 41": 2.8880696296691895, "Epoch 681 Step 42": 2.874021291732788, "Epoch 681 Step 43": 2.8904531002044678, "Epoch 681 Step 44": 2.882582426071167, "Epoch 681 Step 45": 2.875978946685791, "Epoch 681 Step 46": 2.8735010623931885, "Epoch 681 Step 47": 2.8812859058380127, "Epoch 681 Step 48": 2.887446165084839, "Epoch 681 Step 49": 2.8810322284698486, "Epoch 681 Step 50": 2.8791441917419434, "Epoch 681 Step 51": 2.878274917602539, "Epoch 681 Step 52": 2.8764395713806152, "Epoch 681 Step 53": 2.8876917362213135, "Epoch 681 Step 54": 2.874659299850464, "Epoch 681 Step 55": 2.89088773727417, "Epoch 681 Step 56": 2.871577739715576, "Epoch 681 Step 57": 2.8747124671936035, "Epoch 681 Step 58": 2.8799357414245605, "Epoch 681 Step 59": 2.8688204288482666, "Epoch 681 Step 60": 2.8864195346832275, "Epoch 681 Step 61": 2.881289005279541, "Epoch 681 Step 62": 2.887115955352783, "Epoch 681 Step 63": 2.8927900791168213, "Epoch 681 Step 64": 2.885887861251831, "Epoch 681 Step 65": 2.878631353378296, "Epoch 681 Step 66": 2.8857593536376953, "Epoch 681 Step 67": 2.8961281776428223, "Epoch 681 Step 68": 2.8955090045928955, "Epoch 681 Step 69": 2.8957505226135254, "Epoch 681 Step 70": 2.888603687286377, "Epoch 681 Step 71": 2.886275053024292, "Epoch 681 Step 72": 2.8780713081359863, "Epoch 681 Step 73": 2.9004006385803223, "Epoch 681 Step 74": 2.8981995582580566, "Epoch 681 Step 75": 2.8968214988708496, "Epoch 681 Step 76": 2.8761892318725586, "Epoch 681 Step 77": 2.889484167098999, "Epoch 681 Step 78": 2.893162250518799, "Epoch 681 Step 79": 2.8750417232513428, "Epoch 681 Step 80": 2.886833667755127, "Epoch 681 Step 81": 2.8870129585266113, "Epoch 681 Step 82": 2.891202688217163, "Epoch 681 Step 83": 2.895296812057495, "Epoch 681 Step 84": 2.88071870803833, "Epoch 681 Step 85": 2.891472816467285, "Epoch 681 Step 86": 2.8782851696014404, "Epoch 681 Step 87": 2.885216474533081, "Epoch 681 Step 88": 2.878427267074585, "Epoch 681 Step 89": 2.890641212463379}