{"Epoch 275 Step 0": 2.890920877456665, "Epoch 275 Step 1": 2.8710858821868896, "Epoch 275 Step 2": 2.8739500045776367, "Epoch 275 Step 3": 2.878819227218628, "Epoch 275 Step 4": 2.8670654296875, "Epoch 275 Step 5": 2.8863272666931152, "Epoch 275 Step 6": 2.880350351333618, "Epoch 275 Step 7": 2.8858819007873535, "Epoch 275 Step 8": 2.8923137187957764, "Epoch 275 Step 9": 2.8856847286224365, "Epoch 275 Step 10": 2.877577304840088, "Epoch 275 Step 11": 2.8841800689697266, "Epoch 275 Step 12": 2.894864082336426, "Epoch 275 Step 13": 2.893359422683716, "Epoch 275 Step 14": 2.8929896354675293, "Epoch 275 Step 15": 2.8877108097076416, "Epoch 275 Step 16": 2.8854892253875732, "Epoch 275 Step 17": 2.8805298805236816, "Epoch 275 Step 18": 2.9032671451568604, "Epoch 275 Step 19": 2.898364782333374, "Epoch 275 Step 20": 2.8988537788391113, "Epoch 275 Step 21": 2.875645160675049, "Epoch 275 Step 22": 2.8897809982299805, "Epoch 275 Step 23": 2.8927719593048096, "Epoch 275 Step 24": 2.874135732650757, "Epoch 275 Step 25": 2.8860628604888916, "Epoch 275 Step 26": 2.8861260414123535, "Epoch 275 Step 27": 2.8904263973236084, "Epoch 275 Step 28": 2.895167350769043, "Epoch 275 Step 29": 2.8808753490448, "Epoch 275 Step 30": 2.8924121856689453, "Epoch 275 Step 31": 2.877458333969116, "Epoch 275 Step 32": 2.8844330310821533, "Epoch 275 Step 33": 2.876487970352173, "Epoch 275 Step 34": 2.892427444458008, "Epoch 275 Step 35": 2.8773646354675293, "Epoch 275 Step 36": 2.8822834491729736, "Epoch 275 Step 37": 2.8886289596557617, "Epoch 275 Step 38": 2.8735055923461914, "Epoch 275 Step 39": 2.8715264797210693, "Epoch 275 Step 40": 2.872633218765259, "Epoch 275 Step 41": 2.8873438835144043, "Epoch 275 Step 42": 2.881835699081421, "Epoch 275 Step 43": 2.876406669616699, "Epoch 275 Step 44": 2.8886301517486572, "Epoch 275 Step 45": 2.8949124813079834, "Epoch 275 Step 46": 2.8798611164093018, "Epoch 275 Step 47": 2.875204086303711, "Epoch 275 Step 48": 2.886726140975952, "Epoch 275 Step 49": 2.8905463218688965, "Epoch 275 Step 50": 2.8798558712005615, "Epoch 275 Step 51": 2.8814010620117188, "Epoch 275 Step 52": 2.8765814304351807, "Epoch 275 Step 53": 2.887835741043091, "Epoch 275 Step 54": 2.8733766078948975, "Epoch 275 Step 55": 2.8845746517181396, "Epoch 275 Step 56": 2.8793559074401855, "Epoch 275 Step 57": 2.8822877407073975, "Epoch 275 Step 58": 2.8841867446899414, "Epoch 275 Step 59": 2.8712472915649414, "Epoch 275 Step 60": 2.883192300796509, "Epoch 275 Step 61": 2.8871941566467285, "Epoch 275 Step 62": 2.8844821453094482, "Epoch 275 Step 63": 2.8889710903167725, "Epoch 275 Step 64": 2.88289737701416, "Epoch 275 Step 65": 2.871842861175537, "Epoch 275 Step 66": 2.880014181137085, "Epoch 275 Step 67": 2.8765225410461426, "Epoch 275 Step 68": 2.8826215267181396, "Epoch 275 Step 69": 2.8822779655456543, "Epoch 275 Step 70": 2.889052391052246, "Epoch 275 Step 71": 2.8843092918395996, "Epoch 275 Step 72": 2.8845181465148926, "Epoch 275 Step 73": 2.8811135292053223, "Epoch 275 Step 74": 2.87381649017334, "Epoch 275 Step 75": 2.8784563541412354, "Epoch 275 Step 76": 2.893198013305664, "Epoch 275 Step 77": 2.8881313800811768, "Epoch 275 Step 78": 2.874279022216797, "Epoch 275 Step 79": 2.89017391204834, "Epoch 275 Step 80": 2.8805646896362305, "Epoch 275 Step 81": 2.8751559257507324, "Epoch 275 Step 82": 2.8688833713531494, "Epoch 275 Step 83": 2.8835222721099854, "Epoch 275 Step 84": 2.8873510360717773, "Epoch 275 Step 85": 2.8797695636749268, "Epoch 275 Step 86": 2.878113031387329, "Epoch 275 Step 87": 2.877513885498047, "Epoch 275 Step 88": 2.8756091594696045, "Epoch 275 Step 89": 2.8870887756347656}