{"Epoch 203 Step 0": 2.8845856189727783, "Epoch 203 Step 1": 2.8808999061584473, "Epoch 203 Step 2": 2.875149726867676, "Epoch 203 Step 3": 2.879438638687134, "Epoch 203 Step 4": 2.892949104309082, "Epoch 203 Step 5": 2.887565851211548, "Epoch 203 Step 6": 2.8735666275024414, "Epoch 203 Step 7": 2.889822244644165, "Epoch 203 Step 8": 2.8822102546691895, "Epoch 203 Step 9": 2.8746497631073, "Epoch 203 Step 10": 2.873112201690674, "Epoch 203 Step 11": 2.8816845417022705, "Epoch 203 Step 12": 2.8869123458862305, "Epoch 203 Step 13": 2.8790743350982666, "Epoch 203 Step 14": 2.878438711166382, "Epoch 203 Step 15": 2.8780384063720703, "Epoch 203 Step 16": 2.8747963905334473, "Epoch 203 Step 17": 2.8869340419769287, "Epoch 203 Step 18": 2.8741111755371094, "Epoch 203 Step 19": 2.8905303478240967, "Epoch 203 Step 20": 2.871150255203247, "Epoch 203 Step 21": 2.8735480308532715, "Epoch 203 Step 22": 2.8790884017944336, "Epoch 203 Step 23": 2.8675997257232666, "Epoch 203 Step 24": 2.8857431411743164, "Epoch 203 Step 25": 2.8812427520751953, "Epoch 203 Step 26": 2.8860065937042236, "Epoch 203 Step 27": 2.8928775787353516, "Epoch 203 Step 28": 2.885937213897705, "Epoch 203 Step 29": 2.8774216175079346, "Epoch 203 Step 30": 2.884002208709717, "Epoch 203 Step 31": 2.894514799118042, "Epoch 203 Step 32": 2.8936848640441895, "Epoch 203 Step 33": 2.8919742107391357, "Epoch 203 Step 34": 2.88665771484375, "Epoch 203 Step 35": 2.8862922191619873, "Epoch 203 Step 36": 2.883251190185547, "Epoch 203 Step 37": 2.9034228324890137, "Epoch 203 Step 38": 2.9017107486724854, "Epoch 203 Step 39": 2.89638614654541, "Epoch 203 Step 40": 2.8758020401000977, "Epoch 203 Step 41": 2.889597177505493, "Epoch 203 Step 42": 2.8935580253601074, "Epoch 203 Step 43": 2.8749196529388428, "Epoch 203 Step 44": 2.8858559131622314, "Epoch 203 Step 45": 2.8873531818389893, "Epoch 203 Step 46": 2.8922057151794434, "Epoch 203 Step 47": 2.8957622051239014, "Epoch 203 Step 48": 2.881855010986328, "Epoch 203 Step 49": 2.8927724361419678, "Epoch 203 Step 50": 2.87760853767395, "Epoch 203 Step 51": 2.884960651397705, "Epoch 203 Step 52": 2.8774051666259766, "Epoch 203 Step 53": 2.8922481536865234, "Epoch 203 Step 54": 2.877800226211548, "Epoch 203 Step 55": 2.8823719024658203, "Epoch 203 Step 56": 2.887925863265991, "Epoch 203 Step 57": 2.8728203773498535, "Epoch 203 Step 58": 2.8723037242889404, "Epoch 203 Step 59": 2.8729920387268066, "Epoch 203 Step 60": 2.8875114917755127, "Epoch 203 Step 61": 2.8813347816467285, "Epoch 203 Step 62": 2.8766746520996094, "Epoch 203 Step 63": 2.8897294998168945, "Epoch 203 Step 64": 2.8955626487731934, "Epoch 203 Step 65": 2.8801283836364746, "Epoch 203 Step 66": 2.875150680541992, "Epoch 203 Step 67": 2.887096643447876, "Epoch 203 Step 68": 2.8908398151397705, "Epoch 203 Step 69": 2.879448175430298, "Epoch 203 Step 70": 2.8805489540100098, "Epoch 203 Step 71": 2.8764724731445312, "Epoch 203 Step 72": 2.8875033855438232, "Epoch 203 Step 73": 2.8732335567474365, "Epoch 203 Step 74": 2.8849494457244873, "Epoch 203 Step 75": 2.878873348236084, "Epoch 203 Step 76": 2.8825488090515137, "Epoch 203 Step 77": 2.8842837810516357, "Epoch 203 Step 78": 2.870771646499634, "Epoch 203 Step 79": 2.883427143096924, "Epoch 203 Step 80": 2.88712739944458, "Epoch 203 Step 81": 2.8856875896453857, "Epoch 203 Step 82": 2.8880417346954346, "Epoch 203 Step 83": 2.8839449882507324, "Epoch 203 Step 84": 2.87221622467041, "Epoch 203 Step 85": 2.880002975463867, "Epoch 203 Step 86": 2.876372814178467, "Epoch 203 Step 87": 2.8825438022613525, "Epoch 203 Step 88": 2.8826961517333984, "Epoch 203 Step 89": 2.890188455581665}