{"Epoch 530 Step 0": 2.8868141174316406, "Epoch 530 Step 1": 2.881293296813965, "Epoch 530 Step 2": 2.8863277435302734, "Epoch 530 Step 3": 2.8929603099823, "Epoch 530 Step 4": 2.886179208755493, "Epoch 530 Step 5": 2.8781158924102783, "Epoch 530 Step 6": 2.8848867416381836, "Epoch 530 Step 7": 2.8962934017181396, "Epoch 530 Step 8": 2.8951573371887207, "Epoch 530 Step 9": 2.893303632736206, "Epoch 530 Step 10": 2.888400077819824, "Epoch 530 Step 11": 2.886749029159546, "Epoch 530 Step 12": 2.8827993869781494, "Epoch 530 Step 13": 2.9041802883148193, "Epoch 530 Step 14": 2.899695634841919, "Epoch 530 Step 15": 2.8995771408081055, "Epoch 530 Step 16": 2.8753793239593506, "Epoch 530 Step 17": 2.889244556427002, "Epoch 530 Step 18": 2.8932783603668213, "Epoch 530 Step 19": 2.8757450580596924, "Epoch 530 Step 20": 2.8862953186035156, "Epoch 530 Step 21": 2.8867127895355225, "Epoch 530 Step 22": 2.8912694454193115, "Epoch 530 Step 23": 2.895705223083496, "Epoch 530 Step 24": 2.8815741539001465, "Epoch 530 Step 25": 2.892230987548828, "Epoch 530 Step 26": 2.879302740097046, "Epoch 530 Step 27": 2.885397434234619, "Epoch 530 Step 28": 2.878546714782715, "Epoch 530 Step 29": 2.8918356895446777, "Epoch 530 Step 30": 2.877790927886963, "Epoch 530 Step 31": 2.882577419281006, "Epoch 530 Step 32": 2.8887779712677, "Epoch 530 Step 33": 2.8736894130706787, "Epoch 530 Step 34": 2.8714687824249268, "Epoch 530 Step 35": 2.8720669746398926, "Epoch 530 Step 36": 2.888521194458008, "Epoch 530 Step 37": 2.8820793628692627, "Epoch 530 Step 38": 2.877878189086914, "Epoch 530 Step 39": 2.889645576477051, "Epoch 530 Step 40": 2.894770383834839, "Epoch 530 Step 41": 2.879657506942749, "Epoch 530 Step 42": 2.876335859298706, "Epoch 530 Step 43": 2.8876774311065674, "Epoch 530 Step 44": 2.891266345977783, "Epoch 530 Step 45": 2.8811795711517334, "Epoch 530 Step 46": 2.882169008255005, "Epoch 530 Step 47": 2.87749981880188, "Epoch 530 Step 48": 2.8878276348114014, "Epoch 530 Step 49": 2.8737523555755615, "Epoch 530 Step 50": 2.8853392601013184, "Epoch 530 Step 51": 2.8793482780456543, "Epoch 530 Step 52": 2.882744312286377, "Epoch 530 Step 53": 2.884587287902832, "Epoch 530 Step 54": 2.871415615081787, "Epoch 530 Step 55": 2.8853275775909424, "Epoch 530 Step 56": 2.887423515319824, "Epoch 530 Step 57": 2.885528326034546, "Epoch 530 Step 58": 2.8893473148345947, "Epoch 530 Step 59": 2.884019136428833, "Epoch 530 Step 60": 2.8723690509796143, "Epoch 530 Step 61": 2.880215644836426, "Epoch 530 Step 62": 2.876619577407837, "Epoch 530 Step 63": 2.882314920425415, "Epoch 530 Step 64": 2.8833558559417725, "Epoch 530 Step 65": 2.8909778594970703, "Epoch 530 Step 66": 2.8848066329956055, "Epoch 530 Step 67": 2.8850128650665283, "Epoch 530 Step 68": 2.881525754928589, "Epoch 530 Step 69": 2.8757989406585693, "Epoch 530 Step 70": 2.879664659500122, "Epoch 530 Step 71": 2.8940482139587402, "Epoch 530 Step 72": 2.8880441188812256, "Epoch 530 Step 73": 2.8739027976989746, "Epoch 530 Step 74": 2.890521287918091, "Epoch 530 Step 75": 2.8818819522857666, "Epoch 530 Step 76": 2.875856399536133, "Epoch 530 Step 77": 2.8723909854888916, "Epoch 530 Step 78": 2.8820579051971436, "Epoch 530 Step 79": 2.887458324432373, "Epoch 530 Step 80": 2.880354642868042, "Epoch 530 Step 81": 2.8788325786590576, "Epoch 530 Step 82": 2.8784408569335938, "Epoch 530 Step 83": 2.876155138015747, "Epoch 530 Step 84": 2.88794207572937, "Epoch 530 Step 85": 2.8755314350128174, "Epoch 530 Step 86": 2.8910624980926514, "Epoch 530 Step 87": 2.871182680130005, "Epoch 530 Step 88": 2.874300003051758, "Epoch 530 Step 89": 2.8795511722564697}