{"Epoch 320 Step 0": 2.8800716400146484, "Epoch 320 Step 1": 2.87618088722229, "Epoch 320 Step 2": 2.888617515563965, "Epoch 320 Step 3": 2.891808271408081, "Epoch 320 Step 4": 2.8816897869110107, "Epoch 320 Step 5": 2.8817431926727295, "Epoch 320 Step 6": 2.877338171005249, "Epoch 320 Step 7": 2.8880555629730225, "Epoch 320 Step 8": 2.8739919662475586, "Epoch 320 Step 9": 2.8854498863220215, "Epoch 320 Step 10": 2.8788397312164307, "Epoch 320 Step 11": 2.883233070373535, "Epoch 320 Step 12": 2.884315013885498, "Epoch 320 Step 13": 2.8714518547058105, "Epoch 320 Step 14": 2.885080099105835, "Epoch 320 Step 15": 2.888134241104126, "Epoch 320 Step 16": 2.8854427337646484, "Epoch 320 Step 17": 2.889000654220581, "Epoch 320 Step 18": 2.884521484375, "Epoch 320 Step 19": 2.872663974761963, "Epoch 320 Step 20": 2.8808376789093018, "Epoch 320 Step 21": 2.8770713806152344, "Epoch 320 Step 22": 2.882439136505127, "Epoch 320 Step 23": 2.8835699558258057, "Epoch 320 Step 24": 2.8905794620513916, "Epoch 320 Step 25": 2.88490891456604, "Epoch 320 Step 26": 2.8849921226501465, "Epoch 320 Step 27": 2.8808577060699463, "Epoch 320 Step 28": 2.8759984970092773, "Epoch 320 Step 29": 2.879504680633545, "Epoch 320 Step 30": 2.8940787315368652, "Epoch 320 Step 31": 2.8881008625030518, "Epoch 320 Step 32": 2.873997211456299, "Epoch 320 Step 33": 2.8907222747802734, "Epoch 320 Step 34": 2.882925510406494, "Epoch 320 Step 35": 2.876084804534912, "Epoch 320 Step 36": 2.87280011177063, "Epoch 320 Step 37": 2.882467746734619, "Epoch 320 Step 38": 2.8874363899230957, "Epoch 320 Step 39": 2.8811519145965576, "Epoch 320 Step 40": 2.8789756298065186, "Epoch 320 Step 41": 2.8779754638671875, "Epoch 320 Step 42": 2.8760178089141846, "Epoch 320 Step 43": 2.88782000541687, "Epoch 320 Step 44": 2.8746442794799805, "Epoch 320 Step 45": 2.8910608291625977, "Epoch 320 Step 46": 2.8716683387756348, "Epoch 320 Step 47": 2.874358892440796, "Epoch 320 Step 48": 2.879343032836914, "Epoch 320 Step 49": 2.8680267333984375, "Epoch 320 Step 50": 2.8869166374206543, "Epoch 320 Step 51": 2.881659984588623, "Epoch 320 Step 52": 2.8866846561431885, "Epoch 320 Step 53": 2.893129348754883, "Epoch 320 Step 54": 2.8855838775634766, "Epoch 320 Step 55": 2.8785014152526855, "Epoch 320 Step 56": 2.8853676319122314, "Epoch 320 Step 57": 2.8952934741973877, "Epoch 320 Step 58": 2.8932650089263916, "Epoch 320 Step 59": 2.89308762550354, "Epoch 320 Step 60": 2.8881871700286865, "Epoch 320 Step 61": 2.886475086212158, "Epoch 320 Step 62": 2.8829047679901123, "Epoch 320 Step 63": 2.9047107696533203, "Epoch 320 Step 64": 2.9001214504241943, "Epoch 320 Step 65": 2.8970987796783447, "Epoch 320 Step 66": 2.8755297660827637, "Epoch 320 Step 67": 2.8891024589538574, "Epoch 320 Step 68": 2.893141031265259, "Epoch 320 Step 69": 2.875570297241211, "Epoch 320 Step 70": 2.8864476680755615, "Epoch 320 Step 71": 2.8867263793945312, "Epoch 320 Step 72": 2.891275644302368, "Epoch 320 Step 73": 2.8954386711120605, "Epoch 320 Step 74": 2.8812100887298584, "Epoch 320 Step 75": 2.892164468765259, "Epoch 320 Step 76": 2.8784444332122803, "Epoch 320 Step 77": 2.8854172229766846, "Epoch 320 Step 78": 2.8782408237457275, "Epoch 320 Step 79": 2.8923850059509277, "Epoch 320 Step 80": 2.878006935119629, "Epoch 320 Step 81": 2.8826558589935303, "Epoch 320 Step 82": 2.888357162475586, "Epoch 320 Step 83": 2.873535394668579, "Epoch 320 Step 84": 2.8717684745788574, "Epoch 320 Step 85": 2.873051643371582, "Epoch 320 Step 86": 2.8881754875183105, "Epoch 320 Step 87": 2.881539821624756, "Epoch 320 Step 88": 2.87709379196167, "Epoch 320 Step 89": 2.8907787799835205}