{"Epoch 356 Step 0": 2.876473903656006, "Epoch 356 Step 1": 2.88794207572937, "Epoch 356 Step 2": 2.874821901321411, "Epoch 356 Step 3": 2.8913097381591797, "Epoch 356 Step 4": 2.8712987899780273, "Epoch 356 Step 5": 2.8749752044677734, "Epoch 356 Step 6": 2.8795347213745117, "Epoch 356 Step 7": 2.8679378032684326, "Epoch 356 Step 8": 2.88753604888916, "Epoch 356 Step 9": 2.8814377784729004, "Epoch 356 Step 10": 2.886793851852417, "Epoch 356 Step 11": 2.893404960632324, "Epoch 356 Step 12": 2.8864803314208984, "Epoch 356 Step 13": 2.878312587738037, "Epoch 356 Step 14": 2.884843587875366, "Epoch 356 Step 15": 2.895491361618042, "Epoch 356 Step 16": 2.8940556049346924, "Epoch 356 Step 17": 2.8931198120117188, "Epoch 356 Step 18": 2.8879945278167725, "Epoch 356 Step 19": 2.8857457637786865, "Epoch 356 Step 20": 2.8823294639587402, "Epoch 356 Step 21": 2.904616117477417, "Epoch 356 Step 22": 2.8994028568267822, "Epoch 356 Step 23": 2.8991007804870605, "Epoch 356 Step 24": 2.875392436981201, "Epoch 356 Step 25": 2.8881888389587402, "Epoch 356 Step 26": 2.8924379348754883, "Epoch 356 Step 27": 2.87544584274292, "Epoch 356 Step 28": 2.8865036964416504, "Epoch 356 Step 29": 2.886634349822998, "Epoch 356 Step 30": 2.8916265964508057, "Epoch 356 Step 31": 2.895765781402588, "Epoch 356 Step 32": 2.881716728210449, "Epoch 356 Step 33": 2.8934199810028076, "Epoch 356 Step 34": 2.878657341003418, "Epoch 356 Step 35": 2.8851115703582764, "Epoch 356 Step 36": 2.8783373832702637, "Epoch 356 Step 37": 2.8916947841644287, "Epoch 356 Step 38": 2.877758026123047, "Epoch 356 Step 39": 2.8825910091400146, "Epoch 356 Step 40": 2.8885629177093506, "Epoch 356 Step 41": 2.873582124710083, "Epoch 356 Step 42": 2.871603012084961, "Epoch 356 Step 43": 2.8718719482421875, "Epoch 356 Step 44": 2.888211250305176, "Epoch 356 Step 45": 2.8821566104888916, "Epoch 356 Step 46": 2.877999782562256, "Epoch 356 Step 47": 2.890103816986084, "Epoch 356 Step 48": 2.895183563232422, "Epoch 356 Step 49": 2.8802311420440674, "Epoch 356 Step 50": 2.876112699508667, "Epoch 356 Step 51": 2.887687921524048, "Epoch 356 Step 52": 2.8913662433624268, "Epoch 356 Step 53": 2.8808913230895996, "Epoch 356 Step 54": 2.8819329738616943, "Epoch 356 Step 55": 2.8773577213287354, "Epoch 356 Step 56": 2.8875339031219482, "Epoch 356 Step 57": 2.8739066123962402, "Epoch 356 Step 58": 2.88539719581604, "Epoch 356 Step 59": 2.879467248916626, "Epoch 356 Step 60": 2.8833816051483154, "Epoch 356 Step 61": 2.8848986625671387, "Epoch 356 Step 62": 2.871208429336548, "Epoch 356 Step 63": 2.8851215839385986, "Epoch 356 Step 64": 2.88787841796875, "Epoch 356 Step 65": 2.8858861923217773, "Epoch 356 Step 66": 2.889130115509033, "Epoch 356 Step 67": 2.8847837448120117, "Epoch 356 Step 68": 2.872514009475708, "Epoch 356 Step 69": 2.8807644844055176, "Epoch 356 Step 70": 2.876964569091797, "Epoch 356 Step 71": 2.8826699256896973, "Epoch 356 Step 72": 2.8833489418029785, "Epoch 356 Step 73": 2.8911192417144775, "Epoch 356 Step 74": 2.8851816654205322, "Epoch 356 Step 75": 2.885176658630371, "Epoch 356 Step 76": 2.8814330101013184, "Epoch 356 Step 77": 2.8754122257232666, "Epoch 356 Step 78": 2.8792831897735596, "Epoch 356 Step 79": 2.893857002258301, "Epoch 356 Step 80": 2.888092517852783, "Epoch 356 Step 81": 2.874209403991699, "Epoch 356 Step 82": 2.8906447887420654, "Epoch 356 Step 83": 2.8820366859436035, "Epoch 356 Step 84": 2.8760476112365723, "Epoch 356 Step 85": 2.8732593059539795, "Epoch 356 Step 86": 2.881765842437744, "Epoch 356 Step 87": 2.887561082839966, "Epoch 356 Step 88": 2.8802692890167236, "Epoch 356 Step 89": 2.8789799213409424}