{"Epoch 222 Step 0": 2.8874001502990723, "Epoch 222 Step 1": 2.8734798431396484, "Epoch 222 Step 2": 2.884819507598877, "Epoch 222 Step 3": 2.878897190093994, "Epoch 222 Step 4": 2.8822875022888184, "Epoch 222 Step 5": 2.883909225463867, "Epoch 222 Step 6": 2.8710787296295166, "Epoch 222 Step 7": 2.884347438812256, "Epoch 222 Step 8": 2.8873279094696045, "Epoch 222 Step 9": 2.885765790939331, "Epoch 222 Step 10": 2.8889169692993164, "Epoch 222 Step 11": 2.883776903152466, "Epoch 222 Step 12": 2.8715286254882812, "Epoch 222 Step 13": 2.880800724029541, "Epoch 222 Step 14": 2.8773128986358643, "Epoch 222 Step 15": 2.8825690746307373, "Epoch 222 Step 16": 2.882751226425171, "Epoch 222 Step 17": 2.8902623653411865, "Epoch 222 Step 18": 2.8846988677978516, "Epoch 222 Step 19": 2.885451316833496, "Epoch 222 Step 20": 2.882274627685547, "Epoch 222 Step 21": 2.8747451305389404, "Epoch 222 Step 22": 2.8799986839294434, "Epoch 222 Step 23": 2.8928256034851074, "Epoch 222 Step 24": 2.887334108352661, "Epoch 222 Step 25": 2.873753309249878, "Epoch 222 Step 26": 2.8899006843566895, "Epoch 222 Step 27": 2.882326602935791, "Epoch 222 Step 28": 2.8754189014434814, "Epoch 222 Step 29": 2.8721585273742676, "Epoch 222 Step 30": 2.882120132446289, "Epoch 222 Step 31": 2.887347936630249, "Epoch 222 Step 32": 2.8798959255218506, "Epoch 222 Step 33": 2.878469467163086, "Epoch 222 Step 34": 2.8783490657806396, "Epoch 222 Step 35": 2.8766331672668457, "Epoch 222 Step 36": 2.8873562812805176, "Epoch 222 Step 37": 2.874429702758789, "Epoch 222 Step 38": 2.8913018703460693, "Epoch 222 Step 39": 2.8714866638183594, "Epoch 222 Step 40": 2.874091386795044, "Epoch 222 Step 41": 2.879359006881714, "Epoch 222 Step 42": 2.8673527240753174, "Epoch 222 Step 43": 2.887083053588867, "Epoch 222 Step 44": 2.8813412189483643, "Epoch 222 Step 45": 2.8863956928253174, "Epoch 222 Step 46": 2.893005132675171, "Epoch 222 Step 47": 2.8860552310943604, "Epoch 222 Step 48": 2.8778011798858643, "Epoch 222 Step 49": 2.88507342338562, "Epoch 222 Step 50": 2.894648551940918, "Epoch 222 Step 51": 2.8937203884124756, "Epoch 222 Step 52": 2.8922181129455566, "Epoch 222 Step 53": 2.887444257736206, "Epoch 222 Step 54": 2.8867287635803223, "Epoch 222 Step 55": 2.881648302078247, "Epoch 222 Step 56": 2.904454231262207, "Epoch 222 Step 57": 2.8997764587402344, "Epoch 222 Step 58": 2.8976151943206787, "Epoch 222 Step 59": 2.875189781188965, "Epoch 222 Step 60": 2.888500690460205, "Epoch 222 Step 61": 2.89266037940979, "Epoch 222 Step 62": 2.8749899864196777, "Epoch 222 Step 63": 2.8859786987304688, "Epoch 222 Step 64": 2.887270450592041, "Epoch 222 Step 65": 2.8911325931549072, "Epoch 222 Step 66": 2.8956973552703857, "Epoch 222 Step 67": 2.8821957111358643, "Epoch 222 Step 68": 2.8939223289489746, "Epoch 222 Step 69": 2.877845048904419, "Epoch 222 Step 70": 2.885319232940674, "Epoch 222 Step 71": 2.8767473697662354, "Epoch 222 Step 72": 2.890225648880005, "Epoch 222 Step 73": 2.8769612312316895, "Epoch 222 Step 74": 2.8835372924804688, "Epoch 222 Step 75": 2.888576030731201, "Epoch 222 Step 76": 2.872304916381836, "Epoch 222 Step 77": 2.8717470169067383, "Epoch 222 Step 78": 2.8722004890441895, "Epoch 222 Step 79": 2.8878910541534424, "Epoch 222 Step 80": 2.8829822540283203, "Epoch 222 Step 81": 2.8772428035736084, "Epoch 222 Step 82": 2.8888132572174072, "Epoch 222 Step 83": 2.894301652908325, "Epoch 222 Step 84": 2.8799026012420654, "Epoch 222 Step 85": 2.876725912094116, "Epoch 222 Step 86": 2.8869996070861816, "Epoch 222 Step 87": 2.890625238418579, "Epoch 222 Step 88": 2.8805081844329834, "Epoch 222 Step 89": 2.8810646533966064}