{"Epoch 125 Step 0": 2.8681771755218506, "Epoch 125 Step 1": 2.8824236392974854, "Epoch 125 Step 2": 2.8860156536102295, "Epoch 125 Step 3": 2.8819921016693115, "Epoch 125 Step 4": 2.8874971866607666, "Epoch 125 Step 5": 2.8814425468444824, "Epoch 125 Step 6": 2.8700437545776367, "Epoch 125 Step 7": 2.8783323764801025, "Epoch 125 Step 8": 2.874361991882324, "Epoch 125 Step 9": 2.8813862800598145, "Epoch 125 Step 10": 2.8801491260528564, "Epoch 125 Step 11": 2.8877973556518555, "Epoch 125 Step 12": 2.8840630054473877, "Epoch 125 Step 13": 2.8835601806640625, "Epoch 125 Step 14": 2.879382848739624, "Epoch 125 Step 15": 2.8744351863861084, "Epoch 125 Step 16": 2.876298427581787, "Epoch 125 Step 17": 2.8910739421844482, "Epoch 125 Step 18": 2.8862884044647217, "Epoch 125 Step 19": 2.8722801208496094, "Epoch 125 Step 20": 2.8883559703826904, "Epoch 125 Step 21": 2.8806164264678955, "Epoch 125 Step 22": 2.8733417987823486, "Epoch 125 Step 23": 2.867824077606201, "Epoch 125 Step 24": 2.8803794384002686, "Epoch 125 Step 25": 2.8861083984375, "Epoch 125 Step 26": 2.879237174987793, "Epoch 125 Step 27": 2.877481698989868, "Epoch 125 Step 28": 2.878422260284424, "Epoch 125 Step 29": 2.8743629455566406, "Epoch 125 Step 30": 2.885279893875122, "Epoch 125 Step 31": 2.8702995777130127, "Epoch 125 Step 32": 2.8894901275634766, "Epoch 125 Step 33": 2.870393753051758, "Epoch 125 Step 34": 2.8719427585601807, "Epoch 125 Step 35": 2.8771421909332275, "Epoch 125 Step 36": 2.8656723499298096, "Epoch 125 Step 37": 2.8842525482177734, "Epoch 125 Step 38": 2.880437135696411, "Epoch 125 Step 39": 2.883347272872925, "Epoch 125 Step 40": 2.8911283016204834, "Epoch 125 Step 41": 2.884828805923462, "Epoch 125 Step 42": 2.877577304840088, "Epoch 125 Step 43": 2.881669282913208, "Epoch 125 Step 44": 2.892120838165283, "Epoch 125 Step 45": 2.8939099311828613, "Epoch 125 Step 46": 2.8912363052368164, "Epoch 125 Step 47": 2.8856382369995117, "Epoch 125 Step 48": 2.8852732181549072, "Epoch 125 Step 49": 2.8817343711853027, "Epoch 125 Step 50": 2.9024038314819336, "Epoch 125 Step 51": 2.8989477157592773, "Epoch 125 Step 52": 2.89436936378479, "Epoch 125 Step 53": 2.875864028930664, "Epoch 125 Step 54": 2.889302968978882, "Epoch 125 Step 55": 2.8920984268188477, "Epoch 125 Step 56": 2.8730201721191406, "Epoch 125 Step 57": 2.8848321437835693, "Epoch 125 Step 58": 2.886610507965088, "Epoch 125 Step 59": 2.8908514976501465, "Epoch 125 Step 60": 2.8945720195770264, "Epoch 125 Step 61": 2.879699468612671, "Epoch 125 Step 62": 2.89166259765625, "Epoch 125 Step 63": 2.877401113510132, "Epoch 125 Step 64": 2.885303258895874, "Epoch 125 Step 65": 2.876523017883301, "Epoch 125 Step 66": 2.8908603191375732, "Epoch 125 Step 67": 2.8752753734588623, "Epoch 125 Step 68": 2.880791425704956, "Epoch 125 Step 69": 2.886237382888794, "Epoch 125 Step 70": 2.872169256210327, "Epoch 125 Step 71": 2.8697195053100586, "Epoch 125 Step 72": 2.8697714805603027, "Epoch 125 Step 73": 2.8853185176849365, "Epoch 125 Step 74": 2.8805739879608154, "Epoch 125 Step 75": 2.8749771118164062, "Epoch 125 Step 76": 2.8876137733459473, "Epoch 125 Step 77": 2.8930416107177734, "Epoch 125 Step 78": 2.87851881980896, "Epoch 125 Step 79": 2.875264883041382, "Epoch 125 Step 80": 2.8851799964904785, "Epoch 125 Step 81": 2.8899309635162354, "Epoch 125 Step 82": 2.8785436153411865, "Epoch 125 Step 83": 2.8805899620056152, "Epoch 125 Step 84": 2.8748536109924316, "Epoch 125 Step 85": 2.885760545730591, "Epoch 125 Step 86": 2.87210750579834, "Epoch 125 Step 87": 2.882934808731079, "Epoch 125 Step 88": 2.8765461444854736, "Epoch 125 Step 89": 2.881452798843384}