{"Epoch 804 Step 0": 2.8678855895996094, "Epoch 804 Step 1": 2.8874640464782715, "Epoch 804 Step 2": 2.8816592693328857, "Epoch 804 Step 3": 2.8868370056152344, "Epoch 804 Step 4": 2.8931937217712402, "Epoch 804 Step 5": 2.886343240737915, "Epoch 804 Step 6": 2.8788061141967773, "Epoch 804 Step 7": 2.8856282234191895, "Epoch 804 Step 8": 2.8950226306915283, "Epoch 804 Step 9": 2.89394211769104, "Epoch 804 Step 10": 2.8934240341186523, "Epoch 804 Step 11": 2.8882265090942383, "Epoch 804 Step 12": 2.8854918479919434, "Epoch 804 Step 13": 2.878504753112793, "Epoch 804 Step 14": 2.9041671752929688, "Epoch 804 Step 15": 2.899414539337158, "Epoch 804 Step 16": 2.8992836475372314, "Epoch 804 Step 17": 2.876424551010132, "Epoch 804 Step 18": 2.88930344581604, "Epoch 804 Step 19": 2.892460823059082, "Epoch 804 Step 20": 2.875840663909912, "Epoch 804 Step 21": 2.8870151042938232, "Epoch 804 Step 22": 2.886913299560547, "Epoch 804 Step 23": 2.891638994216919, "Epoch 804 Step 24": 2.8958868980407715, "Epoch 804 Step 25": 2.8811140060424805, "Epoch 804 Step 26": 2.8929409980773926, "Epoch 804 Step 27": 2.87788462638855, "Epoch 804 Step 28": 2.884809732437134, "Epoch 804 Step 29": 2.877882242202759, "Epoch 804 Step 30": 2.8906757831573486, "Epoch 804 Step 31": 2.87798810005188, "Epoch 804 Step 32": 2.883368730545044, "Epoch 804 Step 33": 2.889143228530884, "Epoch 804 Step 34": 2.8744709491729736, "Epoch 804 Step 35": 2.873138189315796, "Epoch 804 Step 36": 2.872483730316162, "Epoch 804 Step 37": 2.888972043991089, "Epoch 804 Step 38": 2.8826160430908203, "Epoch 804 Step 39": 2.8771421909332275, "Epoch 804 Step 40": 2.8891522884368896, "Epoch 804 Step 41": 2.8945865631103516, "Epoch 804 Step 42": 2.8801958560943604, "Epoch 804 Step 43": 2.87671160697937, "Epoch 804 Step 44": 2.886990785598755, "Epoch 804 Step 45": 2.891361951828003, "Epoch 804 Step 46": 2.8833436965942383, "Epoch 804 Step 47": 2.8851146697998047, "Epoch 804 Step 48": 2.8783600330352783, "Epoch 804 Step 49": 2.8881165981292725, "Epoch 804 Step 50": 2.8740925788879395, "Epoch 804 Step 51": 2.885789155960083, "Epoch 804 Step 52": 2.8788211345672607, "Epoch 804 Step 53": 2.883225440979004, "Epoch 804 Step 54": 2.8846466541290283, "Epoch 804 Step 55": 2.8712568283081055, "Epoch 804 Step 56": 2.8850879669189453, "Epoch 804 Step 57": 2.8877716064453125, "Epoch 804 Step 58": 2.885788917541504, "Epoch 804 Step 59": 2.8884570598602295, "Epoch 804 Step 60": 2.884528398513794, "Epoch 804 Step 61": 2.873520612716675, "Epoch 804 Step 62": 2.881456136703491, "Epoch 804 Step 63": 2.8776862621307373, "Epoch 804 Step 64": 2.8827171325683594, "Epoch 804 Step 65": 2.884275436401367, "Epoch 804 Step 66": 2.8915536403656006, "Epoch 804 Step 67": 2.8852710723876953, "Epoch 804 Step 68": 2.885420560836792, "Epoch 804 Step 69": 2.881051540374756, "Epoch 804 Step 70": 2.8761658668518066, "Epoch 804 Step 71": 2.8792166709899902, "Epoch 804 Step 72": 2.8943533897399902, "Epoch 804 Step 73": 2.888336181640625, "Epoch 804 Step 74": 2.87326979637146, "Epoch 804 Step 75": 2.890242338180542, "Epoch 804 Step 76": 2.8824872970581055, "Epoch 804 Step 77": 2.8758578300476074, "Epoch 804 Step 78": 2.872555732727051, "Epoch 804 Step 79": 2.882272243499756, "Epoch 804 Step 80": 2.8875343799591064, "Epoch 804 Step 81": 2.880180835723877, "Epoch 804 Step 82": 2.8785886764526367, "Epoch 804 Step 83": 2.8781914710998535, "Epoch 804 Step 84": 2.8761672973632812, "Epoch 804 Step 85": 2.8879199028015137, "Epoch 804 Step 86": 2.873908281326294, "Epoch 804 Step 87": 2.8916547298431396, "Epoch 804 Step 88": 2.8710367679595947, "Epoch 804 Step 89": 2.87467885017395}