{"Epoch 670 Step 0": 2.8771770000457764, "Epoch 670 Step 1": 2.8870809078216553, "Epoch 670 Step 2": 2.8912620544433594, "Epoch 670 Step 3": 2.881504774093628, "Epoch 670 Step 4": 2.8826372623443604, "Epoch 670 Step 5": 2.8777480125427246, "Epoch 670 Step 6": 2.888014078140259, "Epoch 670 Step 7": 2.8735146522521973, "Epoch 670 Step 8": 2.885690450668335, "Epoch 670 Step 9": 2.879136323928833, "Epoch 670 Step 10": 2.883073568344116, "Epoch 670 Step 11": 2.8846986293792725, "Epoch 670 Step 12": 2.871225118637085, "Epoch 670 Step 13": 2.8852624893188477, "Epoch 670 Step 14": 2.887769937515259, "Epoch 670 Step 15": 2.8855860233306885, "Epoch 670 Step 16": 2.8897440433502197, "Epoch 670 Step 17": 2.884749174118042, "Epoch 670 Step 18": 2.872636079788208, "Epoch 670 Step 19": 2.880650043487549, "Epoch 670 Step 20": 2.8770737648010254, "Epoch 670 Step 21": 2.882587194442749, "Epoch 670 Step 22": 2.883223295211792, "Epoch 670 Step 23": 2.890840530395508, "Epoch 670 Step 24": 2.8849546909332275, "Epoch 670 Step 25": 2.885007381439209, "Epoch 670 Step 26": 2.8814501762390137, "Epoch 670 Step 27": 2.8757164478302, "Epoch 670 Step 28": 2.8796229362487793, "Epoch 670 Step 29": 2.894366979598999, "Epoch 670 Step 30": 2.887972354888916, "Epoch 670 Step 31": 2.873819351196289, "Epoch 670 Step 32": 2.8903965950012207, "Epoch 670 Step 33": 2.882249116897583, "Epoch 670 Step 34": 2.8756654262542725, "Epoch 670 Step 35": 2.872650384902954, "Epoch 670 Step 36": 2.8817620277404785, "Epoch 670 Step 37": 2.887580633163452, "Epoch 670 Step 38": 2.8805160522460938, "Epoch 670 Step 39": 2.8791425228118896, "Epoch 670 Step 40": 2.878427267074585, "Epoch 670 Step 41": 2.8762359619140625, "Epoch 670 Step 42": 2.8879382610321045, "Epoch 670 Step 43": 2.874229669570923, "Epoch 670 Step 44": 2.891092538833618, "Epoch 670 Step 45": 2.8713176250457764, "Epoch 670 Step 46": 2.8746180534362793, "Epoch 670 Step 47": 2.880078077316284, "Epoch 670 Step 48": 2.8687496185302734, "Epoch 670 Step 49": 2.8863158226013184, "Epoch 670 Step 50": 2.881108522415161, "Epoch 670 Step 51": 2.8865444660186768, "Epoch 670 Step 52": 2.8926918506622314, "Epoch 670 Step 53": 2.8865339756011963, "Epoch 670 Step 54": 2.878263235092163, "Epoch 670 Step 55": 2.885021209716797, "Epoch 670 Step 56": 2.896083354949951, "Epoch 670 Step 57": 2.895826578140259, "Epoch 670 Step 58": 2.8943846225738525, "Epoch 670 Step 59": 2.888258934020996, "Epoch 670 Step 60": 2.8863751888275146, "Epoch 670 Step 61": 2.8837473392486572, "Epoch 670 Step 62": 2.90915846824646, "Epoch 670 Step 63": 2.8976213932037354, "Epoch 670 Step 64": 2.9008021354675293, "Epoch 670 Step 65": 2.8764467239379883, "Epoch 670 Step 66": 2.889331579208374, "Epoch 670 Step 67": 2.894033670425415, "Epoch 670 Step 68": 2.875274658203125, "Epoch 670 Step 69": 2.8864662647247314, "Epoch 670 Step 70": 2.887096643447876, "Epoch 670 Step 71": 2.892115354537964, "Epoch 670 Step 72": 2.8968517780303955, "Epoch 670 Step 73": 2.882444143295288, "Epoch 670 Step 74": 2.8934383392333984, "Epoch 670 Step 75": 2.878638505935669, "Epoch 670 Step 76": 2.884918212890625, "Epoch 670 Step 77": 2.8783998489379883, "Epoch 670 Step 78": 2.8919336795806885, "Epoch 670 Step 79": 2.8782923221588135, "Epoch 670 Step 80": 2.88277530670166, "Epoch 670 Step 81": 2.8886044025421143, "Epoch 670 Step 82": 2.873218297958374, "Epoch 670 Step 83": 2.871607542037964, "Epoch 670 Step 84": 2.8718693256378174, "Epoch 670 Step 85": 2.888366937637329, "Epoch 670 Step 86": 2.8817572593688965, "Epoch 670 Step 87": 2.877897262573242, "Epoch 670 Step 88": 2.890260696411133, "Epoch 670 Step 89": 2.8959317207336426}