{"Epoch 843 Step 0": 2.8798577785491943, "Epoch 843 Step 1": 2.883262872695923, "Epoch 843 Step 2": 2.884991407394409, "Epoch 843 Step 3": 2.8712759017944336, "Epoch 843 Step 4": 2.8849616050720215, "Epoch 843 Step 5": 2.8875949382781982, "Epoch 843 Step 6": 2.886174440383911, "Epoch 843 Step 7": 2.8901560306549072, "Epoch 843 Step 8": 2.885725259780884, "Epoch 843 Step 9": 2.8731327056884766, "Epoch 843 Step 10": 2.880476474761963, "Epoch 843 Step 11": 2.8771142959594727, "Epoch 843 Step 12": 2.883030414581299, "Epoch 843 Step 13": 2.882937431335449, "Epoch 843 Step 14": 2.890557289123535, "Epoch 843 Step 15": 2.8848068714141846, "Epoch 843 Step 16": 2.885472536087036, "Epoch 843 Step 17": 2.8815999031066895, "Epoch 843 Step 18": 2.8762989044189453, "Epoch 843 Step 19": 2.8796334266662598, "Epoch 843 Step 20": 2.8938217163085938, "Epoch 843 Step 21": 2.8879477977752686, "Epoch 843 Step 22": 2.8735222816467285, "Epoch 843 Step 23": 2.8912997245788574, "Epoch 843 Step 24": 2.883164405822754, "Epoch 843 Step 25": 2.8766322135925293, "Epoch 843 Step 26": 2.8730828762054443, "Epoch 843 Step 27": 2.8811988830566406, "Epoch 843 Step 28": 2.888117790222168, "Epoch 843 Step 29": 2.880392074584961, "Epoch 843 Step 30": 2.8782594203948975, "Epoch 843 Step 31": 2.8788444995880127, "Epoch 843 Step 32": 2.87648868560791, "Epoch 843 Step 33": 2.888550043106079, "Epoch 843 Step 34": 2.8745007514953613, "Epoch 843 Step 35": 2.891183853149414, "Epoch 843 Step 36": 2.8714957237243652, "Epoch 843 Step 37": 2.8744380474090576, "Epoch 843 Step 38": 2.8795948028564453, "Epoch 843 Step 39": 2.8682034015655518, "Epoch 843 Step 40": 2.8869082927703857, "Epoch 843 Step 41": 2.881591796875, "Epoch 843 Step 42": 2.886930465698242, "Epoch 843 Step 43": 2.893235445022583, "Epoch 843 Step 44": 2.8869802951812744, "Epoch 843 Step 45": 2.8783812522888184, "Epoch 843 Step 46": 2.8846957683563232, "Epoch 843 Step 47": 2.8950181007385254, "Epoch 843 Step 48": 2.8943045139312744, "Epoch 843 Step 49": 2.8930604457855225, "Epoch 843 Step 50": 2.8884668350219727, "Epoch 843 Step 51": 2.8866372108459473, "Epoch 843 Step 52": 2.8842642307281494, "Epoch 843 Step 53": 2.9041895866394043, "Epoch 843 Step 54": 2.9015724658966064, "Epoch 843 Step 55": 2.90022873878479, "Epoch 843 Step 56": 2.8756706714630127, "Epoch 843 Step 57": 2.8891830444335938, "Epoch 843 Step 58": 2.89264178276062, "Epoch 843 Step 59": 2.87511944770813, "Epoch 843 Step 60": 2.886286973953247, "Epoch 843 Step 61": 2.8872694969177246, "Epoch 843 Step 62": 2.8917322158813477, "Epoch 843 Step 63": 2.896152973175049, "Epoch 843 Step 64": 2.8820178508758545, "Epoch 843 Step 65": 2.895376205444336, "Epoch 843 Step 66": 2.87957501411438, "Epoch 843 Step 67": 2.885047197341919, "Epoch 843 Step 68": 2.8783702850341797, "Epoch 843 Step 69": 2.891749858856201, "Epoch 843 Step 70": 2.878035306930542, "Epoch 843 Step 71": 2.8834245204925537, "Epoch 843 Step 72": 2.8892276287078857, "Epoch 843 Step 73": 2.874035596847534, "Epoch 843 Step 74": 2.872615337371826, "Epoch 843 Step 75": 2.8729326725006104, "Epoch 843 Step 76": 2.888704538345337, "Epoch 843 Step 77": 2.8819475173950195, "Epoch 843 Step 78": 2.8778481483459473, "Epoch 843 Step 79": 2.890062093734741, "Epoch 843 Step 80": 2.89406156539917, "Epoch 843 Step 81": 2.88008713722229, "Epoch 843 Step 82": 2.876471996307373, "Epoch 843 Step 83": 2.8873815536499023, "Epoch 843 Step 84": 2.8913393020629883, "Epoch 843 Step 85": 2.8802330493927, "Epoch 843 Step 86": 2.881643056869507, "Epoch 843 Step 87": 2.8778655529022217, "Epoch 843 Step 88": 2.887523651123047, "Epoch 843 Step 89": 2.873755931854248}