{"Epoch 856 Step 0": 2.8777642250061035, "Epoch 856 Step 1": 2.892453193664551, "Epoch 856 Step 2": 2.895720958709717, "Epoch 856 Step 3": 2.880772352218628, "Epoch 856 Step 4": 2.8779728412628174, "Epoch 856 Step 5": 2.88716983795166, "Epoch 856 Step 6": 2.891077995300293, "Epoch 856 Step 7": 2.8811428546905518, "Epoch 856 Step 8": 2.8823771476745605, "Epoch 856 Step 9": 2.877707004547119, "Epoch 856 Step 10": 2.887580156326294, "Epoch 856 Step 11": 2.8739569187164307, "Epoch 856 Step 12": 2.8853676319122314, "Epoch 856 Step 13": 2.879349708557129, "Epoch 856 Step 14": 2.8840017318725586, "Epoch 856 Step 15": 2.884721517562866, "Epoch 856 Step 16": 2.871399402618408, "Epoch 856 Step 17": 2.8844776153564453, "Epoch 856 Step 18": 2.888233184814453, "Epoch 856 Step 19": 2.8861753940582275, "Epoch 856 Step 20": 2.8891403675079346, "Epoch 856 Step 21": 2.884544849395752, "Epoch 856 Step 22": 2.872770071029663, "Epoch 856 Step 23": 2.881816864013672, "Epoch 856 Step 24": 2.877941131591797, "Epoch 856 Step 25": 2.8836119174957275, "Epoch 856 Step 26": 2.882948875427246, "Epoch 856 Step 27": 2.8906350135803223, "Epoch 856 Step 28": 2.8852360248565674, "Epoch 856 Step 29": 2.8854939937591553, "Epoch 856 Step 30": 2.8811697959899902, "Epoch 856 Step 31": 2.8752644062042236, "Epoch 856 Step 32": 2.880897283554077, "Epoch 856 Step 33": 2.894479751586914, "Epoch 856 Step 34": 2.8879165649414062, "Epoch 856 Step 35": 2.87406325340271, "Epoch 856 Step 36": 2.8905534744262695, "Epoch 856 Step 37": 2.882943868637085, "Epoch 856 Step 38": 2.875436544418335, "Epoch 856 Step 39": 2.8730390071868896, "Epoch 856 Step 40": 2.882746696472168, "Epoch 856 Step 41": 2.888711452484131, "Epoch 856 Step 42": 2.8819191455841064, "Epoch 856 Step 43": 2.8803558349609375, "Epoch 856 Step 44": 2.879185438156128, "Epoch 856 Step 45": 2.876112461090088, "Epoch 856 Step 46": 2.88828182220459, "Epoch 856 Step 47": 2.874244213104248, "Epoch 856 Step 48": 2.8908989429473877, "Epoch 856 Step 49": 2.871699094772339, "Epoch 856 Step 50": 2.875397205352783, "Epoch 856 Step 51": 2.8798277378082275, "Epoch 856 Step 52": 2.8682501316070557, "Epoch 856 Step 53": 2.8869552612304688, "Epoch 856 Step 54": 2.8820927143096924, "Epoch 856 Step 55": 2.887960195541382, "Epoch 856 Step 56": 2.893789052963257, "Epoch 856 Step 57": 2.886878252029419, "Epoch 856 Step 58": 2.8786728382110596, "Epoch 856 Step 59": 2.8854379653930664, "Epoch 856 Step 60": 2.895190715789795, "Epoch 856 Step 61": 2.8931870460510254, "Epoch 856 Step 62": 2.8929731845855713, "Epoch 856 Step 63": 2.8873679637908936, "Epoch 856 Step 64": 2.886171340942383, "Epoch 856 Step 65": 2.883763313293457, "Epoch 856 Step 66": 2.9049577713012695, "Epoch 856 Step 67": 2.899510383605957, "Epoch 856 Step 68": 2.8978610038757324, "Epoch 856 Step 69": 2.8776450157165527, "Epoch 856 Step 70": 2.8900272846221924, "Epoch 856 Step 71": 2.895374298095703, "Epoch 856 Step 72": 2.876063585281372, "Epoch 856 Step 73": 2.886106014251709, "Epoch 856 Step 74": 2.8872318267822266, "Epoch 856 Step 75": 2.892960786819458, "Epoch 856 Step 76": 2.898118257522583, "Epoch 856 Step 77": 2.882827043533325, "Epoch 856 Step 78": 2.8941309452056885, "Epoch 856 Step 79": 2.878784656524658, "Epoch 856 Step 80": 2.8854711055755615, "Epoch 856 Step 81": 2.8780932426452637, "Epoch 856 Step 82": 2.8920953273773193, "Epoch 856 Step 83": 2.878016710281372, "Epoch 856 Step 84": 2.8830978870391846, "Epoch 856 Step 85": 2.8893215656280518, "Epoch 856 Step 86": 2.873908519744873, "Epoch 856 Step 87": 2.872361898422241, "Epoch 856 Step 88": 2.87339448928833, "Epoch 856 Step 89": 2.888916015625}