{"Epoch 914 Step 0": 2.893958806991577, "Epoch 914 Step 1": 2.888598918914795, "Epoch 914 Step 2": 2.8735365867614746, "Epoch 914 Step 3": 2.8901150226593018, "Epoch 914 Step 4": 2.8827779293060303, "Epoch 914 Step 5": 2.8762102127075195, "Epoch 914 Step 6": 2.873021364212036, "Epoch 914 Step 7": 2.8818485736846924, "Epoch 914 Step 8": 2.8878939151763916, "Epoch 914 Step 9": 2.881234645843506, "Epoch 914 Step 10": 2.879303216934204, "Epoch 914 Step 11": 2.8789875507354736, "Epoch 914 Step 12": 2.8769590854644775, "Epoch 914 Step 13": 2.888141632080078, "Epoch 914 Step 14": 2.8744699954986572, "Epoch 914 Step 15": 2.891160249710083, "Epoch 914 Step 16": 2.871321201324463, "Epoch 914 Step 17": 2.87479305267334, "Epoch 914 Step 18": 2.879647970199585, "Epoch 914 Step 19": 2.86824631690979, "Epoch 914 Step 20": 2.8865323066711426, "Epoch 914 Step 21": 2.8812644481658936, "Epoch 914 Step 22": 2.886690855026245, "Epoch 914 Step 23": 2.8930206298828125, "Epoch 914 Step 24": 2.8870742321014404, "Epoch 914 Step 25": 2.8785958290100098, "Epoch 914 Step 26": 2.885361909866333, "Epoch 914 Step 27": 2.896332263946533, "Epoch 914 Step 28": 2.8953704833984375, "Epoch 914 Step 29": 2.894521474838257, "Epoch 914 Step 30": 2.8888814449310303, "Epoch 914 Step 31": 2.886091470718384, "Epoch 914 Step 32": 2.8819401264190674, "Epoch 914 Step 33": 2.9031805992126465, "Epoch 914 Step 34": 2.8992812633514404, "Epoch 914 Step 35": 2.897000312805176, "Epoch 914 Step 36": 2.876271963119507, "Epoch 914 Step 37": 2.8905067443847656, "Epoch 914 Step 38": 2.895202398300171, "Epoch 914 Step 39": 2.877429485321045, "Epoch 914 Step 40": 2.8882532119750977, "Epoch 914 Step 41": 2.8878464698791504, "Epoch 914 Step 42": 2.8924007415771484, "Epoch 914 Step 43": 2.8951728343963623, "Epoch 914 Step 44": 2.881274938583374, "Epoch 914 Step 45": 2.893144130706787, "Epoch 914 Step 46": 2.877668857574463, "Epoch 914 Step 47": 2.8845441341400146, "Epoch 914 Step 48": 2.877925395965576, "Epoch 914 Step 49": 2.89113450050354, "Epoch 914 Step 50": 2.877798318862915, "Epoch 914 Step 51": 2.883725166320801, "Epoch 914 Step 52": 2.889127731323242, "Epoch 914 Step 53": 2.874303102493286, "Epoch 914 Step 54": 2.872584104537964, "Epoch 914 Step 55": 2.8725171089172363, "Epoch 914 Step 56": 2.888461112976074, "Epoch 914 Step 57": 2.882063627243042, "Epoch 914 Step 58": 2.877345561981201, "Epoch 914 Step 59": 2.8911080360412598, "Epoch 914 Step 60": 2.895150899887085, "Epoch 914 Step 61": 2.880436897277832, "Epoch 914 Step 62": 2.8762364387512207, "Epoch 914 Step 63": 2.8872668743133545, "Epoch 914 Step 64": 2.891493320465088, "Epoch 914 Step 65": 2.8815765380859375, "Epoch 914 Step 66": 2.8835737705230713, "Epoch 914 Step 67": 2.8782711029052734, "Epoch 914 Step 68": 2.887408494949341, "Epoch 914 Step 69": 2.8735828399658203, "Epoch 914 Step 70": 2.8852577209472656, "Epoch 914 Step 71": 2.87911057472229, "Epoch 914 Step 72": 2.8828928470611572, "Epoch 914 Step 73": 2.8843235969543457, "Epoch 914 Step 74": 2.871605157852173, "Epoch 914 Step 75": 2.8852834701538086, "Epoch 914 Step 76": 2.8877933025360107, "Epoch 914 Step 77": 2.885878562927246, "Epoch 914 Step 78": 2.889317512512207, "Epoch 914 Step 79": 2.8846800327301025, "Epoch 914 Step 80": 2.872781276702881, "Epoch 914 Step 81": 2.880510091781616, "Epoch 914 Step 82": 2.877004861831665, "Epoch 914 Step 83": 2.8824119567871094, "Epoch 914 Step 84": 2.883265733718872, "Epoch 914 Step 85": 2.8916285037994385, "Epoch 914 Step 86": 2.8850555419921875, "Epoch 914 Step 87": 2.885202646255493, "Epoch 914 Step 88": 2.8810746669769287, "Epoch 914 Step 89": 2.8761727809906006}