{"Epoch 174 Step 0": 2.877443313598633, "Epoch 174 Step 1": 2.882979393005371, "Epoch 174 Step 2": 2.89498233795166, "Epoch 174 Step 3": 2.894125461578369, "Epoch 174 Step 4": 2.89204740524292, "Epoch 174 Step 5": 2.8875489234924316, "Epoch 174 Step 6": 2.8854188919067383, "Epoch 174 Step 7": 2.883526086807251, "Epoch 174 Step 8": 2.903259515762329, "Epoch 174 Step 9": 2.89841628074646, "Epoch 174 Step 10": 2.895454168319702, "Epoch 174 Step 11": 2.8756041526794434, "Epoch 174 Step 12": 2.8883004188537598, "Epoch 174 Step 13": 2.892595052719116, "Epoch 174 Step 14": 2.873192071914673, "Epoch 174 Step 15": 2.884683847427368, "Epoch 174 Step 16": 2.8867485523223877, "Epoch 174 Step 17": 2.8907203674316406, "Epoch 174 Step 18": 2.895214080810547, "Epoch 174 Step 19": 2.8796050548553467, "Epoch 174 Step 20": 2.8915841579437256, "Epoch 174 Step 21": 2.8768560886383057, "Epoch 174 Step 22": 2.885315179824829, "Epoch 174 Step 23": 2.877239227294922, "Epoch 174 Step 24": 2.890169143676758, "Epoch 174 Step 25": 2.8758630752563477, "Epoch 174 Step 26": 2.8814687728881836, "Epoch 174 Step 27": 2.887052536010742, "Epoch 174 Step 28": 2.872039556503296, "Epoch 174 Step 29": 2.8703794479370117, "Epoch 174 Step 30": 2.871080160140991, "Epoch 174 Step 31": 2.88722562789917, "Epoch 174 Step 32": 2.8814735412597656, "Epoch 174 Step 33": 2.876687526702881, "Epoch 174 Step 34": 2.8889591693878174, "Epoch 174 Step 35": 2.891981601715088, "Epoch 174 Step 36": 2.879702568054199, "Epoch 174 Step 37": 2.8759207725524902, "Epoch 174 Step 38": 2.8855600357055664, "Epoch 174 Step 39": 2.890230178833008, "Epoch 174 Step 40": 2.879434108734131, "Epoch 174 Step 41": 2.88083553314209, "Epoch 174 Step 42": 2.8753745555877686, "Epoch 174 Step 43": 2.8864688873291016, "Epoch 174 Step 44": 2.871534824371338, "Epoch 174 Step 45": 2.884125232696533, "Epoch 174 Step 46": 2.877082586288452, "Epoch 174 Step 47": 2.8818764686584473, "Epoch 174 Step 48": 2.882896661758423, "Epoch 174 Step 49": 2.868807315826416, "Epoch 174 Step 50": 2.8835315704345703, "Epoch 174 Step 51": 2.8863611221313477, "Epoch 174 Step 52": 2.882883310317993, "Epoch 174 Step 53": 2.8871498107910156, "Epoch 174 Step 54": 2.883382797241211, "Epoch 174 Step 55": 2.871523380279541, "Epoch 174 Step 56": 2.8788113594055176, "Epoch 174 Step 57": 2.8752317428588867, "Epoch 174 Step 58": 2.8816704750061035, "Epoch 174 Step 59": 2.881258010864258, "Epoch 174 Step 60": 2.8906915187835693, "Epoch 174 Step 61": 2.884981632232666, "Epoch 174 Step 62": 2.883474588394165, "Epoch 174 Step 63": 2.8801980018615723, "Epoch 174 Step 64": 2.874803066253662, "Epoch 174 Step 65": 2.8770029544830322, "Epoch 174 Step 66": 2.8922343254089355, "Epoch 174 Step 67": 2.8863730430603027, "Epoch 174 Step 68": 2.8715438842773438, "Epoch 174 Step 69": 2.8883135318756104, "Epoch 174 Step 70": 2.881537437438965, "Epoch 174 Step 71": 2.8739616870880127, "Epoch 174 Step 72": 2.870866060256958, "Epoch 174 Step 73": 2.8815784454345703, "Epoch 174 Step 74": 2.8865978717803955, "Epoch 174 Step 75": 2.878776788711548, "Epoch 174 Step 76": 2.8770899772644043, "Epoch 174 Step 77": 2.877297878265381, "Epoch 174 Step 78": 2.8758926391601562, "Epoch 174 Step 79": 2.884552478790283, "Epoch 174 Step 80": 2.8715660572052, "Epoch 174 Step 81": 2.889768362045288, "Epoch 174 Step 82": 2.8715004920959473, "Epoch 174 Step 83": 2.8727383613586426, "Epoch 174 Step 84": 2.8783819675445557, "Epoch 174 Step 85": 2.867187738418579, "Epoch 174 Step 86": 2.8859312534332275, "Epoch 174 Step 87": 2.880868434906006, "Epoch 174 Step 88": 2.883007764816284, "Epoch 174 Step 89": 2.8916258811950684}