{"Epoch 169 Step 0": 2.887576103210449, "Epoch 169 Step 1": 2.8845300674438477, "Epoch 169 Step 2": 2.881861686706543, "Epoch 169 Step 3": 2.903709650039673, "Epoch 169 Step 4": 2.8974416255950928, "Epoch 169 Step 5": 2.89689302444458, "Epoch 169 Step 6": 2.874058485031128, "Epoch 169 Step 7": 2.887005567550659, "Epoch 169 Step 8": 2.891616106033325, "Epoch 169 Step 9": 2.8730552196502686, "Epoch 169 Step 10": 2.88441801071167, "Epoch 169 Step 11": 2.8861606121063232, "Epoch 169 Step 12": 2.890782356262207, "Epoch 169 Step 13": 2.8948943614959717, "Epoch 169 Step 14": 2.8799407482147217, "Epoch 169 Step 15": 2.8912312984466553, "Epoch 169 Step 16": 2.8761606216430664, "Epoch 169 Step 17": 2.8840227127075195, "Epoch 169 Step 18": 2.8768715858459473, "Epoch 169 Step 19": 2.8898324966430664, "Epoch 169 Step 20": 2.875495433807373, "Epoch 169 Step 21": 2.8812415599823, "Epoch 169 Step 22": 2.8870129585266113, "Epoch 169 Step 23": 2.871333122253418, "Epoch 169 Step 24": 2.870483636856079, "Epoch 169 Step 25": 2.870941400527954, "Epoch 169 Step 26": 2.886045217514038, "Epoch 169 Step 27": 2.881510019302368, "Epoch 169 Step 28": 2.876110076904297, "Epoch 169 Step 29": 2.8899786472320557, "Epoch 169 Step 30": 2.8930442333221436, "Epoch 169 Step 31": 2.8789572715759277, "Epoch 169 Step 32": 2.874756097793579, "Epoch 169 Step 33": 2.8853001594543457, "Epoch 169 Step 34": 2.889544725418091, "Epoch 169 Step 35": 2.8797454833984375, "Epoch 169 Step 36": 2.8805084228515625, "Epoch 169 Step 37": 2.8759636878967285, "Epoch 169 Step 38": 2.885927200317383, "Epoch 169 Step 39": 2.872184991836548, "Epoch 169 Step 40": 2.8837130069732666, "Epoch 169 Step 41": 2.877039670944214, "Epoch 169 Step 42": 2.882347822189331, "Epoch 169 Step 43": 2.8820343017578125, "Epoch 169 Step 44": 2.8691494464874268, "Epoch 169 Step 45": 2.882642984390259, "Epoch 169 Step 46": 2.8852453231811523, "Epoch 169 Step 47": 2.8831992149353027, "Epoch 169 Step 48": 2.887035369873047, "Epoch 169 Step 49": 2.8830506801605225, "Epoch 169 Step 50": 2.870497226715088, "Epoch 169 Step 51": 2.8793246746063232, "Epoch 169 Step 52": 2.8760552406311035, "Epoch 169 Step 53": 2.8826024532318115, "Epoch 169 Step 54": 2.8816726207733154, "Epoch 169 Step 55": 2.889296054840088, "Epoch 169 Step 56": 2.884124755859375, "Epoch 169 Step 57": 2.8835368156433105, "Epoch 169 Step 58": 2.88033390045166, "Epoch 169 Step 59": 2.87434720993042, "Epoch 169 Step 60": 2.876927375793457, "Epoch 169 Step 61": 2.891420602798462, "Epoch 169 Step 62": 2.8863365650177, "Epoch 169 Step 63": 2.871990442276001, "Epoch 169 Step 64": 2.8889126777648926, "Epoch 169 Step 65": 2.8804779052734375, "Epoch 169 Step 66": 2.8736536502838135, "Epoch 169 Step 67": 2.870845317840576, "Epoch 169 Step 68": 2.880807399749756, "Epoch 169 Step 69": 2.8865158557891846, "Epoch 169 Step 70": 2.878955602645874, "Epoch 169 Step 71": 2.8775079250335693, "Epoch 169 Step 72": 2.877121686935425, "Epoch 169 Step 73": 2.874586820602417, "Epoch 169 Step 74": 2.885575294494629, "Epoch 169 Step 75": 2.8716728687286377, "Epoch 169 Step 76": 2.889169216156006, "Epoch 169 Step 77": 2.871126174926758, "Epoch 169 Step 78": 2.8722264766693115, "Epoch 169 Step 79": 2.8781673908233643, "Epoch 169 Step 80": 2.8664846420288086, "Epoch 169 Step 81": 2.8851659297943115, "Epoch 169 Step 82": 2.880385637283325, "Epoch 169 Step 83": 2.8832976818084717, "Epoch 169 Step 84": 2.8919737339019775, "Epoch 169 Step 85": 2.884012222290039, "Epoch 169 Step 86": 2.877927780151367, "Epoch 169 Step 87": 2.8830273151397705, "Epoch 169 Step 88": 2.8944780826568604, "Epoch 169 Step 89": 2.8933639526367188}