{"Epoch 486 Step 0": 2.891864061355591, "Epoch 486 Step 1": 2.8803694248199463, "Epoch 486 Step 2": 2.8809409141540527, "Epoch 486 Step 3": 2.877073049545288, "Epoch 486 Step 4": 2.887805461883545, "Epoch 486 Step 5": 2.8737170696258545, "Epoch 486 Step 6": 2.8851735591888428, "Epoch 486 Step 7": 2.879239082336426, "Epoch 486 Step 8": 2.8829147815704346, "Epoch 486 Step 9": 2.8848321437835693, "Epoch 486 Step 10": 2.871436357498169, "Epoch 486 Step 11": 2.8852782249450684, "Epoch 486 Step 12": 2.8876447677612305, "Epoch 486 Step 13": 2.88608980178833, "Epoch 486 Step 14": 2.8896281719207764, "Epoch 486 Step 15": 2.884556770324707, "Epoch 486 Step 16": 2.8725526332855225, "Epoch 486 Step 17": 2.88090181350708, "Epoch 486 Step 18": 2.8772220611572266, "Epoch 486 Step 19": 2.8829472064971924, "Epoch 486 Step 20": 2.8829245567321777, "Epoch 486 Step 21": 2.8902528285980225, "Epoch 486 Step 22": 2.884862184524536, "Epoch 486 Step 23": 2.8859384059906006, "Epoch 486 Step 24": 2.8823416233062744, "Epoch 486 Step 25": 2.875295400619507, "Epoch 486 Step 26": 2.8798723220825195, "Epoch 486 Step 27": 2.8941874504089355, "Epoch 486 Step 28": 2.888197183609009, "Epoch 486 Step 29": 2.873811721801758, "Epoch 486 Step 30": 2.890850067138672, "Epoch 486 Step 31": 2.8817763328552246, "Epoch 486 Step 32": 2.875822067260742, "Epoch 486 Step 33": 2.8724327087402344, "Epoch 486 Step 34": 2.8822247982025146, "Epoch 486 Step 35": 2.8877599239349365, "Epoch 486 Step 36": 2.8803582191467285, "Epoch 486 Step 37": 2.87859845161438, "Epoch 486 Step 38": 2.8783161640167236, "Epoch 486 Step 39": 2.87662672996521, "Epoch 486 Step 40": 2.8877673149108887, "Epoch 486 Step 41": 2.874391794204712, "Epoch 486 Step 42": 2.891268730163574, "Epoch 486 Step 43": 2.8714115619659424, "Epoch 486 Step 44": 2.8745744228363037, "Epoch 486 Step 45": 2.879657745361328, "Epoch 486 Step 46": 2.867715358734131, "Epoch 486 Step 47": 2.887070655822754, "Epoch 486 Step 48": 2.8817379474639893, "Epoch 486 Step 49": 2.887000322341919, "Epoch 486 Step 50": 2.8932299613952637, "Epoch 486 Step 51": 2.886274814605713, "Epoch 486 Step 52": 2.878725051879883, "Epoch 486 Step 53": 2.885321617126465, "Epoch 486 Step 54": 2.8951961994171143, "Epoch 486 Step 55": 2.8940653800964355, "Epoch 486 Step 56": 2.89296293258667, "Epoch 486 Step 57": 2.8878281116485596, "Epoch 486 Step 58": 2.8859405517578125, "Epoch 486 Step 59": 2.8830275535583496, "Epoch 486 Step 60": 2.9084482192993164, "Epoch 486 Step 61": 2.8972432613372803, "Epoch 486 Step 62": 2.9010918140411377, "Epoch 486 Step 63": 2.87619948387146, "Epoch 486 Step 64": 2.8889918327331543, "Epoch 486 Step 65": 2.892867088317871, "Epoch 486 Step 66": 2.875037908554077, "Epoch 486 Step 67": 2.8868255615234375, "Epoch 486 Step 68": 2.886901378631592, "Epoch 486 Step 69": 2.8914239406585693, "Epoch 486 Step 70": 2.8955984115600586, "Epoch 486 Step 71": 2.8819000720977783, "Epoch 486 Step 72": 2.893918514251709, "Epoch 486 Step 73": 2.8784830570220947, "Epoch 486 Step 74": 2.8848159313201904, "Epoch 486 Step 75": 2.8780887126922607, "Epoch 486 Step 76": 2.8910868167877197, "Epoch 486 Step 77": 2.8784725666046143, "Epoch 486 Step 78": 2.8832151889801025, "Epoch 486 Step 79": 2.88879132270813, "Epoch 486 Step 80": 2.8734495639801025, "Epoch 486 Step 81": 2.8720338344573975, "Epoch 486 Step 82": 2.8719875812530518, "Epoch 486 Step 83": 2.888582706451416, "Epoch 486 Step 84": 2.88205623626709, "Epoch 486 Step 85": 2.877558469772339, "Epoch 486 Step 86": 2.8905975818634033, "Epoch 486 Step 87": 2.894827127456665, "Epoch 486 Step 88": 2.880279779434204, "Epoch 486 Step 89": 2.876939296722412}