{"Epoch 14 Step 0": 2.8699843883514404, "Epoch 14 Step 1": 2.8661081790924072, "Epoch 14 Step 2": 2.8779613971710205, "Epoch 14 Step 3": 2.885622978210449, "Epoch 14 Step 4": 2.809626579284668, "Epoch 14 Step 5": 2.851755380630493, "Epoch 14 Step 6": 2.8179867267608643, "Epoch 14 Step 7": 2.852531671524048, "Epoch 14 Step 8": 2.8820033073425293, "Epoch 14 Step 9": 2.875955581665039, "Epoch 14 Step 10": 2.886014938354492, "Epoch 14 Step 11": 2.8714609146118164, "Epoch 14 Step 12": 2.808645486831665, "Epoch 14 Step 13": 2.773955821990967, "Epoch 14 Step 14": 2.8612587451934814, "Epoch 14 Step 15": 2.889000415802002, "Epoch 14 Step 16": 2.8712317943573, "Epoch 14 Step 17": 2.8530824184417725, "Epoch 14 Step 18": 2.8603482246398926, "Epoch 14 Step 19": 2.874561309814453, "Epoch 14 Step 20": 2.8751914501190186, "Epoch 14 Step 21": 2.880317211151123, "Epoch 14 Step 22": 2.8720521926879883, "Epoch 14 Step 23": 2.8802335262298584, "Epoch 14 Step 24": 2.879840612411499, "Epoch 14 Step 25": 2.837695598602295, "Epoch 14 Step 26": 2.8512470722198486, "Epoch 14 Step 27": 2.8568501472473145, "Epoch 14 Step 28": 2.8609392642974854, "Epoch 14 Step 29": 2.8732707500457764, "Epoch 14 Step 30": 2.8684282302856445, "Epoch 14 Step 31": 2.873771905899048, "Epoch 14 Step 32": 2.87577223777771, "Epoch 14 Step 33": 2.869730234146118, "Epoch 14 Step 34": 2.8842296600341797, "Epoch 14 Step 35": 2.868891954421997, "Epoch 14 Step 36": 2.8759212493896484, "Epoch 14 Step 37": 2.8844499588012695, "Epoch 14 Step 38": 2.878617286682129, "Epoch 14 Step 39": 2.873331308364868, "Epoch 14 Step 40": 2.87597393989563, "Epoch 14 Step 41": 2.85910701751709, "Epoch 14 Step 42": 2.8413541316986084, "Epoch 14 Step 43": 2.8624722957611084, "Epoch 14 Step 44": 2.875586986541748, "Epoch 14 Step 45": 2.844432830810547, "Epoch 14 Step 46": 2.8622450828552246, "Epoch 14 Step 47": 2.863866090774536, "Epoch 14 Step 48": 2.8507235050201416, "Epoch 14 Step 49": 2.8823037147521973, "Epoch 14 Step 50": 2.8554575443267822, "Epoch 14 Step 51": 2.8716344833374023, "Epoch 14 Step 52": 2.857590675354004, "Epoch 14 Step 53": 2.871788501739502, "Epoch 14 Step 54": 2.8247227668762207, "Epoch 14 Step 55": 2.88234281539917, "Epoch 14 Step 56": 2.8492934703826904, "Epoch 14 Step 57": 2.882511615753174, "Epoch 14 Step 58": 2.866164445877075, "Epoch 14 Step 59": 2.847994804382324, "Epoch 14 Step 60": 2.8424460887908936, "Epoch 14 Step 61": 2.8654680252075195, "Epoch 14 Step 62": 2.853900671005249, "Epoch 14 Step 63": 2.8476603031158447, "Epoch 14 Step 64": 2.8796327114105225, "Epoch 14 Step 65": 2.868882179260254, "Epoch 14 Step 66": 2.860546112060547, "Epoch 14 Step 67": 2.8426637649536133, "Epoch 14 Step 68": 2.858417510986328, "Epoch 14 Step 69": 2.85929799079895, "Epoch 14 Step 70": 2.8342695236206055, "Epoch 14 Step 71": 2.850755453109741, "Epoch 14 Step 72": 2.850883722305298, "Epoch 14 Step 73": 2.8463246822357178, "Epoch 14 Step 74": 2.8379626274108887, "Epoch 14 Step 75": 2.872330665588379, "Epoch 14 Step 76": 2.845381259918213, "Epoch 14 Step 77": 2.880340576171875, "Epoch 14 Step 78": 2.859788656234741, "Epoch 14 Step 79": 2.839858055114746, "Epoch 14 Step 80": 2.8763656616210938, "Epoch 14 Step 81": 2.854452133178711, "Epoch 14 Step 82": 2.8612804412841797, "Epoch 14 Step 83": 2.866532325744629, "Epoch 14 Step 84": 2.8332407474517822, "Epoch 14 Step 85": 2.8753700256347656, "Epoch 14 Step 86": 2.8559882640838623, "Epoch 14 Step 87": 2.8763651847839355, "Epoch 14 Step 88": 2.8726370334625244, "Epoch 14 Step 89": 2.894740343093872, "Epoch 14 Step 90": 2.879384994506836, "Epoch 14 Step 91": 2.834872007369995, "Epoch 14 Step 92": 2.8721182346343994, "Epoch 14 Step 93": 2.857937812805176, "Epoch 14 Step 94": 2.847700357437134, "Epoch 14 Step 95": 2.856550455093384, "Epoch 14 Step 96": 2.857485771179199, "Epoch 14 Step 97": 2.8765103816986084, "Epoch 14 Step 98": 2.860991954803467, "Epoch 14 Step 99": 2.8784642219543457, "Epoch 14 Step 100": 2.8784706592559814, "Epoch 14 Step 101": 2.8795218467712402, "Epoch 14 Step 102": 2.8577044010162354, "Epoch 14 Step 103": 2.8685848712921143, "Epoch 14 Step 104": 2.863518238067627, "Epoch 14 Step 105": 2.858063220977783, "Epoch 14 Step 106": 2.8672068119049072, "Epoch 14 Step 107": 2.8449361324310303, "Epoch 14 Step 108": 2.8691985607147217, "Epoch 14 Step 109": 2.8732590675354004, "Epoch 14 Step 110": 2.8175785541534424, "Epoch 14 Step 111": 2.8577260971069336, "Epoch 14 Step 112": 2.850517988204956, "Epoch 14 Step 113": 2.8666703701019287, "Epoch 14 Step 114": 2.874420166015625, "Epoch 14 Step 115": 2.8472251892089844, "Epoch 14 Step 116": 2.867947578430176, "Epoch 14 Step 117": 2.821070909500122, "Epoch 14 Step 118": 2.851069927215576, "Epoch 14 Step 119": 2.8748648166656494, "Epoch 14 Step 120": 2.8687779903411865, "Epoch 14 Step 121": 2.8609023094177246, "Epoch 14 Step 122": 2.8512799739837646, "Epoch 14 Step 123": 2.865255117416382, "Epoch 14 Step 124": 2.8530704975128174, "Epoch 14 Step 125": 2.861262083053589, "Epoch 14 Step 126": 2.8678171634674072, "Epoch 14 Step 127": 2.8608016967773438, "Epoch 14 Step 128": 2.8564083576202393, "Epoch 14 Step 129": 2.859323263168335, "Epoch 14 Step 130": 2.8373048305511475, "Epoch 14 Step 131": 2.8408069610595703, "Epoch 14 Step 132": 2.8318047523498535, "Epoch 14 Step 133": 2.867912769317627, "Epoch 14 Step 134": 2.871243476867676, "Epoch 14 Step 135": 2.8636326789855957, "Epoch 14 Step 136": 2.8585054874420166, "Epoch 14 Step 137": 2.8519535064697266, "Epoch 14 Step 138": 2.8711252212524414, "Epoch 14 Step 139": 2.890536308288574, "Epoch 14 Step 140": 2.813309907913208, "Epoch 14 Step 141": 2.8600070476531982, "Epoch 14 Step 142": 2.8521835803985596, "Epoch 14 Step 143": 2.8752658367156982, "Epoch 14 Step 144": 2.8582961559295654, "Epoch 14 Step 145": 2.8802168369293213, "Epoch 14 Step 146": 2.8526575565338135, "Epoch 14 Step 147": 2.844473361968994, "Epoch 14 Step 148": 2.853433609008789, "Epoch 14 Step 149": 2.8685593605041504, "Epoch 14 Step 150": 2.8513407707214355, "Epoch 14 Step 151": 2.8766684532165527, "Epoch 14 Step 152": 2.862865924835205, "Epoch 14 Step 153": 2.826101064682007, "Epoch 14 Step 154": 2.851923942565918, "Epoch 14 Step 155": 2.855330228805542, "Epoch 14 Step 156": 2.8553388118743896, "Epoch 14 Step 157": 2.870041847229004, "Epoch 14 Step 158": 2.864626884460449, "Epoch 14 Step 159": 2.8671915531158447, "Epoch 14 Step 160": 2.815826892852783, "Epoch 14 Step 161": 2.863933801651001, "Epoch 14 Step 162": 2.857482671737671, "Epoch 14 Step 163": 2.864424705505371, "Epoch 14 Step 164": 2.8634281158447266, "Epoch 14 Step 165": 2.873128890991211, "Epoch 14 Step 166": 2.8697919845581055, "Epoch 14 Step 167": 2.8537509441375732, "Epoch 14 Step 168": 2.8806915283203125, "Epoch 14 Step 169": 2.8768742084503174, "Epoch 14 Step 170": 2.865485191345215, "Epoch 14 Step 171": 2.8626081943511963, "Epoch 14 Step 172": 2.869187593460083, "Epoch 14 Step 173": 2.859180212020874, "Epoch 14 Step 174": 2.8600869178771973, "Epoch 14 Step 175": 2.8403477668762207, "Epoch 14 Step 176": 2.822255849838257, "Epoch 14 Step 177": 2.8709027767181396, "Epoch 14 Step 178": 2.8498761653900146, "Epoch 14 Step 179": 2.8492581844329834, "Epoch 14 Step 180": 2.864710807800293, "Epoch 14 Step 181": 2.8938021659851074, "Epoch 14 Step 182": 2.846187114715576, "Epoch 14 Step 183": 2.8727710247039795, "Epoch 14 Step 184": 2.8656089305877686, "Epoch 14 Step 185": 2.8716869354248047, "Epoch 14 Step 186": 2.8505444526672363, "Epoch 14 Step 187": 2.8588991165161133, "Epoch 14 Step 188": 2.8378655910491943, "Epoch 14 Step 189": 2.851858139038086, "Epoch 14 Step 190": 2.8606741428375244, "Epoch 14 Step 191": 2.845639228820801, "Epoch 14 Step 192": 2.8871989250183105, "Epoch 14 Step 193": 2.8611345291137695, "Epoch 14 Step 194": 2.8511760234832764, "Epoch 14 Step 195": 2.863232374191284, "Epoch 14 Step 196": 2.8670010566711426, "Epoch 14 Step 197": 2.8563315868377686, "Epoch 14 Step 198": 2.8432366847991943, "Epoch 14 Step 199": 2.8315024375915527,