{"Epoch 748 Step 0": 2.8850698471069336, "Epoch 748 Step 1": 2.8884212970733643, "Epoch 748 Step 2": 2.885826826095581, "Epoch 748 Step 3": 2.8894124031066895, "Epoch 748 Step 4": 2.8841822147369385, "Epoch 748 Step 5": 2.8721296787261963, "Epoch 748 Step 6": 2.8815579414367676, "Epoch 748 Step 7": 2.8770463466644287, "Epoch 748 Step 8": 2.8823697566986084, "Epoch 748 Step 9": 2.884005308151245, "Epoch 748 Step 10": 2.8911514282226562, "Epoch 748 Step 11": 2.884751319885254, "Epoch 748 Step 12": 2.8851613998413086, "Epoch 748 Step 13": 2.8817737102508545, "Epoch 748 Step 14": 2.875622510910034, "Epoch 748 Step 15": 2.87968111038208, "Epoch 748 Step 16": 2.8939054012298584, "Epoch 748 Step 17": 2.888099431991577, "Epoch 748 Step 18": 2.873821973800659, "Epoch 748 Step 19": 2.890538454055786, "Epoch 748 Step 20": 2.881974458694458, "Epoch 748 Step 21": 2.875922203063965, "Epoch 748 Step 22": 2.8719663619995117, "Epoch 748 Step 23": 2.882434606552124, "Epoch 748 Step 24": 2.8876636028289795, "Epoch 748 Step 25": 2.8807148933410645, "Epoch 748 Step 26": 2.8791072368621826, "Epoch 748 Step 27": 2.8785510063171387, "Epoch 748 Step 28": 2.8762495517730713, "Epoch 748 Step 29": 2.887986898422241, "Epoch 748 Step 30": 2.874605655670166, "Epoch 748 Step 31": 2.891120195388794, "Epoch 748 Step 32": 2.8715531826019287, "Epoch 748 Step 33": 2.874525547027588, "Epoch 748 Step 34": 2.8794777393341064, "Epoch 748 Step 35": 2.8681771755218506, "Epoch 748 Step 36": 2.886906623840332, "Epoch 748 Step 37": 2.8817265033721924, "Epoch 748 Step 38": 2.887204647064209, "Epoch 748 Step 39": 2.8933544158935547, "Epoch 748 Step 40": 2.8860158920288086, "Epoch 748 Step 41": 2.8783748149871826, "Epoch 748 Step 42": 2.885343313217163, "Epoch 748 Step 43": 2.8955321311950684, "Epoch 748 Step 44": 2.893749237060547, "Epoch 748 Step 45": 2.892824411392212, "Epoch 748 Step 46": 2.887537956237793, "Epoch 748 Step 47": 2.8866498470306396, "Epoch 748 Step 48": 2.884035110473633, "Epoch 748 Step 49": 2.9098269939422607, "Epoch 748 Step 50": 2.897728681564331, "Epoch 748 Step 51": 2.901535749435425, "Epoch 748 Step 52": 2.875547170639038, "Epoch 748 Step 53": 2.888350486755371, "Epoch 748 Step 54": 2.893907070159912, "Epoch 748 Step 55": 2.875079393386841, "Epoch 748 Step 56": 2.8871519565582275, "Epoch 748 Step 57": 2.8868751525878906, "Epoch 748 Step 58": 2.891090154647827, "Epoch 748 Step 59": 2.895509958267212, "Epoch 748 Step 60": 2.8811657428741455, "Epoch 748 Step 61": 2.8921380043029785, "Epoch 748 Step 62": 2.8785817623138428, "Epoch 748 Step 63": 2.8849270343780518, "Epoch 748 Step 64": 2.878326892852783, "Epoch 748 Step 65": 2.8909900188446045, "Epoch 748 Step 66": 2.8781049251556396, "Epoch 748 Step 67": 2.883587598800659, "Epoch 748 Step 68": 2.8892087936401367, "Epoch 748 Step 69": 2.873213768005371, "Epoch 748 Step 70": 2.871971368789673, "Epoch 748 Step 71": 2.872194766998291, "Epoch 748 Step 72": 2.888659715652466, "Epoch 748 Step 73": 2.884002685546875, "Epoch 748 Step 74": 2.8774538040161133, "Epoch 748 Step 75": 2.890218734741211, "Epoch 748 Step 76": 2.8955273628234863, "Epoch 748 Step 77": 2.880347967147827, "Epoch 748 Step 78": 2.8755640983581543, "Epoch 748 Step 79": 2.888340711593628, "Epoch 748 Step 80": 2.891869306564331, "Epoch 748 Step 81": 2.880711078643799, "Epoch 748 Step 82": 2.8818788528442383, "Epoch 748 Step 83": 2.8779611587524414, "Epoch 748 Step 84": 2.88757061958313, "Epoch 748 Step 85": 2.874032974243164, "Epoch 748 Step 86": 2.8858397006988525, "Epoch 748 Step 87": 2.879446506500244, "Epoch 748 Step 88": 2.88328218460083, "Epoch 748 Step 89": 2.8856942653656006}