{"Epoch 80 Step 0": 2.8892204761505127, "Epoch 80 Step 1": 2.874056816101074, "Epoch 80 Step 2": 2.885883092880249, "Epoch 80 Step 3": 2.886247158050537, "Epoch 80 Step 4": 2.8908040523529053, "Epoch 80 Step 5": 2.8948090076446533, "Epoch 80 Step 6": 2.880643129348755, "Epoch 80 Step 7": 2.891590118408203, "Epoch 80 Step 8": 2.8764114379882812, "Epoch 80 Step 9": 2.884355068206787, "Epoch 80 Step 10": 2.876025438308716, "Epoch 80 Step 11": 2.890308380126953, "Epoch 80 Step 12": 2.8761415481567383, "Epoch 80 Step 13": 2.88096284866333, "Epoch 80 Step 14": 2.8876264095306396, "Epoch 80 Step 15": 2.8726587295532227, "Epoch 80 Step 16": 2.8708417415618896, "Epoch 80 Step 17": 2.8701398372650146, "Epoch 80 Step 18": 2.886974334716797, "Epoch 80 Step 19": 2.8807506561279297, "Epoch 80 Step 20": 2.875282049179077, "Epoch 80 Step 21": 2.8891642093658447, "Epoch 80 Step 22": 2.893465995788574, "Epoch 80 Step 23": 2.8789284229278564, "Epoch 80 Step 24": 2.877641201019287, "Epoch 80 Step 25": 2.8856441974639893, "Epoch 80 Step 26": 2.889448404312134, "Epoch 80 Step 27": 2.8799490928649902, "Epoch 80 Step 28": 2.880554676055908, "Epoch 80 Step 29": 2.876096487045288, "Epoch 80 Step 30": 2.886138439178467, "Epoch 80 Step 31": 2.8721706867218018, "Epoch 80 Step 32": 2.8839285373687744, "Epoch 80 Step 33": 2.878260374069214, "Epoch 80 Step 34": 2.88244891166687, "Epoch 80 Step 35": 2.883387804031372, "Epoch 80 Step 36": 2.8694632053375244, "Epoch 80 Step 37": 2.883432149887085, "Epoch 80 Step 38": 2.885535717010498, "Epoch 80 Step 39": 2.884514331817627, "Epoch 80 Step 40": 2.8879692554473877, "Epoch 80 Step 41": 2.8829612731933594, "Epoch 80 Step 42": 2.871953010559082, "Epoch 80 Step 43": 2.8791587352752686, "Epoch 80 Step 44": 2.8761234283447266, "Epoch 80 Step 45": 2.882269859313965, "Epoch 80 Step 46": 2.880256175994873, "Epoch 80 Step 47": 2.8889756202697754, "Epoch 80 Step 48": 2.8842222690582275, "Epoch 80 Step 49": 2.8834428787231445, "Epoch 80 Step 50": 2.88032865524292, "Epoch 80 Step 51": 2.8748109340667725, "Epoch 80 Step 52": 2.8774020671844482, "Epoch 80 Step 53": 2.891265869140625, "Epoch 80 Step 54": 2.88631534576416, "Epoch 80 Step 55": 2.8736355304718018, "Epoch 80 Step 56": 2.8889098167419434, "Epoch 80 Step 57": 2.8806955814361572, "Epoch 80 Step 58": 2.873558521270752, "Epoch 80 Step 59": 2.868924856185913, "Epoch 80 Step 60": 2.8806540966033936, "Epoch 80 Step 61": 2.8872015476226807, "Epoch 80 Step 62": 2.878859043121338, "Epoch 80 Step 63": 2.877314329147339, "Epoch 80 Step 64": 2.8779168128967285, "Epoch 80 Step 65": 2.8747806549072266, "Epoch 80 Step 66": 2.885430335998535, "Epoch 80 Step 67": 2.8715052604675293, "Epoch 80 Step 68": 2.8897147178649902, "Epoch 80 Step 69": 2.8707869052886963, "Epoch 80 Step 70": 2.8725733757019043, "Epoch 80 Step 71": 2.8788928985595703, "Epoch 80 Step 72": 2.8664567470550537, "Epoch 80 Step 73": 2.8851773738861084, "Epoch 80 Step 74": 2.8798630237579346, "Epoch 80 Step 75": 2.884219169616699, "Epoch 80 Step 76": 2.891611337661743, "Epoch 80 Step 77": 2.8845458030700684, "Epoch 80 Step 78": 2.876222848892212, "Epoch 80 Step 79": 2.8834991455078125, "Epoch 80 Step 80": 2.893986463546753, "Epoch 80 Step 81": 2.893433094024658, "Epoch 80 Step 82": 2.892158269882202, "Epoch 80 Step 83": 2.8871350288391113, "Epoch 80 Step 84": 2.8844597339630127, "Epoch 80 Step 85": 2.8809409141540527, "Epoch 80 Step 86": 2.9026472568511963, "Epoch 80 Step 87": 2.8969566822052, "Epoch 80 Step 88": 2.8947858810424805, "Epoch 80 Step 89": 2.874784469604492}