{"Epoch 689 Step 0": 2.8960037231445312, "Epoch 689 Step 1": 2.8818116188049316, "Epoch 689 Step 2": 2.893831253051758, "Epoch 689 Step 3": 2.878340482711792, "Epoch 689 Step 4": 2.8849592208862305, "Epoch 689 Step 5": 2.878772735595703, "Epoch 689 Step 6": 2.892329692840576, "Epoch 689 Step 7": 2.878307819366455, "Epoch 689 Step 8": 2.8826661109924316, "Epoch 689 Step 9": 2.888639450073242, "Epoch 689 Step 10": 2.873563528060913, "Epoch 689 Step 11": 2.871422529220581, "Epoch 689 Step 12": 2.8715524673461914, "Epoch 689 Step 13": 2.8890368938446045, "Epoch 689 Step 14": 2.8819563388824463, "Epoch 689 Step 15": 2.8777759075164795, "Epoch 689 Step 16": 2.8907864093780518, "Epoch 689 Step 17": 2.896005630493164, "Epoch 689 Step 18": 2.880629777908325, "Epoch 689 Step 19": 2.8764500617980957, "Epoch 689 Step 20": 2.887188673019409, "Epoch 689 Step 21": 2.891185998916626, "Epoch 689 Step 22": 2.8813185691833496, "Epoch 689 Step 23": 2.882345199584961, "Epoch 689 Step 24": 2.877746820449829, "Epoch 689 Step 25": 2.8877429962158203, "Epoch 689 Step 26": 2.8739688396453857, "Epoch 689 Step 27": 2.885336399078369, "Epoch 689 Step 28": 2.879279613494873, "Epoch 689 Step 29": 2.8833446502685547, "Epoch 689 Step 30": 2.8847737312316895, "Epoch 689 Step 31": 2.871243476867676, "Epoch 689 Step 32": 2.885104179382324, "Epoch 689 Step 33": 2.8878512382507324, "Epoch 689 Step 34": 2.8861119747161865, "Epoch 689 Step 35": 2.889166831970215, "Epoch 689 Step 36": 2.884505271911621, "Epoch 689 Step 37": 2.8727035522460938, "Epoch 689 Step 38": 2.8811631202697754, "Epoch 689 Step 39": 2.877340793609619, "Epoch 689 Step 40": 2.8828649520874023, "Epoch 689 Step 41": 2.882812023162842, "Epoch 689 Step 42": 2.890913486480713, "Epoch 689 Step 43": 2.8853659629821777, "Epoch 689 Step 44": 2.8855538368225098, "Epoch 689 Step 45": 2.8812482357025146, "Epoch 689 Step 46": 2.8758203983306885, "Epoch 689 Step 47": 2.8795623779296875, "Epoch 689 Step 48": 2.8939096927642822, "Epoch 689 Step 49": 2.8880841732025146, "Epoch 689 Step 50": 2.873823642730713, "Epoch 689 Step 51": 2.8906381130218506, "Epoch 689 Step 52": 2.882134199142456, "Epoch 689 Step 53": 2.8761329650878906, "Epoch 689 Step 54": 2.8731653690338135, "Epoch 689 Step 55": 2.881972312927246, "Epoch 689 Step 56": 2.8879432678222656, "Epoch 689 Step 57": 2.8805506229400635, "Epoch 689 Step 58": 2.8790106773376465, "Epoch 689 Step 59": 2.87861704826355, "Epoch 689 Step 60": 2.8771231174468994, "Epoch 689 Step 61": 2.8879852294921875, "Epoch 689 Step 62": 2.8753082752227783, "Epoch 689 Step 63": 2.8911895751953125, "Epoch 689 Step 64": 2.8713269233703613, "Epoch 689 Step 65": 2.8745477199554443, "Epoch 689 Step 66": 2.880401611328125, "Epoch 689 Step 67": 2.8682901859283447, "Epoch 689 Step 68": 2.8871896266937256, "Epoch 689 Step 69": 2.881514549255371, "Epoch 689 Step 70": 2.8870136737823486, "Epoch 689 Step 71": 2.8929877281188965, "Epoch 689 Step 72": 2.886446714401245, "Epoch 689 Step 73": 2.8785407543182373, "Epoch 689 Step 74": 2.8848845958709717, "Epoch 689 Step 75": 2.89555287361145, "Epoch 689 Step 76": 2.894507884979248, "Epoch 689 Step 77": 2.892381429672241, "Epoch 689 Step 78": 2.889129400253296, "Epoch 689 Step 79": 2.8876540660858154, "Epoch 689 Step 80": 2.884793281555176, "Epoch 689 Step 81": 2.9039578437805176, "Epoch 689 Step 82": 2.903085947036743, "Epoch 689 Step 83": 2.900991916656494, "Epoch 689 Step 84": 2.874985694885254, "Epoch 689 Step 85": 2.8880507946014404, "Epoch 689 Step 86": 2.892932653427124, "Epoch 689 Step 87": 2.875474452972412, "Epoch 689 Step 88": 2.8863682746887207, "Epoch 689 Step 89": 2.886808395385742}