{"Epoch 576 Step 0": 2.880955219268799, "Epoch 576 Step 1": 2.8820269107818604, "Epoch 576 Step 2": 2.878063201904297, "Epoch 576 Step 3": 2.8872835636138916, "Epoch 576 Step 4": 2.874075174331665, "Epoch 576 Step 5": 2.885251760482788, "Epoch 576 Step 6": 2.879340648651123, "Epoch 576 Step 7": 2.882761001586914, "Epoch 576 Step 8": 2.884852647781372, "Epoch 576 Step 9": 2.8709943294525146, "Epoch 576 Step 10": 2.8849050998687744, "Epoch 576 Step 11": 2.8884809017181396, "Epoch 576 Step 12": 2.8862035274505615, "Epoch 576 Step 13": 2.8896420001983643, "Epoch 576 Step 14": 2.884392499923706, "Epoch 576 Step 15": 2.8720507621765137, "Epoch 576 Step 16": 2.8813745975494385, "Epoch 576 Step 17": 2.8773021697998047, "Epoch 576 Step 18": 2.882909059524536, "Epoch 576 Step 19": 2.8830459117889404, "Epoch 576 Step 20": 2.89058518409729, "Epoch 576 Step 21": 2.8848466873168945, "Epoch 576 Step 22": 2.8849058151245117, "Epoch 576 Step 23": 2.881420850753784, "Epoch 576 Step 24": 2.8754515647888184, "Epoch 576 Step 25": 2.8795597553253174, "Epoch 576 Step 26": 2.8938541412353516, "Epoch 576 Step 27": 2.8879659175872803, "Epoch 576 Step 28": 2.87414288520813, "Epoch 576 Step 29": 2.8906023502349854, "Epoch 576 Step 30": 2.882218837738037, "Epoch 576 Step 31": 2.875293731689453, "Epoch 576 Step 32": 2.872183084487915, "Epoch 576 Step 33": 2.882297992706299, "Epoch 576 Step 34": 2.8877291679382324, "Epoch 576 Step 35": 2.8804774284362793, "Epoch 576 Step 36": 2.8788726329803467, "Epoch 576 Step 37": 2.878364324569702, "Epoch 576 Step 38": 2.8764660358428955, "Epoch 576 Step 39": 2.8876750469207764, "Epoch 576 Step 40": 2.8742284774780273, "Epoch 576 Step 41": 2.890810251235962, "Epoch 576 Step 42": 2.87161922454834, "Epoch 576 Step 43": 2.874973773956299, "Epoch 576 Step 44": 2.8792238235473633, "Epoch 576 Step 45": 2.868008852005005, "Epoch 576 Step 46": 2.8871195316314697, "Epoch 576 Step 47": 2.8817660808563232, "Epoch 576 Step 48": 2.8870747089385986, "Epoch 576 Step 49": 2.8935251235961914, "Epoch 576 Step 50": 2.8860135078430176, "Epoch 576 Step 51": 2.878516674041748, "Epoch 576 Step 52": 2.884939432144165, "Epoch 576 Step 53": 2.895451545715332, "Epoch 576 Step 54": 2.8933889865875244, "Epoch 576 Step 55": 2.8925163745880127, "Epoch 576 Step 56": 2.8875696659088135, "Epoch 576 Step 57": 2.8869898319244385, "Epoch 576 Step 58": 2.883819818496704, "Epoch 576 Step 59": 2.9037718772888184, "Epoch 576 Step 60": 2.9004433155059814, "Epoch 576 Step 61": 2.8992977142333984, "Epoch 576 Step 62": 2.8753182888031006, "Epoch 576 Step 63": 2.8885293006896973, "Epoch 576 Step 64": 2.8927223682403564, "Epoch 576 Step 65": 2.874742269515991, "Epoch 576 Step 66": 2.886476993560791, "Epoch 576 Step 67": 2.8868257999420166, "Epoch 576 Step 68": 2.8912277221679688, "Epoch 576 Step 69": 2.895859718322754, "Epoch 576 Step 70": 2.8819339275360107, "Epoch 576 Step 71": 2.8927001953125, "Epoch 576 Step 72": 2.878291130065918, "Epoch 576 Step 73": 2.8851921558380127, "Epoch 576 Step 74": 2.8781538009643555, "Epoch 576 Step 75": 2.8921520709991455, "Epoch 576 Step 76": 2.878218173980713, "Epoch 576 Step 77": 2.8826375007629395, "Epoch 576 Step 78": 2.888516902923584, "Epoch 576 Step 79": 2.873173475265503, "Epoch 576 Step 80": 2.872241258621216, "Epoch 576 Step 81": 2.8722949028015137, "Epoch 576 Step 82": 2.888123035430908, "Epoch 576 Step 83": 2.8818154335021973, "Epoch 576 Step 84": 2.877739906311035, "Epoch 576 Step 85": 2.890594959259033, "Epoch 576 Step 86": 2.8952555656433105, "Epoch 576 Step 87": 2.8804686069488525, "Epoch 576 Step 88": 2.8759725093841553, "Epoch 576 Step 89": 2.8869645595550537}