{"Epoch 305 Step 0": 2.8880813121795654, "Epoch 305 Step 1": 2.8853650093078613, "Epoch 305 Step 2": 2.88938045501709, "Epoch 305 Step 3": 2.8840067386627197, "Epoch 305 Step 4": 2.8720192909240723, "Epoch 305 Step 5": 2.881237506866455, "Epoch 305 Step 6": 2.876898765563965, "Epoch 305 Step 7": 2.88242769241333, "Epoch 305 Step 8": 2.8835549354553223, "Epoch 305 Step 9": 2.8909947872161865, "Epoch 305 Step 10": 2.8845975399017334, "Epoch 305 Step 11": 2.8852038383483887, "Epoch 305 Step 12": 2.8815832138061523, "Epoch 305 Step 13": 2.876061201095581, "Epoch 305 Step 14": 2.87998104095459, "Epoch 305 Step 15": 2.894568920135498, "Epoch 305 Step 16": 2.8884003162384033, "Epoch 305 Step 17": 2.874122142791748, "Epoch 305 Step 18": 2.8906607627868652, "Epoch 305 Step 19": 2.8819034099578857, "Epoch 305 Step 20": 2.8750505447387695, "Epoch 305 Step 21": 2.8710319995880127, "Epoch 305 Step 22": 2.883108377456665, "Epoch 305 Step 23": 2.88910174369812, "Epoch 305 Step 24": 2.881070613861084, "Epoch 305 Step 25": 2.878445625305176, "Epoch 305 Step 26": 2.8779170513153076, "Epoch 305 Step 27": 2.8773133754730225, "Epoch 305 Step 28": 2.887667655944824, "Epoch 305 Step 29": 2.8743364810943604, "Epoch 305 Step 30": 2.891340494155884, "Epoch 305 Step 31": 2.8717195987701416, "Epoch 305 Step 32": 2.8744733333587646, "Epoch 305 Step 33": 2.879211664199829, "Epoch 305 Step 34": 2.8673436641693115, "Epoch 305 Step 35": 2.887752056121826, "Epoch 305 Step 36": 2.8820934295654297, "Epoch 305 Step 37": 2.886850595474243, "Epoch 305 Step 38": 2.892850875854492, "Epoch 305 Step 39": 2.886042833328247, "Epoch 305 Step 40": 2.8791186809539795, "Epoch 305 Step 41": 2.8849127292633057, "Epoch 305 Step 42": 2.894087791442871, "Epoch 305 Step 43": 2.894110679626465, "Epoch 305 Step 44": 2.8932723999023438, "Epoch 305 Step 45": 2.888143301010132, "Epoch 305 Step 46": 2.88641619682312, "Epoch 305 Step 47": 2.883328437805176, "Epoch 305 Step 48": 2.9041292667388916, "Epoch 305 Step 49": 2.8991787433624268, "Epoch 305 Step 50": 2.8971221446990967, "Epoch 305 Step 51": 2.877046585083008, "Epoch 305 Step 52": 2.889680862426758, "Epoch 305 Step 53": 2.892113208770752, "Epoch 305 Step 54": 2.8750767707824707, "Epoch 305 Step 55": 2.8873255252838135, "Epoch 305 Step 56": 2.8881402015686035, "Epoch 305 Step 57": 2.8920271396636963, "Epoch 305 Step 58": 2.8956916332244873, "Epoch 305 Step 59": 2.881796360015869, "Epoch 305 Step 60": 2.893716812133789, "Epoch 305 Step 61": 2.8789737224578857, "Epoch 305 Step 62": 2.884955406188965, "Epoch 305 Step 63": 2.8787381649017334, "Epoch 305 Step 64": 2.8927195072174072, "Epoch 305 Step 65": 2.8777501583099365, "Epoch 305 Step 66": 2.882354497909546, "Epoch 305 Step 67": 2.8884646892547607, "Epoch 305 Step 68": 2.873361110687256, "Epoch 305 Step 69": 2.871990919113159, "Epoch 305 Step 70": 2.8728456497192383, "Epoch 305 Step 71": 2.888139486312866, "Epoch 305 Step 72": 2.8819491863250732, "Epoch 305 Step 73": 2.877741575241089, "Epoch 305 Step 74": 2.8885273933410645, "Epoch 305 Step 75": 2.895616054534912, "Epoch 305 Step 76": 2.880188465118408, "Epoch 305 Step 77": 2.87604022026062, "Epoch 305 Step 78": 2.8882226943969727, "Epoch 305 Step 79": 2.8916773796081543, "Epoch 305 Step 80": 2.8814456462860107, "Epoch 305 Step 81": 2.8816306591033936, "Epoch 305 Step 82": 2.876945972442627, "Epoch 305 Step 83": 2.888047218322754, "Epoch 305 Step 84": 2.8735597133636475, "Epoch 305 Step 85": 2.885472059249878, "Epoch 305 Step 86": 2.8795602321624756, "Epoch 305 Step 87": 2.8830389976501465, "Epoch 305 Step 88": 2.884551525115967, "Epoch 305 Step 89": 2.8712124824523926}