{"Epoch 14 Step 0": 2.887352705001831, "Epoch 14 Step 1": 2.874528646469116, "Epoch 14 Step 2": 2.88925838470459, "Epoch 14 Step 3": 2.8713767528533936, "Epoch 14 Step 4": 2.8741044998168945, "Epoch 14 Step 5": 2.877612829208374, "Epoch 14 Step 6": 2.866135597229004, "Epoch 14 Step 7": 2.886251926422119, "Epoch 14 Step 8": 2.880899429321289, "Epoch 14 Step 9": 2.885986804962158, "Epoch 14 Step 10": 2.891554117202759, "Epoch 14 Step 11": 2.885028600692749, "Epoch 14 Step 12": 2.87939715385437, "Epoch 14 Step 13": 2.884186029434204, "Epoch 14 Step 14": 2.893362045288086, "Epoch 14 Step 15": 2.8936970233917236, "Epoch 14 Step 16": 2.8918280601501465, "Epoch 14 Step 17": 2.8884286880493164, "Epoch 14 Step 18": 2.8850505352020264, "Epoch 14 Step 19": 2.8786566257476807, "Epoch 14 Step 20": 2.9047322273254395, "Epoch 14 Step 21": 2.896318197250366, "Epoch 14 Step 22": 2.8946356773376465, "Epoch 14 Step 23": 2.877349376678467, "Epoch 14 Step 24": 2.8889355659484863, "Epoch 14 Step 25": 2.8906545639038086, "Epoch 14 Step 26": 2.875845193862915, "Epoch 14 Step 27": 2.8864803314208984, "Epoch 14 Step 28": 2.8871099948883057, "Epoch 14 Step 29": 2.891263723373413, "Epoch 14 Step 30": 2.8954107761383057, "Epoch 14 Step 31": 2.880002975463867, "Epoch 14 Step 32": 2.8917782306671143, "Epoch 14 Step 33": 2.8789310455322266, "Epoch 14 Step 34": 2.8847689628601074, "Epoch 14 Step 35": 2.87723708152771, "Epoch 14 Step 36": 2.889148473739624, "Epoch 14 Step 37": 2.8768115043640137, "Epoch 14 Step 38": 2.8821675777435303, "Epoch 14 Step 39": 2.889219284057617, "Epoch 14 Step 40": 2.872567653656006, "Epoch 14 Step 41": 2.873347759246826, "Epoch 14 Step 42": 2.8729565143585205, "Epoch 14 Step 43": 2.8875250816345215, "Epoch 14 Step 44": 2.882538318634033, "Epoch 14 Step 45": 2.876105546951294, "Epoch 14 Step 46": 2.8900985717773438, "Epoch 14 Step 47": 2.8951947689056396, "Epoch 14 Step 48": 2.8795857429504395, "Epoch 14 Step 49": 2.8756940364837646, "Epoch 14 Step 50": 2.8881428241729736, "Epoch 14 Step 51": 2.891763925552368, "Epoch 14 Step 52": 2.880765676498413, "Epoch 14 Step 53": 2.88162899017334, "Epoch 14 Step 54": 2.877174139022827, "Epoch 14 Step 55": 2.887704372406006, "Epoch 14 Step 56": 2.87251353263855, "Epoch 14 Step 57": 2.8846395015716553, "Epoch 14 Step 58": 2.8788204193115234, "Epoch 14 Step 59": 2.882406234741211, "Epoch 14 Step 60": 2.8842780590057373, "Epoch 14 Step 61": 2.8699779510498047, "Epoch 14 Step 62": 2.885533094406128, "Epoch 14 Step 63": 2.8865504264831543, "Epoch 14 Step 64": 2.883720874786377, "Epoch 14 Step 65": 2.888458251953125, "Epoch 14 Step 66": 2.8833603858947754, "Epoch 14 Step 67": 2.8722000122070312, "Epoch 14 Step 68": 2.8791770935058594, "Epoch 14 Step 69": 2.8761045932769775, "Epoch 14 Step 70": 2.8815479278564453, "Epoch 14 Step 71": 2.881861925125122, "Epoch 14 Step 72": 2.890738010406494, "Epoch 14 Step 73": 2.884673595428467, "Epoch 14 Step 74": 2.884885549545288, "Epoch 14 Step 75": 2.8814804553985596, "Epoch 14 Step 76": 2.873995304107666, "Epoch 14 Step 77": 2.878629684448242, "Epoch 14 Step 78": 2.892479658126831, "Epoch 14 Step 79": 2.887773275375366, "Epoch 14 Step 80": 2.8725924491882324, "Epoch 14 Step 81": 2.88959002494812, "Epoch 14 Step 82": 2.8803045749664307, "Epoch 14 Step 83": 2.8755149841308594, "Epoch 14 Step 84": 2.871061086654663, "Epoch 14 Step 85": 2.8808910846710205, "Epoch 14 Step 86": 2.8870038986206055, "Epoch 14 Step 87": 2.879272222518921, "Epoch 14 Step 88": 2.878852605819702, "Epoch 14 Step 89": 2.8782455921173096}