{"Epoch 340 Step 0": 2.8864409923553467, "Epoch 340 Step 1": 2.8912601470947266, "Epoch 340 Step 2": 2.895744800567627, "Epoch 340 Step 3": 2.8819618225097656, "Epoch 340 Step 4": 2.893527030944824, "Epoch 340 Step 5": 2.8781678676605225, "Epoch 340 Step 6": 2.8848695755004883, "Epoch 340 Step 7": 2.877469301223755, "Epoch 340 Step 8": 2.891434669494629, "Epoch 340 Step 9": 2.87772536277771, "Epoch 340 Step 10": 2.8826963901519775, "Epoch 340 Step 11": 2.888392686843872, "Epoch 340 Step 12": 2.873084783554077, "Epoch 340 Step 13": 2.8721442222595215, "Epoch 340 Step 14": 2.871755361557007, "Epoch 340 Step 15": 2.888524293899536, "Epoch 340 Step 16": 2.8816933631896973, "Epoch 340 Step 17": 2.878164052963257, "Epoch 340 Step 18": 2.8902440071105957, "Epoch 340 Step 19": 2.895392417907715, "Epoch 340 Step 20": 2.8803834915161133, "Epoch 340 Step 21": 2.8761932849884033, "Epoch 340 Step 22": 2.886975049972534, "Epoch 340 Step 23": 2.8913581371307373, "Epoch 340 Step 24": 2.880659341812134, "Epoch 340 Step 25": 2.8815793991088867, "Epoch 340 Step 26": 2.8775579929351807, "Epoch 340 Step 27": 2.887563943862915, "Epoch 340 Step 28": 2.874206066131592, "Epoch 340 Step 29": 2.885223865509033, "Epoch 340 Step 30": 2.8793630599975586, "Epoch 340 Step 31": 2.882889986038208, "Epoch 340 Step 32": 2.8846359252929688, "Epoch 340 Step 33": 2.8714354038238525, "Epoch 340 Step 34": 2.8849074840545654, "Epoch 340 Step 35": 2.8875303268432617, "Epoch 340 Step 36": 2.8860349655151367, "Epoch 340 Step 37": 2.889127731323242, "Epoch 340 Step 38": 2.884338140487671, "Epoch 340 Step 39": 2.8722331523895264, "Epoch 340 Step 40": 2.880610942840576, "Epoch 340 Step 41": 2.877131938934326, "Epoch 340 Step 42": 2.882817029953003, "Epoch 340 Step 43": 2.8829901218414307, "Epoch 340 Step 44": 2.890363931655884, "Epoch 340 Step 45": 2.8851141929626465, "Epoch 340 Step 46": 2.885591745376587, "Epoch 340 Step 47": 2.881394624710083, "Epoch 340 Step 48": 2.875483989715576, "Epoch 340 Step 49": 2.8793203830718994, "Epoch 340 Step 50": 2.894070625305176, "Epoch 340 Step 51": 2.888058662414551, "Epoch 340 Step 52": 2.8743669986724854, "Epoch 340 Step 53": 2.890681266784668, "Epoch 340 Step 54": 2.8818838596343994, "Epoch 340 Step 55": 2.8763010501861572, "Epoch 340 Step 56": 2.873478889465332, "Epoch 340 Step 57": 2.8818511962890625, "Epoch 340 Step 58": 2.8877124786376953, "Epoch 340 Step 59": 2.8801541328430176, "Epoch 340 Step 60": 2.8786137104034424, "Epoch 340 Step 61": 2.8782336711883545, "Epoch 340 Step 62": 2.8760437965393066, "Epoch 340 Step 63": 2.887814998626709, "Epoch 340 Step 64": 2.8743133544921875, "Epoch 340 Step 65": 2.8912205696105957, "Epoch 340 Step 66": 2.871330738067627, "Epoch 340 Step 67": 2.8746864795684814, "Epoch 340 Step 68": 2.879493236541748, "Epoch 340 Step 69": 2.8681960105895996, "Epoch 340 Step 70": 2.886793613433838, "Epoch 340 Step 71": 2.881558895111084, "Epoch 340 Step 72": 2.8871688842773438, "Epoch 340 Step 73": 2.8931984901428223, "Epoch 340 Step 74": 2.88612961769104, "Epoch 340 Step 75": 2.8778669834136963, "Epoch 340 Step 76": 2.8849098682403564, "Epoch 340 Step 77": 2.895385503768921, "Epoch 340 Step 78": 2.894760847091675, "Epoch 340 Step 79": 2.892899751663208, "Epoch 340 Step 80": 2.8877663612365723, "Epoch 340 Step 81": 2.8864142894744873, "Epoch 340 Step 82": 2.883594274520874, "Epoch 340 Step 83": 2.903975009918213, "Epoch 340 Step 84": 2.901270627975464, "Epoch 340 Step 85": 2.8980748653411865, "Epoch 340 Step 86": 2.875789165496826, "Epoch 340 Step 87": 2.889289379119873, "Epoch 340 Step 88": 2.893733501434326, "Epoch 340 Step 89": 2.8755688667297363}