{"Epoch 112 Step 0": 2.884061098098755, "Epoch 112 Step 1": 2.879735231399536, "Epoch 112 Step 2": 2.87336802482605, "Epoch 112 Step 3": 2.8766517639160156, "Epoch 112 Step 4": 2.8912346363067627, "Epoch 112 Step 5": 2.8869638442993164, "Epoch 112 Step 6": 2.8720412254333496, "Epoch 112 Step 7": 2.888179063796997, "Epoch 112 Step 8": 2.880791187286377, "Epoch 112 Step 9": 2.873725652694702, "Epoch 112 Step 10": 2.866497039794922, "Epoch 112 Step 11": 2.880333662033081, "Epoch 112 Step 12": 2.886211633682251, "Epoch 112 Step 13": 2.8790438175201416, "Epoch 112 Step 14": 2.8773391246795654, "Epoch 112 Step 15": 2.8778820037841797, "Epoch 112 Step 16": 2.874969720840454, "Epoch 112 Step 17": 2.8849151134490967, "Epoch 112 Step 18": 2.870513677597046, "Epoch 112 Step 19": 2.8901193141937256, "Epoch 112 Step 20": 2.869868755340576, "Epoch 112 Step 21": 2.8723208904266357, "Epoch 112 Step 22": 2.8784289360046387, "Epoch 112 Step 23": 2.8664064407348633, "Epoch 112 Step 24": 2.8847243785858154, "Epoch 112 Step 25": 2.8798434734344482, "Epoch 112 Step 26": 2.882761240005493, "Epoch 112 Step 27": 2.8910181522369385, "Epoch 112 Step 28": 2.8850584030151367, "Epoch 112 Step 29": 2.876678228378296, "Epoch 112 Step 30": 2.883000612258911, "Epoch 112 Step 31": 2.8922674655914307, "Epoch 112 Step 32": 2.894019365310669, "Epoch 112 Step 33": 2.889434576034546, "Epoch 112 Step 34": 2.8861606121063232, "Epoch 112 Step 35": 2.8853020668029785, "Epoch 112 Step 36": 2.88295578956604, "Epoch 112 Step 37": 2.9020934104919434, "Epoch 112 Step 38": 2.9005303382873535, "Epoch 112 Step 39": 2.894678831100464, "Epoch 112 Step 40": 2.876127243041992, "Epoch 112 Step 41": 2.8899574279785156, "Epoch 112 Step 42": 2.8918771743774414, "Epoch 112 Step 43": 2.8728585243225098, "Epoch 112 Step 44": 2.885455846786499, "Epoch 112 Step 45": 2.8864827156066895, "Epoch 112 Step 46": 2.8906307220458984, "Epoch 112 Step 47": 2.895270824432373, "Epoch 112 Step 48": 2.8804452419281006, "Epoch 112 Step 49": 2.8909223079681396, "Epoch 112 Step 50": 2.877704381942749, "Epoch 112 Step 51": 2.885455369949341, "Epoch 112 Step 52": 2.8773679733276367, "Epoch 112 Step 53": 2.891629695892334, "Epoch 112 Step 54": 2.875516176223755, "Epoch 112 Step 55": 2.881159782409668, "Epoch 112 Step 56": 2.8872299194335938, "Epoch 112 Step 57": 2.8728373050689697, "Epoch 112 Step 58": 2.8702142238616943, "Epoch 112 Step 59": 2.8712258338928223, "Epoch 112 Step 60": 2.885892391204834, "Epoch 112 Step 61": 2.8810276985168457, "Epoch 112 Step 62": 2.8751637935638428, "Epoch 112 Step 63": 2.8877346515655518, "Epoch 112 Step 64": 2.892941951751709, "Epoch 112 Step 65": 2.8785791397094727, "Epoch 112 Step 66": 2.874359607696533, "Epoch 112 Step 67": 2.8852529525756836, "Epoch 112 Step 68": 2.8895890712738037, "Epoch 112 Step 69": 2.8791706562042236, "Epoch 112 Step 70": 2.879936695098877, "Epoch 112 Step 71": 2.8763601779937744, "Epoch 112 Step 72": 2.8859846591949463, "Epoch 112 Step 73": 2.8719992637634277, "Epoch 112 Step 74": 2.8825128078460693, "Epoch 112 Step 75": 2.8765852451324463, "Epoch 112 Step 76": 2.880953073501587, "Epoch 112 Step 77": 2.882800340652466, "Epoch 112 Step 78": 2.8689122200012207, "Epoch 112 Step 79": 2.8831214904785156, "Epoch 112 Step 80": 2.8855631351470947, "Epoch 112 Step 81": 2.8830652236938477, "Epoch 112 Step 82": 2.8876137733459473, "Epoch 112 Step 83": 2.883002281188965, "Epoch 112 Step 84": 2.8709092140197754, "Epoch 112 Step 85": 2.878148078918457, "Epoch 112 Step 86": 2.875366687774658, "Epoch 112 Step 87": 2.8813018798828125, "Epoch 112 Step 88": 2.8805787563323975, "Epoch 112 Step 89": 2.8880300521850586}