{"Epoch 13 Step 0": 2.866582155227661, "Epoch 13 Step 1": 2.878298044204712, "Epoch 13 Step 2": 2.8865487575531006, "Epoch 13 Step 3": 2.810659646987915, "Epoch 13 Step 4": 2.849714994430542, "Epoch 13 Step 5": 2.8164665699005127, "Epoch 13 Step 6": 2.8564653396606445, "Epoch 13 Step 7": 2.8842735290527344, "Epoch 13 Step 8": 2.8772904872894287, "Epoch 13 Step 9": 2.883831024169922, "Epoch 13 Step 10": 2.8731865882873535, "Epoch 13 Step 11": 2.8078153133392334, "Epoch 13 Step 12": 2.7706782817840576, "Epoch 13 Step 13": 2.854416847229004, "Epoch 13 Step 14": 2.89408540725708, "Epoch 13 Step 15": 2.8704514503479004, "Epoch 13 Step 16": 2.851813793182373, "Epoch 13 Step 17": 2.860074520111084, "Epoch 13 Step 18": 2.8734006881713867, "Epoch 13 Step 19": 2.8782522678375244, "Epoch 13 Step 20": 2.8807170391082764, "Epoch 13 Step 21": 2.8641135692596436, "Epoch 13 Step 22": 2.8813369274139404, "Epoch 13 Step 23": 2.878725528717041, "Epoch 13 Step 24": 2.8386926651000977, "Epoch 13 Step 25": 2.8432016372680664, "Epoch 13 Step 26": 2.857348918914795, "Epoch 13 Step 27": 2.860874891281128, "Epoch 13 Step 28": 2.87320876121521, "Epoch 13 Step 29": 2.868412494659424, "Epoch 13 Step 30": 2.8736133575439453, "Epoch 13 Step 31": 2.87652325630188, "Epoch 13 Step 32": 2.8686447143554688, "Epoch 13 Step 33": 2.8838706016540527, "Epoch 13 Step 34": 2.868469476699829, "Epoch 13 Step 35": 2.8749022483825684, "Epoch 13 Step 36": 2.8863675594329834, "Epoch 13 Step 37": 2.8786795139312744, "Epoch 13 Step 38": 2.875809669494629, "Epoch 13 Step 39": 2.875570058822632, "Epoch 13 Step 40": 2.86169171333313, "Epoch 13 Step 41": 2.8416242599487305, "Epoch 13 Step 42": 2.863072633743286, "Epoch 13 Step 43": 2.8748316764831543, "Epoch 13 Step 44": 2.8442718982696533, "Epoch 13 Step 45": 2.861135482788086, "Epoch 13 Step 46": 2.8621909618377686, "Epoch 13 Step 47": 2.851672887802124, "Epoch 13 Step 48": 2.882255792617798, "Epoch 13 Step 49": 2.8541173934936523, "Epoch 13 Step 50": 2.871582508087158, "Epoch 13 Step 51": 2.85776424407959, "Epoch 13 Step 52": 2.872338056564331, "Epoch 13 Step 53": 2.8275325298309326, "Epoch 13 Step 54": 2.8833749294281006, "Epoch 13 Step 55": 2.8488597869873047, "Epoch 13 Step 56": 2.8803296089172363, "Epoch 13 Step 57": 2.8674604892730713, "Epoch 13 Step 58": 2.847667694091797, "Epoch 13 Step 59": 2.8449957370758057, "Epoch 13 Step 60": 2.864461660385132, "Epoch 13 Step 61": 2.856794595718384, "Epoch 13 Step 62": 2.844855546951294, "Epoch 13 Step 63": 2.878824234008789, "Epoch 13 Step 64": 2.867835521697998, "Epoch 13 Step 65": 2.8601272106170654, "Epoch 13 Step 66": 2.846471071243286, "Epoch 13 Step 67": 2.860131025314331, "Epoch 13 Step 68": 2.8591864109039307, "Epoch 13 Step 69": 2.833721160888672, "Epoch 13 Step 70": 2.8508708477020264, "Epoch 13 Step 71": 2.851062536239624, "Epoch 13 Step 72": 2.8455216884613037, "Epoch 13 Step 73": 2.8371386528015137, "Epoch 13 Step 74": 2.871422529220581, "Epoch 13 Step 75": 2.846191644668579, "Epoch 13 Step 76": 2.880920171737671, "Epoch 13 Step 77": 2.862785577774048, "Epoch 13 Step 78": 2.838046073913574, "Epoch 13 Step 79": 2.8766276836395264, "Epoch 13 Step 80": 2.852522134780884, "Epoch 13 Step 81": 2.8605329990386963, "Epoch 13 Step 82": 2.8627235889434814, "Epoch 13 Step 83": 2.835322380065918, "Epoch 13 Step 84": 2.8770604133605957, "Epoch 13 Step 85": 2.855478525161743, "Epoch 13 Step 86": 2.8781068325042725, "Epoch 13 Step 87": 2.8706893920898438, "Epoch 13 Step 88": 2.8933026790618896, "Epoch 13 Step 89": 2.879201889038086, "Epoch 13 Step 90": 2.8361291885375977, "Epoch 13 Step 91": 2.8733625411987305, "Epoch 13 Step 92": 2.858884334564209, "Epoch 13 Step 93": 2.8487765789031982, "Epoch 13 Step 94": 2.8572800159454346, "Epoch 13 Step 95": 2.8575479984283447, "Epoch 13 Step 96": 2.8757333755493164, "Epoch 13 Step 97": 2.8609023094177246, "Epoch 13 Step 98": 2.8773202896118164, "Epoch 13 Step 99": 2.8789029121398926, "Epoch 13 Step 100": 2.8796513080596924, "Epoch 13 Step 101": 2.854440450668335, "Epoch 13 Step 102": 2.8677825927734375, "Epoch 13 Step 103": 2.864319086074829, "Epoch 13 Step 104": 2.8579771518707275, "Epoch 13 Step 105": 2.868279457092285, "Epoch 13 Step 106": 2.845017671585083, "Epoch 13 Step 107": 2.8678321838378906, "Epoch 13 Step 108": 2.8729002475738525, "Epoch 13 Step 109": 2.8176639080047607, "Epoch 13 Step 110": 2.857069730758667, "Epoch 13 Step 111": 2.849759101867676, "Epoch 13 Step 112": 2.865415573120117, "Epoch 13 Step 113": 2.8724288940429688, "Epoch 13 Step 114": 2.8443517684936523, "Epoch 13 Step 115": 2.867516279220581, "Epoch 13 Step 116": 2.8184146881103516, "Epoch 13 Step 117": 2.853881359100342, "Epoch 13 Step 118": 2.8764960765838623, "Epoch 13 Step 119": 2.8654158115386963, "Epoch 13 Step 120": 2.8610880374908447, "Epoch 13 Step 121": 2.853177547454834, "Epoch 13 Step 122": 2.8658695220947266, "Epoch 13 Step 123": 2.853222370147705, "Epoch 13 Step 124": 2.8609066009521484, "Epoch 13 Step 125": 2.8691818714141846, "Epoch 13 Step 126": 2.8618762493133545, "Epoch 13 Step 127": 2.856968641281128, "Epoch 13 Step 128": 2.859321117401123, "Epoch 13 Step 129": 2.8386809825897217, "Epoch 13 Step 130": 2.842097520828247, "Epoch 13 Step 131": 2.8330447673797607, "Epoch 13 Step 132": 2.868849039077759, "Epoch 13 Step 133": 2.8688249588012695, "Epoch 13 Step 134": 2.861877679824829, "Epoch 13 Step 135": 2.8608453273773193, "Epoch 13 Step 136": 2.85408353805542, "Epoch 13 Step 137": 2.874220132827759, "Epoch 13 Step 138": 2.8927643299102783, "Epoch 13 Step 139": 2.811854600906372, "Epoch 13 Step 140": 2.861863136291504, "Epoch 13 Step 141": 2.854473114013672, "Epoch 13 Step 142": 2.8780696392059326, "Epoch 13 Step 143": 2.858133316040039, "Epoch 13 Step 144": 2.8810999393463135, "Epoch 13 Step 145": 2.853191375732422, "Epoch 13 Step 146": 2.845170259475708, "Epoch 13 Step 147": 2.853881359100342, "Epoch 13 Step 148": 2.8652281761169434, "Epoch 13 Step 149": 2.8504648208618164, "Epoch 13 Step 150": 2.877937078475952, "Epoch 13 Step 151": 2.861253261566162, "Epoch 13 Step 152": 2.825587749481201, "Epoch 13 Step 153": 2.8524887561798096, "Epoch 13 Step 154": 2.8542678356170654, "Epoch 13 Step 155": 2.8581063747406006, "Epoch 13 Step 156": 2.8692169189453125, "Epoch 13 Step 157": 2.8662171363830566, "Epoch 13 Step 158": 2.867429256439209, "Epoch 13 Step 159": 2.8178155422210693, "Epoch 13 Step 160": 2.8645615577697754, "Epoch 13 Step 161": 2.8576571941375732, "Epoch 13 Step 162": 2.8670501708984375, "Epoch 13 Step 163": 2.86389422416687, "Epoch 13 Step 164": 2.875312328338623, "Epoch 13 Step 165": 2.8724050521850586, "Epoch 13 Step 166": 2.853909492492676, "Epoch 13 Step 167": 2.879732608795166, "Epoch 13 Step 168": 2.875821352005005, "Epoch 13 Step 169": 2.8654541969299316, "Epoch 13 Step 170": 2.862208843231201, "Epoch 13 Step 171": 2.8700215816497803, "Epoch 13 Step 172": 2.859670877456665, "Epoch 13 Step 173": 2.859388589859009, "Epoch 13 Step 174": 2.8430354595184326, "Epoch 13 Step 175": 2.823068618774414, "Epoch 13 Step 176": 2.8696956634521484, "Epoch 13 Step 177": 2.8488311767578125, "Epoch 13 Step 178": 2.8474643230438232, "Epoch 13 Step 179": 2.8654446601867676, "Epoch 13 Step 180": 2.8941290378570557, "Epoch 13 Step 181": 2.8453404903411865, "Epoch 13 Step 182": 2.8735973834991455, "Epoch 13 Step 183": 2.860820770263672, "Epoch 13 Step 184": 2.8703131675720215, "Epoch 13 Step 185": 2.848090171813965, "Epoch 13 Step 186": 2.861790895462036, "Epoch 13 Step 187": 2.8379814624786377, "Epoch 13 Step 188": 2.8556249141693115, "Epoch 13 Step 189": 2.8608858585357666, "Epoch 13 Step 190": 2.8447492122650146, "Epoch 13 Step 191": 2.8870749473571777, "Epoch 13 Step 192": 2.8600850105285645, "Epoch 13 Step 193": 2.8513011932373047, "Epoch 13 Step 194": 2.865086555480957, "Epoch 13 Step 195": 2.865434408187866, "Epoch 13 Step 196": 2.8539488315582275, "Epoch 13 Step 197": 2.846006155014038, "Epoch 13 Step 198": 2.831984519958496, "Epoch 13 Step 199": 2.8170061111450195,