{"Epoch 298 Step 0": 2.882084369659424, "Epoch 298 Step 1": 2.8828952312469482, "Epoch 298 Step 2": 2.88997220993042, "Epoch 298 Step 3": 2.8849129676818848, "Epoch 298 Step 4": 2.884627342224121, "Epoch 298 Step 5": 2.8812153339385986, "Epoch 298 Step 6": 2.874887228012085, "Epoch 298 Step 7": 2.8789336681365967, "Epoch 298 Step 8": 2.893113851547241, "Epoch 298 Step 9": 2.887526273727417, "Epoch 298 Step 10": 2.874131679534912, "Epoch 298 Step 11": 2.8899195194244385, "Epoch 298 Step 12": 2.8816990852355957, "Epoch 298 Step 13": 2.8750710487365723, "Epoch 298 Step 14": 2.8694772720336914, "Epoch 298 Step 15": 2.8816378116607666, "Epoch 298 Step 16": 2.8872597217559814, "Epoch 298 Step 17": 2.8805768489837646, "Epoch 298 Step 18": 2.8781800270080566, "Epoch 298 Step 19": 2.878136157989502, "Epoch 298 Step 20": 2.8754448890686035, "Epoch 298 Step 21": 2.887033700942993, "Epoch 298 Step 22": 2.8737306594848633, "Epoch 298 Step 23": 2.8906564712524414, "Epoch 298 Step 24": 2.8711371421813965, "Epoch 298 Step 25": 2.8737123012542725, "Epoch 298 Step 26": 2.879362106323242, "Epoch 298 Step 27": 2.8670365810394287, "Epoch 298 Step 28": 2.8866348266601562, "Epoch 298 Step 29": 2.881162166595459, "Epoch 298 Step 30": 2.886430501937866, "Epoch 298 Step 31": 2.892474889755249, "Epoch 298 Step 32": 2.8860862255096436, "Epoch 298 Step 33": 2.8782200813293457, "Epoch 298 Step 34": 2.8842504024505615, "Epoch 298 Step 35": 2.893934488296509, "Epoch 298 Step 36": 2.894439697265625, "Epoch 298 Step 37": 2.8922319412231445, "Epoch 298 Step 38": 2.8873040676116943, "Epoch 298 Step 39": 2.8867669105529785, "Epoch 298 Step 40": 2.886525869369507, "Epoch 298 Step 41": 2.903568983078003, "Epoch 298 Step 42": 2.9018988609313965, "Epoch 298 Step 43": 2.8965532779693604, "Epoch 298 Step 44": 2.8763198852539062, "Epoch 298 Step 45": 2.8895068168640137, "Epoch 298 Step 46": 2.892787218093872, "Epoch 298 Step 47": 2.875054359436035, "Epoch 298 Step 48": 2.8868606090545654, "Epoch 298 Step 49": 2.8883779048919678, "Epoch 298 Step 50": 2.893035650253296, "Epoch 298 Step 51": 2.8955883979797363, "Epoch 298 Step 52": 2.8810009956359863, "Epoch 298 Step 53": 2.8920998573303223, "Epoch 298 Step 54": 2.87919020652771, "Epoch 298 Step 55": 2.886422872543335, "Epoch 298 Step 56": 2.878035068511963, "Epoch 298 Step 57": 2.8920187950134277, "Epoch 298 Step 58": 2.8778460025787354, "Epoch 298 Step 59": 2.8836886882781982, "Epoch 298 Step 60": 2.8879823684692383, "Epoch 298 Step 61": 2.8731086254119873, "Epoch 298 Step 62": 2.8720929622650146, "Epoch 298 Step 63": 2.8721790313720703, "Epoch 298 Step 64": 2.8879075050354004, "Epoch 298 Step 65": 2.882617235183716, "Epoch 298 Step 66": 2.876981258392334, "Epoch 298 Step 67": 2.889244794845581, "Epoch 298 Step 68": 2.894524574279785, "Epoch 298 Step 69": 2.87953519821167, "Epoch 298 Step 70": 2.875757932662964, "Epoch 298 Step 71": 2.888002395629883, "Epoch 298 Step 72": 2.8911590576171875, "Epoch 298 Step 73": 2.880394697189331, "Epoch 298 Step 74": 2.880798816680908, "Epoch 298 Step 75": 2.877007007598877, "Epoch 298 Step 76": 2.8883659839630127, "Epoch 298 Step 77": 2.8735694885253906, "Epoch 298 Step 78": 2.8851890563964844, "Epoch 298 Step 79": 2.8790605068206787, "Epoch 298 Step 80": 2.882608413696289, "Epoch 298 Step 81": 2.884998083114624, "Epoch 298 Step 82": 2.8704802989959717, "Epoch 298 Step 83": 2.883958578109741, "Epoch 298 Step 84": 2.8874006271362305, "Epoch 298 Step 85": 2.8852968215942383, "Epoch 298 Step 86": 2.8890068531036377, "Epoch 298 Step 87": 2.883326530456543, "Epoch 298 Step 88": 2.872140884399414, "Epoch 298 Step 89": 2.880265712738037}