{"Epoch 431 Step 0": 2.894674062728882, "Epoch 431 Step 1": 2.8938944339752197, "Epoch 431 Step 2": 2.888136386871338, "Epoch 431 Step 3": 2.8855671882629395, "Epoch 431 Step 4": 2.8810274600982666, "Epoch 431 Step 5": 2.9042816162109375, "Epoch 431 Step 6": 2.898721694946289, "Epoch 431 Step 7": 2.899669885635376, "Epoch 431 Step 8": 2.875199556350708, "Epoch 431 Step 9": 2.8883466720581055, "Epoch 431 Step 10": 2.8923730850219727, "Epoch 431 Step 11": 2.87526273727417, "Epoch 431 Step 12": 2.88666033744812, "Epoch 431 Step 13": 2.886815071105957, "Epoch 431 Step 14": 2.8913967609405518, "Epoch 431 Step 15": 2.8954832553863525, "Epoch 431 Step 16": 2.8812601566314697, "Epoch 431 Step 17": 2.8931264877319336, "Epoch 431 Step 18": 2.878389835357666, "Epoch 431 Step 19": 2.884335994720459, "Epoch 431 Step 20": 2.8780994415283203, "Epoch 431 Step 21": 2.890625, "Epoch 431 Step 22": 2.877896547317505, "Epoch 431 Step 23": 2.8829729557037354, "Epoch 431 Step 24": 2.8887171745300293, "Epoch 431 Step 25": 2.873601198196411, "Epoch 431 Step 26": 2.8721415996551514, "Epoch 431 Step 27": 2.8714771270751953, "Epoch 431 Step 28": 2.8887431621551514, "Epoch 431 Step 29": 2.8821895122528076, "Epoch 431 Step 30": 2.877332925796509, "Epoch 431 Step 31": 2.890727996826172, "Epoch 431 Step 32": 2.8951144218444824, "Epoch 431 Step 33": 2.8804638385772705, "Epoch 431 Step 34": 2.876385450363159, "Epoch 431 Step 35": 2.8874130249023438, "Epoch 431 Step 36": 2.8910224437713623, "Epoch 431 Step 37": 2.8805315494537354, "Epoch 431 Step 38": 2.88215970993042, "Epoch 431 Step 39": 2.8778610229492188, "Epoch 431 Step 40": 2.8873538970947266, "Epoch 431 Step 41": 2.8737528324127197, "Epoch 431 Step 42": 2.8855395317077637, "Epoch 431 Step 43": 2.8791146278381348, "Epoch 431 Step 44": 2.882948637008667, "Epoch 431 Step 45": 2.884734869003296, "Epoch 431 Step 46": 2.8711984157562256, "Epoch 431 Step 47": 2.8850858211517334, "Epoch 431 Step 48": 2.8876500129699707, "Epoch 431 Step 49": 2.8854222297668457, "Epoch 431 Step 50": 2.8892438411712646, "Epoch 431 Step 51": 2.8844707012176514, "Epoch 431 Step 52": 2.8728482723236084, "Epoch 431 Step 53": 2.880634307861328, "Epoch 431 Step 54": 2.8769805431365967, "Epoch 431 Step 55": 2.8823189735412598, "Epoch 431 Step 56": 2.8834447860717773, "Epoch 431 Step 57": 2.8910462856292725, "Epoch 431 Step 58": 2.8848180770874023, "Epoch 431 Step 59": 2.884857177734375, "Epoch 431 Step 60": 2.8816471099853516, "Epoch 431 Step 61": 2.8755578994750977, "Epoch 431 Step 62": 2.879087448120117, "Epoch 431 Step 63": 2.8939554691314697, "Epoch 431 Step 64": 2.888003349304199, "Epoch 431 Step 65": 2.8739612102508545, "Epoch 431 Step 66": 2.8904106616973877, "Epoch 431 Step 67": 2.882136106491089, "Epoch 431 Step 68": 2.8760619163513184, "Epoch 431 Step 69": 2.8725602626800537, "Epoch 431 Step 70": 2.881972312927246, "Epoch 431 Step 71": 2.8875303268432617, "Epoch 431 Step 72": 2.8802812099456787, "Epoch 431 Step 73": 2.8791980743408203, "Epoch 431 Step 74": 2.8785250186920166, "Epoch 431 Step 75": 2.876012086868286, "Epoch 431 Step 76": 2.8877921104431152, "Epoch 431 Step 77": 2.8749916553497314, "Epoch 431 Step 78": 2.89188814163208, "Epoch 431 Step 79": 2.8711087703704834, "Epoch 431 Step 80": 2.8743677139282227, "Epoch 431 Step 81": 2.87937593460083, "Epoch 431 Step 82": 2.8680498600006104, "Epoch 431 Step 83": 2.886686325073242, "Epoch 431 Step 84": 2.8811912536621094, "Epoch 431 Step 85": 2.886756658554077, "Epoch 431 Step 86": 2.892910957336426, "Epoch 431 Step 87": 2.8863577842712402, "Epoch 431 Step 88": 2.878282308578491, "Epoch 431 Step 89": 2.8850045204162598}