{"Epoch 147 Step 0": 2.887807846069336, "Epoch 147 Step 1": 2.8719677925109863, "Epoch 147 Step 2": 2.8703343868255615, "Epoch 147 Step 3": 2.871473550796509, "Epoch 147 Step 4": 2.8870840072631836, "Epoch 147 Step 5": 2.8824141025543213, "Epoch 147 Step 6": 2.877213478088379, "Epoch 147 Step 7": 2.8881189823150635, "Epoch 147 Step 8": 2.8923065662384033, "Epoch 147 Step 9": 2.8794753551483154, "Epoch 147 Step 10": 2.8755617141723633, "Epoch 147 Step 11": 2.8854691982269287, "Epoch 147 Step 12": 2.8898816108703613, "Epoch 147 Step 13": 2.8789889812469482, "Epoch 147 Step 14": 2.8801727294921875, "Epoch 147 Step 15": 2.875337600708008, "Epoch 147 Step 16": 2.8864529132843018, "Epoch 147 Step 17": 2.8722763061523438, "Epoch 147 Step 18": 2.8837523460388184, "Epoch 147 Step 19": 2.8773117065429688, "Epoch 147 Step 20": 2.88200044631958, "Epoch 147 Step 21": 2.8825650215148926, "Epoch 147 Step 22": 2.869255542755127, "Epoch 147 Step 23": 2.8825249671936035, "Epoch 147 Step 24": 2.8859341144561768, "Epoch 147 Step 25": 2.8841254711151123, "Epoch 147 Step 26": 2.886706829071045, "Epoch 147 Step 27": 2.882370710372925, "Epoch 147 Step 28": 2.8710854053497314, "Epoch 147 Step 29": 2.8797409534454346, "Epoch 147 Step 30": 2.875236988067627, "Epoch 147 Step 31": 2.8827786445617676, "Epoch 147 Step 32": 2.8817546367645264, "Epoch 147 Step 33": 2.8898022174835205, "Epoch 147 Step 34": 2.883857488632202, "Epoch 147 Step 35": 2.8836472034454346, "Epoch 147 Step 36": 2.880760669708252, "Epoch 147 Step 37": 2.875558614730835, "Epoch 147 Step 38": 2.877683162689209, "Epoch 147 Step 39": 2.892122507095337, "Epoch 147 Step 40": 2.8867433071136475, "Epoch 147 Step 41": 2.8713572025299072, "Epoch 147 Step 42": 2.8880443572998047, "Epoch 147 Step 43": 2.881589651107788, "Epoch 147 Step 44": 2.8740148544311523, "Epoch 147 Step 45": 2.8706183433532715, "Epoch 147 Step 46": 2.8811635971069336, "Epoch 147 Step 47": 2.8863532543182373, "Epoch 147 Step 48": 2.87833571434021, "Epoch 147 Step 49": 2.8778278827667236, "Epoch 147 Step 50": 2.8772871494293213, "Epoch 147 Step 51": 2.875269889831543, "Epoch 147 Step 52": 2.8851401805877686, "Epoch 147 Step 53": 2.8717925548553467, "Epoch 147 Step 54": 2.8886804580688477, "Epoch 147 Step 55": 2.8703761100769043, "Epoch 147 Step 56": 2.871628761291504, "Epoch 147 Step 57": 2.8782777786254883, "Epoch 147 Step 58": 2.866738796234131, "Epoch 147 Step 59": 2.884794235229492, "Epoch 147 Step 60": 2.8802881240844727, "Epoch 147 Step 61": 2.8839223384857178, "Epoch 147 Step 62": 2.8908514976501465, "Epoch 147 Step 63": 2.885091781616211, "Epoch 147 Step 64": 2.878138542175293, "Epoch 147 Step 65": 2.8837342262268066, "Epoch 147 Step 66": 2.895375967025757, "Epoch 147 Step 67": 2.8937020301818848, "Epoch 147 Step 68": 2.8916332721710205, "Epoch 147 Step 69": 2.886681318283081, "Epoch 147 Step 70": 2.8853797912597656, "Epoch 147 Step 71": 2.8819656372070312, "Epoch 147 Step 72": 2.903233528137207, "Epoch 147 Step 73": 2.899397373199463, "Epoch 147 Step 74": 2.8969533443450928, "Epoch 147 Step 75": 2.874763011932373, "Epoch 147 Step 76": 2.887406587600708, "Epoch 147 Step 77": 2.8914778232574463, "Epoch 147 Step 78": 2.874303102493286, "Epoch 147 Step 79": 2.88436222076416, "Epoch 147 Step 80": 2.8862297534942627, "Epoch 147 Step 81": 2.890956163406372, "Epoch 147 Step 82": 2.8955078125, "Epoch 147 Step 83": 2.880385160446167, "Epoch 147 Step 84": 2.8919613361358643, "Epoch 147 Step 85": 2.876349687576294, "Epoch 147 Step 86": 2.8842575550079346, "Epoch 147 Step 87": 2.8769514560699463, "Epoch 147 Step 88": 2.8900790214538574, "Epoch 147 Step 89": 2.875114917755127}