{"Epoch 600 Step 0": 2.886768102645874, "Epoch 600 Step 1": 2.891505479812622, "Epoch 600 Step 2": 2.895242691040039, "Epoch 600 Step 3": 2.880978584289551, "Epoch 600 Step 4": 2.8924741744995117, "Epoch 600 Step 5": 2.877718448638916, "Epoch 600 Step 6": 2.884506940841675, "Epoch 600 Step 7": 2.8781650066375732, "Epoch 600 Step 8": 2.8910841941833496, "Epoch 600 Step 9": 2.8779759407043457, "Epoch 600 Step 10": 2.8828954696655273, "Epoch 600 Step 11": 2.888302803039551, "Epoch 600 Step 12": 2.8737082481384277, "Epoch 600 Step 13": 2.8726065158843994, "Epoch 600 Step 14": 2.872760772705078, "Epoch 600 Step 15": 2.8886849880218506, "Epoch 600 Step 16": 2.8830535411834717, "Epoch 600 Step 17": 2.877135753631592, "Epoch 600 Step 18": 2.8903236389160156, "Epoch 600 Step 19": 2.8954062461853027, "Epoch 600 Step 20": 2.8809359073638916, "Epoch 600 Step 21": 2.877122402191162, "Epoch 600 Step 22": 2.887213706970215, "Epoch 600 Step 23": 2.8918850421905518, "Epoch 600 Step 24": 2.880542278289795, "Epoch 600 Step 25": 2.882585287094116, "Epoch 600 Step 26": 2.8781533241271973, "Epoch 600 Step 27": 2.8874824047088623, "Epoch 600 Step 28": 2.873640298843384, "Epoch 600 Step 29": 2.8849985599517822, "Epoch 600 Step 30": 2.8790829181671143, "Epoch 600 Step 31": 2.882615089416504, "Epoch 600 Step 32": 2.884544849395752, "Epoch 600 Step 33": 2.871021270751953, "Epoch 600 Step 34": 2.8849751949310303, "Epoch 600 Step 35": 2.8875949382781982, "Epoch 600 Step 36": 2.886321783065796, "Epoch 600 Step 37": 2.889885425567627, "Epoch 600 Step 38": 2.884589672088623, "Epoch 600 Step 39": 2.871983766555786, "Epoch 600 Step 40": 2.8813416957855225, "Epoch 600 Step 41": 2.8774001598358154, "Epoch 600 Step 42": 2.882702112197876, "Epoch 600 Step 43": 2.883143424987793, "Epoch 600 Step 44": 2.8905436992645264, "Epoch 600 Step 45": 2.8846628665924072, "Epoch 600 Step 46": 2.884662389755249, "Epoch 600 Step 47": 2.88131046295166, "Epoch 600 Step 48": 2.8751838207244873, "Epoch 600 Step 49": 2.8795809745788574, "Epoch 600 Step 50": 2.8937039375305176, "Epoch 600 Step 51": 2.8878517150878906, "Epoch 600 Step 52": 2.8737261295318604, "Epoch 600 Step 53": 2.8904778957366943, "Epoch 600 Step 54": 2.88208270072937, "Epoch 600 Step 55": 2.8748703002929688, "Epoch 600 Step 56": 2.872426986694336, "Epoch 600 Step 57": 2.8823790550231934, "Epoch 600 Step 58": 2.887911558151245, "Epoch 600 Step 59": 2.8800511360168457, "Epoch 600 Step 60": 2.8789472579956055, "Epoch 600 Step 61": 2.878399133682251, "Epoch 600 Step 62": 2.8764610290527344, "Epoch 600 Step 63": 2.8879101276397705, "Epoch 600 Step 64": 2.873913526535034, "Epoch 600 Step 65": 2.8906941413879395, "Epoch 600 Step 66": 2.871400833129883, "Epoch 600 Step 67": 2.874819040298462, "Epoch 600 Step 68": 2.8792927265167236, "Epoch 600 Step 69": 2.867690086364746, "Epoch 600 Step 70": 2.8869314193725586, "Epoch 600 Step 71": 2.8815650939941406, "Epoch 600 Step 72": 2.8873512744903564, "Epoch 600 Step 73": 2.8935325145721436, "Epoch 600 Step 74": 2.8867220878601074, "Epoch 600 Step 75": 2.879213333129883, "Epoch 600 Step 76": 2.8855295181274414, "Epoch 600 Step 77": 2.8955674171447754, "Epoch 600 Step 78": 2.8940608501434326, "Epoch 600 Step 79": 2.892857074737549, "Epoch 600 Step 80": 2.8875720500946045, "Epoch 600 Step 81": 2.8863120079040527, "Epoch 600 Step 82": 2.8837268352508545, "Epoch 600 Step 83": 2.9047017097473145, "Epoch 600 Step 84": 2.9007914066314697, "Epoch 600 Step 85": 2.8979852199554443, "Epoch 600 Step 86": 2.8756203651428223, "Epoch 600 Step 87": 2.8893961906433105, "Epoch 600 Step 88": 2.8928604125976562, "Epoch 600 Step 89": 2.8752214908599854}