{"Epoch 319 Step 0": 2.8758490085601807, "Epoch 319 Step 1": 2.8875200748443604, "Epoch 319 Step 2": 2.8916189670562744, "Epoch 319 Step 3": 2.88073468208313, "Epoch 319 Step 4": 2.8815600872039795, "Epoch 319 Step 5": 2.877042770385742, "Epoch 319 Step 6": 2.8880436420440674, "Epoch 319 Step 7": 2.874478578567505, "Epoch 319 Step 8": 2.885749340057373, "Epoch 319 Step 9": 2.8791961669921875, "Epoch 319 Step 10": 2.883349657058716, "Epoch 319 Step 11": 2.884587287902832, "Epoch 319 Step 12": 2.871415853500366, "Epoch 319 Step 13": 2.884242534637451, "Epoch 319 Step 14": 2.8880228996276855, "Epoch 319 Step 15": 2.885512113571167, "Epoch 319 Step 16": 2.8889949321746826, "Epoch 319 Step 17": 2.8842737674713135, "Epoch 319 Step 18": 2.872652530670166, "Epoch 319 Step 19": 2.881762742996216, "Epoch 319 Step 20": 2.8777687549591064, "Epoch 319 Step 21": 2.882676601409912, "Epoch 319 Step 22": 2.8831217288970947, "Epoch 319 Step 23": 2.8907411098480225, "Epoch 319 Step 24": 2.8846681118011475, "Epoch 319 Step 25": 2.8853600025177, "Epoch 319 Step 26": 2.881249189376831, "Epoch 319 Step 27": 2.8752925395965576, "Epoch 319 Step 28": 2.8798375129699707, "Epoch 319 Step 29": 2.894226551055908, "Epoch 319 Step 30": 2.8880836963653564, "Epoch 319 Step 31": 2.8739824295043945, "Epoch 319 Step 32": 2.8905558586120605, "Epoch 319 Step 33": 2.8821752071380615, "Epoch 319 Step 34": 2.8754827976226807, "Epoch 319 Step 35": 2.8722074031829834, "Epoch 319 Step 36": 2.882370948791504, "Epoch 319 Step 37": 2.887991428375244, "Epoch 319 Step 38": 2.880321502685547, "Epoch 319 Step 39": 2.8788514137268066, "Epoch 319 Step 40": 2.878251314163208, "Epoch 319 Step 41": 2.8760533332824707, "Epoch 319 Step 42": 2.8874943256378174, "Epoch 319 Step 43": 2.874638319015503, "Epoch 319 Step 44": 2.8912551403045654, "Epoch 319 Step 45": 2.8720314502716064, "Epoch 319 Step 46": 2.8750414848327637, "Epoch 319 Step 47": 2.8794472217559814, "Epoch 319 Step 48": 2.8677215576171875, "Epoch 319 Step 49": 2.8872509002685547, "Epoch 319 Step 50": 2.8822576999664307, "Epoch 319 Step 51": 2.887479066848755, "Epoch 319 Step 52": 2.8932223320007324, "Epoch 319 Step 53": 2.886859655380249, "Epoch 319 Step 54": 2.8795742988586426, "Epoch 319 Step 55": 2.885956287384033, "Epoch 319 Step 56": 2.8947994709014893, "Epoch 319 Step 57": 2.89337158203125, "Epoch 319 Step 58": 2.8928914070129395, "Epoch 319 Step 59": 2.887587308883667, "Epoch 319 Step 60": 2.8854167461395264, "Epoch 319 Step 61": 2.8822169303894043, "Epoch 319 Step 62": 2.904163360595703, "Epoch 319 Step 63": 2.899827480316162, "Epoch 319 Step 64": 2.8982272148132324, "Epoch 319 Step 65": 2.876124858856201, "Epoch 319 Step 66": 2.8896100521087646, "Epoch 319 Step 67": 2.8928887844085693, "Epoch 319 Step 68": 2.874730110168457, "Epoch 319 Step 69": 2.885997772216797, "Epoch 319 Step 70": 2.886474847793579, "Epoch 319 Step 71": 2.891248941421509, "Epoch 319 Step 72": 2.8958425521850586, "Epoch 319 Step 73": 2.8820223808288574, "Epoch 319 Step 74": 2.8936221599578857, "Epoch 319 Step 75": 2.878203868865967, "Epoch 319 Step 76": 2.884997844696045, "Epoch 319 Step 77": 2.8774006366729736, "Epoch 319 Step 78": 2.893176317214966, "Epoch 319 Step 79": 2.878359317779541, "Epoch 319 Step 80": 2.8829236030578613, "Epoch 319 Step 81": 2.888490676879883, "Epoch 319 Step 82": 2.8732638359069824, "Epoch 319 Step 83": 2.8716797828674316, "Epoch 319 Step 84": 2.8724424839019775, "Epoch 319 Step 85": 2.8882994651794434, "Epoch 319 Step 86": 2.881882905960083, "Epoch 319 Step 87": 2.877664804458618, "Epoch 319 Step 88": 2.889362335205078, "Epoch 319 Step 89": 2.895386219024658}