{"Epoch 12 Step 0": 2.8903462886810303, "Epoch 12 Step 1": 2.871368885040283, "Epoch 12 Step 2": 2.874192953109741, "Epoch 12 Step 3": 2.8783092498779297, "Epoch 12 Step 4": 2.8670451641082764, "Epoch 12 Step 5": 2.8872272968292236, "Epoch 12 Step 6": 2.8816299438476562, "Epoch 12 Step 7": 2.8872151374816895, "Epoch 12 Step 8": 2.892472505569458, "Epoch 12 Step 9": 2.8853392601013184, "Epoch 12 Step 10": 2.880500316619873, "Epoch 12 Step 11": 2.8852317333221436, "Epoch 12 Step 12": 2.894719362258911, "Epoch 12 Step 13": 2.8939881324768066, "Epoch 12 Step 14": 2.892408609390259, "Epoch 12 Step 15": 2.887606620788574, "Epoch 12 Step 16": 2.8852269649505615, "Epoch 12 Step 17": 2.880732774734497, "Epoch 12 Step 18": 2.905057430267334, "Epoch 12 Step 19": 2.8967196941375732, "Epoch 12 Step 20": 2.8975160121917725, "Epoch 12 Step 21": 2.87705659866333, "Epoch 12 Step 22": 2.8889615535736084, "Epoch 12 Step 23": 2.8918159008026123, "Epoch 12 Step 24": 2.876081705093384, "Epoch 12 Step 25": 2.8868281841278076, "Epoch 12 Step 26": 2.887758493423462, "Epoch 12 Step 27": 2.8911099433898926, "Epoch 12 Step 28": 2.8954050540924072, "Epoch 12 Step 29": 2.880702495574951, "Epoch 12 Step 30": 2.893174409866333, "Epoch 12 Step 31": 2.8797130584716797, "Epoch 12 Step 32": 2.8854856491088867, "Epoch 12 Step 33": 2.87784743309021, "Epoch 12 Step 34": 2.8903207778930664, "Epoch 12 Step 35": 2.8769311904907227, "Epoch 12 Step 36": 2.8817455768585205, "Epoch 12 Step 37": 2.8893256187438965, "Epoch 12 Step 38": 2.8733479976654053, "Epoch 12 Step 39": 2.8734118938446045, "Epoch 12 Step 40": 2.8726203441619873, "Epoch 12 Step 41": 2.8882901668548584, "Epoch 12 Step 42": 2.881330966949463, "Epoch 12 Step 43": 2.8771462440490723, "Epoch 12 Step 44": 2.8904755115509033, "Epoch 12 Step 45": 2.8958096504211426, "Epoch 12 Step 46": 2.8796586990356445, "Epoch 12 Step 47": 2.8765671253204346, "Epoch 12 Step 48": 2.8883838653564453, "Epoch 12 Step 49": 2.8918185234069824, "Epoch 12 Step 50": 2.880983829498291, "Epoch 12 Step 51": 2.8817813396453857, "Epoch 12 Step 52": 2.878037929534912, "Epoch 12 Step 53": 2.8881096839904785, "Epoch 12 Step 54": 2.8727340698242188, "Epoch 12 Step 55": 2.8850457668304443, "Epoch 12 Step 56": 2.878378391265869, "Epoch 12 Step 57": 2.8831446170806885, "Epoch 12 Step 58": 2.884941339492798, "Epoch 12 Step 59": 2.8712897300720215, "Epoch 12 Step 60": 2.8853936195373535, "Epoch 12 Step 61": 2.886584520339966, "Epoch 12 Step 62": 2.884675979614258, "Epoch 12 Step 63": 2.889195203781128, "Epoch 12 Step 64": 2.8845574855804443, "Epoch 12 Step 65": 2.872541904449463, "Epoch 12 Step 66": 2.87974214553833, "Epoch 12 Step 67": 2.87638521194458, "Epoch 12 Step 68": 2.8823814392089844, "Epoch 12 Step 69": 2.882807731628418, "Epoch 12 Step 70": 2.8902947902679443, "Epoch 12 Step 71": 2.884561061859131, "Epoch 12 Step 72": 2.884267807006836, "Epoch 12 Step 73": 2.8817684650421143, "Epoch 12 Step 74": 2.8742589950561523, "Epoch 12 Step 75": 2.8785767555236816, "Epoch 12 Step 76": 2.8927805423736572, "Epoch 12 Step 77": 2.888427734375, "Epoch 12 Step 78": 2.873535394668579, "Epoch 12 Step 79": 2.889702558517456, "Epoch 12 Step 80": 2.8807532787323, "Epoch 12 Step 81": 2.8746109008789062, "Epoch 12 Step 82": 2.8714206218719482, "Epoch 12 Step 83": 2.8814895153045654, "Epoch 12 Step 84": 2.8864784240722656, "Epoch 12 Step 85": 2.8801512718200684, "Epoch 12 Step 86": 2.8787660598754883, "Epoch 12 Step 87": 2.8791229724884033, "Epoch 12 Step 88": 2.8759851455688477, "Epoch 12 Step 89": 2.886983871459961}