{"Epoch 884 Step 0": 2.8880960941314697, "Epoch 884 Step 1": 2.8860692977905273, "Epoch 884 Step 2": 2.883357286453247, "Epoch 884 Step 3": 2.9057540893554688, "Epoch 884 Step 4": 2.899857521057129, "Epoch 884 Step 5": 2.8995461463928223, "Epoch 884 Step 6": 2.876152753829956, "Epoch 884 Step 7": 2.8886380195617676, "Epoch 884 Step 8": 2.892364978790283, "Epoch 884 Step 9": 2.8750905990600586, "Epoch 884 Step 10": 2.886279582977295, "Epoch 884 Step 11": 2.8866381645202637, "Epoch 884 Step 12": 2.892204523086548, "Epoch 884 Step 13": 2.8964152336120605, "Epoch 884 Step 14": 2.882201671600342, "Epoch 884 Step 15": 2.8934504985809326, "Epoch 884 Step 16": 2.8787684440612793, "Epoch 884 Step 17": 2.8861474990844727, "Epoch 884 Step 18": 2.878159999847412, "Epoch 884 Step 19": 2.8921618461608887, "Epoch 884 Step 20": 2.8782784938812256, "Epoch 884 Step 21": 2.883073568344116, "Epoch 884 Step 22": 2.8885586261749268, "Epoch 884 Step 23": 2.8738834857940674, "Epoch 884 Step 24": 2.8726632595062256, "Epoch 884 Step 25": 2.8721415996551514, "Epoch 884 Step 26": 2.8892300128936768, "Epoch 884 Step 27": 2.8829596042633057, "Epoch 884 Step 28": 2.8784708976745605, "Epoch 884 Step 29": 2.891413927078247, "Epoch 884 Step 30": 2.8954617977142334, "Epoch 884 Step 31": 2.881542682647705, "Epoch 884 Step 32": 2.8783819675445557, "Epoch 884 Step 33": 2.886620044708252, "Epoch 884 Step 34": 2.8914079666137695, "Epoch 884 Step 35": 2.881039619445801, "Epoch 884 Step 36": 2.8815419673919678, "Epoch 884 Step 37": 2.8774726390838623, "Epoch 884 Step 38": 2.8878397941589355, "Epoch 884 Step 39": 2.873931646347046, "Epoch 884 Step 40": 2.8855082988739014, "Epoch 884 Step 41": 2.879246950149536, "Epoch 884 Step 42": 2.8834030628204346, "Epoch 884 Step 43": 2.885075092315674, "Epoch 884 Step 44": 2.8718044757843018, "Epoch 884 Step 45": 2.884983777999878, "Epoch 884 Step 46": 2.8878397941589355, "Epoch 884 Step 47": 2.886049747467041, "Epoch 884 Step 48": 2.889066457748413, "Epoch 884 Step 49": 2.8845839500427246, "Epoch 884 Step 50": 2.87263560295105, "Epoch 884 Step 51": 2.88106107711792, "Epoch 884 Step 52": 2.877220630645752, "Epoch 884 Step 53": 2.8830506801605225, "Epoch 884 Step 54": 2.882986068725586, "Epoch 884 Step 55": 2.890627384185791, "Epoch 884 Step 56": 2.8851380348205566, "Epoch 884 Step 57": 2.8851544857025146, "Epoch 884 Step 58": 2.8814446926116943, "Epoch 884 Step 59": 2.875875473022461, "Epoch 884 Step 60": 2.879654884338379, "Epoch 884 Step 61": 2.893688678741455, "Epoch 884 Step 62": 2.88779354095459, "Epoch 884 Step 63": 2.874457836151123, "Epoch 884 Step 64": 2.8907063007354736, "Epoch 884 Step 65": 2.882634401321411, "Epoch 884 Step 66": 2.8755245208740234, "Epoch 884 Step 67": 2.873276710510254, "Epoch 884 Step 68": 2.883070707321167, "Epoch 884 Step 69": 2.8882641792297363, "Epoch 884 Step 70": 2.879077196121216, "Epoch 884 Step 71": 2.878274917602539, "Epoch 884 Step 72": 2.8777079582214355, "Epoch 884 Step 73": 2.8763339519500732, "Epoch 884 Step 74": 2.887631416320801, "Epoch 884 Step 75": 2.8748037815093994, "Epoch 884 Step 76": 2.8912575244903564, "Epoch 884 Step 77": 2.871265411376953, "Epoch 884 Step 78": 2.8747198581695557, "Epoch 884 Step 79": 2.8799989223480225, "Epoch 884 Step 80": 2.868452310562134, "Epoch 884 Step 81": 2.8865418434143066, "Epoch 884 Step 82": 2.881748914718628, "Epoch 884 Step 83": 2.8872978687286377, "Epoch 884 Step 84": 2.8937735557556152, "Epoch 884 Step 85": 2.886125087738037, "Epoch 884 Step 86": 2.8785030841827393, "Epoch 884 Step 87": 2.8851230144500732, "Epoch 884 Step 88": 2.8955559730529785, "Epoch 884 Step 89": 2.894871234893799}