{"Epoch 916 Step 0": 2.875192403793335, "Epoch 916 Step 1": 2.8796181678771973, "Epoch 916 Step 2": 2.8940558433532715, "Epoch 916 Step 3": 2.88828706741333, "Epoch 916 Step 4": 2.873933792114258, "Epoch 916 Step 5": 2.8908019065856934, "Epoch 916 Step 6": 2.8818390369415283, "Epoch 916 Step 7": 2.8761165142059326, "Epoch 916 Step 8": 2.8730392456054688, "Epoch 916 Step 9": 2.8823513984680176, "Epoch 916 Step 10": 2.8872628211975098, "Epoch 916 Step 11": 2.8803610801696777, "Epoch 916 Step 12": 2.8789501190185547, "Epoch 916 Step 13": 2.8780770301818848, "Epoch 916 Step 14": 2.876859188079834, "Epoch 916 Step 15": 2.887802839279175, "Epoch 916 Step 16": 2.875009298324585, "Epoch 916 Step 17": 2.890836477279663, "Epoch 916 Step 18": 2.871633768081665, "Epoch 916 Step 19": 2.8744680881500244, "Epoch 916 Step 20": 2.8793303966522217, "Epoch 916 Step 21": 2.868096351623535, "Epoch 916 Step 22": 2.88704252243042, "Epoch 916 Step 23": 2.881603240966797, "Epoch 916 Step 24": 2.887528419494629, "Epoch 916 Step 25": 2.8940415382385254, "Epoch 916 Step 26": 2.8861029148101807, "Epoch 916 Step 27": 2.8779289722442627, "Epoch 916 Step 28": 2.8857812881469727, "Epoch 916 Step 29": 2.8972413539886475, "Epoch 916 Step 30": 2.8971848487854004, "Epoch 916 Step 31": 2.8937132358551025, "Epoch 916 Step 32": 2.8880977630615234, "Epoch 916 Step 33": 2.8867156505584717, "Epoch 916 Step 34": 2.88616681098938, "Epoch 916 Step 35": 2.9063119888305664, "Epoch 916 Step 36": 2.902421712875366, "Epoch 916 Step 37": 2.8986713886260986, "Epoch 916 Step 38": 2.8769376277923584, "Epoch 916 Step 39": 2.891669988632202, "Epoch 916 Step 40": 2.8950395584106445, "Epoch 916 Step 41": 2.876242160797119, "Epoch 916 Step 42": 2.886686325073242, "Epoch 916 Step 43": 2.8872640132904053, "Epoch 916 Step 44": 2.892143487930298, "Epoch 916 Step 45": 2.8958444595336914, "Epoch 916 Step 46": 2.881497383117676, "Epoch 916 Step 47": 2.8939666748046875, "Epoch 916 Step 48": 2.8793435096740723, "Epoch 916 Step 49": 2.886488437652588, "Epoch 916 Step 50": 2.8797659873962402, "Epoch 916 Step 51": 2.8939294815063477, "Epoch 916 Step 52": 2.879220724105835, "Epoch 916 Step 53": 2.883378744125366, "Epoch 916 Step 54": 2.888873338699341, "Epoch 916 Step 55": 2.8746328353881836, "Epoch 916 Step 56": 2.8719537258148193, "Epoch 916 Step 57": 2.873079776763916, "Epoch 916 Step 58": 2.8887510299682617, "Epoch 916 Step 59": 2.8820812702178955, "Epoch 916 Step 60": 2.876970052719116, "Epoch 916 Step 61": 2.8920516967773438, "Epoch 916 Step 62": 2.8950185775756836, "Epoch 916 Step 63": 2.880880355834961, "Epoch 916 Step 64": 2.876863479614258, "Epoch 916 Step 65": 2.8878655433654785, "Epoch 916 Step 66": 2.891549825668335, "Epoch 916 Step 67": 2.8820505142211914, "Epoch 916 Step 68": 2.882613182067871, "Epoch 916 Step 69": 2.8782198429107666, "Epoch 916 Step 70": 2.8877062797546387, "Epoch 916 Step 71": 2.8733882904052734, "Epoch 916 Step 72": 2.8856325149536133, "Epoch 916 Step 73": 2.8793909549713135, "Epoch 916 Step 74": 2.88326358795166, "Epoch 916 Step 75": 2.885591745376587, "Epoch 916 Step 76": 2.8716816902160645, "Epoch 916 Step 77": 2.8863720893859863, "Epoch 916 Step 78": 2.887592077255249, "Epoch 916 Step 79": 2.885580539703369, "Epoch 916 Step 80": 2.889390707015991, "Epoch 916 Step 81": 2.8842415809631348, "Epoch 916 Step 82": 2.872802495956421, "Epoch 916 Step 83": 2.8814563751220703, "Epoch 916 Step 84": 2.8772096633911133, "Epoch 916 Step 85": 2.882520914077759, "Epoch 916 Step 86": 2.883551836013794, "Epoch 916 Step 87": 2.8924643993377686, "Epoch 916 Step 88": 2.8854095935821533, "Epoch 916 Step 89": 2.885662794113159}