{"Epoch 208 Step 0": 2.877045154571533, "Epoch 208 Step 1": 2.8826653957366943, "Epoch 208 Step 2": 2.8819448947906494, "Epoch 208 Step 3": 2.8904740810394287, "Epoch 208 Step 4": 2.8847312927246094, "Epoch 208 Step 5": 2.8850314617156982, "Epoch 208 Step 6": 2.881321907043457, "Epoch 208 Step 7": 2.8754024505615234, "Epoch 208 Step 8": 2.879124402999878, "Epoch 208 Step 9": 2.8923912048339844, "Epoch 208 Step 10": 2.8872592449188232, "Epoch 208 Step 11": 2.8732032775878906, "Epoch 208 Step 12": 2.88950514793396, "Epoch 208 Step 13": 2.8821921348571777, "Epoch 208 Step 14": 2.8751206398010254, "Epoch 208 Step 15": 2.8727524280548096, "Epoch 208 Step 16": 2.881300926208496, "Epoch 208 Step 17": 2.887593984603882, "Epoch 208 Step 18": 2.879260301589966, "Epoch 208 Step 19": 2.8790993690490723, "Epoch 208 Step 20": 2.8783202171325684, "Epoch 208 Step 21": 2.875190019607544, "Epoch 208 Step 22": 2.8870887756347656, "Epoch 208 Step 23": 2.87412691116333, "Epoch 208 Step 24": 2.8909542560577393, "Epoch 208 Step 25": 2.870656728744507, "Epoch 208 Step 26": 2.8735549449920654, "Epoch 208 Step 27": 2.8786816596984863, "Epoch 208 Step 28": 2.867281675338745, "Epoch 208 Step 29": 2.8863420486450195, "Epoch 208 Step 30": 2.880906343460083, "Epoch 208 Step 31": 2.886089324951172, "Epoch 208 Step 32": 2.8926022052764893, "Epoch 208 Step 33": 2.8857650756835938, "Epoch 208 Step 34": 2.877976179122925, "Epoch 208 Step 35": 2.8845489025115967, "Epoch 208 Step 36": 2.8945670127868652, "Epoch 208 Step 37": 2.8940720558166504, "Epoch 208 Step 38": 2.8920116424560547, "Epoch 208 Step 39": 2.8864524364471436, "Epoch 208 Step 40": 2.88616943359375, "Epoch 208 Step 41": 2.885596752166748, "Epoch 208 Step 42": 2.9055349826812744, "Epoch 208 Step 43": 2.901500940322876, "Epoch 208 Step 44": 2.895254373550415, "Epoch 208 Step 45": 2.8759427070617676, "Epoch 208 Step 46": 2.8894383907318115, "Epoch 208 Step 47": 2.893484592437744, "Epoch 208 Step 48": 2.874232530593872, "Epoch 208 Step 49": 2.885788917541504, "Epoch 208 Step 50": 2.8879034519195557, "Epoch 208 Step 51": 2.8929762840270996, "Epoch 208 Step 52": 2.8956851959228516, "Epoch 208 Step 53": 2.8820953369140625, "Epoch 208 Step 54": 2.892770528793335, "Epoch 208 Step 55": 2.8786394596099854, "Epoch 208 Step 56": 2.885568857192993, "Epoch 208 Step 57": 2.8775153160095215, "Epoch 208 Step 58": 2.891947031021118, "Epoch 208 Step 59": 2.8779971599578857, "Epoch 208 Step 60": 2.8828952312469482, "Epoch 208 Step 61": 2.8882904052734375, "Epoch 208 Step 62": 2.8731460571289062, "Epoch 208 Step 63": 2.8717424869537354, "Epoch 208 Step 64": 2.872352123260498, "Epoch 208 Step 65": 2.887453556060791, "Epoch 208 Step 66": 2.8816795349121094, "Epoch 208 Step 67": 2.8776283264160156, "Epoch 208 Step 68": 2.8896467685699463, "Epoch 208 Step 69": 2.8950397968292236, "Epoch 208 Step 70": 2.8800294399261475, "Epoch 208 Step 71": 2.8758440017700195, "Epoch 208 Step 72": 2.886678695678711, "Epoch 208 Step 73": 2.8908705711364746, "Epoch 208 Step 74": 2.880155563354492, "Epoch 208 Step 75": 2.8813557624816895, "Epoch 208 Step 76": 2.8762269020080566, "Epoch 208 Step 77": 2.887554407119751, "Epoch 208 Step 78": 2.8736813068389893, "Epoch 208 Step 79": 2.8849575519561768, "Epoch 208 Step 80": 2.8789725303649902, "Epoch 208 Step 81": 2.883260726928711, "Epoch 208 Step 82": 2.88421368598938, "Epoch 208 Step 83": 2.8707268238067627, "Epoch 208 Step 84": 2.883779764175415, "Epoch 208 Step 85": 2.8875622749328613, "Epoch 208 Step 86": 2.885383367538452, "Epoch 208 Step 87": 2.8892931938171387, "Epoch 208 Step 88": 2.88432240486145, "Epoch 208 Step 89": 2.872142791748047}