{"Epoch 90 Step 0": 2.8781228065490723, "Epoch 90 Step 1": 2.8664188385009766, "Epoch 90 Step 2": 2.884398937225342, "Epoch 90 Step 3": 2.8807153701782227, "Epoch 90 Step 4": 2.8840365409851074, "Epoch 90 Step 5": 2.8915605545043945, "Epoch 90 Step 6": 2.88503360748291, "Epoch 90 Step 7": 2.87741756439209, "Epoch 90 Step 8": 2.883291244506836, "Epoch 90 Step 9": 2.8938071727752686, "Epoch 90 Step 10": 2.8933002948760986, "Epoch 90 Step 11": 2.8920416831970215, "Epoch 90 Step 12": 2.886176109313965, "Epoch 90 Step 13": 2.884934425354004, "Epoch 90 Step 14": 2.8802878856658936, "Epoch 90 Step 15": 2.903296947479248, "Epoch 90 Step 16": 2.8983235359191895, "Epoch 90 Step 17": 2.895596981048584, "Epoch 90 Step 18": 2.874525785446167, "Epoch 90 Step 19": 2.889317274093628, "Epoch 90 Step 20": 2.8923230171203613, "Epoch 90 Step 21": 2.8738629817962646, "Epoch 90 Step 22": 2.8840322494506836, "Epoch 90 Step 23": 2.885894536972046, "Epoch 90 Step 24": 2.889601469039917, "Epoch 90 Step 25": 2.894862413406372, "Epoch 90 Step 26": 2.8800363540649414, "Epoch 90 Step 27": 2.8922276496887207, "Epoch 90 Step 28": 2.876779079437256, "Epoch 90 Step 29": 2.8852908611297607, "Epoch 90 Step 30": 2.875559091567993, "Epoch 90 Step 31": 2.8913414478302, "Epoch 90 Step 32": 2.8756065368652344, "Epoch 90 Step 33": 2.8813745975494385, "Epoch 90 Step 34": 2.8881287574768066, "Epoch 90 Step 35": 2.8719418048858643, "Epoch 90 Step 36": 2.869924306869507, "Epoch 90 Step 37": 2.871225595474243, "Epoch 90 Step 38": 2.886549711227417, "Epoch 90 Step 39": 2.8808908462524414, "Epoch 90 Step 40": 2.876652956008911, "Epoch 90 Step 41": 2.8886754512786865, "Epoch 90 Step 42": 2.8931806087493896, "Epoch 90 Step 43": 2.8787405490875244, "Epoch 90 Step 44": 2.8751494884490967, "Epoch 90 Step 45": 2.8854942321777344, "Epoch 90 Step 46": 2.8896517753601074, "Epoch 90 Step 47": 2.8799386024475098, "Epoch 90 Step 48": 2.8807997703552246, "Epoch 90 Step 49": 2.8761167526245117, "Epoch 90 Step 50": 2.886228084564209, "Epoch 90 Step 51": 2.8723418712615967, "Epoch 90 Step 52": 2.883709192276001, "Epoch 90 Step 53": 2.8777687549591064, "Epoch 90 Step 54": 2.8821260929107666, "Epoch 90 Step 55": 2.8832764625549316, "Epoch 90 Step 56": 2.8692572116851807, "Epoch 90 Step 57": 2.882916212081909, "Epoch 90 Step 58": 2.886181116104126, "Epoch 90 Step 59": 2.883899688720703, "Epoch 90 Step 60": 2.8881077766418457, "Epoch 90 Step 61": 2.882807731628418, "Epoch 90 Step 62": 2.8711860179901123, "Epoch 90 Step 63": 2.879528522491455, "Epoch 90 Step 64": 2.87567400932312, "Epoch 90 Step 65": 2.882495403289795, "Epoch 90 Step 66": 2.8811092376708984, "Epoch 90 Step 67": 2.8901939392089844, "Epoch 90 Step 68": 2.8844454288482666, "Epoch 90 Step 69": 2.883984088897705, "Epoch 90 Step 70": 2.880868673324585, "Epoch 90 Step 71": 2.875338315963745, "Epoch 90 Step 72": 2.8780040740966797, "Epoch 90 Step 73": 2.8913519382476807, "Epoch 90 Step 74": 2.8871946334838867, "Epoch 90 Step 75": 2.873157501220703, "Epoch 90 Step 76": 2.888378381729126, "Epoch 90 Step 77": 2.8804898262023926, "Epoch 90 Step 78": 2.8736824989318848, "Epoch 90 Step 79": 2.8698902130126953, "Epoch 90 Step 80": 2.8815956115722656, "Epoch 90 Step 81": 2.8859035968780518, "Epoch 90 Step 82": 2.878471851348877, "Epoch 90 Step 83": 2.8771369457244873, "Epoch 90 Step 84": 2.877861738204956, "Epoch 90 Step 85": 2.8755552768707275, "Epoch 90 Step 86": 2.88533091545105, "Epoch 90 Step 87": 2.8711888790130615, "Epoch 90 Step 88": 2.889683961868286, "Epoch 90 Step 89": 2.8708884716033936}