{"Epoch 263 Step 0": 2.8944013118743896, "Epoch 263 Step 1": 2.892639398574829, "Epoch 263 Step 2": 2.891164541244507, "Epoch 263 Step 3": 2.887354850769043, "Epoch 263 Step 4": 2.8871026039123535, "Epoch 263 Step 5": 2.8843297958374023, "Epoch 263 Step 6": 2.9038145542144775, "Epoch 263 Step 7": 2.902053117752075, "Epoch 263 Step 8": 2.897783041000366, "Epoch 263 Step 9": 2.8751590251922607, "Epoch 263 Step 10": 2.888179063796997, "Epoch 263 Step 11": 2.8924052715301514, "Epoch 263 Step 12": 2.8756020069122314, "Epoch 263 Step 13": 2.8859500885009766, "Epoch 263 Step 14": 2.887089252471924, "Epoch 263 Step 15": 2.8912787437438965, "Epoch 263 Step 16": 2.896350622177124, "Epoch 263 Step 17": 2.881894826889038, "Epoch 263 Step 18": 2.892568588256836, "Epoch 263 Step 19": 2.8780202865600586, "Epoch 263 Step 20": 2.8851065635681152, "Epoch 263 Step 21": 2.8779637813568115, "Epoch 263 Step 22": 2.8916239738464355, "Epoch 263 Step 23": 2.8776183128356934, "Epoch 263 Step 24": 2.8825016021728516, "Epoch 263 Step 25": 2.8880951404571533, "Epoch 263 Step 26": 2.872443437576294, "Epoch 263 Step 27": 2.8723866939544678, "Epoch 263 Step 28": 2.8728861808776855, "Epoch 263 Step 29": 2.8876969814300537, "Epoch 263 Step 30": 2.8826239109039307, "Epoch 263 Step 31": 2.8782458305358887, "Epoch 263 Step 32": 2.8890326023101807, "Epoch 263 Step 33": 2.8956878185272217, "Epoch 263 Step 34": 2.8803415298461914, "Epoch 263 Step 35": 2.8756558895111084, "Epoch 263 Step 36": 2.887023687362671, "Epoch 263 Step 37": 2.8916845321655273, "Epoch 263 Step 38": 2.880317211151123, "Epoch 263 Step 39": 2.8807127475738525, "Epoch 263 Step 40": 2.877237319946289, "Epoch 263 Step 41": 2.888004779815674, "Epoch 263 Step 42": 2.8736748695373535, "Epoch 263 Step 43": 2.8846700191497803, "Epoch 263 Step 44": 2.8786447048187256, "Epoch 263 Step 45": 2.8822102546691895, "Epoch 263 Step 46": 2.8846261501312256, "Epoch 263 Step 47": 2.8708057403564453, "Epoch 263 Step 48": 2.884357213973999, "Epoch 263 Step 49": 2.887171506881714, "Epoch 263 Step 50": 2.8852651119232178, "Epoch 263 Step 51": 2.8898212909698486, "Epoch 263 Step 52": 2.884275436401367, "Epoch 263 Step 53": 2.872243642807007, "Epoch 263 Step 54": 2.8804471492767334, "Epoch 263 Step 55": 2.8769454956054688, "Epoch 263 Step 56": 2.882777214050293, "Epoch 263 Step 57": 2.8820626735687256, "Epoch 263 Step 58": 2.8900277614593506, "Epoch 263 Step 59": 2.8849780559539795, "Epoch 263 Step 60": 2.884631633758545, "Epoch 263 Step 61": 2.881406307220459, "Epoch 263 Step 62": 2.8751423358917236, "Epoch 263 Step 63": 2.8796634674072266, "Epoch 263 Step 64": 2.8935747146606445, "Epoch 263 Step 65": 2.8879313468933105, "Epoch 263 Step 66": 2.873908519744873, "Epoch 263 Step 67": 2.890540838241577, "Epoch 263 Step 68": 2.8813700675964355, "Epoch 263 Step 69": 2.8752284049987793, "Epoch 263 Step 70": 2.8725433349609375, "Epoch 263 Step 71": 2.8815016746520996, "Epoch 263 Step 72": 2.8875529766082764, "Epoch 263 Step 73": 2.8792364597320557, "Epoch 263 Step 74": 2.878593921661377, "Epoch 263 Step 75": 2.8782711029052734, "Epoch 263 Step 76": 2.876260280609131, "Epoch 263 Step 77": 2.887793779373169, "Epoch 263 Step 78": 2.874711513519287, "Epoch 263 Step 79": 2.890824556350708, "Epoch 263 Step 80": 2.8710081577301025, "Epoch 263 Step 81": 2.874332904815674, "Epoch 263 Step 82": 2.8793156147003174, "Epoch 263 Step 83": 2.867692708969116, "Epoch 263 Step 84": 2.8867063522338867, "Epoch 263 Step 85": 2.8812456130981445, "Epoch 263 Step 86": 2.886411190032959, "Epoch 263 Step 87": 2.8927571773529053, "Epoch 263 Step 88": 2.8861329555511475, "Epoch 263 Step 89": 2.8782920837402344}