{"Epoch 710 Step 0": 2.887648820877075, "Epoch 710 Step 1": 2.894228935241699, "Epoch 710 Step 2": 2.886606454849243, "Epoch 710 Step 3": 2.8782620429992676, "Epoch 710 Step 4": 2.8857061862945557, "Epoch 710 Step 5": 2.895324468612671, "Epoch 710 Step 6": 2.89389705657959, "Epoch 710 Step 7": 2.8928062915802, "Epoch 710 Step 8": 2.8876640796661377, "Epoch 710 Step 9": 2.886970043182373, "Epoch 710 Step 10": 2.886180877685547, "Epoch 710 Step 11": 2.909848213195801, "Epoch 710 Step 12": 2.898003101348877, "Epoch 710 Step 13": 2.9008936882019043, "Epoch 710 Step 14": 2.876771926879883, "Epoch 710 Step 15": 2.889613151550293, "Epoch 710 Step 16": 2.893373489379883, "Epoch 710 Step 17": 2.875439167022705, "Epoch 710 Step 18": 2.8871304988861084, "Epoch 710 Step 19": 2.888897180557251, "Epoch 710 Step 20": 2.895322799682617, "Epoch 710 Step 21": 2.89789080619812, "Epoch 710 Step 22": 2.8825693130493164, "Epoch 710 Step 23": 2.894716262817383, "Epoch 710 Step 24": 2.8802146911621094, "Epoch 710 Step 25": 2.8856844902038574, "Epoch 710 Step 26": 2.8781394958496094, "Epoch 710 Step 27": 2.8921241760253906, "Epoch 710 Step 28": 2.878291368484497, "Epoch 710 Step 29": 2.883937358856201, "Epoch 710 Step 30": 2.889139175415039, "Epoch 710 Step 31": 2.8735461235046387, "Epoch 710 Step 32": 2.871713638305664, "Epoch 710 Step 33": 2.8726987838745117, "Epoch 710 Step 34": 2.889258623123169, "Epoch 710 Step 35": 2.883542060852051, "Epoch 710 Step 36": 2.8790781497955322, "Epoch 710 Step 37": 2.889353036880493, "Epoch 710 Step 38": 2.8953561782836914, "Epoch 710 Step 39": 2.8806843757629395, "Epoch 710 Step 40": 2.8765201568603516, "Epoch 710 Step 41": 2.887849807739258, "Epoch 710 Step 42": 2.891829490661621, "Epoch 710 Step 43": 2.8818092346191406, "Epoch 710 Step 44": 2.881497383117676, "Epoch 710 Step 45": 2.877368450164795, "Epoch 710 Step 46": 2.888354778289795, "Epoch 710 Step 47": 2.8743319511413574, "Epoch 710 Step 48": 2.8854153156280518, "Epoch 710 Step 49": 2.879591226577759, "Epoch 710 Step 50": 2.882589340209961, "Epoch 710 Step 51": 2.8845598697662354, "Epoch 710 Step 52": 2.871978282928467, "Epoch 710 Step 53": 2.885114908218384, "Epoch 710 Step 54": 2.887674570083618, "Epoch 710 Step 55": 2.8860042095184326, "Epoch 710 Step 56": 2.889352321624756, "Epoch 710 Step 57": 2.88411808013916, "Epoch 710 Step 58": 2.8720202445983887, "Epoch 710 Step 59": 2.8817873001098633, "Epoch 710 Step 60": 2.8773818016052246, "Epoch 710 Step 61": 2.882695198059082, "Epoch 710 Step 62": 2.8827202320098877, "Epoch 710 Step 63": 2.890963077545166, "Epoch 710 Step 64": 2.88505482673645, "Epoch 710 Step 65": 2.885507822036743, "Epoch 710 Step 66": 2.88132905960083, "Epoch 710 Step 67": 2.875657320022583, "Epoch 710 Step 68": 2.8806324005126953, "Epoch 710 Step 69": 2.8939876556396484, "Epoch 710 Step 70": 2.887803316116333, "Epoch 710 Step 71": 2.8745005130767822, "Epoch 710 Step 72": 2.890629529953003, "Epoch 710 Step 73": 2.882660150527954, "Epoch 710 Step 74": 2.87577223777771, "Epoch 710 Step 75": 2.872671604156494, "Epoch 710 Step 76": 2.882059335708618, "Epoch 710 Step 77": 2.887639045715332, "Epoch 710 Step 78": 2.880486488342285, "Epoch 710 Step 79": 2.8786380290985107, "Epoch 710 Step 80": 2.878265142440796, "Epoch 710 Step 81": 2.876788377761841, "Epoch 710 Step 82": 2.8883094787597656, "Epoch 710 Step 83": 2.8765766620635986, "Epoch 710 Step 84": 2.8911683559417725, "Epoch 710 Step 85": 2.8714869022369385, "Epoch 710 Step 86": 2.875540018081665, "Epoch 710 Step 87": 2.879962205886841, "Epoch 710 Step 88": 2.8692522048950195, "Epoch 710 Step 89": 2.8874645233154297}