{"Epoch 493 Step 0": 2.8815054893493652, "Epoch 493 Step 1": 2.8777358531951904, "Epoch 493 Step 2": 2.8905556201934814, "Epoch 493 Step 3": 2.8954617977142334, "Epoch 493 Step 4": 2.880263090133667, "Epoch 493 Step 5": 2.875298500061035, "Epoch 493 Step 6": 2.887422561645508, "Epoch 493 Step 7": 2.891758918762207, "Epoch 493 Step 8": 2.8810389041900635, "Epoch 493 Step 9": 2.882213592529297, "Epoch 493 Step 10": 2.877875804901123, "Epoch 493 Step 11": 2.887239933013916, "Epoch 493 Step 12": 2.8736014366149902, "Epoch 493 Step 13": 2.8853096961975098, "Epoch 493 Step 14": 2.8792786598205566, "Epoch 493 Step 15": 2.8830361366271973, "Epoch 493 Step 16": 2.8845622539520264, "Epoch 493 Step 17": 2.8710262775421143, "Epoch 493 Step 18": 2.8852944374084473, "Epoch 493 Step 19": 2.887740135192871, "Epoch 493 Step 20": 2.885653018951416, "Epoch 493 Step 21": 2.889683246612549, "Epoch 493 Step 22": 2.8844656944274902, "Epoch 493 Step 23": 2.872413158416748, "Epoch 493 Step 24": 2.8808813095092773, "Epoch 493 Step 25": 2.8772897720336914, "Epoch 493 Step 26": 2.8827579021453857, "Epoch 493 Step 27": 2.883359670639038, "Epoch 493 Step 28": 2.890897750854492, "Epoch 493 Step 29": 2.884732961654663, "Epoch 493 Step 30": 2.885183572769165, "Epoch 493 Step 31": 2.8811206817626953, "Epoch 493 Step 32": 2.875570297241211, "Epoch 493 Step 33": 2.8792848587036133, "Epoch 493 Step 34": 2.894176483154297, "Epoch 493 Step 35": 2.8883187770843506, "Epoch 493 Step 36": 2.873647451400757, "Epoch 493 Step 37": 2.890472173690796, "Epoch 493 Step 38": 2.882436513900757, "Epoch 493 Step 39": 2.8756487369537354, "Epoch 493 Step 40": 2.8724303245544434, "Epoch 493 Step 41": 2.8823161125183105, "Epoch 493 Step 42": 2.8879003524780273, "Epoch 493 Step 43": 2.8803648948669434, "Epoch 493 Step 44": 2.8795101642608643, "Epoch 493 Step 45": 2.878291606903076, "Epoch 493 Step 46": 2.8762388229370117, "Epoch 493 Step 47": 2.887693405151367, "Epoch 493 Step 48": 2.8740341663360596, "Epoch 493 Step 49": 2.891169548034668, "Epoch 493 Step 50": 2.8715264797210693, "Epoch 493 Step 51": 2.8745980262756348, "Epoch 493 Step 52": 2.8797993659973145, "Epoch 493 Step 53": 2.8678317070007324, "Epoch 493 Step 54": 2.8868207931518555, "Epoch 493 Step 55": 2.8816518783569336, "Epoch 493 Step 56": 2.88735032081604, "Epoch 493 Step 57": 2.8933920860290527, "Epoch 493 Step 58": 2.8861277103424072, "Epoch 493 Step 59": 2.8788692951202393, "Epoch 493 Step 60": 2.8857998847961426, "Epoch 493 Step 61": 2.8954317569732666, "Epoch 493 Step 62": 2.8942244052886963, "Epoch 493 Step 63": 2.892848014831543, "Epoch 493 Step 64": 2.8878014087677, "Epoch 493 Step 65": 2.8863656520843506, "Epoch 493 Step 66": 2.883964776992798, "Epoch 493 Step 67": 2.904522657394409, "Epoch 493 Step 68": 2.901240348815918, "Epoch 493 Step 69": 2.8980984687805176, "Epoch 493 Step 70": 2.876154899597168, "Epoch 493 Step 71": 2.8890719413757324, "Epoch 493 Step 72": 2.893984794616699, "Epoch 493 Step 73": 2.8754513263702393, "Epoch 493 Step 74": 2.8865044116973877, "Epoch 493 Step 75": 2.8866617679595947, "Epoch 493 Step 76": 2.891674757003784, "Epoch 493 Step 77": 2.896009922027588, "Epoch 493 Step 78": 2.8820126056671143, "Epoch 493 Step 79": 2.8940534591674805, "Epoch 493 Step 80": 2.878145217895508, "Epoch 493 Step 81": 2.8843750953674316, "Epoch 493 Step 82": 2.878324508666992, "Epoch 493 Step 83": 2.8921148777008057, "Epoch 493 Step 84": 2.878206491470337, "Epoch 493 Step 85": 2.8828601837158203, "Epoch 493 Step 86": 2.8883750438690186, "Epoch 493 Step 87": 2.8732402324676514, "Epoch 493 Step 88": 2.871847152709961, "Epoch 493 Step 89": 2.872131824493408}