{"Epoch 417 Step 0": 2.8918685913085938, "Epoch 417 Step 1": 2.8961803913116455, "Epoch 417 Step 2": 2.8819968700408936, "Epoch 417 Step 3": 2.8930442333221436, "Epoch 417 Step 4": 2.878936767578125, "Epoch 417 Step 5": 2.8853530883789062, "Epoch 417 Step 6": 2.878345251083374, "Epoch 417 Step 7": 2.891570568084717, "Epoch 417 Step 8": 2.8779351711273193, "Epoch 417 Step 9": 2.8836307525634766, "Epoch 417 Step 10": 2.8884472846984863, "Epoch 417 Step 11": 2.8732378482818604, "Epoch 417 Step 12": 2.8718185424804688, "Epoch 417 Step 13": 2.872009754180908, "Epoch 417 Step 14": 2.8887791633605957, "Epoch 417 Step 15": 2.8829185962677, "Epoch 417 Step 16": 2.8776397705078125, "Epoch 417 Step 17": 2.890111207962036, "Epoch 417 Step 18": 2.8955819606781006, "Epoch 417 Step 19": 2.8809590339660645, "Epoch 417 Step 20": 2.876210927963257, "Epoch 417 Step 21": 2.8878471851348877, "Epoch 417 Step 22": 2.8915717601776123, "Epoch 417 Step 23": 2.8808188438415527, "Epoch 417 Step 24": 2.8815035820007324, "Epoch 417 Step 25": 2.8778157234191895, "Epoch 417 Step 26": 2.8877270221710205, "Epoch 417 Step 27": 2.8737564086914062, "Epoch 417 Step 28": 2.8852593898773193, "Epoch 417 Step 29": 2.8794639110565186, "Epoch 417 Step 30": 2.8828201293945312, "Epoch 417 Step 31": 2.8844945430755615, "Epoch 417 Step 32": 2.8716318607330322, "Epoch 417 Step 33": 2.8848378658294678, "Epoch 417 Step 34": 2.887747049331665, "Epoch 417 Step 35": 2.8858730792999268, "Epoch 417 Step 36": 2.888853073120117, "Epoch 417 Step 37": 2.884509563446045, "Epoch 417 Step 38": 2.8724372386932373, "Epoch 417 Step 39": 2.8807435035705566, "Epoch 417 Step 40": 2.8768997192382812, "Epoch 417 Step 41": 2.8826119899749756, "Epoch 417 Step 42": 2.8837978839874268, "Epoch 417 Step 43": 2.890850305557251, "Epoch 417 Step 44": 2.884979486465454, "Epoch 417 Step 45": 2.8846871852874756, "Epoch 417 Step 46": 2.8821609020233154, "Epoch 417 Step 47": 2.8754279613494873, "Epoch 417 Step 48": 2.8801987171173096, "Epoch 417 Step 49": 2.8934884071350098, "Epoch 417 Step 50": 2.8878650665283203, "Epoch 417 Step 51": 2.8736259937286377, "Epoch 417 Step 52": 2.8903110027313232, "Epoch 417 Step 53": 2.8823161125183105, "Epoch 417 Step 54": 2.8753366470336914, "Epoch 417 Step 55": 2.8714077472686768, "Epoch 417 Step 56": 2.8821375370025635, "Epoch 417 Step 57": 2.8876495361328125, "Epoch 417 Step 58": 2.8799006938934326, "Epoch 417 Step 59": 2.8784239292144775, "Epoch 417 Step 60": 2.878208875656128, "Epoch 417 Step 61": 2.8762097358703613, "Epoch 417 Step 62": 2.887767791748047, "Epoch 417 Step 63": 2.8743667602539062, "Epoch 417 Step 64": 2.8914079666137695, "Epoch 417 Step 65": 2.8711462020874023, "Epoch 417 Step 66": 2.8743185997009277, "Epoch 417 Step 67": 2.8794546127319336, "Epoch 417 Step 68": 2.8680837154388428, "Epoch 417 Step 69": 2.886570930480957, "Epoch 417 Step 70": 2.881218194961548, "Epoch 417 Step 71": 2.886342763900757, "Epoch 417 Step 72": 2.8931374549865723, "Epoch 417 Step 73": 2.886218547821045, "Epoch 417 Step 74": 2.8781187534332275, "Epoch 417 Step 75": 2.884275197982788, "Epoch 417 Step 76": 2.895585060119629, "Epoch 417 Step 77": 2.8945114612579346, "Epoch 417 Step 78": 2.8936805725097656, "Epoch 417 Step 79": 2.888273239135742, "Epoch 417 Step 80": 2.8858063220977783, "Epoch 417 Step 81": 2.881964683532715, "Epoch 417 Step 82": 2.904452323913574, "Epoch 417 Step 83": 2.8991522789001465, "Epoch 417 Step 84": 2.897728204727173, "Epoch 417 Step 85": 2.8763949871063232, "Epoch 417 Step 86": 2.8904900550842285, "Epoch 417 Step 87": 2.894299030303955, "Epoch 417 Step 88": 2.8754329681396484, "Epoch 417 Step 89": 2.88639497756958}