{"Epoch 587 Step 0": 2.8715789318084717, "Epoch 587 Step 1": 2.8726794719696045, "Epoch 587 Step 2": 2.8889002799987793, "Epoch 587 Step 3": 2.882641315460205, "Epoch 587 Step 4": 2.877882719039917, "Epoch 587 Step 5": 2.8895304203033447, "Epoch 587 Step 6": 2.8946800231933594, "Epoch 587 Step 7": 2.879563808441162, "Epoch 587 Step 8": 2.8758113384246826, "Epoch 587 Step 9": 2.8882229328155518, "Epoch 587 Step 10": 2.8919386863708496, "Epoch 587 Step 11": 2.8807568550109863, "Epoch 587 Step 12": 2.8814635276794434, "Epoch 587 Step 13": 2.87760853767395, "Epoch 587 Step 14": 2.8875672817230225, "Epoch 587 Step 15": 2.873788595199585, "Epoch 587 Step 16": 2.885328531265259, "Epoch 587 Step 17": 2.8793599605560303, "Epoch 587 Step 18": 2.8832693099975586, "Epoch 587 Step 19": 2.8850221633911133, "Epoch 587 Step 20": 2.8711488246917725, "Epoch 587 Step 21": 2.885321855545044, "Epoch 587 Step 22": 2.88749623298645, "Epoch 587 Step 23": 2.886075973510742, "Epoch 587 Step 24": 2.889641523361206, "Epoch 587 Step 25": 2.884255886077881, "Epoch 587 Step 26": 2.872206211090088, "Epoch 587 Step 27": 2.880751371383667, "Epoch 587 Step 28": 2.8770406246185303, "Epoch 587 Step 29": 2.883122205734253, "Epoch 587 Step 30": 2.882629632949829, "Epoch 587 Step 31": 2.8903818130493164, "Epoch 587 Step 32": 2.884660243988037, "Epoch 587 Step 33": 2.884770154953003, "Epoch 587 Step 34": 2.8818438053131104, "Epoch 587 Step 35": 2.877047300338745, "Epoch 587 Step 36": 2.879741907119751, "Epoch 587 Step 37": 2.893366575241089, "Epoch 587 Step 38": 2.887760639190674, "Epoch 587 Step 39": 2.8735902309417725, "Epoch 587 Step 40": 2.890570640563965, "Epoch 587 Step 41": 2.882476806640625, "Epoch 587 Step 42": 2.8750858306884766, "Epoch 587 Step 43": 2.872419595718384, "Epoch 587 Step 44": 2.8816704750061035, "Epoch 587 Step 45": 2.8873496055603027, "Epoch 587 Step 46": 2.8798365592956543, "Epoch 587 Step 47": 2.8784701824188232, "Epoch 587 Step 48": 2.878309726715088, "Epoch 587 Step 49": 2.876741409301758, "Epoch 587 Step 50": 2.88767409324646, "Epoch 587 Step 51": 2.875507116317749, "Epoch 587 Step 52": 2.8906219005584717, "Epoch 587 Step 53": 2.8711087703704834, "Epoch 587 Step 54": 2.8745508193969727, "Epoch 587 Step 55": 2.879757881164551, "Epoch 587 Step 56": 2.868130922317505, "Epoch 587 Step 57": 2.887125253677368, "Epoch 587 Step 58": 2.8810842037200928, "Epoch 587 Step 59": 2.886828660964966, "Epoch 587 Step 60": 2.8928489685058594, "Epoch 587 Step 61": 2.886681079864502, "Epoch 587 Step 62": 2.8783798217773438, "Epoch 587 Step 63": 2.8841476440429688, "Epoch 587 Step 64": 2.895616292953491, "Epoch 587 Step 65": 2.894927501678467, "Epoch 587 Step 66": 2.893376588821411, "Epoch 587 Step 67": 2.888148784637451, "Epoch 587 Step 68": 2.886364459991455, "Epoch 587 Step 69": 2.8828930854797363, "Epoch 587 Step 70": 2.9039502143859863, "Epoch 587 Step 71": 2.900012254714966, "Epoch 587 Step 72": 2.89856219291687, "Epoch 587 Step 73": 2.8760392665863037, "Epoch 587 Step 74": 2.8900015354156494, "Epoch 587 Step 75": 2.8933920860290527, "Epoch 587 Step 76": 2.8749024868011475, "Epoch 587 Step 77": 2.886875867843628, "Epoch 587 Step 78": 2.8867177963256836, "Epoch 587 Step 79": 2.8912858963012695, "Epoch 587 Step 80": 2.8953282833099365, "Epoch 587 Step 81": 2.880864381790161, "Epoch 587 Step 82": 2.8921422958374023, "Epoch 587 Step 83": 2.878237009048462, "Epoch 587 Step 84": 2.884850263595581, "Epoch 587 Step 85": 2.8779377937316895, "Epoch 587 Step 86": 2.891573429107666, "Epoch 587 Step 87": 2.8775734901428223, "Epoch 587 Step 88": 2.88284969329834, "Epoch 587 Step 89": 2.888942003250122}