{"Epoch 819 Step 0": 2.882382392883301, "Epoch 819 Step 1": 2.876077651977539, "Epoch 819 Step 2": 2.873204469680786, "Epoch 819 Step 3": 2.882265090942383, "Epoch 819 Step 4": 2.887600898742676, "Epoch 819 Step 5": 2.8807575702667236, "Epoch 819 Step 6": 2.879462718963623, "Epoch 819 Step 7": 2.8785972595214844, "Epoch 819 Step 8": 2.87634539604187, "Epoch 819 Step 9": 2.887983560562134, "Epoch 819 Step 10": 2.875011444091797, "Epoch 819 Step 11": 2.891362190246582, "Epoch 819 Step 12": 2.8713603019714355, "Epoch 819 Step 13": 2.8745830059051514, "Epoch 819 Step 14": 2.8797216415405273, "Epoch 819 Step 15": 2.8681535720825195, "Epoch 819 Step 16": 2.8866498470306396, "Epoch 819 Step 17": 2.8813393115997314, "Epoch 819 Step 18": 2.8868584632873535, "Epoch 819 Step 19": 2.8932557106018066, "Epoch 819 Step 20": 2.8862478733062744, "Epoch 819 Step 21": 2.878173828125, "Epoch 819 Step 22": 2.8855552673339844, "Epoch 819 Step 23": 2.895853281021118, "Epoch 819 Step 24": 2.8943378925323486, "Epoch 819 Step 25": 2.8924825191497803, "Epoch 819 Step 26": 2.8879544734954834, "Epoch 819 Step 27": 2.8869307041168213, "Epoch 819 Step 28": 2.8854777812957764, "Epoch 819 Step 29": 2.905945062637329, "Epoch 819 Step 30": 2.9009499549865723, "Epoch 819 Step 31": 2.898277521133423, "Epoch 819 Step 32": 2.875481605529785, "Epoch 819 Step 33": 2.888805627822876, "Epoch 819 Step 34": 2.892958641052246, "Epoch 819 Step 35": 2.875030755996704, "Epoch 819 Step 36": 2.8861942291259766, "Epoch 819 Step 37": 2.886913537979126, "Epoch 819 Step 38": 2.892643928527832, "Epoch 819 Step 39": 2.8971970081329346, "Epoch 819 Step 40": 2.8823740482330322, "Epoch 819 Step 41": 2.8928639888763428, "Epoch 819 Step 42": 2.8784210681915283, "Epoch 819 Step 43": 2.885455369949341, "Epoch 819 Step 44": 2.878309965133667, "Epoch 819 Step 45": 2.892746925354004, "Epoch 819 Step 46": 2.8781752586364746, "Epoch 819 Step 47": 2.8829352855682373, "Epoch 819 Step 48": 2.8884778022766113, "Epoch 819 Step 49": 2.8729066848754883, "Epoch 819 Step 50": 2.8721022605895996, "Epoch 819 Step 51": 2.872037172317505, "Epoch 819 Step 52": 2.888307809829712, "Epoch 819 Step 53": 2.882120370864868, "Epoch 819 Step 54": 2.8780744075775146, "Epoch 819 Step 55": 2.889357328414917, "Epoch 819 Step 56": 2.8961102962493896, "Epoch 819 Step 57": 2.881340265274048, "Epoch 819 Step 58": 2.8766236305236816, "Epoch 819 Step 59": 2.886740207672119, "Epoch 819 Step 60": 2.8919849395751953, "Epoch 819 Step 61": 2.8810842037200928, "Epoch 819 Step 62": 2.8817343711853027, "Epoch 819 Step 63": 2.87747859954834, "Epoch 819 Step 64": 2.888052225112915, "Epoch 819 Step 65": 2.8736085891723633, "Epoch 819 Step 66": 2.8851699829101562, "Epoch 819 Step 67": 2.879016637802124, "Epoch 819 Step 68": 2.883171558380127, "Epoch 819 Step 69": 2.885091781616211, "Epoch 819 Step 70": 2.8712213039398193, "Epoch 819 Step 71": 2.885694980621338, "Epoch 819 Step 72": 2.8880560398101807, "Epoch 819 Step 73": 2.88600492477417, "Epoch 819 Step 74": 2.8896408081054688, "Epoch 819 Step 75": 2.8845736980438232, "Epoch 819 Step 76": 2.8722035884857178, "Epoch 819 Step 77": 2.8812146186828613, "Epoch 819 Step 78": 2.876560926437378, "Epoch 819 Step 79": 2.8825316429138184, "Epoch 819 Step 80": 2.883155584335327, "Epoch 819 Step 81": 2.8907854557037354, "Epoch 819 Step 82": 2.8847925662994385, "Epoch 819 Step 83": 2.885471820831299, "Epoch 819 Step 84": 2.881620168685913, "Epoch 819 Step 85": 2.8754310607910156, "Epoch 819 Step 86": 2.879328966140747, "Epoch 819 Step 87": 2.8940227031707764, "Epoch 819 Step 88": 2.8880934715270996, "Epoch 819 Step 89": 2.873856544494629}