{"Epoch 233 Step 0": 2.881963014602661, "Epoch 233 Step 1": 2.877023220062256, "Epoch 233 Step 2": 2.8900063037872314, "Epoch 233 Step 3": 2.8946938514709473, "Epoch 233 Step 4": 2.879711151123047, "Epoch 233 Step 5": 2.8753182888031006, "Epoch 233 Step 6": 2.8876936435699463, "Epoch 233 Step 7": 2.8912711143493652, "Epoch 233 Step 8": 2.8802406787872314, "Epoch 233 Step 9": 2.881338119506836, "Epoch 233 Step 10": 2.8773555755615234, "Epoch 233 Step 11": 2.88751482963562, "Epoch 233 Step 12": 2.8733062744140625, "Epoch 233 Step 13": 2.8847343921661377, "Epoch 233 Step 14": 2.8788907527923584, "Epoch 233 Step 15": 2.882462739944458, "Epoch 233 Step 16": 2.884190797805786, "Epoch 233 Step 17": 2.870471715927124, "Epoch 233 Step 18": 2.8849844932556152, "Epoch 233 Step 19": 2.8874759674072266, "Epoch 233 Step 20": 2.8846304416656494, "Epoch 233 Step 21": 2.8887240886688232, "Epoch 233 Step 22": 2.883964776992798, "Epoch 233 Step 23": 2.8723464012145996, "Epoch 233 Step 24": 2.8803868293762207, "Epoch 233 Step 25": 2.8769989013671875, "Epoch 233 Step 26": 2.882499933242798, "Epoch 233 Step 27": 2.8823862075805664, "Epoch 233 Step 28": 2.8906328678131104, "Epoch 233 Step 29": 2.8843905925750732, "Epoch 233 Step 30": 2.8841357231140137, "Epoch 233 Step 31": 2.8810062408447266, "Epoch 233 Step 32": 2.8748998641967773, "Epoch 233 Step 33": 2.878896474838257, "Epoch 233 Step 34": 2.893440008163452, "Epoch 233 Step 35": 2.888031244277954, "Epoch 233 Step 36": 2.8732247352600098, "Epoch 233 Step 37": 2.889960289001465, "Epoch 233 Step 38": 2.881437063217163, "Epoch 233 Step 39": 2.875566005706787, "Epoch 233 Step 40": 2.8729121685028076, "Epoch 233 Step 41": 2.8820786476135254, "Epoch 233 Step 42": 2.887202739715576, "Epoch 233 Step 43": 2.880401134490967, "Epoch 233 Step 44": 2.8787593841552734, "Epoch 233 Step 45": 2.8781254291534424, "Epoch 233 Step 46": 2.876136064529419, "Epoch 233 Step 47": 2.887213706970215, "Epoch 233 Step 48": 2.874044179916382, "Epoch 233 Step 49": 2.8913605213165283, "Epoch 233 Step 50": 2.8715193271636963, "Epoch 233 Step 51": 2.874375104904175, "Epoch 233 Step 52": 2.87958025932312, "Epoch 233 Step 53": 2.8674256801605225, "Epoch 233 Step 54": 2.8864071369171143, "Epoch 233 Step 55": 2.8813788890838623, "Epoch 233 Step 56": 2.886591911315918, "Epoch 233 Step 57": 2.8929941654205322, "Epoch 233 Step 58": 2.8855769634246826, "Epoch 233 Step 59": 2.8783838748931885, "Epoch 233 Step 60": 2.885423183441162, "Epoch 233 Step 61": 2.895343780517578, "Epoch 233 Step 62": 2.8941688537597656, "Epoch 233 Step 63": 2.8937792778015137, "Epoch 233 Step 64": 2.8875515460968018, "Epoch 233 Step 65": 2.8849709033966064, "Epoch 233 Step 66": 2.8804521560668945, "Epoch 233 Step 67": 2.9032106399536133, "Epoch 233 Step 68": 2.8987374305725098, "Epoch 233 Step 69": 2.8968873023986816, "Epoch 233 Step 70": 2.876422166824341, "Epoch 233 Step 71": 2.889599323272705, "Epoch 233 Step 72": 2.8926749229431152, "Epoch 233 Step 73": 2.8748857975006104, "Epoch 233 Step 74": 2.886477470397949, "Epoch 233 Step 75": 2.887036085128784, "Epoch 233 Step 76": 2.892059326171875, "Epoch 233 Step 77": 2.8955681324005127, "Epoch 233 Step 78": 2.880661725997925, "Epoch 233 Step 79": 2.8915493488311768, "Epoch 233 Step 80": 2.8780717849731445, "Epoch 233 Step 81": 2.8841772079467773, "Epoch 233 Step 82": 2.8775746822357178, "Epoch 233 Step 83": 2.891202449798584, "Epoch 233 Step 84": 2.877729654312134, "Epoch 233 Step 85": 2.8820953369140625, "Epoch 233 Step 86": 2.887814521789551, "Epoch 233 Step 87": 2.8731439113616943, "Epoch 233 Step 88": 2.871366262435913, "Epoch 233 Step 89": 2.8723819255828857}