{"Epoch 314 Step 0": 2.877145528793335, "Epoch 314 Step 1": 2.887885570526123, "Epoch 314 Step 2": 2.8741440773010254, "Epoch 314 Step 3": 2.885725259780884, "Epoch 314 Step 4": 2.879483222961426, "Epoch 314 Step 5": 2.8832831382751465, "Epoch 314 Step 6": 2.8848536014556885, "Epoch 314 Step 7": 2.8711509704589844, "Epoch 314 Step 8": 2.8846940994262695, "Epoch 314 Step 9": 2.887779474258423, "Epoch 314 Step 10": 2.885765790939331, "Epoch 314 Step 11": 2.8887860774993896, "Epoch 314 Step 12": 2.8841373920440674, "Epoch 314 Step 13": 2.872373104095459, "Epoch 314 Step 14": 2.8811769485473633, "Epoch 314 Step 15": 2.87717866897583, "Epoch 314 Step 16": 2.8825466632843018, "Epoch 314 Step 17": 2.8831727504730225, "Epoch 314 Step 18": 2.8902087211608887, "Epoch 314 Step 19": 2.8844778537750244, "Epoch 314 Step 20": 2.8849382400512695, "Epoch 314 Step 21": 2.881322145462036, "Epoch 314 Step 22": 2.8759207725524902, "Epoch 314 Step 23": 2.8795948028564453, "Epoch 314 Step 24": 2.8941361904144287, "Epoch 314 Step 25": 2.8878650665283203, "Epoch 314 Step 26": 2.87400221824646, "Epoch 314 Step 27": 2.890882730484009, "Epoch 314 Step 28": 2.8821184635162354, "Epoch 314 Step 29": 2.8757898807525635, "Epoch 314 Step 30": 2.8737449645996094, "Epoch 314 Step 31": 2.881709575653076, "Epoch 314 Step 32": 2.8877408504486084, "Epoch 314 Step 33": 2.8796918392181396, "Epoch 314 Step 34": 2.878108501434326, "Epoch 314 Step 35": 2.878662347793579, "Epoch 314 Step 36": 2.8762283325195312, "Epoch 314 Step 37": 2.88790225982666, "Epoch 314 Step 38": 2.8748655319213867, "Epoch 314 Step 39": 2.8912577629089355, "Epoch 314 Step 40": 2.8714828491210938, "Epoch 314 Step 41": 2.874465227127075, "Epoch 314 Step 42": 2.8801941871643066, "Epoch 314 Step 43": 2.8685190677642822, "Epoch 314 Step 44": 2.886795997619629, "Epoch 314 Step 45": 2.881014585494995, "Epoch 314 Step 46": 2.8870084285736084, "Epoch 314 Step 47": 2.892913818359375, "Epoch 314 Step 48": 2.886871576309204, "Epoch 314 Step 49": 2.8787789344787598, "Epoch 314 Step 50": 2.885070562362671, "Epoch 314 Step 51": 2.8961496353149414, "Epoch 314 Step 52": 2.8950693607330322, "Epoch 314 Step 53": 2.892894983291626, "Epoch 314 Step 54": 2.8876936435699463, "Epoch 314 Step 55": 2.8862144947052, "Epoch 314 Step 56": 2.8850417137145996, "Epoch 314 Step 57": 2.9052553176879883, "Epoch 314 Step 58": 2.9024343490600586, "Epoch 314 Step 59": 2.897890329360962, "Epoch 314 Step 60": 2.878472328186035, "Epoch 314 Step 61": 2.890842914581299, "Epoch 314 Step 62": 2.8930578231811523, "Epoch 314 Step 63": 2.8748841285705566, "Epoch 314 Step 64": 2.8867690563201904, "Epoch 314 Step 65": 2.8884522914886475, "Epoch 314 Step 66": 2.893071174621582, "Epoch 314 Step 67": 2.89579439163208, "Epoch 314 Step 68": 2.882113456726074, "Epoch 314 Step 69": 2.8922739028930664, "Epoch 314 Step 70": 2.8799850940704346, "Epoch 314 Step 71": 2.8871726989746094, "Epoch 314 Step 72": 2.87876558303833, "Epoch 314 Step 73": 2.8927440643310547, "Epoch 314 Step 74": 2.877481698989868, "Epoch 314 Step 75": 2.882758378982544, "Epoch 314 Step 76": 2.888641595840454, "Epoch 314 Step 77": 2.874225616455078, "Epoch 314 Step 78": 2.872298002243042, "Epoch 314 Step 79": 2.873602867126465, "Epoch 314 Step 80": 2.888928174972534, "Epoch 314 Step 81": 2.883270740509033, "Epoch 314 Step 82": 2.877791404724121, "Epoch 314 Step 83": 2.8908441066741943, "Epoch 314 Step 84": 2.896284580230713, "Epoch 314 Step 85": 2.8805952072143555, "Epoch 314 Step 86": 2.8765628337860107, "Epoch 314 Step 87": 2.8872764110565186, "Epoch 314 Step 88": 2.8914382457733154, "Epoch 314 Step 89": 2.880539894104004}