{"Epoch 746 Step 0": 2.8858234882354736, "Epoch 746 Step 1": 2.889510154724121, "Epoch 746 Step 2": 2.884675979614258, "Epoch 746 Step 3": 2.8722891807556152, "Epoch 746 Step 4": 2.8809468746185303, "Epoch 746 Step 5": 2.876924753189087, "Epoch 746 Step 6": 2.882617235183716, "Epoch 746 Step 7": 2.8836669921875, "Epoch 746 Step 8": 2.891042470932007, "Epoch 746 Step 9": 2.8851425647735596, "Epoch 746 Step 10": 2.8850884437561035, "Epoch 746 Step 11": 2.8810617923736572, "Epoch 746 Step 12": 2.8757660388946533, "Epoch 746 Step 13": 2.8794069290161133, "Epoch 746 Step 14": 2.893939971923828, "Epoch 746 Step 15": 2.888319492340088, "Epoch 746 Step 16": 2.8739538192749023, "Epoch 746 Step 17": 2.8905839920043945, "Epoch 746 Step 18": 2.8822391033172607, "Epoch 746 Step 19": 2.875899314880371, "Epoch 746 Step 20": 2.872049331665039, "Epoch 746 Step 21": 2.882491111755371, "Epoch 746 Step 22": 2.887643575668335, "Epoch 746 Step 23": 2.880056858062744, "Epoch 746 Step 24": 2.879228115081787, "Epoch 746 Step 25": 2.878239631652832, "Epoch 746 Step 26": 2.8766393661499023, "Epoch 746 Step 27": 2.88844633102417, "Epoch 746 Step 28": 2.874009847640991, "Epoch 746 Step 29": 2.8921186923980713, "Epoch 746 Step 30": 2.872004270553589, "Epoch 746 Step 31": 2.874457597732544, "Epoch 746 Step 32": 2.879945755004883, "Epoch 746 Step 33": 2.867683172225952, "Epoch 746 Step 34": 2.8869166374206543, "Epoch 746 Step 35": 2.8815560340881348, "Epoch 746 Step 36": 2.8868725299835205, "Epoch 746 Step 37": 2.8933563232421875, "Epoch 746 Step 38": 2.88627290725708, "Epoch 746 Step 39": 2.8785815238952637, "Epoch 746 Step 40": 2.884669780731201, "Epoch 746 Step 41": 2.896017551422119, "Epoch 746 Step 42": 2.8947081565856934, "Epoch 746 Step 43": 2.8933708667755127, "Epoch 746 Step 44": 2.887937545776367, "Epoch 746 Step 45": 2.8866472244262695, "Epoch 746 Step 46": 2.882437229156494, "Epoch 746 Step 47": 2.9055724143981934, "Epoch 746 Step 48": 2.9002110958099365, "Epoch 746 Step 49": 2.89880633354187, "Epoch 746 Step 50": 2.8757388591766357, "Epoch 746 Step 51": 2.8896853923797607, "Epoch 746 Step 52": 2.8934216499328613, "Epoch 746 Step 53": 2.875152349472046, "Epoch 746 Step 54": 2.8866920471191406, "Epoch 746 Step 55": 2.8865115642547607, "Epoch 746 Step 56": 2.891187906265259, "Epoch 746 Step 57": 2.895559072494507, "Epoch 746 Step 58": 2.882023811340332, "Epoch 746 Step 59": 2.8934810161590576, "Epoch 746 Step 60": 2.878816604614258, "Epoch 746 Step 61": 2.8847317695617676, "Epoch 746 Step 62": 2.878455638885498, "Epoch 746 Step 63": 2.8916921615600586, "Epoch 746 Step 64": 2.878032922744751, "Epoch 746 Step 65": 2.8826241493225098, "Epoch 746 Step 66": 2.88850474357605, "Epoch 746 Step 67": 2.873499631881714, "Epoch 746 Step 68": 2.8716957569122314, "Epoch 746 Step 69": 2.8720548152923584, "Epoch 746 Step 70": 2.8884119987487793, "Epoch 746 Step 71": 2.881328582763672, "Epoch 746 Step 72": 2.878094434738159, "Epoch 746 Step 73": 2.890120029449463, "Epoch 746 Step 74": 2.8950634002685547, "Epoch 746 Step 75": 2.8808257579803467, "Epoch 746 Step 76": 2.8771915435791016, "Epoch 746 Step 77": 2.8871638774871826, "Epoch 746 Step 78": 2.8919594287872314, "Epoch 746 Step 79": 2.880232810974121, "Epoch 746 Step 80": 2.881443738937378, "Epoch 746 Step 81": 2.8772122859954834, "Epoch 746 Step 82": 2.88814377784729, "Epoch 746 Step 83": 2.874030590057373, "Epoch 746 Step 84": 2.8855533599853516, "Epoch 746 Step 85": 2.8795065879821777, "Epoch 746 Step 86": 2.8830835819244385, "Epoch 746 Step 87": 2.884974479675293, "Epoch 746 Step 88": 2.8715531826019287, "Epoch 746 Step 89": 2.8849663734436035}