{"Epoch 292 Step 0": 2.87475848197937, "Epoch 292 Step 1": 2.878427028656006, "Epoch 292 Step 2": 2.893272638320923, "Epoch 292 Step 3": 2.8879315853118896, "Epoch 292 Step 4": 2.8736572265625, "Epoch 292 Step 5": 2.890272378921509, "Epoch 292 Step 6": 2.8810267448425293, "Epoch 292 Step 7": 2.8750178813934326, "Epoch 292 Step 8": 2.869852304458618, "Epoch 292 Step 9": 2.8820013999938965, "Epoch 292 Step 10": 2.8870837688446045, "Epoch 292 Step 11": 2.8804447650909424, "Epoch 292 Step 12": 2.8784525394439697, "Epoch 292 Step 13": 2.8781325817108154, "Epoch 292 Step 14": 2.8757264614105225, "Epoch 292 Step 15": 2.8868556022644043, "Epoch 292 Step 16": 2.874101161956787, "Epoch 292 Step 17": 2.8908300399780273, "Epoch 292 Step 18": 2.8705430030822754, "Epoch 292 Step 19": 2.8740525245666504, "Epoch 292 Step 20": 2.8792507648468018, "Epoch 292 Step 21": 2.867410659790039, "Epoch 292 Step 22": 2.886035919189453, "Epoch 292 Step 23": 2.88065505027771, "Epoch 292 Step 24": 2.8863325119018555, "Epoch 292 Step 25": 2.8922312259674072, "Epoch 292 Step 26": 2.885605573654175, "Epoch 292 Step 27": 2.8772966861724854, "Epoch 292 Step 28": 2.884427547454834, "Epoch 292 Step 29": 2.8951938152313232, "Epoch 292 Step 30": 2.893415689468384, "Epoch 292 Step 31": 2.8926784992218018, "Epoch 292 Step 32": 2.8875110149383545, "Epoch 292 Step 33": 2.886258363723755, "Epoch 292 Step 34": 2.882936477661133, "Epoch 292 Step 35": 2.902832508087158, "Epoch 292 Step 36": 2.9002349376678467, "Epoch 292 Step 37": 2.896329402923584, "Epoch 292 Step 38": 2.876225233078003, "Epoch 292 Step 39": 2.8898563385009766, "Epoch 292 Step 40": 2.8931021690368652, "Epoch 292 Step 41": 2.8753128051757812, "Epoch 292 Step 42": 2.8870811462402344, "Epoch 292 Step 43": 2.8865861892700195, "Epoch 292 Step 44": 2.891084671020508, "Epoch 292 Step 45": 2.895533800125122, "Epoch 292 Step 46": 2.8806204795837402, "Epoch 292 Step 47": 2.891947031021118, "Epoch 292 Step 48": 2.8779571056365967, "Epoch 292 Step 49": 2.88496470451355, "Epoch 292 Step 50": 2.877577781677246, "Epoch 292 Step 51": 2.892612934112549, "Epoch 292 Step 52": 2.877729654312134, "Epoch 292 Step 53": 2.8819327354431152, "Epoch 292 Step 54": 2.88783597946167, "Epoch 292 Step 55": 2.873140811920166, "Epoch 292 Step 56": 2.8725359439849854, "Epoch 292 Step 57": 2.8728158473968506, "Epoch 292 Step 58": 2.887493371963501, "Epoch 292 Step 59": 2.8818554878234863, "Epoch 292 Step 60": 2.876377582550049, "Epoch 292 Step 61": 2.8897745609283447, "Epoch 292 Step 62": 2.895787239074707, "Epoch 292 Step 63": 2.8797028064727783, "Epoch 292 Step 64": 2.87510085105896, "Epoch 292 Step 65": 2.8871710300445557, "Epoch 292 Step 66": 2.89070463180542, "Epoch 292 Step 67": 2.880688428878784, "Epoch 292 Step 68": 2.881392240524292, "Epoch 292 Step 69": 2.8773677349090576, "Epoch 292 Step 70": 2.8874242305755615, "Epoch 292 Step 71": 2.8729045391082764, "Epoch 292 Step 72": 2.8848257064819336, "Epoch 292 Step 73": 2.8784255981445312, "Epoch 292 Step 74": 2.88265323638916, "Epoch 292 Step 75": 2.8846487998962402, "Epoch 292 Step 76": 2.870481252670288, "Epoch 292 Step 77": 2.8841018676757812, "Epoch 292 Step 78": 2.8877816200256348, "Epoch 292 Step 79": 2.8850016593933105, "Epoch 292 Step 80": 2.88913893699646, "Epoch 292 Step 81": 2.8835511207580566, "Epoch 292 Step 82": 2.8721935749053955, "Epoch 292 Step 83": 2.8802061080932617, "Epoch 292 Step 84": 2.876532554626465, "Epoch 292 Step 85": 2.8822271823883057, "Epoch 292 Step 86": 2.8828799724578857, "Epoch 292 Step 87": 2.889097213745117, "Epoch 292 Step 88": 2.8848507404327393, "Epoch 292 Step 89": 2.885128974914551}