{"Epoch 561 Step 0": 2.872143030166626, "Epoch 561 Step 1": 2.8809714317321777, "Epoch 561 Step 2": 2.877080202102661, "Epoch 561 Step 3": 2.8824522495269775, "Epoch 561 Step 4": 2.8832015991210938, "Epoch 561 Step 5": 2.8907973766326904, "Epoch 561 Step 6": 2.8848154544830322, "Epoch 561 Step 7": 2.8852415084838867, "Epoch 561 Step 8": 2.881922721862793, "Epoch 561 Step 9": 2.8748183250427246, "Epoch 561 Step 10": 2.8798084259033203, "Epoch 561 Step 11": 2.8940939903259277, "Epoch 561 Step 12": 2.888223171234131, "Epoch 561 Step 13": 2.8733582496643066, "Epoch 561 Step 14": 2.8907017707824707, "Epoch 561 Step 15": 2.8823235034942627, "Epoch 561 Step 16": 2.8751463890075684, "Epoch 561 Step 17": 2.8719844818115234, "Epoch 561 Step 18": 2.882575035095215, "Epoch 561 Step 19": 2.887510299682617, "Epoch 561 Step 20": 2.8801329135894775, "Epoch 561 Step 21": 2.878502368927002, "Epoch 561 Step 22": 2.8778128623962402, "Epoch 561 Step 23": 2.8763644695281982, "Epoch 561 Step 24": 2.887446641921997, "Epoch 561 Step 25": 2.874788522720337, "Epoch 561 Step 26": 2.8910748958587646, "Epoch 561 Step 27": 2.87149977684021, "Epoch 561 Step 28": 2.874521493911743, "Epoch 561 Step 29": 2.8794753551483154, "Epoch 561 Step 30": 2.868166208267212, "Epoch 561 Step 31": 2.886857509613037, "Epoch 561 Step 32": 2.8815877437591553, "Epoch 561 Step 33": 2.8870253562927246, "Epoch 561 Step 34": 2.893679618835449, "Epoch 561 Step 35": 2.8864102363586426, "Epoch 561 Step 36": 2.878549098968506, "Epoch 561 Step 37": 2.8851914405822754, "Epoch 561 Step 38": 2.8951261043548584, "Epoch 561 Step 39": 2.8936002254486084, "Epoch 561 Step 40": 2.8927290439605713, "Epoch 561 Step 41": 2.8883910179138184, "Epoch 561 Step 42": 2.8862528800964355, "Epoch 561 Step 43": 2.8832147121429443, "Epoch 561 Step 44": 2.9042270183563232, "Epoch 561 Step 45": 2.900073289871216, "Epoch 561 Step 46": 2.897223711013794, "Epoch 561 Step 47": 2.875657796859741, "Epoch 561 Step 48": 2.889343738555908, "Epoch 561 Step 49": 2.8930740356445312, "Epoch 561 Step 50": 2.8751654624938965, "Epoch 561 Step 51": 2.8864033222198486, "Epoch 561 Step 52": 2.8868236541748047, "Epoch 561 Step 53": 2.891731023788452, "Epoch 561 Step 54": 2.895766496658325, "Epoch 561 Step 55": 2.8818509578704834, "Epoch 561 Step 56": 2.893674850463867, "Epoch 561 Step 57": 2.878025531768799, "Epoch 561 Step 58": 2.8847568035125732, "Epoch 561 Step 59": 2.8777737617492676, "Epoch 561 Step 60": 2.8916099071502686, "Epoch 561 Step 61": 2.8780181407928467, "Epoch 561 Step 62": 2.882436513900757, "Epoch 561 Step 63": 2.888819456100464, "Epoch 561 Step 64": 2.873723268508911, "Epoch 561 Step 65": 2.8718559741973877, "Epoch 561 Step 66": 2.872091293334961, "Epoch 561 Step 67": 2.8883326053619385, "Epoch 561 Step 68": 2.881937265396118, "Epoch 561 Step 69": 2.8772799968719482, "Epoch 561 Step 70": 2.889604330062866, "Epoch 561 Step 71": 2.895057201385498, "Epoch 561 Step 72": 2.880274534225464, "Epoch 561 Step 73": 2.8753998279571533, "Epoch 561 Step 74": 2.887687921524048, "Epoch 561 Step 75": 2.8917737007141113, "Epoch 561 Step 76": 2.880959987640381, "Epoch 561 Step 77": 2.8822309970855713, "Epoch 561 Step 78": 2.8778655529022217, "Epoch 561 Step 79": 2.8875949382781982, "Epoch 561 Step 80": 2.873314619064331, "Epoch 561 Step 81": 2.8854198455810547, "Epoch 561 Step 82": 2.879342794418335, "Epoch 561 Step 83": 2.882627248764038, "Epoch 561 Step 84": 2.884519338607788, "Epoch 561 Step 85": 2.871110439300537, "Epoch 561 Step 86": 2.8853812217712402, "Epoch 561 Step 87": 2.887545347213745, "Epoch 561 Step 88": 2.885680675506592, "Epoch 561 Step 89": 2.8895885944366455}