{"Epoch 400 Step 0": 2.889852285385132, "Epoch 400 Step 1": 2.8947250843048096, "Epoch 400 Step 2": 2.879396438598633, "Epoch 400 Step 3": 2.875828981399536, "Epoch 400 Step 4": 2.8881115913391113, "Epoch 400 Step 5": 2.8919975757598877, "Epoch 400 Step 6": 2.8811981678009033, "Epoch 400 Step 7": 2.8819384574890137, "Epoch 400 Step 8": 2.8774518966674805, "Epoch 400 Step 9": 2.887770652770996, "Epoch 400 Step 10": 2.873825788497925, "Epoch 400 Step 11": 2.8850526809692383, "Epoch 400 Step 12": 2.8793773651123047, "Epoch 400 Step 13": 2.882685422897339, "Epoch 400 Step 14": 2.884716033935547, "Epoch 400 Step 15": 2.871142864227295, "Epoch 400 Step 16": 2.885221242904663, "Epoch 400 Step 17": 2.886988878250122, "Epoch 400 Step 18": 2.885437488555908, "Epoch 400 Step 19": 2.889557361602783, "Epoch 400 Step 20": 2.884615421295166, "Epoch 400 Step 21": 2.872617244720459, "Epoch 400 Step 22": 2.8812942504882812, "Epoch 400 Step 23": 2.877197027206421, "Epoch 400 Step 24": 2.8823232650756836, "Epoch 400 Step 25": 2.8832340240478516, "Epoch 400 Step 26": 2.8907723426818848, "Epoch 400 Step 27": 2.885720729827881, "Epoch 400 Step 28": 2.885211706161499, "Epoch 400 Step 29": 2.8808963298797607, "Epoch 400 Step 30": 2.876102924346924, "Epoch 400 Step 31": 2.8791909217834473, "Epoch 400 Step 32": 2.893775701522827, "Epoch 400 Step 33": 2.8876209259033203, "Epoch 400 Step 34": 2.8745574951171875, "Epoch 400 Step 35": 2.8912229537963867, "Epoch 400 Step 36": 2.8812267780303955, "Epoch 400 Step 37": 2.8761661052703857, "Epoch 400 Step 38": 2.8726282119750977, "Epoch 400 Step 39": 2.8820998668670654, "Epoch 400 Step 40": 2.8874006271362305, "Epoch 400 Step 41": 2.8799550533294678, "Epoch 400 Step 42": 2.878366231918335, "Epoch 400 Step 43": 2.8780574798583984, "Epoch 400 Step 44": 2.8765177726745605, "Epoch 400 Step 45": 2.887855291366577, "Epoch 400 Step 46": 2.8754284381866455, "Epoch 400 Step 47": 2.8914690017700195, "Epoch 400 Step 48": 2.870631694793701, "Epoch 400 Step 49": 2.8745737075805664, "Epoch 400 Step 50": 2.8797500133514404, "Epoch 400 Step 51": 2.8681604862213135, "Epoch 400 Step 52": 2.8872833251953125, "Epoch 400 Step 53": 2.881237030029297, "Epoch 400 Step 54": 2.8862123489379883, "Epoch 400 Step 55": 2.8929741382598877, "Epoch 400 Step 56": 2.8859007358551025, "Epoch 400 Step 57": 2.8786964416503906, "Epoch 400 Step 58": 2.884934425354004, "Epoch 400 Step 59": 2.8952932357788086, "Epoch 400 Step 60": 2.894470453262329, "Epoch 400 Step 61": 2.894105911254883, "Epoch 400 Step 62": 2.888373374938965, "Epoch 400 Step 63": 2.885510206222534, "Epoch 400 Step 64": 2.879664421081543, "Epoch 400 Step 65": 2.9038915634155273, "Epoch 400 Step 66": 2.8977160453796387, "Epoch 400 Step 67": 2.901106357574463, "Epoch 400 Step 68": 2.876556873321533, "Epoch 400 Step 69": 2.8881733417510986, "Epoch 400 Step 70": 2.8913724422454834, "Epoch 400 Step 71": 2.874868631362915, "Epoch 400 Step 72": 2.8873164653778076, "Epoch 400 Step 73": 2.8870575428009033, "Epoch 400 Step 74": 2.8918559551239014, "Epoch 400 Step 75": 2.895381450653076, "Epoch 400 Step 76": 2.88081955909729, "Epoch 400 Step 77": 2.891782522201538, "Epoch 400 Step 78": 2.878714084625244, "Epoch 400 Step 79": 2.8846473693847656, "Epoch 400 Step 80": 2.877980947494507, "Epoch 400 Step 81": 2.8903799057006836, "Epoch 400 Step 82": 2.877518892288208, "Epoch 400 Step 83": 2.8824822902679443, "Epoch 400 Step 84": 2.888615608215332, "Epoch 400 Step 85": 2.8734941482543945, "Epoch 400 Step 86": 2.8724117279052734, "Epoch 400 Step 87": 2.87176251411438, "Epoch 400 Step 88": 2.8884477615356445, "Epoch 400 Step 89": 2.8819355964660645}