{"Epoch 745 Step 0": 2.8893582820892334, "Epoch 745 Step 1": 2.88409423828125, "Epoch 745 Step 2": 2.8724987506866455, "Epoch 745 Step 3": 2.882018804550171, "Epoch 745 Step 4": 2.8771796226501465, "Epoch 745 Step 5": 2.8827390670776367, "Epoch 745 Step 6": 2.883033037185669, "Epoch 745 Step 7": 2.891833782196045, "Epoch 745 Step 8": 2.885122776031494, "Epoch 745 Step 9": 2.8860414028167725, "Epoch 745 Step 10": 2.8821487426757812, "Epoch 745 Step 11": 2.875410318374634, "Epoch 745 Step 12": 2.8798279762268066, "Epoch 745 Step 13": 2.893758773803711, "Epoch 745 Step 14": 2.887993097305298, "Epoch 745 Step 15": 2.8736581802368164, "Epoch 745 Step 16": 2.890683174133301, "Epoch 745 Step 17": 2.8823578357696533, "Epoch 745 Step 18": 2.8754048347473145, "Epoch 745 Step 19": 2.8729302883148193, "Epoch 745 Step 20": 2.8825883865356445, "Epoch 745 Step 21": 2.8879690170288086, "Epoch 745 Step 22": 2.8799843788146973, "Epoch 745 Step 23": 2.8784096240997314, "Epoch 745 Step 24": 2.878199338912964, "Epoch 745 Step 25": 2.876800298690796, "Epoch 745 Step 26": 2.887701988220215, "Epoch 745 Step 27": 2.8753371238708496, "Epoch 745 Step 28": 2.8909358978271484, "Epoch 745 Step 29": 2.871544599533081, "Epoch 745 Step 30": 2.8752450942993164, "Epoch 745 Step 31": 2.8804104328155518, "Epoch 745 Step 32": 2.86893367767334, "Epoch 745 Step 33": 2.886646270751953, "Epoch 745 Step 34": 2.881561040878296, "Epoch 745 Step 35": 2.8874928951263428, "Epoch 745 Step 36": 2.8938021659851074, "Epoch 745 Step 37": 2.886183023452759, "Epoch 745 Step 38": 2.8781776428222656, "Epoch 745 Step 39": 2.8853492736816406, "Epoch 745 Step 40": 2.896263360977173, "Epoch 745 Step 41": 2.895378589630127, "Epoch 745 Step 42": 2.894012451171875, "Epoch 745 Step 43": 2.8883895874023438, "Epoch 745 Step 44": 2.8861846923828125, "Epoch 745 Step 45": 2.883775472640991, "Epoch 745 Step 46": 2.904087781906128, "Epoch 745 Step 47": 2.9013330936431885, "Epoch 745 Step 48": 2.8978381156921387, "Epoch 745 Step 49": 2.876746892929077, "Epoch 745 Step 50": 2.8901474475860596, "Epoch 745 Step 51": 2.894050121307373, "Epoch 745 Step 52": 2.875257968902588, "Epoch 745 Step 53": 2.8869097232818604, "Epoch 745 Step 54": 2.887263774871826, "Epoch 745 Step 55": 2.892146587371826, "Epoch 745 Step 56": 2.895381450653076, "Epoch 745 Step 57": 2.8816287517547607, "Epoch 745 Step 58": 2.8937201499938965, "Epoch 745 Step 59": 2.878767967224121, "Epoch 745 Step 60": 2.8851754665374756, "Epoch 745 Step 61": 2.8783557415008545, "Epoch 745 Step 62": 2.89182710647583, "Epoch 745 Step 63": 2.8780174255371094, "Epoch 745 Step 64": 2.883185863494873, "Epoch 745 Step 65": 2.8889758586883545, "Epoch 745 Step 66": 2.8738977909088135, "Epoch 745 Step 67": 2.8719661235809326, "Epoch 745 Step 68": 2.8728981018066406, "Epoch 745 Step 69": 2.888247489929199, "Epoch 745 Step 70": 2.8818678855895996, "Epoch 745 Step 71": 2.877621650695801, "Epoch 745 Step 72": 2.8896913528442383, "Epoch 745 Step 73": 2.8947713375091553, "Epoch 745 Step 74": 2.8800346851348877, "Epoch 745 Step 75": 2.8761167526245117, "Epoch 745 Step 76": 2.888010263442993, "Epoch 745 Step 77": 2.8920836448669434, "Epoch 745 Step 78": 2.8814380168914795, "Epoch 745 Step 79": 2.8824243545532227, "Epoch 745 Step 80": 2.878093957901001, "Epoch 745 Step 81": 2.8874011039733887, "Epoch 745 Step 82": 2.87445330619812, "Epoch 745 Step 83": 2.885281801223755, "Epoch 745 Step 84": 2.8790831565856934, "Epoch 745 Step 85": 2.882676362991333, "Epoch 745 Step 86": 2.884384870529175, "Epoch 745 Step 87": 2.871614933013916, "Epoch 745 Step 88": 2.885394334793091, "Epoch 745 Step 89": 2.887688636779785}