{"Epoch 566 Step 0": 2.8849403858184814, "Epoch 566 Step 1": 2.8876352310180664, "Epoch 566 Step 2": 2.8858442306518555, "Epoch 566 Step 3": 2.8892297744750977, "Epoch 566 Step 4": 2.8845293521881104, "Epoch 566 Step 5": 2.872474193572998, "Epoch 566 Step 6": 2.8811182975769043, "Epoch 566 Step 7": 2.877354383468628, "Epoch 566 Step 8": 2.8825435638427734, "Epoch 566 Step 9": 2.8831255435943604, "Epoch 566 Step 10": 2.8907511234283447, "Epoch 566 Step 11": 2.8848350048065186, "Epoch 566 Step 12": 2.8852720260620117, "Epoch 566 Step 13": 2.8810477256774902, "Epoch 566 Step 14": 2.875354766845703, "Epoch 566 Step 15": 2.879547357559204, "Epoch 566 Step 16": 2.8940916061401367, "Epoch 566 Step 17": 2.887932538986206, "Epoch 566 Step 18": 2.8742153644561768, "Epoch 566 Step 19": 2.890385627746582, "Epoch 566 Step 20": 2.8820557594299316, "Epoch 566 Step 21": 2.87579607963562, "Epoch 566 Step 22": 2.872140884399414, "Epoch 566 Step 23": 2.8821890354156494, "Epoch 566 Step 24": 2.8875529766082764, "Epoch 566 Step 25": 2.8802905082702637, "Epoch 566 Step 26": 2.878711462020874, "Epoch 566 Step 27": 2.8782238960266113, "Epoch 566 Step 28": 2.876019239425659, "Epoch 566 Step 29": 2.8875668048858643, "Epoch 566 Step 30": 2.8745646476745605, "Epoch 566 Step 31": 2.891249656677246, "Epoch 566 Step 32": 2.871262550354004, "Epoch 566 Step 33": 2.874842882156372, "Epoch 566 Step 34": 2.8792834281921387, "Epoch 566 Step 35": 2.868267297744751, "Epoch 566 Step 36": 2.887125253677368, "Epoch 566 Step 37": 2.8815855979919434, "Epoch 566 Step 38": 2.8867294788360596, "Epoch 566 Step 39": 2.8928725719451904, "Epoch 566 Step 40": 2.8865909576416016, "Epoch 566 Step 41": 2.8785433769226074, "Epoch 566 Step 42": 2.8848483562469482, "Epoch 566 Step 43": 2.8956432342529297, "Epoch 566 Step 44": 2.894160270690918, "Epoch 566 Step 45": 2.8928298950195312, "Epoch 566 Step 46": 2.887472629547119, "Epoch 566 Step 47": 2.885885715484619, "Epoch 566 Step 48": 2.8841006755828857, "Epoch 566 Step 49": 2.9047207832336426, "Epoch 566 Step 50": 2.8996567726135254, "Epoch 566 Step 51": 2.89766788482666, "Epoch 566 Step 52": 2.876500129699707, "Epoch 566 Step 53": 2.8896734714508057, "Epoch 566 Step 54": 2.8939015865325928, "Epoch 566 Step 55": 2.875338077545166, "Epoch 566 Step 56": 2.886345624923706, "Epoch 566 Step 57": 2.8866848945617676, "Epoch 566 Step 58": 2.891908884048462, "Epoch 566 Step 59": 2.896083116531372, "Epoch 566 Step 60": 2.8819260597229004, "Epoch 566 Step 61": 2.892921209335327, "Epoch 566 Step 62": 2.8785400390625, "Epoch 566 Step 63": 2.885258674621582, "Epoch 566 Step 64": 2.878502368927002, "Epoch 566 Step 65": 2.892519474029541, "Epoch 566 Step 66": 2.878307819366455, "Epoch 566 Step 67": 2.8827409744262695, "Epoch 566 Step 68": 2.888479232788086, "Epoch 566 Step 69": 2.8731143474578857, "Epoch 566 Step 70": 2.8716676235198975, "Epoch 566 Step 71": 2.872234582901001, "Epoch 566 Step 72": 2.8884434700012207, "Epoch 566 Step 73": 2.8821494579315186, "Epoch 566 Step 74": 2.8775107860565186, "Epoch 566 Step 75": 2.890021562576294, "Epoch 566 Step 76": 2.89516019821167, "Epoch 566 Step 77": 2.88051438331604, "Epoch 566 Step 78": 2.875443458557129, "Epoch 566 Step 79": 2.8875250816345215, "Epoch 566 Step 80": 2.891615152359009, "Epoch 566 Step 81": 2.8808999061584473, "Epoch 566 Step 82": 2.882080316543579, "Epoch 566 Step 83": 2.8772823810577393, "Epoch 566 Step 84": 2.88739013671875, "Epoch 566 Step 85": 2.873533010482788, "Epoch 566 Step 86": 2.885406017303467, "Epoch 566 Step 87": 2.8796088695526123, "Epoch 566 Step 88": 2.883112907409668, "Epoch 566 Step 89": 2.88462495803833}