{"Epoch 315 Step 0": 2.8813538551330566, "Epoch 315 Step 1": 2.8774423599243164, "Epoch 315 Step 2": 2.8875999450683594, "Epoch 315 Step 3": 2.8746540546417236, "Epoch 315 Step 4": 2.8855972290039062, "Epoch 315 Step 5": 2.8789336681365967, "Epoch 315 Step 6": 2.8834757804870605, "Epoch 315 Step 7": 2.88519549369812, "Epoch 315 Step 8": 2.8713576793670654, "Epoch 315 Step 9": 2.8845043182373047, "Epoch 315 Step 10": 2.888237237930298, "Epoch 315 Step 11": 2.8858230113983154, "Epoch 315 Step 12": 2.888695001602173, "Epoch 315 Step 13": 2.8839058876037598, "Epoch 315 Step 14": 2.8720364570617676, "Epoch 315 Step 15": 2.882040500640869, "Epoch 315 Step 16": 2.8772103786468506, "Epoch 315 Step 17": 2.882545232772827, "Epoch 315 Step 18": 2.8836376667022705, "Epoch 315 Step 19": 2.8905649185180664, "Epoch 315 Step 20": 2.884556770324707, "Epoch 315 Step 21": 2.885591983795166, "Epoch 315 Step 22": 2.882066488265991, "Epoch 315 Step 23": 2.8754100799560547, "Epoch 315 Step 24": 2.8799915313720703, "Epoch 315 Step 25": 2.8940610885620117, "Epoch 315 Step 26": 2.8881919384002686, "Epoch 315 Step 27": 2.8738925457000732, "Epoch 315 Step 28": 2.890629529953003, "Epoch 315 Step 29": 2.882448434829712, "Epoch 315 Step 30": 2.874906301498413, "Epoch 315 Step 31": 2.8718411922454834, "Epoch 315 Step 32": 2.8825604915618896, "Epoch 315 Step 33": 2.8881704807281494, "Epoch 315 Step 34": 2.880303382873535, "Epoch 315 Step 35": 2.878101348876953, "Epoch 315 Step 36": 2.878113031387329, "Epoch 315 Step 37": 2.8767988681793213, "Epoch 315 Step 38": 2.88767147064209, "Epoch 315 Step 39": 2.8746933937072754, "Epoch 315 Step 40": 2.890968084335327, "Epoch 315 Step 41": 2.871695041656494, "Epoch 315 Step 42": 2.8748626708984375, "Epoch 315 Step 43": 2.880837917327881, "Epoch 315 Step 44": 2.868253707885742, "Epoch 315 Step 45": 2.8868048191070557, "Epoch 315 Step 46": 2.881476640701294, "Epoch 315 Step 47": 2.8870294094085693, "Epoch 315 Step 48": 2.8937366008758545, "Epoch 315 Step 49": 2.8865878582000732, "Epoch 315 Step 50": 2.8782451152801514, "Epoch 315 Step 51": 2.885314464569092, "Epoch 315 Step 52": 2.8953001499176025, "Epoch 315 Step 53": 2.893612861633301, "Epoch 315 Step 54": 2.892101526260376, "Epoch 315 Step 55": 2.8875536918640137, "Epoch 315 Step 56": 2.886078119277954, "Epoch 315 Step 57": 2.883481979370117, "Epoch 315 Step 58": 2.9053215980529785, "Epoch 315 Step 59": 2.899838447570801, "Epoch 315 Step 60": 2.89677357673645, "Epoch 315 Step 61": 2.8778035640716553, "Epoch 315 Step 62": 2.890753984451294, "Epoch 315 Step 63": 2.8932559490203857, "Epoch 315 Step 64": 2.8750715255737305, "Epoch 315 Step 65": 2.8875656127929688, "Epoch 315 Step 66": 2.8883299827575684, "Epoch 315 Step 67": 2.892080783843994, "Epoch 315 Step 68": 2.895291328430176, "Epoch 315 Step 69": 2.881564140319824, "Epoch 315 Step 70": 2.8926808834075928, "Epoch 315 Step 71": 2.8802223205566406, "Epoch 315 Step 72": 2.886610507965088, "Epoch 315 Step 73": 2.8781991004943848, "Epoch 315 Step 74": 2.891589641571045, "Epoch 315 Step 75": 2.878612756729126, "Epoch 315 Step 76": 2.8838512897491455, "Epoch 315 Step 77": 2.88877534866333, "Epoch 315 Step 78": 2.874244213104248, "Epoch 315 Step 79": 2.8719637393951416, "Epoch 315 Step 80": 2.872657299041748, "Epoch 315 Step 81": 2.8895068168640137, "Epoch 315 Step 82": 2.8832297325134277, "Epoch 315 Step 83": 2.87796950340271, "Epoch 315 Step 84": 2.8906314373016357, "Epoch 315 Step 85": 2.895282506942749, "Epoch 315 Step 86": 2.8802103996276855, "Epoch 315 Step 87": 2.8766896724700928, "Epoch 315 Step 88": 2.886956214904785, "Epoch 315 Step 89": 2.8910701274871826}