{"Epoch 717 Step 0": 2.891256332397461, "Epoch 717 Step 1": 2.8716633319854736, "Epoch 717 Step 2": 2.8749773502349854, "Epoch 717 Step 3": 2.8798904418945312, "Epoch 717 Step 4": 2.868306875228882, "Epoch 717 Step 5": 2.8865323066711426, "Epoch 717 Step 6": 2.8814406394958496, "Epoch 717 Step 7": 2.8873276710510254, "Epoch 717 Step 8": 2.893907070159912, "Epoch 717 Step 9": 2.8864126205444336, "Epoch 717 Step 10": 2.8781843185424805, "Epoch 717 Step 11": 2.8858394622802734, "Epoch 717 Step 12": 2.8967342376708984, "Epoch 717 Step 13": 2.894914150238037, "Epoch 717 Step 14": 2.8935844898223877, "Epoch 717 Step 15": 2.8875620365142822, "Epoch 717 Step 16": 2.884958505630493, "Epoch 717 Step 17": 2.883333921432495, "Epoch 717 Step 18": 2.905054807662964, "Epoch 717 Step 19": 2.8994171619415283, "Epoch 717 Step 20": 2.896820545196533, "Epoch 717 Step 21": 2.878124475479126, "Epoch 717 Step 22": 2.892106056213379, "Epoch 717 Step 23": 2.8951408863067627, "Epoch 717 Step 24": 2.8745369911193848, "Epoch 717 Step 25": 2.8866820335388184, "Epoch 717 Step 26": 2.8873422145843506, "Epoch 717 Step 27": 2.892888307571411, "Epoch 717 Step 28": 2.8982367515563965, "Epoch 717 Step 29": 2.8817920684814453, "Epoch 717 Step 30": 2.892428159713745, "Epoch 717 Step 31": 2.8788106441497803, "Epoch 717 Step 32": 2.8854331970214844, "Epoch 717 Step 33": 2.879047155380249, "Epoch 717 Step 34": 2.89363169670105, "Epoch 717 Step 35": 2.878019332885742, "Epoch 717 Step 36": 2.8834588527679443, "Epoch 717 Step 37": 2.8893823623657227, "Epoch 717 Step 38": 2.874624013900757, "Epoch 717 Step 39": 2.8717141151428223, "Epoch 717 Step 40": 2.872509717941284, "Epoch 717 Step 41": 2.88861346244812, "Epoch 717 Step 42": 2.8829498291015625, "Epoch 717 Step 43": 2.8772337436676025, "Epoch 717 Step 44": 2.888777732849121, "Epoch 717 Step 45": 2.8946733474731445, "Epoch 717 Step 46": 2.8812637329101562, "Epoch 717 Step 47": 2.8762621879577637, "Epoch 717 Step 48": 2.8879945278167725, "Epoch 717 Step 49": 2.891979694366455, "Epoch 717 Step 50": 2.8812408447265625, "Epoch 717 Step 51": 2.8818492889404297, "Epoch 717 Step 52": 2.877709150314331, "Epoch 717 Step 53": 2.8878512382507324, "Epoch 717 Step 54": 2.873629093170166, "Epoch 717 Step 55": 2.8853566646575928, "Epoch 717 Step 56": 2.879369020462036, "Epoch 717 Step 57": 2.882810592651367, "Epoch 717 Step 58": 2.884854793548584, "Epoch 717 Step 59": 2.871635675430298, "Epoch 717 Step 60": 2.8858048915863037, "Epoch 717 Step 61": 2.8874828815460205, "Epoch 717 Step 62": 2.886047601699829, "Epoch 717 Step 63": 2.890151262283325, "Epoch 717 Step 64": 2.884563446044922, "Epoch 717 Step 65": 2.8723843097686768, "Epoch 717 Step 66": 2.880533456802368, "Epoch 717 Step 67": 2.8767364025115967, "Epoch 717 Step 68": 2.8824503421783447, "Epoch 717 Step 69": 2.8829362392425537, "Epoch 717 Step 70": 2.891242504119873, "Epoch 717 Step 71": 2.884874105453491, "Epoch 717 Step 72": 2.885174036026001, "Epoch 717 Step 73": 2.881442070007324, "Epoch 717 Step 74": 2.8761940002441406, "Epoch 717 Step 75": 2.879338502883911, "Epoch 717 Step 76": 2.894052267074585, "Epoch 717 Step 77": 2.888089895248413, "Epoch 717 Step 78": 2.8740592002868652, "Epoch 717 Step 79": 2.8905296325683594, "Epoch 717 Step 80": 2.882394313812256, "Epoch 717 Step 81": 2.875899314880371, "Epoch 717 Step 82": 2.8732242584228516, "Epoch 717 Step 83": 2.882377862930298, "Epoch 717 Step 84": 2.887821912765503, "Epoch 717 Step 85": 2.881223440170288, "Epoch 717 Step 86": 2.880009412765503, "Epoch 717 Step 87": 2.8784587383270264, "Epoch 717 Step 88": 2.875946044921875, "Epoch 717 Step 89": 2.8881430625915527}