{"Epoch 58 Step 0": 2.8946738243103027, "Epoch 58 Step 1": 2.880035638809204, "Epoch 58 Step 2": 2.8755955696105957, "Epoch 58 Step 3": 2.886751174926758, "Epoch 58 Step 4": 2.890693426132202, "Epoch 58 Step 5": 2.880915403366089, "Epoch 58 Step 6": 2.881977081298828, "Epoch 58 Step 7": 2.8776304721832275, "Epoch 58 Step 8": 2.8865156173706055, "Epoch 58 Step 9": 2.87235951423645, "Epoch 58 Step 10": 2.884483814239502, "Epoch 58 Step 11": 2.8784403800964355, "Epoch 58 Step 12": 2.8826000690460205, "Epoch 58 Step 13": 2.8838536739349365, "Epoch 58 Step 14": 2.869772434234619, "Epoch 58 Step 15": 2.8844690322875977, "Epoch 58 Step 16": 2.886213541030884, "Epoch 58 Step 17": 2.8837900161743164, "Epoch 58 Step 18": 2.888575315475464, "Epoch 58 Step 19": 2.8832449913024902, "Epoch 58 Step 20": 2.8718693256378174, "Epoch 58 Step 21": 2.879197835922241, "Epoch 58 Step 22": 2.875797748565674, "Epoch 58 Step 23": 2.882746458053589, "Epoch 58 Step 24": 2.880363941192627, "Epoch 58 Step 25": 2.888913869857788, "Epoch 58 Step 26": 2.883716344833374, "Epoch 58 Step 27": 2.883819580078125, "Epoch 58 Step 28": 2.8805992603302, "Epoch 58 Step 29": 2.8730056285858154, "Epoch 58 Step 30": 2.878340005874634, "Epoch 58 Step 31": 2.8924546241760254, "Epoch 58 Step 32": 2.887481212615967, "Epoch 58 Step 33": 2.8734912872314453, "Epoch 58 Step 34": 2.8891782760620117, "Epoch 58 Step 35": 2.8807883262634277, "Epoch 58 Step 36": 2.873924732208252, "Epoch 58 Step 37": 2.87011456489563, "Epoch 58 Step 38": 2.8812763690948486, "Epoch 58 Step 39": 2.887579917907715, "Epoch 58 Step 40": 2.8791394233703613, "Epoch 58 Step 41": 2.8780622482299805, "Epoch 58 Step 42": 2.877933979034424, "Epoch 58 Step 43": 2.8749899864196777, "Epoch 58 Step 44": 2.8859150409698486, "Epoch 58 Step 45": 2.8717212677001953, "Epoch 58 Step 46": 2.8901095390319824, "Epoch 58 Step 47": 2.8708722591400146, "Epoch 58 Step 48": 2.8730266094207764, "Epoch 58 Step 49": 2.878732442855835, "Epoch 58 Step 50": 2.8658530712127686, "Epoch 58 Step 51": 2.8852102756500244, "Epoch 58 Step 52": 2.8806493282318115, "Epoch 58 Step 53": 2.886415958404541, "Epoch 58 Step 54": 2.8920645713806152, "Epoch 58 Step 55": 2.886122941970825, "Epoch 58 Step 56": 2.8768537044525146, "Epoch 58 Step 57": 2.8833611011505127, "Epoch 58 Step 58": 2.8934781551361084, "Epoch 58 Step 59": 2.8923721313476562, "Epoch 58 Step 60": 2.8910903930664062, "Epoch 58 Step 61": 2.8869709968566895, "Epoch 58 Step 62": 2.886289596557617, "Epoch 58 Step 63": 2.8807621002197266, "Epoch 58 Step 64": 2.9026968479156494, "Epoch 58 Step 65": 2.896826982498169, "Epoch 58 Step 66": 2.888462543487549, "Epoch 58 Step 67": 2.8748085498809814, "Epoch 58 Step 68": 2.8895788192749023, "Epoch 58 Step 69": 2.891803026199341, "Epoch 58 Step 70": 2.874650239944458, "Epoch 58 Step 71": 2.8857975006103516, "Epoch 58 Step 72": 2.88692307472229, "Epoch 58 Step 73": 2.891040086746216, "Epoch 58 Step 74": 2.895876884460449, "Epoch 58 Step 75": 2.881509780883789, "Epoch 58 Step 76": 2.8921420574188232, "Epoch 58 Step 77": 2.8766090869903564, "Epoch 58 Step 78": 2.8854260444641113, "Epoch 58 Step 79": 2.877122640609741, "Epoch 58 Step 80": 2.8919715881347656, "Epoch 58 Step 81": 2.8772783279418945, "Epoch 58 Step 82": 2.8818254470825195, "Epoch 58 Step 83": 2.8882393836975098, "Epoch 58 Step 84": 2.8725626468658447, "Epoch 58 Step 85": 2.8710174560546875, "Epoch 58 Step 86": 2.8715131282806396, "Epoch 58 Step 87": 2.887145519256592, "Epoch 58 Step 88": 2.8808434009552, "Epoch 58 Step 89": 2.8758859634399414}