{"Epoch 69 Step 0": 2.891690731048584, "Epoch 69 Step 1": 2.8766961097717285, "Epoch 69 Step 2": 2.881711006164551, "Epoch 69 Step 3": 2.888200283050537, "Epoch 69 Step 4": 2.8724725246429443, "Epoch 69 Step 5": 2.870802640914917, "Epoch 69 Step 6": 2.871006727218628, "Epoch 69 Step 7": 2.887179136276245, "Epoch 69 Step 8": 2.8811306953430176, "Epoch 69 Step 9": 2.875609874725342, "Epoch 69 Step 10": 2.8889970779418945, "Epoch 69 Step 11": 2.893622636795044, "Epoch 69 Step 12": 2.879969358444214, "Epoch 69 Step 13": 2.8763198852539062, "Epoch 69 Step 14": 2.885465145111084, "Epoch 69 Step 15": 2.8908445835113525, "Epoch 69 Step 16": 2.880704879760742, "Epoch 69 Step 17": 2.881115198135376, "Epoch 69 Step 18": 2.8759145736694336, "Epoch 69 Step 19": 2.8864333629608154, "Epoch 69 Step 20": 2.8725152015686035, "Epoch 69 Step 21": 2.8840951919555664, "Epoch 69 Step 22": 2.8778650760650635, "Epoch 69 Step 23": 2.8823232650756836, "Epoch 69 Step 24": 2.883331060409546, "Epoch 69 Step 25": 2.869122266769409, "Epoch 69 Step 26": 2.883334159851074, "Epoch 69 Step 27": 2.8863766193389893, "Epoch 69 Step 28": 2.8841373920440674, "Epoch 69 Step 29": 2.8883438110351562, "Epoch 69 Step 30": 2.8830182552337646, "Epoch 69 Step 31": 2.8713467121124268, "Epoch 69 Step 32": 2.879351854324341, "Epoch 69 Step 33": 2.8763391971588135, "Epoch 69 Step 34": 2.8827474117279053, "Epoch 69 Step 35": 2.880418539047241, "Epoch 69 Step 36": 2.888979911804199, "Epoch 69 Step 37": 2.8838958740234375, "Epoch 69 Step 38": 2.884406089782715, "Epoch 69 Step 39": 2.8812689781188965, "Epoch 69 Step 40": 2.874281167984009, "Epoch 69 Step 41": 2.8781356811523438, "Epoch 69 Step 42": 2.8927161693573, "Epoch 69 Step 43": 2.8871443271636963, "Epoch 69 Step 44": 2.87351131439209, "Epoch 69 Step 45": 2.888838768005371, "Epoch 69 Step 46": 2.880796194076538, "Epoch 69 Step 47": 2.8736422061920166, "Epoch 69 Step 48": 2.8689322471618652, "Epoch 69 Step 49": 2.8811070919036865, "Epoch 69 Step 50": 2.887150287628174, "Epoch 69 Step 51": 2.8787176609039307, "Epoch 69 Step 52": 2.8773281574249268, "Epoch 69 Step 53": 2.877243757247925, "Epoch 69 Step 54": 2.875333786010742, "Epoch 69 Step 55": 2.8861212730407715, "Epoch 69 Step 56": 2.8726532459259033, "Epoch 69 Step 57": 2.8896689414978027, "Epoch 69 Step 58": 2.8701508045196533, "Epoch 69 Step 59": 2.8726680278778076, "Epoch 69 Step 60": 2.8787059783935547, "Epoch 69 Step 61": 2.86594295501709, "Epoch 69 Step 62": 2.885530471801758, "Epoch 69 Step 63": 2.880239725112915, "Epoch 69 Step 64": 2.885383367538452, "Epoch 69 Step 65": 2.892404556274414, "Epoch 69 Step 66": 2.8857479095458984, "Epoch 69 Step 67": 2.8775129318237305, "Epoch 69 Step 68": 2.8826699256896973, "Epoch 69 Step 69": 2.8942532539367676, "Epoch 69 Step 70": 2.8931379318237305, "Epoch 69 Step 71": 2.89162278175354, "Epoch 69 Step 72": 2.8864076137542725, "Epoch 69 Step 73": 2.8849096298217773, "Epoch 69 Step 74": 2.881751298904419, "Epoch 69 Step 75": 2.903531312942505, "Epoch 69 Step 76": 2.8973164558410645, "Epoch 69 Step 77": 2.8961501121520996, "Epoch 69 Step 78": 2.874774217605591, "Epoch 69 Step 79": 2.8874471187591553, "Epoch 69 Step 80": 2.8913509845733643, "Epoch 69 Step 81": 2.8740763664245605, "Epoch 69 Step 82": 2.885263442993164, "Epoch 69 Step 83": 2.8862860202789307, "Epoch 69 Step 84": 2.8902950286865234, "Epoch 69 Step 85": 2.8951950073242188, "Epoch 69 Step 86": 2.8810551166534424, "Epoch 69 Step 87": 2.891875982284546, "Epoch 69 Step 88": 2.8771770000457764, "Epoch 69 Step 89": 2.8849868774414062}