{"Epoch 24 Step 0": 2.8494131565093994, "Epoch 24 Step 1": 2.8582897186279297, "Epoch 24 Step 2": 2.8860630989074707, "Epoch 24 Step 3": 2.8649356365203857, "Epoch 24 Step 4": 2.87978458404541, "Epoch 24 Step 5": 2.8804337978363037, "Epoch 24 Step 6": 2.866325855255127, "Epoch 24 Step 7": 2.851611375808716, "Epoch 24 Step 8": 2.87581205368042, "Epoch 24 Step 9": 2.8751912117004395, "Epoch 24 Step 10": 2.869842529296875, "Epoch 24 Step 11": 2.8654489517211914, "Epoch 24 Step 12": 2.8783457279205322, "Epoch 24 Step 13": 2.8864896297454834, "Epoch 24 Step 14": 2.804713487625122, "Epoch 24 Step 15": 2.847635507583618, "Epoch 24 Step 16": 2.821990728378296, "Epoch 24 Step 17": 2.855341911315918, "Epoch 24 Step 18": 2.8851871490478516, "Epoch 24 Step 19": 2.8793632984161377, "Epoch 24 Step 20": 2.8854923248291016, "Epoch 24 Step 21": 2.871211290359497, "Epoch 24 Step 22": 2.794093370437622, "Epoch 24 Step 23": 2.7514805793762207, "Epoch 24 Step 24": 2.825425386428833, "Epoch 24 Step 25": 2.8927485942840576, "Epoch 24 Step 26": 2.8734281063079834, "Epoch 24 Step 27": 2.8585972785949707, "Epoch 24 Step 28": 2.860875129699707, "Epoch 24 Step 29": 2.8736846446990967, "Epoch 24 Step 30": 2.8753108978271484, "Epoch 24 Step 31": 2.876847982406616, "Epoch 24 Step 32": 2.865015745162964, "Epoch 24 Step 33": 2.8794310092926025, "Epoch 24 Step 34": 2.8808658123016357, "Epoch 24 Step 35": 2.8371777534484863, "Epoch 24 Step 36": 2.8460731506347656, "Epoch 24 Step 37": 2.859975576400757, "Epoch 24 Step 38": 2.862978458404541, "Epoch 24 Step 39": 2.8748819828033447, "Epoch 24 Step 40": 2.8677737712860107, "Epoch 24 Step 41": 2.8745293617248535, "Epoch 24 Step 42": 2.877995014190674, "Epoch 24 Step 43": 2.867327928543091, "Epoch 24 Step 44": 2.8870716094970703, "Epoch 24 Step 45": 2.8634438514709473, "Epoch 24 Step 46": 2.873962879180908, "Epoch 24 Step 47": 2.8803048133850098, "Epoch 24 Step 48": 2.876349687576294, "Epoch 24 Step 49": 2.8734757900238037, "Epoch 24 Step 50": 2.876844644546509, "Epoch 24 Step 51": 2.8615832328796387, "Epoch 24 Step 52": 2.8385982513427734, "Epoch 24 Step 53": 2.8620941638946533, "Epoch 24 Step 54": 2.875194787979126, "Epoch 24 Step 55": 2.8424534797668457, "Epoch 24 Step 56": 2.8599956035614014, "Epoch 24 Step 57": 2.862609386444092, "Epoch 24 Step 58": 2.852263927459717, "Epoch 24 Step 59": 2.8816261291503906, "Epoch 24 Step 60": 2.8559205532073975, "Epoch 24 Step 61": 2.870448589324951, "Epoch 24 Step 62": 2.856327533721924, "Epoch 24 Step 63": 2.8693740367889404, "Epoch 24 Step 64": 2.822133779525757, "Epoch 24 Step 65": 2.884786605834961, "Epoch 24 Step 66": 2.848552942276001, "Epoch 24 Step 67": 2.88210391998291, "Epoch 24 Step 68": 2.866274833679199, "Epoch 24 Step 69": 2.846027135848999, "Epoch 24 Step 70": 2.8415048122406006, "Epoch 24 Step 71": 2.8640568256378174, "Epoch 24 Step 72": 2.8517017364501953, "Epoch 24 Step 73": 2.843994379043579, "Epoch 24 Step 74": 2.8792436122894287, "Epoch 24 Step 75": 2.8670616149902344, "Epoch 24 Step 76": 2.8594002723693848, "Epoch 24 Step 77": 2.8408780097961426, "Epoch 24 Step 78": 2.8570263385772705, "Epoch 24 Step 79": 2.8592193126678467, "Epoch 24 Step 80": 2.8350913524627686, "Epoch 24 Step 81": 2.848398447036743, "Epoch 24 Step 82": 2.851545810699463, "Epoch 24 Step 83": 2.842869520187378, "Epoch 24 Step 84": 2.8352136611938477, "Epoch 24 Step 85": 2.8704471588134766, "Epoch 24 Step 86": 2.8426196575164795, "Epoch 24 Step 87": 2.8786699771881104, "Epoch 24 Step 88": 2.8594188690185547, "Epoch 24 Step 89": 2.837557315826416, "Epoch 24 Step 90": 2.875992774963379, "Epoch 24 Step 91": 2.8478481769561768, "Epoch 24 Step 92": 2.8592727184295654, "Epoch 24 Step 93": 2.8629965782165527, "Epoch 24 Step 94": 2.830580234527588, "Epoch 24 Step 95": 2.8745908737182617, "Epoch 24 Step 96": 2.8561346530914307, "Epoch 24 Step 97": 2.875458240509033, "Epoch 24 Step 98": 2.8720457553863525, "Epoch 24 Step 99": 2.8950862884521484, "Epoch 24 Step 100": 2.877908945083618, "Epoch 24 Step 101": 2.833953619003296, "Epoch 24 Step 102": 2.867492914199829, "Epoch 24 Step 103": 2.856642484664917, "Epoch 24 Step 104": 2.842916965484619, "Epoch 24 Step 105": 2.8590087890625, "Epoch 24 Step 106": 2.8559653759002686, "Epoch 24 Step 107": 2.8739371299743652, "Epoch 24 Step 108": 2.8596739768981934, "Epoch 24 Step 109": 2.874518632888794, "Epoch 24 Step 110": 2.874251365661621, "Epoch 24 Step 111": 2.8789350986480713, "Epoch 24 Step 112": 2.8551454544067383, "Epoch 24 Step 113": 2.865581750869751, "Epoch 24 Step 114": 2.863407850265503, "Epoch 24 Step 115": 2.8565807342529297, "Epoch 24 Step 116": 2.86545729637146, "Epoch 24 Step 117": 2.843712091445923, "Epoch 24 Step 118": 2.8673789501190186, "Epoch 24 Step 119": 2.8714332580566406, "Epoch 24 Step 120": 2.81463623046875, "Epoch 24 Step 121": 2.8537440299987793, "Epoch 24 Step 122": 2.8502304553985596, "Epoch 24 Step 123": 2.863835334777832, "Epoch 24 Step 124": 2.8729360103607178, "Epoch 24 Step 125": 2.8435568809509277, "Epoch 24 Step 126": 2.8650691509246826, "Epoch 24 Step 127": 2.813061237335205, "Epoch 24 Step 128": 2.8489129543304443, "Epoch 24 Step 129": 2.8742194175720215, "Epoch 24 Step 130": 2.866020679473877, "Epoch 24 Step 131": 2.8594980239868164, "Epoch 24 Step 132": 2.8474044799804688, "Epoch 24 Step 133": 2.866318702697754, "Epoch 24 Step 134": 2.852900981903076, "Epoch 24 Step 135": 2.8616204261779785, "Epoch 24 Step 136": 2.8647656440734863, "Epoch 24 Step 137": 2.86065673828125, "Epoch 24 Step 138": 2.858379364013672, "Epoch 24 Step 139": 2.858940839767456, "Epoch 24 Step 140": 2.8366286754608154, "Epoch 24 Step 141": 2.8411078453063965, "Epoch 24 Step 142": 2.8315234184265137, "Epoch 24 Step 143": 2.868337869644165, "Epoch 24 Step 144": 2.8696706295013428, "Epoch 24 Step 145": 2.8590853214263916, "Epoch 24 Step 146": 2.8606393337249756, "Epoch 24 Step 147": 2.8534088134765625, "Epoch 24 Step 148": 2.8679592609405518, "Epoch 24 Step 149": 2.8893344402313232, "Epoch 24 Step 150": 2.8094518184661865, "Epoch 24 Step 151": 2.858966112136841, "Epoch 24 Step 152": 2.8525032997131348, "Epoch 24 Step 153": 2.876737117767334, "Epoch 24 Step 154": 2.8570282459259033, "Epoch 24 Step 155": 2.879964828491211, "Epoch 24 Step 156": 2.8507437705993652, "Epoch 24 Step 157": 2.8385651111602783, "Epoch 24 Step 158": 2.8530023097991943, "Epoch 24 Step 159": 2.8651466369628906, "Epoch 24 Step 160": 2.8500163555145264, "Epoch 24 Step 161": 2.8785135746002197, "Epoch 24 Step 162": 2.8594970703125, "Epoch 24 Step 163": 2.8223769664764404, "Epoch 24 Step 164": 2.8507919311523438, "Epoch 24 Step 165": 2.8524081707000732, "Epoch 24 Step 166": 2.855757236480713, "Epoch 24 Step 167": 2.8689093589782715, "Epoch 24 Step 168": 2.8648438453674316, "Epoch 24 Step 169": 2.8654544353485107, "Epoch 24 Step 170": 2.8109982013702393, "Epoch 24 Step 171": 2.862724542617798, "Epoch 24 Step 172": 2.8560614585876465, "Epoch 24 Step 173": 2.862342119216919, "Epoch 24 Step 174": 2.86195707321167, "Epoch 24 Step 175": 2.872310161590576, "Epoch 24 Step 176": 2.8679256439208984, "Epoch 24 Step 177": 2.8528027534484863, "Epoch 24 Step 178": 2.878232955932617, "Epoch 24 Step 179": 2.875868082046509, "Epoch 24 Step 180": 2.865525007247925, "Epoch 24 Step 181": 2.861342430114746, "Epoch 24 Step 182": 2.8680717945098877, "Epoch 24 Step 183": 2.8592958450317383, "Epoch 24 Step 184": 2.8565709590911865, "Epoch 24 Step 185": 2.836099147796631, "Epoch 24 Step 186": 2.817620277404785, "Epoch 24 Step 187": 2.8685927391052246, "Epoch 24 Step 188": 2.8489255905151367, "Epoch 24 Step 189": 2.848992109298706, "Epoch 24 Step 190": 2.8636245727539062, "Epoch 24 Step 191": 2.8920094966888428, "Epoch 24 Step 192": 2.843153953552246, "Epoch 24 Step 193": 2.870297431945801, "Epoch 24 Step 194": 2.8605425357818604, "Epoch 24 Step 195": 2.870408058166504, "Epoch 24 Step 196": 2.8462307453155518, "Epoch 24 Step 197": 2.858875036239624, "Epoch 24 Step 198": 2.834416627883911, "Epoch 24 Step 199": 2.849604606628418,