{"Epoch 602 Step 0": 2.8750717639923096, "Epoch 602 Step 1": 2.8866279125213623, "Epoch 602 Step 2": 2.8871970176696777, "Epoch 602 Step 3": 2.8919527530670166, "Epoch 602 Step 4": 2.896162509918213, "Epoch 602 Step 5": 2.881826877593994, "Epoch 602 Step 6": 2.8930747509002686, "Epoch 602 Step 7": 2.8791816234588623, "Epoch 602 Step 8": 2.886051654815674, "Epoch 602 Step 9": 2.878443479537964, "Epoch 602 Step 10": 2.8923513889312744, "Epoch 602 Step 11": 2.8779942989349365, "Epoch 602 Step 12": 2.8834409713745117, "Epoch 602 Step 13": 2.8887252807617188, "Epoch 602 Step 14": 2.8734681606292725, "Epoch 602 Step 15": 2.8713748455047607, "Epoch 602 Step 16": 2.872586727142334, "Epoch 602 Step 17": 2.8885509967803955, "Epoch 602 Step 18": 2.8827731609344482, "Epoch 602 Step 19": 2.8779282569885254, "Epoch 602 Step 20": 2.8897173404693604, "Epoch 602 Step 21": 2.895022392272949, "Epoch 602 Step 22": 2.8799891471862793, "Epoch 602 Step 23": 2.8764946460723877, "Epoch 602 Step 24": 2.888322591781616, "Epoch 602 Step 25": 2.8918111324310303, "Epoch 602 Step 26": 2.8807058334350586, "Epoch 602 Step 27": 2.8816535472869873, "Epoch 602 Step 28": 2.8774795532226562, "Epoch 602 Step 29": 2.887627601623535, "Epoch 602 Step 30": 2.8739147186279297, "Epoch 602 Step 31": 2.8854706287384033, "Epoch 602 Step 32": 2.8795974254608154, "Epoch 602 Step 33": 2.8830714225769043, "Epoch 602 Step 34": 2.884833574295044, "Epoch 602 Step 35": 2.871001958847046, "Epoch 602 Step 36": 2.885153293609619, "Epoch 602 Step 37": 2.8879268169403076, "Epoch 602 Step 38": 2.88586688041687, "Epoch 602 Step 39": 2.8894882202148438, "Epoch 602 Step 40": 2.8845863342285156, "Epoch 602 Step 41": 2.8722925186157227, "Epoch 602 Step 42": 2.880741834640503, "Epoch 602 Step 43": 2.8771274089813232, "Epoch 602 Step 44": 2.8828935623168945, "Epoch 602 Step 45": 2.883035659790039, "Epoch 602 Step 46": 2.890565872192383, "Epoch 602 Step 47": 2.885298013687134, "Epoch 602 Step 48": 2.885303258895874, "Epoch 602 Step 49": 2.8815648555755615, "Epoch 602 Step 50": 2.8753912448883057, "Epoch 602 Step 51": 2.8791942596435547, "Epoch 602 Step 52": 2.89426589012146, "Epoch 602 Step 53": 2.8883578777313232, "Epoch 602 Step 54": 2.873934745788574, "Epoch 602 Step 55": 2.890533924102783, "Epoch 602 Step 56": 2.8824925422668457, "Epoch 602 Step 57": 2.876024007797241, "Epoch 602 Step 58": 2.873422861099243, "Epoch 602 Step 59": 2.8818089962005615, "Epoch 602 Step 60": 2.887540817260742, "Epoch 602 Step 61": 2.8802695274353027, "Epoch 602 Step 62": 2.878875732421875, "Epoch 602 Step 63": 2.8783740997314453, "Epoch 602 Step 64": 2.8764572143554688, "Epoch 602 Step 65": 2.8876898288726807, "Epoch 602 Step 66": 2.8753676414489746, "Epoch 602 Step 67": 2.8907077312469482, "Epoch 602 Step 68": 2.871068000793457, "Epoch 602 Step 69": 2.8747310638427734, "Epoch 602 Step 70": 2.8794186115264893, "Epoch 602 Step 71": 2.868140697479248, "Epoch 602 Step 72": 2.8872299194335938, "Epoch 602 Step 73": 2.881216287612915, "Epoch 602 Step 74": 2.886962413787842, "Epoch 602 Step 75": 2.892942428588867, "Epoch 602 Step 76": 2.8865180015563965, "Epoch 602 Step 77": 2.8779916763305664, "Epoch 602 Step 78": 2.884540319442749, "Epoch 602 Step 79": 2.8955271244049072, "Epoch 602 Step 80": 2.8950119018554688, "Epoch 602 Step 81": 2.8937199115753174, "Epoch 602 Step 82": 2.887805223464966, "Epoch 602 Step 83": 2.886261224746704, "Epoch 602 Step 84": 2.883206844329834, "Epoch 602 Step 85": 2.9044361114501953, "Epoch 602 Step 86": 2.900336742401123, "Epoch 602 Step 87": 2.8989908695220947, "Epoch 602 Step 88": 2.8755829334259033, "Epoch 602 Step 89": 2.8889031410217285}