{"Epoch 920 Step 0": 2.8909575939178467, "Epoch 920 Step 1": 2.8852810859680176, "Epoch 920 Step 2": 2.885396718978882, "Epoch 920 Step 3": 2.881568193435669, "Epoch 920 Step 4": 2.8755249977111816, "Epoch 920 Step 5": 2.8798129558563232, "Epoch 920 Step 6": 2.894287347793579, "Epoch 920 Step 7": 2.888181686401367, "Epoch 920 Step 8": 2.874211072921753, "Epoch 920 Step 9": 2.8908843994140625, "Epoch 920 Step 10": 2.882040500640869, "Epoch 920 Step 11": 2.8761239051818848, "Epoch 920 Step 12": 2.8732731342315674, "Epoch 920 Step 13": 2.8828117847442627, "Epoch 920 Step 14": 2.8881642818450928, "Epoch 920 Step 15": 2.879929780960083, "Epoch 920 Step 16": 2.8790714740753174, "Epoch 920 Step 17": 2.8786301612854004, "Epoch 920 Step 18": 2.876626491546631, "Epoch 920 Step 19": 2.888418674468994, "Epoch 920 Step 20": 2.8755075931549072, "Epoch 920 Step 21": 2.890951156616211, "Epoch 920 Step 22": 2.8714680671691895, "Epoch 920 Step 23": 2.875138282775879, "Epoch 920 Step 24": 2.879521131515503, "Epoch 920 Step 25": 2.8682708740234375, "Epoch 920 Step 26": 2.8870182037353516, "Epoch 920 Step 27": 2.881638526916504, "Epoch 920 Step 28": 2.887166738510132, "Epoch 920 Step 29": 2.893656015396118, "Epoch 920 Step 30": 2.885929822921753, "Epoch 920 Step 31": 2.8787567615509033, "Epoch 920 Step 32": 2.885453462600708, "Epoch 920 Step 33": 2.8959543704986572, "Epoch 920 Step 34": 2.8939788341522217, "Epoch 920 Step 35": 2.8948376178741455, "Epoch 920 Step 36": 2.88838267326355, "Epoch 920 Step 37": 2.8853871822357178, "Epoch 920 Step 38": 2.878484010696411, "Epoch 920 Step 39": 2.902231454849243, "Epoch 920 Step 40": 2.898521900177002, "Epoch 920 Step 41": 2.897951364517212, "Epoch 920 Step 42": 2.8767645359039307, "Epoch 920 Step 43": 2.8890771865844727, "Epoch 920 Step 44": 2.892470359802246, "Epoch 920 Step 45": 2.875185489654541, "Epoch 920 Step 46": 2.8866376876831055, "Epoch 920 Step 47": 2.886739492416382, "Epoch 920 Step 48": 2.891864061355591, "Epoch 920 Step 49": 2.895979642868042, "Epoch 920 Step 50": 2.8816866874694824, "Epoch 920 Step 51": 2.8927001953125, "Epoch 920 Step 52": 2.878045082092285, "Epoch 920 Step 53": 2.8848392963409424, "Epoch 920 Step 54": 2.8783628940582275, "Epoch 920 Step 55": 2.8913300037384033, "Epoch 920 Step 56": 2.8787343502044678, "Epoch 920 Step 57": 2.883333206176758, "Epoch 920 Step 58": 2.8890578746795654, "Epoch 920 Step 59": 2.874565362930298, "Epoch 920 Step 60": 2.872856855392456, "Epoch 920 Step 61": 2.8731608390808105, "Epoch 920 Step 62": 2.888352632522583, "Epoch 920 Step 63": 2.8821160793304443, "Epoch 920 Step 64": 2.877113103866577, "Epoch 920 Step 65": 2.888154983520508, "Epoch 920 Step 66": 2.8952572345733643, "Epoch 920 Step 67": 2.880505323410034, "Epoch 920 Step 68": 2.8752336502075195, "Epoch 920 Step 69": 2.888972520828247, "Epoch 920 Step 70": 2.8921611309051514, "Epoch 920 Step 71": 2.8809101581573486, "Epoch 920 Step 72": 2.8822946548461914, "Epoch 920 Step 73": 2.878213405609131, "Epoch 920 Step 74": 2.888061285018921, "Epoch 920 Step 75": 2.8736069202423096, "Epoch 920 Step 76": 2.8854382038116455, "Epoch 920 Step 77": 2.879189968109131, "Epoch 920 Step 78": 2.882807970046997, "Epoch 920 Step 79": 2.8846864700317383, "Epoch 920 Step 80": 2.871175765991211, "Epoch 920 Step 81": 2.8855721950531006, "Epoch 920 Step 82": 2.8875443935394287, "Epoch 920 Step 83": 2.88604474067688, "Epoch 920 Step 84": 2.8902015686035156, "Epoch 920 Step 85": 2.884477138519287, "Epoch 920 Step 86": 2.8723666667938232, "Epoch 920 Step 87": 2.8815956115722656, "Epoch 920 Step 88": 2.8775203227996826, "Epoch 920 Step 89": 2.88280987739563}