{"Epoch 699 Step 0": 2.9028091430664062, "Epoch 699 Step 1": 2.9008572101593018, "Epoch 699 Step 2": 2.8991310596466064, "Epoch 699 Step 3": 2.8757901191711426, "Epoch 699 Step 4": 2.8882384300231934, "Epoch 699 Step 5": 2.892477512359619, "Epoch 699 Step 6": 2.875060796737671, "Epoch 699 Step 7": 2.8868887424468994, "Epoch 699 Step 8": 2.8870372772216797, "Epoch 699 Step 9": 2.89125394821167, "Epoch 699 Step 10": 2.895400285720825, "Epoch 699 Step 11": 2.8822951316833496, "Epoch 699 Step 12": 2.894115924835205, "Epoch 699 Step 13": 2.8797786235809326, "Epoch 699 Step 14": 2.8852386474609375, "Epoch 699 Step 15": 2.88008713722229, "Epoch 699 Step 16": 2.8906288146972656, "Epoch 699 Step 17": 2.8774349689483643, "Epoch 699 Step 18": 2.8826169967651367, "Epoch 699 Step 19": 2.8886959552764893, "Epoch 699 Step 20": 2.873605489730835, "Epoch 699 Step 21": 2.8726115226745605, "Epoch 699 Step 22": 2.872007369995117, "Epoch 699 Step 23": 2.8884494304656982, "Epoch 699 Step 24": 2.8822834491729736, "Epoch 699 Step 25": 2.877332925796509, "Epoch 699 Step 26": 2.8890302181243896, "Epoch 699 Step 27": 2.894878387451172, "Epoch 699 Step 28": 2.8806710243225098, "Epoch 699 Step 29": 2.875532388687134, "Epoch 699 Step 30": 2.8884317874908447, "Epoch 699 Step 31": 2.892531156539917, "Epoch 699 Step 32": 2.8817312717437744, "Epoch 699 Step 33": 2.8814408779144287, "Epoch 699 Step 34": 2.8777406215667725, "Epoch 699 Step 35": 2.887610912322998, "Epoch 699 Step 36": 2.874145269393921, "Epoch 699 Step 37": 2.8853774070739746, "Epoch 699 Step 38": 2.880107879638672, "Epoch 699 Step 39": 2.8831257820129395, "Epoch 699 Step 40": 2.8848941326141357, "Epoch 699 Step 41": 2.8717539310455322, "Epoch 699 Step 42": 2.8853886127471924, "Epoch 699 Step 43": 2.887519598007202, "Epoch 699 Step 44": 2.8863906860351562, "Epoch 699 Step 45": 2.890197277069092, "Epoch 699 Step 46": 2.885052442550659, "Epoch 699 Step 47": 2.872244119644165, "Epoch 699 Step 48": 2.8805739879608154, "Epoch 699 Step 49": 2.8767220973968506, "Epoch 699 Step 50": 2.8824758529663086, "Epoch 699 Step 51": 2.8832638263702393, "Epoch 699 Step 52": 2.890559196472168, "Epoch 699 Step 53": 2.884930372238159, "Epoch 699 Step 54": 2.8853437900543213, "Epoch 699 Step 55": 2.881751537322998, "Epoch 699 Step 56": 2.876420021057129, "Epoch 699 Step 57": 2.879305362701416, "Epoch 699 Step 58": 2.8936572074890137, "Epoch 699 Step 59": 2.8877692222595215, "Epoch 699 Step 60": 2.8736863136291504, "Epoch 699 Step 61": 2.8906285762786865, "Epoch 699 Step 62": 2.8822360038757324, "Epoch 699 Step 63": 2.8757991790771484, "Epoch 699 Step 64": 2.8730382919311523, "Epoch 699 Step 65": 2.881955862045288, "Epoch 699 Step 66": 2.8875815868377686, "Epoch 699 Step 67": 2.8800549507141113, "Epoch 699 Step 68": 2.8788092136383057, "Epoch 699 Step 69": 2.8783767223358154, "Epoch 699 Step 70": 2.8761091232299805, "Epoch 699 Step 71": 2.8877737522125244, "Epoch 699 Step 72": 2.874504804611206, "Epoch 699 Step 73": 2.890943765640259, "Epoch 699 Step 74": 2.8713340759277344, "Epoch 699 Step 75": 2.874603509902954, "Epoch 699 Step 76": 2.879753589630127, "Epoch 699 Step 77": 2.868250608444214, "Epoch 699 Step 78": 2.886512517929077, "Epoch 699 Step 79": 2.88110089302063, "Epoch 699 Step 80": 2.8866705894470215, "Epoch 699 Step 81": 2.892806053161621, "Epoch 699 Step 82": 2.8864972591400146, "Epoch 699 Step 83": 2.878197431564331, "Epoch 699 Step 84": 2.8850438594818115, "Epoch 699 Step 85": 2.8961546421051025, "Epoch 699 Step 86": 2.89577579498291, "Epoch 699 Step 87": 2.893944025039673, "Epoch 699 Step 88": 2.8876214027404785, "Epoch 699 Step 89": 2.8864083290100098}