{"Epoch 913 Step 0": 2.8878262042999268, "Epoch 913 Step 1": 2.8748953342437744, "Epoch 913 Step 2": 2.891221523284912, "Epoch 913 Step 3": 2.8829290866851807, "Epoch 913 Step 4": 2.875913619995117, "Epoch 913 Step 5": 2.8732874393463135, "Epoch 913 Step 6": 2.881441831588745, "Epoch 913 Step 7": 2.888195037841797, "Epoch 913 Step 8": 2.8806521892547607, "Epoch 913 Step 9": 2.8791379928588867, "Epoch 913 Step 10": 2.8786683082580566, "Epoch 913 Step 11": 2.8769898414611816, "Epoch 913 Step 12": 2.888522148132324, "Epoch 913 Step 13": 2.8749465942382812, "Epoch 913 Step 14": 2.8905725479125977, "Epoch 913 Step 15": 2.871713876724243, "Epoch 913 Step 16": 2.8745319843292236, "Epoch 913 Step 17": 2.8796725273132324, "Epoch 913 Step 18": 2.8683464527130127, "Epoch 913 Step 19": 2.8873112201690674, "Epoch 913 Step 20": 2.881559371948242, "Epoch 913 Step 21": 2.887451171875, "Epoch 913 Step 22": 2.893495559692383, "Epoch 913 Step 23": 2.886430025100708, "Epoch 913 Step 24": 2.878373384475708, "Epoch 913 Step 25": 2.8846418857574463, "Epoch 913 Step 26": 2.895829677581787, "Epoch 913 Step 27": 2.8950486183166504, "Epoch 913 Step 28": 2.8933470249176025, "Epoch 913 Step 29": 2.8879096508026123, "Epoch 913 Step 30": 2.886662483215332, "Epoch 913 Step 31": 2.884150981903076, "Epoch 913 Step 32": 2.9083735942840576, "Epoch 913 Step 33": 2.8983378410339355, "Epoch 913 Step 34": 2.902839183807373, "Epoch 913 Step 35": 2.876328945159912, "Epoch 913 Step 36": 2.8879470825195312, "Epoch 913 Step 37": 2.892163038253784, "Epoch 913 Step 38": 2.8749639987945557, "Epoch 913 Step 39": 2.887824058532715, "Epoch 913 Step 40": 2.8871254920959473, "Epoch 913 Step 41": 2.891735792160034, "Epoch 913 Step 42": 2.8953912258148193, "Epoch 913 Step 43": 2.8813185691833496, "Epoch 913 Step 44": 2.8935935497283936, "Epoch 913 Step 45": 2.879485607147217, "Epoch 913 Step 46": 2.8850820064544678, "Epoch 913 Step 47": 2.878018379211426, "Epoch 913 Step 48": 2.890969753265381, "Epoch 913 Step 49": 2.8778889179229736, "Epoch 913 Step 50": 2.883800745010376, "Epoch 913 Step 51": 2.888963222503662, "Epoch 913 Step 52": 2.873791456222534, "Epoch 913 Step 53": 2.8720345497131348, "Epoch 913 Step 54": 2.871217966079712, "Epoch 913 Step 55": 2.888982057571411, "Epoch 913 Step 56": 2.8830583095550537, "Epoch 913 Step 57": 2.8780791759490967, "Epoch 913 Step 58": 2.8901779651641846, "Epoch 913 Step 59": 2.8946304321289062, "Epoch 913 Step 60": 2.8808681964874268, "Epoch 913 Step 61": 2.8769917488098145, "Epoch 913 Step 62": 2.8879780769348145, "Epoch 913 Step 63": 2.892287492752075, "Epoch 913 Step 64": 2.879763603210449, "Epoch 913 Step 65": 2.8817081451416016, "Epoch 913 Step 66": 2.8774869441986084, "Epoch 913 Step 67": 2.887509822845459, "Epoch 913 Step 68": 2.873586654663086, "Epoch 913 Step 69": 2.8851850032806396, "Epoch 913 Step 70": 2.8794424533843994, "Epoch 913 Step 71": 2.883254289627075, "Epoch 913 Step 72": 2.884639263153076, "Epoch 913 Step 73": 2.871654510498047, "Epoch 913 Step 74": 2.8851616382598877, "Epoch 913 Step 75": 2.887338638305664, "Epoch 913 Step 76": 2.8857932090759277, "Epoch 913 Step 77": 2.8897342681884766, "Epoch 913 Step 78": 2.884812355041504, "Epoch 913 Step 79": 2.8733620643615723, "Epoch 913 Step 80": 2.8807384967803955, "Epoch 913 Step 81": 2.877480983734131, "Epoch 913 Step 82": 2.8829574584960938, "Epoch 913 Step 83": 2.8832859992980957, "Epoch 913 Step 84": 2.8909225463867188, "Epoch 913 Step 85": 2.884967565536499, "Epoch 913 Step 86": 2.885188579559326, "Epoch 913 Step 87": 2.881972312927246, "Epoch 913 Step 88": 2.8767426013946533, "Epoch 913 Step 89": 2.8795671463012695}