{"Epoch 647 Step 0": 2.890608072280884, "Epoch 647 Step 1": 2.884768486022949, "Epoch 647 Step 2": 2.8852477073669434, "Epoch 647 Step 3": 2.8818745613098145, "Epoch 647 Step 4": 2.8759777545928955, "Epoch 647 Step 5": 2.8800466060638428, "Epoch 647 Step 6": 2.8942320346832275, "Epoch 647 Step 7": 2.8880512714385986, "Epoch 647 Step 8": 2.873518705368042, "Epoch 647 Step 9": 2.890202760696411, "Epoch 647 Step 10": 2.8823082447052, "Epoch 647 Step 11": 2.8754894733428955, "Epoch 647 Step 12": 2.8725810050964355, "Epoch 647 Step 13": 2.882559299468994, "Epoch 647 Step 14": 2.8876380920410156, "Epoch 647 Step 15": 2.879523277282715, "Epoch 647 Step 16": 2.8786041736602783, "Epoch 647 Step 17": 2.8782107830047607, "Epoch 647 Step 18": 2.8764266967773438, "Epoch 647 Step 19": 2.888071060180664, "Epoch 647 Step 20": 2.874664783477783, "Epoch 647 Step 21": 2.891223430633545, "Epoch 647 Step 22": 2.871338367462158, "Epoch 647 Step 23": 2.874589681625366, "Epoch 647 Step 24": 2.8797497749328613, "Epoch 647 Step 25": 2.868337392807007, "Epoch 647 Step 26": 2.8866286277770996, "Epoch 647 Step 27": 2.881355047225952, "Epoch 647 Step 28": 2.8868253231048584, "Epoch 647 Step 29": 2.893326997756958, "Epoch 647 Step 30": 2.886310338973999, "Epoch 647 Step 31": 2.878030300140381, "Epoch 647 Step 32": 2.884478807449341, "Epoch 647 Step 33": 2.8955602645874023, "Epoch 647 Step 34": 2.8945858478546143, "Epoch 647 Step 35": 2.893364667892456, "Epoch 647 Step 36": 2.888134002685547, "Epoch 647 Step 37": 2.886234760284424, "Epoch 647 Step 38": 2.884169816970825, "Epoch 647 Step 39": 2.9052107334136963, "Epoch 647 Step 40": 2.8999383449554443, "Epoch 647 Step 41": 2.898005485534668, "Epoch 647 Step 42": 2.8770945072174072, "Epoch 647 Step 43": 2.890556812286377, "Epoch 647 Step 44": 2.894317150115967, "Epoch 647 Step 45": 2.875581741333008, "Epoch 647 Step 46": 2.886343240737915, "Epoch 647 Step 47": 2.8869893550872803, "Epoch 647 Step 48": 2.8920252323150635, "Epoch 647 Step 49": 2.8962104320526123, "Epoch 647 Step 50": 2.881474256515503, "Epoch 647 Step 51": 2.893362045288086, "Epoch 647 Step 52": 2.8783748149871826, "Epoch 647 Step 53": 2.885427951812744, "Epoch 647 Step 54": 2.878093957901001, "Epoch 647 Step 55": 2.8924996852874756, "Epoch 647 Step 56": 2.878283977508545, "Epoch 647 Step 57": 2.8832197189331055, "Epoch 647 Step 58": 2.8889505863189697, "Epoch 647 Step 59": 2.874016761779785, "Epoch 647 Step 60": 2.871830463409424, "Epoch 647 Step 61": 2.87253999710083, "Epoch 647 Step 62": 2.888216972351074, "Epoch 647 Step 63": 2.881789445877075, "Epoch 647 Step 64": 2.8774218559265137, "Epoch 647 Step 65": 2.890314817428589, "Epoch 647 Step 66": 2.8949458599090576, "Epoch 647 Step 67": 2.880225419998169, "Epoch 647 Step 68": 2.8760359287261963, "Epoch 647 Step 69": 2.887634754180908, "Epoch 647 Step 70": 2.8916282653808594, "Epoch 647 Step 71": 2.8807313442230225, "Epoch 647 Step 72": 2.8817145824432373, "Epoch 647 Step 73": 2.8774309158325195, "Epoch 647 Step 74": 2.8872439861297607, "Epoch 647 Step 75": 2.873727321624756, "Epoch 647 Step 76": 2.885587692260742, "Epoch 647 Step 77": 2.8793797492980957, "Epoch 647 Step 78": 2.8827266693115234, "Epoch 647 Step 79": 2.884568929672241, "Epoch 647 Step 80": 2.8714427947998047, "Epoch 647 Step 81": 2.885044574737549, "Epoch 647 Step 82": 2.8877809047698975, "Epoch 647 Step 83": 2.886033058166504, "Epoch 647 Step 84": 2.8896641731262207, "Epoch 647 Step 85": 2.884190559387207, "Epoch 647 Step 86": 2.872004747390747, "Epoch 647 Step 87": 2.881157159805298, "Epoch 647 Step 88": 2.8770647048950195, "Epoch 647 Step 89": 2.88280987739563}