{"Epoch 662 Step 0": 2.8852946758270264, "Epoch 662 Step 1": 2.8798534870147705, "Epoch 662 Step 2": 2.8832600116729736, "Epoch 662 Step 3": 2.8851983547210693, "Epoch 662 Step 4": 2.8708584308624268, "Epoch 662 Step 5": 2.885033130645752, "Epoch 662 Step 6": 2.8881452083587646, "Epoch 662 Step 7": 2.88604998588562, "Epoch 662 Step 8": 2.8894643783569336, "Epoch 662 Step 9": 2.88421893119812, "Epoch 662 Step 10": 2.873046636581421, "Epoch 662 Step 11": 2.881563901901245, "Epoch 662 Step 12": 2.8772082328796387, "Epoch 662 Step 13": 2.8827245235443115, "Epoch 662 Step 14": 2.883558988571167, "Epoch 662 Step 15": 2.891942024230957, "Epoch 662 Step 16": 2.8851802349090576, "Epoch 662 Step 17": 2.8853561878204346, "Epoch 662 Step 18": 2.8812332153320312, "Epoch 662 Step 19": 2.8760592937469482, "Epoch 662 Step 20": 2.8793890476226807, "Epoch 662 Step 21": 2.8937230110168457, "Epoch 662 Step 22": 2.887965679168701, "Epoch 662 Step 23": 2.8741297721862793, "Epoch 662 Step 24": 2.89057993888855, "Epoch 662 Step 25": 2.8821423053741455, "Epoch 662 Step 26": 2.8760428428649902, "Epoch 662 Step 27": 2.8729984760284424, "Epoch 662 Step 28": 2.8819921016693115, "Epoch 662 Step 29": 2.88802433013916, "Epoch 662 Step 30": 2.880661964416504, "Epoch 662 Step 31": 2.8789727687835693, "Epoch 662 Step 32": 2.8778159618377686, "Epoch 662 Step 33": 2.876220703125, "Epoch 662 Step 34": 2.8875560760498047, "Epoch 662 Step 35": 2.874711513519287, "Epoch 662 Step 36": 2.891228437423706, "Epoch 662 Step 37": 2.871445894241333, "Epoch 662 Step 38": 2.8749752044677734, "Epoch 662 Step 39": 2.880056381225586, "Epoch 662 Step 40": 2.868093490600586, "Epoch 662 Step 41": 2.887141466140747, "Epoch 662 Step 42": 2.8817477226257324, "Epoch 662 Step 43": 2.8868534564971924, "Epoch 662 Step 44": 2.8930106163024902, "Epoch 662 Step 45": 2.8862898349761963, "Epoch 662 Step 46": 2.8793694972991943, "Epoch 662 Step 47": 2.8856606483459473, "Epoch 662 Step 48": 2.8954670429229736, "Epoch 662 Step 49": 2.8939783573150635, "Epoch 662 Step 50": 2.8930118083953857, "Epoch 662 Step 51": 2.8876824378967285, "Epoch 662 Step 52": 2.8858935832977295, "Epoch 662 Step 53": 2.883465528488159, "Epoch 662 Step 54": 2.903989315032959, "Epoch 662 Step 55": 2.8995461463928223, "Epoch 662 Step 56": 2.897033452987671, "Epoch 662 Step 57": 2.8758561611175537, "Epoch 662 Step 58": 2.8891115188598633, "Epoch 662 Step 59": 2.893113374710083, "Epoch 662 Step 60": 2.8749377727508545, "Epoch 662 Step 61": 2.8862452507019043, "Epoch 662 Step 62": 2.8867979049682617, "Epoch 662 Step 63": 2.8913490772247314, "Epoch 662 Step 64": 2.895480155944824, "Epoch 662 Step 65": 2.881511926651001, "Epoch 662 Step 66": 2.893795967102051, "Epoch 662 Step 67": 2.8784923553466797, "Epoch 662 Step 68": 2.884840488433838, "Epoch 662 Step 69": 2.878230094909668, "Epoch 662 Step 70": 2.891538381576538, "Epoch 662 Step 71": 2.8776473999023438, "Epoch 662 Step 72": 2.882911443710327, "Epoch 662 Step 73": 2.8885724544525146, "Epoch 662 Step 74": 2.8732454776763916, "Epoch 662 Step 75": 2.8718161582946777, "Epoch 662 Step 76": 2.8723526000976562, "Epoch 662 Step 77": 2.8882253170013428, "Epoch 662 Step 78": 2.8821463584899902, "Epoch 662 Step 79": 2.87809681892395, "Epoch 662 Step 80": 2.889880418777466, "Epoch 662 Step 81": 2.895709276199341, "Epoch 662 Step 82": 2.8810112476348877, "Epoch 662 Step 83": 2.875436305999756, "Epoch 662 Step 84": 2.8884785175323486, "Epoch 662 Step 85": 2.8929965496063232, "Epoch 662 Step 86": 2.8802332878112793, "Epoch 662 Step 87": 2.881178379058838, "Epoch 662 Step 88": 2.8775320053100586, "Epoch 662 Step 89": 2.8879950046539307}