{"Epoch 642 Step 0": 2.8794426918029785, "Epoch 642 Step 1": 2.894047975540161, "Epoch 642 Step 2": 2.8883183002471924, "Epoch 642 Step 3": 2.8738789558410645, "Epoch 642 Step 4": 2.890509605407715, "Epoch 642 Step 5": 2.882268190383911, "Epoch 642 Step 6": 2.876952886581421, "Epoch 642 Step 7": 2.8737246990203857, "Epoch 642 Step 8": 2.8821022510528564, "Epoch 642 Step 9": 2.887819290161133, "Epoch 642 Step 10": 2.880758762359619, "Epoch 642 Step 11": 2.8795523643493652, "Epoch 642 Step 12": 2.8795180320739746, "Epoch 642 Step 13": 2.875840425491333, "Epoch 642 Step 14": 2.8883681297302246, "Epoch 642 Step 15": 2.8741164207458496, "Epoch 642 Step 16": 2.891568422317505, "Epoch 642 Step 17": 2.87178635597229, "Epoch 642 Step 18": 2.8752248287200928, "Epoch 642 Step 19": 2.8799755573272705, "Epoch 642 Step 20": 2.868839979171753, "Epoch 642 Step 21": 2.886523485183716, "Epoch 642 Step 22": 2.8811514377593994, "Epoch 642 Step 23": 2.8866403102874756, "Epoch 642 Step 24": 2.8931870460510254, "Epoch 642 Step 25": 2.886045455932617, "Epoch 642 Step 26": 2.8789010047912598, "Epoch 642 Step 27": 2.8854663372039795, "Epoch 642 Step 28": 2.896061897277832, "Epoch 642 Step 29": 2.893902063369751, "Epoch 642 Step 30": 2.8919692039489746, "Epoch 642 Step 31": 2.8874502182006836, "Epoch 642 Step 32": 2.886704921722412, "Epoch 642 Step 33": 2.885908603668213, "Epoch 642 Step 34": 2.9045300483703613, "Epoch 642 Step 35": 2.902869701385498, "Epoch 642 Step 36": 2.8974287509918213, "Epoch 642 Step 37": 2.8770689964294434, "Epoch 642 Step 38": 2.8896570205688477, "Epoch 642 Step 39": 2.894307851791382, "Epoch 642 Step 40": 2.8746559619903564, "Epoch 642 Step 41": 2.8865091800689697, "Epoch 642 Step 42": 2.8880245685577393, "Epoch 642 Step 43": 2.89259934425354, "Epoch 642 Step 44": 2.896045446395874, "Epoch 642 Step 45": 2.881605386734009, "Epoch 642 Step 46": 2.8927581310272217, "Epoch 642 Step 47": 2.8795013427734375, "Epoch 642 Step 48": 2.8868422508239746, "Epoch 642 Step 49": 2.8784186840057373, "Epoch 642 Step 50": 2.892258644104004, "Epoch 642 Step 51": 2.878016233444214, "Epoch 642 Step 52": 2.8831088542938232, "Epoch 642 Step 53": 2.888573169708252, "Epoch 642 Step 54": 2.873729944229126, "Epoch 642 Step 55": 2.8719472885131836, "Epoch 642 Step 56": 2.87290096282959, "Epoch 642 Step 57": 2.888244152069092, "Epoch 642 Step 58": 2.882749319076538, "Epoch 642 Step 59": 2.8779311180114746, "Epoch 642 Step 60": 2.890115976333618, "Epoch 642 Step 61": 2.8954286575317383, "Epoch 642 Step 62": 2.8803114891052246, "Epoch 642 Step 63": 2.875725030899048, "Epoch 642 Step 64": 2.8881685733795166, "Epoch 642 Step 65": 2.891939163208008, "Epoch 642 Step 66": 2.880518913269043, "Epoch 642 Step 67": 2.8817718029022217, "Epoch 642 Step 68": 2.8778960704803467, "Epoch 642 Step 69": 2.887341260910034, "Epoch 642 Step 70": 2.8742525577545166, "Epoch 642 Step 71": 2.885258913040161, "Epoch 642 Step 72": 2.879791021347046, "Epoch 642 Step 73": 2.8829140663146973, "Epoch 642 Step 74": 2.8849167823791504, "Epoch 642 Step 75": 2.87131404876709, "Epoch 642 Step 76": 2.8850998878479004, "Epoch 642 Step 77": 2.8878283500671387, "Epoch 642 Step 78": 2.885782480239868, "Epoch 642 Step 79": 2.88915753364563, "Epoch 642 Step 80": 2.8842880725860596, "Epoch 642 Step 81": 2.87247896194458, "Epoch 642 Step 82": 2.8811757564544678, "Epoch 642 Step 83": 2.8776097297668457, "Epoch 642 Step 84": 2.883000373840332, "Epoch 642 Step 85": 2.8834996223449707, "Epoch 642 Step 86": 2.8903586864471436, "Epoch 642 Step 87": 2.884977102279663, "Epoch 642 Step 88": 2.885373115539551, "Epoch 642 Step 89": 2.8814775943756104}