{"Epoch 844 Step 0": 2.885138750076294, "Epoch 844 Step 1": 2.87929368019104, "Epoch 844 Step 2": 2.882742404937744, "Epoch 844 Step 3": 2.885000228881836, "Epoch 844 Step 4": 2.871225118637085, "Epoch 844 Step 5": 2.88494610786438, "Epoch 844 Step 6": 2.8875534534454346, "Epoch 844 Step 7": 2.886040449142456, "Epoch 844 Step 8": 2.889371633529663, "Epoch 844 Step 9": 2.884307861328125, "Epoch 844 Step 10": 2.8717215061187744, "Epoch 844 Step 11": 2.88154673576355, "Epoch 844 Step 12": 2.8770217895507812, "Epoch 844 Step 13": 2.8823435306549072, "Epoch 844 Step 14": 2.8834803104400635, "Epoch 844 Step 15": 2.8911232948303223, "Epoch 844 Step 16": 2.8847427368164062, "Epoch 844 Step 17": 2.8851351737976074, "Epoch 844 Step 18": 2.881415605545044, "Epoch 844 Step 19": 2.8751113414764404, "Epoch 844 Step 20": 2.8798842430114746, "Epoch 844 Step 21": 2.893686056137085, "Epoch 844 Step 22": 2.887820243835449, "Epoch 844 Step 23": 2.8744051456451416, "Epoch 844 Step 24": 2.8906774520874023, "Epoch 844 Step 25": 2.882584571838379, "Epoch 844 Step 26": 2.875354290008545, "Epoch 844 Step 27": 2.8721795082092285, "Epoch 844 Step 28": 2.882024049758911, "Epoch 844 Step 29": 2.8876941204071045, "Epoch 844 Step 30": 2.8808717727661133, "Epoch 844 Step 31": 2.879025936126709, "Epoch 844 Step 32": 2.878317356109619, "Epoch 844 Step 33": 2.8763368129730225, "Epoch 844 Step 34": 2.887303352355957, "Epoch 844 Step 35": 2.8755383491516113, "Epoch 844 Step 36": 2.8922007083892822, "Epoch 844 Step 37": 2.8711886405944824, "Epoch 844 Step 38": 2.8754889965057373, "Epoch 844 Step 39": 2.878375291824341, "Epoch 844 Step 40": 2.8678860664367676, "Epoch 844 Step 41": 2.887169361114502, "Epoch 844 Step 42": 2.881361246109009, "Epoch 844 Step 43": 2.8871400356292725, "Epoch 844 Step 44": 2.8931474685668945, "Epoch 844 Step 45": 2.88736629486084, "Epoch 844 Step 46": 2.8791520595550537, "Epoch 844 Step 47": 2.8847522735595703, "Epoch 844 Step 48": 2.895394802093506, "Epoch 844 Step 49": 2.894040822982788, "Epoch 844 Step 50": 2.8932647705078125, "Epoch 844 Step 51": 2.8869833946228027, "Epoch 844 Step 52": 2.8858208656311035, "Epoch 844 Step 53": 2.8838460445404053, "Epoch 844 Step 54": 2.9041123390197754, "Epoch 844 Step 55": 2.8996400833129883, "Epoch 844 Step 56": 2.8961682319641113, "Epoch 844 Step 57": 2.8774943351745605, "Epoch 844 Step 58": 2.890841007232666, "Epoch 844 Step 59": 2.8958539962768555, "Epoch 844 Step 60": 2.8761277198791504, "Epoch 844 Step 61": 2.886317014694214, "Epoch 844 Step 62": 2.8870317935943604, "Epoch 844 Step 63": 2.89276385307312, "Epoch 844 Step 64": 2.897244453430176, "Epoch 844 Step 65": 2.882230758666992, "Epoch 844 Step 66": 2.8932902812957764, "Epoch 844 Step 67": 2.8785953521728516, "Epoch 844 Step 68": 2.885329246520996, "Epoch 844 Step 69": 2.878277063369751, "Epoch 844 Step 70": 2.893023729324341, "Epoch 844 Step 71": 2.8783435821533203, "Epoch 844 Step 72": 2.882786750793457, "Epoch 844 Step 73": 2.889319658279419, "Epoch 844 Step 74": 2.8730781078338623, "Epoch 844 Step 75": 2.8716533184051514, "Epoch 844 Step 76": 2.872737407684326, "Epoch 844 Step 77": 2.889080762863159, "Epoch 844 Step 78": 2.8819942474365234, "Epoch 844 Step 79": 2.877614974975586, "Epoch 844 Step 80": 2.8895606994628906, "Epoch 844 Step 81": 2.895015239715576, "Epoch 844 Step 82": 2.881190299987793, "Epoch 844 Step 83": 2.8763835430145264, "Epoch 844 Step 84": 2.887726068496704, "Epoch 844 Step 85": 2.891677141189575, "Epoch 844 Step 86": 2.8807945251464844, "Epoch 844 Step 87": 2.8816869258880615, "Epoch 844 Step 88": 2.877692699432373, "Epoch 844 Step 89": 2.8880455493927}