{"Epoch 425 Step 0": 2.90163254737854, "Epoch 425 Step 1": 2.900388479232788, "Epoch 425 Step 2": 2.875711679458618, "Epoch 425 Step 3": 2.8879215717315674, "Epoch 425 Step 4": 2.891941785812378, "Epoch 425 Step 5": 2.875092029571533, "Epoch 425 Step 6": 2.8867716789245605, "Epoch 425 Step 7": 2.887044668197632, "Epoch 425 Step 8": 2.8906540870666504, "Epoch 425 Step 9": 2.894749641418457, "Epoch 425 Step 10": 2.8813045024871826, "Epoch 425 Step 11": 2.8924009799957275, "Epoch 425 Step 12": 2.8783271312713623, "Epoch 425 Step 13": 2.884403705596924, "Epoch 425 Step 14": 2.8788297176361084, "Epoch 425 Step 15": 2.8914997577667236, "Epoch 425 Step 16": 2.877896547317505, "Epoch 425 Step 17": 2.8824644088745117, "Epoch 425 Step 18": 2.8887522220611572, "Epoch 425 Step 19": 2.8731939792633057, "Epoch 425 Step 20": 2.871556282043457, "Epoch 425 Step 21": 2.8719966411590576, "Epoch 425 Step 22": 2.888319730758667, "Epoch 425 Step 23": 2.882441520690918, "Epoch 425 Step 24": 2.877385377883911, "Epoch 425 Step 25": 2.8905928134918213, "Epoch 425 Step 26": 2.895550012588501, "Epoch 425 Step 27": 2.880138874053955, "Epoch 425 Step 28": 2.876070737838745, "Epoch 425 Step 29": 2.8874261379241943, "Epoch 425 Step 30": 2.8909804821014404, "Epoch 425 Step 31": 2.8807029724121094, "Epoch 425 Step 32": 2.8825631141662598, "Epoch 425 Step 33": 2.8779759407043457, "Epoch 425 Step 34": 2.887490749359131, "Epoch 425 Step 35": 2.873898506164551, "Epoch 425 Step 36": 2.8850934505462646, "Epoch 425 Step 37": 2.879298210144043, "Epoch 425 Step 38": 2.8831446170806885, "Epoch 425 Step 39": 2.8850245475769043, "Epoch 425 Step 40": 2.87109112739563, "Epoch 425 Step 41": 2.885040760040283, "Epoch 425 Step 42": 2.887948513031006, "Epoch 425 Step 43": 2.886721611022949, "Epoch 425 Step 44": 2.8902699947357178, "Epoch 425 Step 45": 2.8845274448394775, "Epoch 425 Step 46": 2.873037815093994, "Epoch 425 Step 47": 2.880988359451294, "Epoch 425 Step 48": 2.877253770828247, "Epoch 425 Step 49": 2.8830628395080566, "Epoch 425 Step 50": 2.8831753730773926, "Epoch 425 Step 51": 2.890488386154175, "Epoch 425 Step 52": 2.8850831985473633, "Epoch 425 Step 53": 2.8848350048065186, "Epoch 425 Step 54": 2.8814516067504883, "Epoch 425 Step 55": 2.8758106231689453, "Epoch 425 Step 56": 2.8793559074401855, "Epoch 425 Step 57": 2.893632411956787, "Epoch 425 Step 58": 2.887877941131592, "Epoch 425 Step 59": 2.873655319213867, "Epoch 425 Step 60": 2.890223979949951, "Epoch 425 Step 61": 2.8824715614318848, "Epoch 425 Step 62": 2.8759560585021973, "Epoch 425 Step 63": 2.873157501220703, "Epoch 425 Step 64": 2.88151216506958, "Epoch 425 Step 65": 2.887434482574463, "Epoch 425 Step 66": 2.880699872970581, "Epoch 425 Step 67": 2.879173994064331, "Epoch 425 Step 68": 2.878681182861328, "Epoch 425 Step 69": 2.8762106895446777, "Epoch 425 Step 70": 2.8881733417510986, "Epoch 425 Step 71": 2.873396396636963, "Epoch 425 Step 72": 2.891063690185547, "Epoch 425 Step 73": 2.8713159561157227, "Epoch 425 Step 74": 2.874401807785034, "Epoch 425 Step 75": 2.8794190883636475, "Epoch 425 Step 76": 2.8676841259002686, "Epoch 425 Step 77": 2.8872220516204834, "Epoch 425 Step 78": 2.8816113471984863, "Epoch 425 Step 79": 2.8868558406829834, "Epoch 425 Step 80": 2.893021821975708, "Epoch 425 Step 81": 2.8862805366516113, "Epoch 425 Step 82": 2.8789663314819336, "Epoch 425 Step 83": 2.885359525680542, "Epoch 425 Step 84": 2.8956239223480225, "Epoch 425 Step 85": 2.894374132156372, "Epoch 425 Step 86": 2.8930795192718506, "Epoch 425 Step 87": 2.887746572494507, "Epoch 425 Step 88": 2.88665509223938, "Epoch 425 Step 89": 2.884021043777466}