{"Epoch 777 Step 0": 2.8786580562591553, "Epoch 777 Step 1": 2.88529634475708, "Epoch 777 Step 2": 2.8785531520843506, "Epoch 777 Step 3": 2.893711566925049, "Epoch 777 Step 4": 2.8790924549102783, "Epoch 777 Step 5": 2.883510112762451, "Epoch 777 Step 6": 2.8888983726501465, "Epoch 777 Step 7": 2.873976707458496, "Epoch 777 Step 8": 2.8717844486236572, "Epoch 777 Step 9": 2.8730034828186035, "Epoch 777 Step 10": 2.8885538578033447, "Epoch 777 Step 11": 2.8821611404418945, "Epoch 777 Step 12": 2.877328872680664, "Epoch 777 Step 13": 2.889336109161377, "Epoch 777 Step 14": 2.8946378231048584, "Epoch 777 Step 15": 2.880491256713867, "Epoch 777 Step 16": 2.8760571479797363, "Epoch 777 Step 17": 2.887899160385132, "Epoch 777 Step 18": 2.891547918319702, "Epoch 777 Step 19": 2.881355047225952, "Epoch 777 Step 20": 2.88212513923645, "Epoch 777 Step 21": 2.8778483867645264, "Epoch 777 Step 22": 2.888561964035034, "Epoch 777 Step 23": 2.873627185821533, "Epoch 777 Step 24": 2.8860392570495605, "Epoch 777 Step 25": 2.879192590713501, "Epoch 777 Step 26": 2.882643699645996, "Epoch 777 Step 27": 2.8845765590667725, "Epoch 777 Step 28": 2.8715479373931885, "Epoch 777 Step 29": 2.8856732845306396, "Epoch 777 Step 30": 2.8876616954803467, "Epoch 777 Step 31": 2.8857674598693848, "Epoch 777 Step 32": 2.8897340297698975, "Epoch 777 Step 33": 2.884340524673462, "Epoch 777 Step 34": 2.8726143836975098, "Epoch 777 Step 35": 2.8810904026031494, "Epoch 777 Step 36": 2.876767158508301, "Epoch 777 Step 37": 2.882256269454956, "Epoch 777 Step 38": 2.883754014968872, "Epoch 777 Step 39": 2.8914244174957275, "Epoch 777 Step 40": 2.8850154876708984, "Epoch 777 Step 41": 2.885099411010742, "Epoch 777 Step 42": 2.8808515071868896, "Epoch 777 Step 43": 2.8756558895111084, "Epoch 777 Step 44": 2.879748821258545, "Epoch 777 Step 45": 2.894515037536621, "Epoch 777 Step 46": 2.8882579803466797, "Epoch 777 Step 47": 2.873652935028076, "Epoch 777 Step 48": 2.8907554149627686, "Epoch 777 Step 49": 2.8820698261260986, "Epoch 777 Step 50": 2.8765549659729004, "Epoch 777 Step 51": 2.8730950355529785, "Epoch 777 Step 52": 2.8828773498535156, "Epoch 777 Step 53": 2.887700319290161, "Epoch 777 Step 54": 2.880476474761963, "Epoch 777 Step 55": 2.878979444503784, "Epoch 777 Step 56": 2.8780486583709717, "Epoch 777 Step 57": 2.8765432834625244, "Epoch 777 Step 58": 2.8883824348449707, "Epoch 777 Step 59": 2.8754453659057617, "Epoch 777 Step 60": 2.8915200233459473, "Epoch 777 Step 61": 2.871046304702759, "Epoch 777 Step 62": 2.8744139671325684, "Epoch 777 Step 63": 2.879757881164551, "Epoch 777 Step 64": 2.8677585124969482, "Epoch 777 Step 65": 2.8869199752807617, "Epoch 777 Step 66": 2.8815789222717285, "Epoch 777 Step 67": 2.8868348598480225, "Epoch 777 Step 68": 2.8928401470184326, "Epoch 777 Step 69": 2.8862204551696777, "Epoch 777 Step 70": 2.8796463012695312, "Epoch 777 Step 71": 2.885545492172241, "Epoch 777 Step 72": 2.895806312561035, "Epoch 777 Step 73": 2.8955256938934326, "Epoch 777 Step 74": 2.8945624828338623, "Epoch 777 Step 75": 2.8875770568847656, "Epoch 777 Step 76": 2.8855624198913574, "Epoch 777 Step 77": 2.8835504055023193, "Epoch 777 Step 78": 2.9052200317382812, "Epoch 777 Step 79": 2.899751901626587, "Epoch 777 Step 80": 2.8977372646331787, "Epoch 777 Step 81": 2.8772592544555664, "Epoch 777 Step 82": 2.8907389640808105, "Epoch 777 Step 83": 2.8941853046417236, "Epoch 777 Step 84": 2.875046730041504, "Epoch 777 Step 85": 2.886842966079712, "Epoch 777 Step 86": 2.886969566345215, "Epoch 777 Step 87": 2.89208722114563, "Epoch 777 Step 88": 2.895725965499878, "Epoch 777 Step 89": 2.881420373916626}