{"Epoch 909 Step 0": 2.8763206005096436, "Epoch 909 Step 1": 2.873055934906006, "Epoch 909 Step 2": 2.881983995437622, "Epoch 909 Step 3": 2.8872687816619873, "Epoch 909 Step 4": 2.880324363708496, "Epoch 909 Step 5": 2.8784682750701904, "Epoch 909 Step 6": 2.8785884380340576, "Epoch 909 Step 7": 2.876678705215454, "Epoch 909 Step 8": 2.888601303100586, "Epoch 909 Step 9": 2.8755300045013428, "Epoch 909 Step 10": 2.8913304805755615, "Epoch 909 Step 11": 2.871000051498413, "Epoch 909 Step 12": 2.8744966983795166, "Epoch 909 Step 13": 2.879249095916748, "Epoch 909 Step 14": 2.867746591567993, "Epoch 909 Step 15": 2.8868255615234375, "Epoch 909 Step 16": 2.8813767433166504, "Epoch 909 Step 17": 2.886932611465454, "Epoch 909 Step 18": 2.893090009689331, "Epoch 909 Step 19": 2.8866848945617676, "Epoch 909 Step 20": 2.8787083625793457, "Epoch 909 Step 21": 2.8846333026885986, "Epoch 909 Step 22": 2.8950343132019043, "Epoch 909 Step 23": 2.8958892822265625, "Epoch 909 Step 24": 2.89490008354187, "Epoch 909 Step 25": 2.8881003856658936, "Epoch 909 Step 26": 2.8853471279144287, "Epoch 909 Step 27": 2.8819046020507812, "Epoch 909 Step 28": 2.906428337097168, "Epoch 909 Step 29": 2.899869918823242, "Epoch 909 Step 30": 2.899160385131836, "Epoch 909 Step 31": 2.8760898113250732, "Epoch 909 Step 32": 2.8882486820220947, "Epoch 909 Step 33": 2.89249587059021, "Epoch 909 Step 34": 2.8747916221618652, "Epoch 909 Step 35": 2.8870489597320557, "Epoch 909 Step 36": 2.8870315551757812, "Epoch 909 Step 37": 2.8912439346313477, "Epoch 909 Step 38": 2.8951995372772217, "Epoch 909 Step 39": 2.8818509578704834, "Epoch 909 Step 40": 2.8930771350860596, "Epoch 909 Step 41": 2.8789637088775635, "Epoch 909 Step 42": 2.884671926498413, "Epoch 909 Step 43": 2.8780839443206787, "Epoch 909 Step 44": 2.8910226821899414, "Epoch 909 Step 45": 2.8779544830322266, "Epoch 909 Step 46": 2.8841936588287354, "Epoch 909 Step 47": 2.8888392448425293, "Epoch 909 Step 48": 2.873218297958374, "Epoch 909 Step 49": 2.872652053833008, "Epoch 909 Step 50": 2.8716297149658203, "Epoch 909 Step 51": 2.8889291286468506, "Epoch 909 Step 52": 2.882723569869995, "Epoch 909 Step 53": 2.878397226333618, "Epoch 909 Step 54": 2.891199827194214, "Epoch 909 Step 55": 2.8957741260528564, "Epoch 909 Step 56": 2.880864143371582, "Epoch 909 Step 57": 2.876904010772705, "Epoch 909 Step 58": 2.8876144886016846, "Epoch 909 Step 59": 2.891922950744629, "Epoch 909 Step 60": 2.88063645362854, "Epoch 909 Step 61": 2.881431818008423, "Epoch 909 Step 62": 2.87766170501709, "Epoch 909 Step 63": 2.8880231380462646, "Epoch 909 Step 64": 2.874166488647461, "Epoch 909 Step 65": 2.8853964805603027, "Epoch 909 Step 66": 2.8797764778137207, "Epoch 909 Step 67": 2.8844964504241943, "Epoch 909 Step 68": 2.8871028423309326, "Epoch 909 Step 69": 2.8714780807495117, "Epoch 909 Step 70": 2.8855106830596924, "Epoch 909 Step 71": 2.8877265453338623, "Epoch 909 Step 72": 2.8871912956237793, "Epoch 909 Step 73": 2.889692783355713, "Epoch 909 Step 74": 2.8845012187957764, "Epoch 909 Step 75": 2.8726558685302734, "Epoch 909 Step 76": 2.8808188438415527, "Epoch 909 Step 77": 2.8773865699768066, "Epoch 909 Step 78": 2.8834068775177, "Epoch 909 Step 79": 2.882685422897339, "Epoch 909 Step 80": 2.8908655643463135, "Epoch 909 Step 81": 2.884964942932129, "Epoch 909 Step 82": 2.885249376296997, "Epoch 909 Step 83": 2.8815369606018066, "Epoch 909 Step 84": 2.8767306804656982, "Epoch 909 Step 85": 2.879687786102295, "Epoch 909 Step 86": 2.893996000289917, "Epoch 909 Step 87": 2.888242244720459, "Epoch 909 Step 88": 2.874314546585083, "Epoch 909 Step 89": 2.8908114433288574}