{"Epoch 853 Step 0": 2.8811564445495605, "Epoch 853 Step 1": 2.8763394355773926, "Epoch 853 Step 2": 2.8869385719299316, "Epoch 853 Step 3": 2.891700506210327, "Epoch 853 Step 4": 2.881378412246704, "Epoch 853 Step 5": 2.8830819129943848, "Epoch 853 Step 6": 2.8781886100769043, "Epoch 853 Step 7": 2.8876030445098877, "Epoch 853 Step 8": 2.874126672744751, "Epoch 853 Step 9": 2.8853745460510254, "Epoch 853 Step 10": 2.878786563873291, "Epoch 853 Step 11": 2.88274884223938, "Epoch 853 Step 12": 2.884809732437134, "Epoch 853 Step 13": 2.871262788772583, "Epoch 853 Step 14": 2.885413885116577, "Epoch 853 Step 15": 2.8878333568573, "Epoch 853 Step 16": 2.8855504989624023, "Epoch 853 Step 17": 2.889510154724121, "Epoch 853 Step 18": 2.884314775466919, "Epoch 853 Step 19": 2.8724398612976074, "Epoch 853 Step 20": 2.881747007369995, "Epoch 853 Step 21": 2.8776912689208984, "Epoch 853 Step 22": 2.882880926132202, "Epoch 853 Step 23": 2.8835411071777344, "Epoch 853 Step 24": 2.890517234802246, "Epoch 853 Step 25": 2.8845608234405518, "Epoch 853 Step 26": 2.8848838806152344, "Epoch 853 Step 27": 2.8810153007507324, "Epoch 853 Step 28": 2.874877452850342, "Epoch 853 Step 29": 2.8802525997161865, "Epoch 853 Step 30": 2.894256353378296, "Epoch 853 Step 31": 2.888376474380493, "Epoch 853 Step 32": 2.873818874359131, "Epoch 853 Step 33": 2.8903074264526367, "Epoch 853 Step 34": 2.8821659088134766, "Epoch 853 Step 35": 2.875667095184326, "Epoch 853 Step 36": 2.872518539428711, "Epoch 853 Step 37": 2.882835865020752, "Epoch 853 Step 38": 2.8878586292266846, "Epoch 853 Step 39": 2.8809101581573486, "Epoch 853 Step 40": 2.8796565532684326, "Epoch 853 Step 41": 2.8792316913604736, "Epoch 853 Step 42": 2.8757035732269287, "Epoch 853 Step 43": 2.888324499130249, "Epoch 853 Step 44": 2.874741315841675, "Epoch 853 Step 45": 2.89115309715271, "Epoch 853 Step 46": 2.8714935779571533, "Epoch 853 Step 47": 2.8746800422668457, "Epoch 853 Step 48": 2.8791658878326416, "Epoch 853 Step 49": 2.8682632446289062, "Epoch 853 Step 50": 2.886775255203247, "Epoch 853 Step 51": 2.881459951400757, "Epoch 853 Step 52": 2.8872010707855225, "Epoch 853 Step 53": 2.8931732177734375, "Epoch 853 Step 54": 2.8862924575805664, "Epoch 853 Step 55": 2.8783364295959473, "Epoch 853 Step 56": 2.8851006031036377, "Epoch 853 Step 57": 2.8959860801696777, "Epoch 853 Step 58": 2.893551826477051, "Epoch 853 Step 59": 2.8933770656585693, "Epoch 853 Step 60": 2.886754274368286, "Epoch 853 Step 61": 2.885679244995117, "Epoch 853 Step 62": 2.8828699588775635, "Epoch 853 Step 63": 2.9061620235443115, "Epoch 853 Step 64": 2.899567127227783, "Epoch 853 Step 65": 2.8975090980529785, "Epoch 853 Step 66": 2.877346992492676, "Epoch 853 Step 67": 2.8898911476135254, "Epoch 853 Step 68": 2.8920280933380127, "Epoch 853 Step 69": 2.874776840209961, "Epoch 853 Step 70": 2.887174129486084, "Epoch 853 Step 71": 2.889697790145874, "Epoch 853 Step 72": 2.894291877746582, "Epoch 853 Step 73": 2.896591901779175, "Epoch 853 Step 74": 2.881859302520752, "Epoch 853 Step 75": 2.891390800476074, "Epoch 853 Step 76": 2.879426956176758, "Epoch 853 Step 77": 2.8866519927978516, "Epoch 853 Step 78": 2.877747058868408, "Epoch 853 Step 79": 2.891575336456299, "Epoch 853 Step 80": 2.877856492996216, "Epoch 853 Step 81": 2.8830227851867676, "Epoch 853 Step 82": 2.8895721435546875, "Epoch 853 Step 83": 2.8736732006073, "Epoch 853 Step 84": 2.87253999710083, "Epoch 853 Step 85": 2.8738186359405518, "Epoch 853 Step 86": 2.889185905456543, "Epoch 853 Step 87": 2.8828346729278564, "Epoch 853 Step 88": 2.878009080886841, "Epoch 853 Step 89": 2.8881988525390625}