{"Epoch 618 Step 0": 2.893213987350464, "Epoch 618 Step 1": 2.887031316757202, "Epoch 618 Step 2": 2.8788177967071533, "Epoch 618 Step 3": 2.885374069213867, "Epoch 618 Step 4": 2.8953042030334473, "Epoch 618 Step 5": 2.8948631286621094, "Epoch 618 Step 6": 2.89308500289917, "Epoch 618 Step 7": 2.887990951538086, "Epoch 618 Step 8": 2.8865604400634766, "Epoch 618 Step 9": 2.8853607177734375, "Epoch 618 Step 10": 2.9038023948669434, "Epoch 618 Step 11": 2.9006142616271973, "Epoch 618 Step 12": 2.8980212211608887, "Epoch 618 Step 13": 2.8759453296661377, "Epoch 618 Step 14": 2.889333963394165, "Epoch 618 Step 15": 2.893789052963257, "Epoch 618 Step 16": 2.8752541542053223, "Epoch 618 Step 17": 2.886608123779297, "Epoch 618 Step 18": 2.8869690895080566, "Epoch 618 Step 19": 2.891561985015869, "Epoch 618 Step 20": 2.8955085277557373, "Epoch 618 Step 21": 2.8820700645446777, "Epoch 618 Step 22": 2.893646478652954, "Epoch 618 Step 23": 2.8785183429718018, "Epoch 618 Step 24": 2.885478973388672, "Epoch 618 Step 25": 2.87859845161438, "Epoch 618 Step 26": 2.8922977447509766, "Epoch 618 Step 27": 2.8778181076049805, "Epoch 618 Step 28": 2.8830950260162354, "Epoch 618 Step 29": 2.8885343074798584, "Epoch 618 Step 30": 2.8732640743255615, "Epoch 618 Step 31": 2.87165904045105, "Epoch 618 Step 32": 2.87272310256958, "Epoch 618 Step 33": 2.8884642124176025, "Epoch 618 Step 34": 2.882025718688965, "Epoch 618 Step 35": 2.8777687549591064, "Epoch 618 Step 36": 2.890127420425415, "Epoch 618 Step 37": 2.895514965057373, "Epoch 618 Step 38": 2.880150318145752, "Epoch 618 Step 39": 2.875744581222534, "Epoch 618 Step 40": 2.8880436420440674, "Epoch 618 Step 41": 2.8920154571533203, "Epoch 618 Step 42": 2.8802006244659424, "Epoch 618 Step 43": 2.881330728530884, "Epoch 618 Step 44": 2.8772783279418945, "Epoch 618 Step 45": 2.887896776199341, "Epoch 618 Step 46": 2.8738627433776855, "Epoch 618 Step 47": 2.8853707313537598, "Epoch 618 Step 48": 2.87910795211792, "Epoch 618 Step 49": 2.8831005096435547, "Epoch 618 Step 50": 2.884626626968384, "Epoch 618 Step 51": 2.8714945316314697, "Epoch 618 Step 52": 2.8850913047790527, "Epoch 618 Step 53": 2.887756824493408, "Epoch 618 Step 54": 2.8862338066101074, "Epoch 618 Step 55": 2.8896138668060303, "Epoch 618 Step 56": 2.8845114707946777, "Epoch 618 Step 57": 2.87225604057312, "Epoch 618 Step 58": 2.8807854652404785, "Epoch 618 Step 59": 2.8771326541900635, "Epoch 618 Step 60": 2.8830184936523438, "Epoch 618 Step 61": 2.883152484893799, "Epoch 618 Step 62": 2.891138792037964, "Epoch 618 Step 63": 2.885283946990967, "Epoch 618 Step 64": 2.8853046894073486, "Epoch 618 Step 65": 2.882089376449585, "Epoch 618 Step 66": 2.875767469406128, "Epoch 618 Step 67": 2.879810333251953, "Epoch 618 Step 68": 2.893735885620117, "Epoch 618 Step 69": 2.8881912231445312, "Epoch 618 Step 70": 2.8737199306488037, "Epoch 618 Step 71": 2.890509605407715, "Epoch 618 Step 72": 2.88244366645813, "Epoch 618 Step 73": 2.875241756439209, "Epoch 618 Step 74": 2.8722105026245117, "Epoch 618 Step 75": 2.8819730281829834, "Epoch 618 Step 76": 2.8878157138824463, "Epoch 618 Step 77": 2.8798153400421143, "Epoch 618 Step 78": 2.8784492015838623, "Epoch 618 Step 79": 2.87801194190979, "Epoch 618 Step 80": 2.876650094985962, "Epoch 618 Step 81": 2.8877081871032715, "Epoch 618 Step 82": 2.875102996826172, "Epoch 618 Step 83": 2.8911962509155273, "Epoch 618 Step 84": 2.8713042736053467, "Epoch 618 Step 85": 2.874943494796753, "Epoch 618 Step 86": 2.879551649093628, "Epoch 618 Step 87": 2.868408441543579, "Epoch 618 Step 88": 2.886658191680908, "Epoch 618 Step 89": 2.8816328048706055}