{"Epoch 761 Step 0": 2.8768012523651123, "Epoch 761 Step 1": 2.8876841068267822, "Epoch 761 Step 2": 2.8918795585632324, "Epoch 761 Step 3": 2.881380319595337, "Epoch 761 Step 4": 2.882265090942383, "Epoch 761 Step 5": 2.878162145614624, "Epoch 761 Step 6": 2.8875932693481445, "Epoch 761 Step 7": 2.873781204223633, "Epoch 761 Step 8": 2.885375499725342, "Epoch 761 Step 9": 2.879481554031372, "Epoch 761 Step 10": 2.8831276893615723, "Epoch 761 Step 11": 2.885296583175659, "Epoch 761 Step 12": 2.8718061447143555, "Epoch 761 Step 13": 2.8866634368896484, "Epoch 761 Step 14": 2.8880059719085693, "Epoch 761 Step 15": 2.886159896850586, "Epoch 761 Step 16": 2.8898329734802246, "Epoch 761 Step 17": 2.8844473361968994, "Epoch 761 Step 18": 2.872184991836548, "Epoch 761 Step 19": 2.881135940551758, "Epoch 761 Step 20": 2.8768563270568848, "Epoch 761 Step 21": 2.8824622631073, "Epoch 761 Step 22": 2.8831653594970703, "Epoch 761 Step 23": 2.8910908699035645, "Epoch 761 Step 24": 2.8852968215942383, "Epoch 761 Step 25": 2.88565993309021, "Epoch 761 Step 26": 2.8817355632781982, "Epoch 761 Step 27": 2.876190185546875, "Epoch 761 Step 28": 2.8797144889831543, "Epoch 761 Step 29": 2.894505500793457, "Epoch 761 Step 30": 2.8882534503936768, "Epoch 761 Step 31": 2.8741748332977295, "Epoch 761 Step 32": 2.8907053470611572, "Epoch 761 Step 33": 2.882425546646118, "Epoch 761 Step 34": 2.8753902912139893, "Epoch 761 Step 35": 2.872596263885498, "Epoch 761 Step 36": 2.882594347000122, "Epoch 761 Step 37": 2.8880364894866943, "Epoch 761 Step 38": 2.8804595470428467, "Epoch 761 Step 39": 2.8795595169067383, "Epoch 761 Step 40": 2.878340005874634, "Epoch 761 Step 41": 2.876193046569824, "Epoch 761 Step 42": 2.888002872467041, "Epoch 761 Step 43": 2.873948097229004, "Epoch 761 Step 44": 2.8915247917175293, "Epoch 761 Step 45": 2.871145486831665, "Epoch 761 Step 46": 2.8744750022888184, "Epoch 761 Step 47": 2.8793630599975586, "Epoch 761 Step 48": 2.8681728839874268, "Epoch 761 Step 49": 2.8865537643432617, "Epoch 761 Step 50": 2.8812386989593506, "Epoch 761 Step 51": 2.8868610858917236, "Epoch 761 Step 52": 2.893235683441162, "Epoch 761 Step 53": 2.886260986328125, "Epoch 761 Step 54": 2.878265857696533, "Epoch 761 Step 55": 2.8852202892303467, "Epoch 761 Step 56": 2.8956046104431152, "Epoch 761 Step 57": 2.893620014190674, "Epoch 761 Step 58": 2.892582654953003, "Epoch 761 Step 59": 2.8871395587921143, "Epoch 761 Step 60": 2.8867228031158447, "Epoch 761 Step 61": 2.884567975997925, "Epoch 761 Step 62": 2.90712833404541, "Epoch 761 Step 63": 2.899076461791992, "Epoch 761 Step 64": 2.899172306060791, "Epoch 761 Step 65": 2.8763418197631836, "Epoch 761 Step 66": 2.889660120010376, "Epoch 761 Step 67": 2.8938252925872803, "Epoch 761 Step 68": 2.8750529289245605, "Epoch 761 Step 69": 2.886383295059204, "Epoch 761 Step 70": 2.886906385421753, "Epoch 761 Step 71": 2.891934633255005, "Epoch 761 Step 72": 2.896303653717041, "Epoch 761 Step 73": 2.8816332817077637, "Epoch 761 Step 74": 2.8931145668029785, "Epoch 761 Step 75": 2.8781239986419678, "Epoch 761 Step 76": 2.8849525451660156, "Epoch 761 Step 77": 2.877556324005127, "Epoch 761 Step 78": 2.8925631046295166, "Epoch 761 Step 79": 2.8786706924438477, "Epoch 761 Step 80": 2.882791042327881, "Epoch 761 Step 81": 2.8888845443725586, "Epoch 761 Step 82": 2.873478412628174, "Epoch 761 Step 83": 2.8722290992736816, "Epoch 761 Step 84": 2.872462034225464, "Epoch 761 Step 85": 2.888296365737915, "Epoch 761 Step 86": 2.8816311359405518, "Epoch 761 Step 87": 2.877450704574585, "Epoch 761 Step 88": 2.890249252319336, "Epoch 761 Step 89": 2.8952627182006836}