{"Epoch 6 Step 0": 2.889894485473633, "Epoch 6 Step 1": 2.875410795211792, "Epoch 6 Step 2": 2.8868279457092285, "Epoch 6 Step 3": 2.878176689147949, "Epoch 6 Step 4": 2.8061158657073975, "Epoch 6 Step 5": 2.7679553031921387, "Epoch 6 Step 6": 2.862135410308838, "Epoch 6 Step 7": 2.8911473751068115, "Epoch 6 Step 8": 2.8700733184814453, "Epoch 6 Step 9": 2.8539485931396484, "Epoch 6 Step 10": 2.862426519393921, "Epoch 6 Step 11": 2.876246929168701, "Epoch 6 Step 12": 2.8762075901031494, "Epoch 6 Step 13": 2.8816630840301514, "Epoch 6 Step 14": 2.868361473083496, "Epoch 6 Step 15": 2.8818838596343994, "Epoch 6 Step 16": 2.8780012130737305, "Epoch 6 Step 17": 2.8410894870758057, "Epoch 6 Step 18": 2.848820924758911, "Epoch 6 Step 19": 2.8605270385742188, "Epoch 6 Step 20": 2.8637099266052246, "Epoch 6 Step 21": 2.8725168704986572, "Epoch 6 Step 22": 2.8691532611846924, "Epoch 6 Step 23": 2.87402606010437, "Epoch 6 Step 24": 2.8773398399353027, "Epoch 6 Step 25": 2.872135877609253, "Epoch 6 Step 26": 2.8868532180786133, "Epoch 6 Step 27": 2.8674209117889404, "Epoch 6 Step 28": 2.8753464221954346, "Epoch 6 Step 29": 2.884342670440674, "Epoch 6 Step 30": 2.8788466453552246, "Epoch 6 Step 31": 2.8777003288269043, "Epoch 6 Step 32": 2.877467393875122, "Epoch 6 Step 33": 2.861521005630493, "Epoch 6 Step 34": 2.8430566787719727, "Epoch 6 Step 35": 2.8668360710144043, "Epoch 6 Step 36": 2.876880645751953, "Epoch 6 Step 37": 2.8404946327209473, "Epoch 6 Step 38": 2.864288568496704, "Epoch 6 Step 39": 2.868689775466919, "Epoch 6 Step 40": 2.8547158241271973, "Epoch 6 Step 41": 2.88130521774292, "Epoch 6 Step 42": 2.8565258979797363, "Epoch 6 Step 43": 2.8747031688690186, "Epoch 6 Step 44": 2.856233596801758, "Epoch 6 Step 45": 2.8732645511627197, "Epoch 6 Step 46": 2.824481964111328, "Epoch 6 Step 47": 2.8841967582702637, "Epoch 6 Step 48": 2.850383758544922, "Epoch 6 Step 49": 2.8838253021240234, "Epoch 6 Step 50": 2.8676812648773193, "Epoch 6 Step 51": 2.847787618637085, "Epoch 6 Step 52": 2.8441193103790283, "Epoch 6 Step 53": 2.867253303527832, "Epoch 6 Step 54": 2.8560309410095215, "Epoch 6 Step 55": 2.8503499031066895, "Epoch 6 Step 56": 2.8826160430908203, "Epoch 6 Step 57": 2.8705854415893555, "Epoch 6 Step 58": 2.8608906269073486, "Epoch 6 Step 59": 2.8466429710388184, "Epoch 6 Step 60": 2.8607470989227295, "Epoch 6 Step 61": 2.860153913497925, "Epoch 6 Step 62": 2.836853265762329, "Epoch 6 Step 63": 2.8523199558258057, "Epoch 6 Step 64": 2.852707862854004, "Epoch 6 Step 65": 2.846552848815918, "Epoch 6 Step 66": 2.837871551513672, "Epoch 6 Step 67": 2.876438856124878, "Epoch 6 Step 68": 2.8503167629241943, "Epoch 6 Step 69": 2.884549617767334, "Epoch 6 Step 70": 2.862412929534912, "Epoch 6 Step 71": 2.8405492305755615, "Epoch 6 Step 72": 2.8792667388916016, "Epoch 6 Step 73": 2.8568427562713623, "Epoch 6 Step 74": 2.8637280464172363, "Epoch 6 Step 75": 2.8676812648773193, "Epoch 6 Step 76": 2.835984468460083, "Epoch 6 Step 77": 2.8815553188323975, "Epoch 6 Step 78": 2.8582589626312256, "Epoch 6 Step 79": 2.8777825832366943, "Epoch 6 Step 80": 2.8739757537841797, "Epoch 6 Step 81": 2.894979953765869, "Epoch 6 Step 82": 2.879272937774658, "Epoch 6 Step 83": 2.840118169784546, "Epoch 6 Step 84": 2.8752105236053467, "Epoch 6 Step 85": 2.860137701034546, "Epoch 6 Step 86": 2.851285696029663, "Epoch 6 Step 87": 2.8593974113464355, "Epoch 6 Step 88": 2.859891176223755, "Epoch 6 Step 89": 2.8796868324279785, "Epoch 6 Step 90": 2.865236282348633, "Epoch 6 Step 91": 2.881166934967041, "Epoch 6 Step 92": 2.8801729679107666, "Epoch 6 Step 93": 2.8800323009490967, "Epoch 6 Step 94": 2.8539750576019287, "Epoch 6 Step 95": 2.869035243988037, "Epoch 6 Step 96": 2.866702079772949, "Epoch 6 Step 97": 2.857799530029297, "Epoch 6 Step 98": 2.869262456893921, "Epoch 6 Step 99": 2.846544027328491, "Epoch 6 Step 100": 2.8710525035858154, "Epoch 6 Step 101": 2.8748233318328857, "Epoch 6 Step 102": 2.8218166828155518, "Epoch 6 Step 103": 2.860724687576294, "Epoch 6 Step 104": 2.850752353668213, "Epoch 6 Step 105": 2.868368625640869, "Epoch 6 Step 106": 2.8752615451812744, "Epoch 6 Step 107": 2.8493967056274414, "Epoch 6 Step 108": 2.8700764179229736, "Epoch 6 Step 109": 2.8252182006835938, "Epoch 6 Step 110": 2.8561644554138184, "Epoch 6 Step 111": 2.8772926330566406, "Epoch 6 Step 112": 2.8683087825775146, "Epoch 6 Step 113": 2.860799551010132, "Epoch 6 Step 114": 2.8525116443634033, "Epoch 6 Step 115": 2.870438814163208, "Epoch 6 Step 116": 2.853238105773926, "Epoch 6 Step 117": 2.8661458492279053, "Epoch 6 Step 118": 2.874897003173828, "Epoch 6 Step 119": 2.862443208694458, "Epoch 6 Step 120": 2.8609843254089355, "Epoch 6 Step 121": 2.860741376876831, "Epoch 6 Step 122": 2.840878963470459, "Epoch 6 Step 123": 2.8428428173065186, "Epoch 6 Step 124": 2.834113836288452, "Epoch 6 Step 125": 2.868053913116455, "Epoch 6 Step 126": 2.8752856254577637, "Epoch 6 Step 127": 2.8651459217071533, "Epoch 6 Step 128": 2.8617427349090576, "Epoch 6 Step 129": 2.8553380966186523, "Epoch 6 Step 130": 2.8735463619232178, "Epoch 6 Step 131": 2.8934543132781982, "Epoch 6 Step 132": 2.812044143676758, "Epoch 6 Step 133": 2.861445903778076, "Epoch 6 Step 134": 2.8558096885681152, "Epoch 6 Step 135": 2.879220724105835, "Epoch 6 Step 136": 2.8582377433776855, "Epoch 6 Step 137": 2.8808090686798096, "Epoch 6 Step 138": 2.855731248855591, "Epoch 6 Step 139": 2.8411660194396973, "Epoch 6 Step 140": 2.855997085571289, "Epoch 6 Step 141": 2.8677947521209717, "Epoch 6 Step 142": 2.8502378463745117, "Epoch 6 Step 143": 2.8806302547454834, "Epoch 6 Step 144": 2.864650011062622, "Epoch 6 Step 145": 2.830320119857788, "Epoch 6 Step 146": 2.8540897369384766, "Epoch 6 Step 147": 2.8570938110351562, "Epoch 6 Step 148": 2.857048749923706, "Epoch 6 Step 149": 2.8688859939575195, "Epoch 6 Step 150": 2.867333173751831, "Epoch 6 Step 151": 2.8687617778778076, "Epoch 6 Step 152": 2.822770357131958, "Epoch 6 Step 153": 2.8654773235321045, "Epoch 6 Step 154": 2.858994483947754, "Epoch 6 Step 155": 2.86771821975708, "Epoch 6 Step 156": 2.8659629821777344, "Epoch 6 Step 157": 2.8772428035736084, "Epoch 6 Step 158": 2.874067544937134, "Epoch 6 Step 159": 2.8545873165130615, "Epoch 6 Step 160": 2.880377769470215, "Epoch 6 Step 161": 2.875521183013916, "Epoch 6 Step 162": 2.865394115447998, "Epoch 6 Step 163": 2.86116099357605, "Epoch 6 Step 164": 2.8718526363372803, "Epoch 6 Step 165": 2.860538959503174, "Epoch 6 Step 166": 2.860769510269165, "Epoch 6 Step 167": 2.841635227203369, "Epoch 6 Step 168": 2.828253746032715, "Epoch 6 Step 169": 2.8729746341705322, "Epoch 6 Step 170": 2.850216865539551, "Epoch 6 Step 171": 2.8495535850524902, "Epoch 6 Step 172": 2.864743947982788, "Epoch 6 Step 173": 2.8960068225860596, "Epoch 6 Step 174": 2.8452086448669434, "Epoch 6 Step 175": 2.8718409538269043, "Epoch 6 Step 176": 2.8650460243225098, "Epoch 6 Step 177": 2.8772261142730713, "Epoch 6 Step 178": 2.8518621921539307, "Epoch 6 Step 179": 2.8617022037506104, "Epoch 6 Step 180": 2.837125539779663, "Epoch 6 Step 181": 2.8522887229919434, "Epoch 6 Step 182": 2.8592875003814697, "Epoch 6 Step 183": 2.8468782901763916, "Epoch 6 Step 184": 2.8877599239349365, "Epoch 6 Step 185": 2.862889051437378, "Epoch 6 Step 186": 2.8487141132354736, "Epoch 6 Step 187": 2.8677449226379395, "Epoch 6 Step 188": 2.868081569671631, "Epoch 6 Step 189": 2.8553383350372314, "Epoch 6 Step 190": 2.8482394218444824, "Epoch 6 Step 191": 2.8326101303100586, "Epoch 6 Step 192": 2.819948196411133, "Epoch 6 Step 193": 2.878275156021118, "Epoch 6 Step 194": 2.8538732528686523, "Epoch 6 Step 195": 2.8831253051757812, "Epoch 6 Step 196": 2.857605218887329, "Epoch 6 Step 197": 2.8683242797851562, "Epoch 6 Step 198": 2.8846240043640137, "Epoch 6 Step 199": 2.8592915534973145, "Epoch 6 Step 200": 2.858142375946045, "Epoch 6 Step 201": 2.869114398956299, "Epoch 6 Step 202": 2.84649658203125, "Epoch 6 Step 203": 2.8583905696868896, "Epoch 6 Step 204": 2.849196195602417,