{"Epoch 3 Step 0": 2.8761448860168457, "Epoch 3 Step 1": 2.8040707111358643, "Epoch 3 Step 2": 2.7601699829101562, "Epoch 3 Step 3": 2.877243995666504, "Epoch 3 Step 4": 2.8870787620544434, "Epoch 3 Step 5": 2.8695545196533203, "Epoch 3 Step 6": 2.8535666465759277, "Epoch 3 Step 7": 2.8642518520355225, "Epoch 3 Step 8": 2.878145456314087, "Epoch 3 Step 9": 2.876934051513672, "Epoch 3 Step 10": 2.8810651302337646, "Epoch 3 Step 11": 2.8671345710754395, "Epoch 3 Step 12": 2.8806300163269043, "Epoch 3 Step 13": 2.879619598388672, "Epoch 3 Step 14": 2.842130422592163, "Epoch 3 Step 15": 2.846240997314453, "Epoch 3 Step 16": 2.862825393676758, "Epoch 3 Step 17": 2.865628957748413, "Epoch 3 Step 18": 2.8750014305114746, "Epoch 3 Step 19": 2.870420455932617, "Epoch 3 Step 20": 2.8741230964660645, "Epoch 3 Step 21": 2.8747196197509766, "Epoch 3 Step 22": 2.8738818168640137, "Epoch 3 Step 23": 2.8866724967956543, "Epoch 3 Step 24": 2.8671531677246094, "Epoch 3 Step 25": 2.877380132675171, "Epoch 3 Step 26": 2.8861358165740967, "Epoch 3 Step 27": 2.8813419342041016, "Epoch 3 Step 28": 2.875819444656372, "Epoch 3 Step 29": 2.877717971801758, "Epoch 3 Step 30": 2.859591007232666, "Epoch 3 Step 31": 2.846294403076172, "Epoch 3 Step 32": 2.8670737743377686, "Epoch 3 Step 33": 2.8787028789520264, "Epoch 3 Step 34": 2.8431503772735596, "Epoch 3 Step 35": 2.866363763809204, "Epoch 3 Step 36": 2.8715758323669434, "Epoch 3 Step 37": 2.858286142349243, "Epoch 3 Step 38": 2.884955406188965, "Epoch 3 Step 39": 2.8578073978424072, "Epoch 3 Step 40": 2.8765294551849365, "Epoch 3 Step 41": 2.8563201427459717, "Epoch 3 Step 42": 2.8753085136413574, "Epoch 3 Step 43": 2.8270626068115234, "Epoch 3 Step 44": 2.88307785987854, "Epoch 3 Step 45": 2.8527190685272217, "Epoch 3 Step 46": 2.8855347633361816, "Epoch 3 Step 47": 2.8733010292053223, "Epoch 3 Step 48": 2.853987216949463, "Epoch 3 Step 49": 2.847503185272217, "Epoch 3 Step 50": 2.8653411865234375, "Epoch 3 Step 51": 2.8569319248199463, "Epoch 3 Step 52": 2.854813575744629, "Epoch 3 Step 53": 2.8851985931396484, "Epoch 3 Step 54": 2.8733837604522705, "Epoch 3 Step 55": 2.862013339996338, "Epoch 3 Step 56": 2.8468284606933594, "Epoch 3 Step 57": 2.862508535385132, "Epoch 3 Step 58": 2.8635854721069336, "Epoch 3 Step 59": 2.839081048965454, "Epoch 3 Step 60": 2.854405164718628, "Epoch 3 Step 61": 2.854567766189575, "Epoch 3 Step 62": 2.8483729362487793, "Epoch 3 Step 63": 2.838792562484741, "Epoch 3 Step 64": 2.8783960342407227, "Epoch 3 Step 65": 2.8526127338409424, "Epoch 3 Step 66": 2.884706497192383, "Epoch 3 Step 67": 2.8660025596618652, "Epoch 3 Step 68": 2.844047784805298, "Epoch 3 Step 69": 2.8787295818328857, "Epoch 3 Step 70": 2.856445789337158, "Epoch 3 Step 71": 2.866924285888672, "Epoch 3 Step 72": 2.868231773376465, "Epoch 3 Step 73": 2.8388237953186035, "Epoch 3 Step 74": 2.878603219985962, "Epoch 3 Step 75": 2.86289644241333, "Epoch 3 Step 76": 2.8790841102600098, "Epoch 3 Step 77": 2.8744382858276367, "Epoch 3 Step 78": 2.895418643951416, "Epoch 3 Step 79": 2.8809914588928223, "Epoch 3 Step 80": 2.8436527252197266, "Epoch 3 Step 81": 2.8794753551483154, "Epoch 3 Step 82": 2.861660957336426, "Epoch 3 Step 83": 2.8509998321533203, "Epoch 3 Step 84": 2.8588311672210693, "Epoch 3 Step 85": 2.8607990741729736, "Epoch 3 Step 86": 2.87949538230896, "Epoch 3 Step 87": 2.8657643795013428, "Epoch 3 Step 88": 2.8823530673980713, "Epoch 3 Step 89": 2.880040168762207, "Epoch 3 Step 90": 2.883971691131592, "Epoch 3 Step 91": 2.8570923805236816, "Epoch 3 Step 92": 2.872068166732788, "Epoch 3 Step 93": 2.8667805194854736, "Epoch 3 Step 94": 2.859391212463379, "Epoch 3 Step 95": 2.8693408966064453, "Epoch 3 Step 96": 2.8473448753356934, "Epoch 3 Step 97": 2.872523784637451, "Epoch 3 Step 98": 2.8747994899749756, "Epoch 3 Step 99": 2.8217811584472656, "Epoch 3 Step 100": 2.8619110584259033, "Epoch 3 Step 101": 2.85506272315979, "Epoch 3 Step 102": 2.8693931102752686, "Epoch 3 Step 103": 2.873262882232666, "Epoch 3 Step 104": 2.849311113357544, "Epoch 3 Step 105": 2.8699042797088623, "Epoch 3 Step 106": 2.8255045413970947, "Epoch 3 Step 107": 2.8570141792297363, "Epoch 3 Step 108": 2.8801891803741455, "Epoch 3 Step 109": 2.869953155517578, "Epoch 3 Step 110": 2.860257863998413, "Epoch 3 Step 111": 2.852067470550537, "Epoch 3 Step 112": 2.8699264526367188, "Epoch 3 Step 113": 2.856165647506714, "Epoch 3 Step 114": 2.866257429122925, "Epoch 3 Step 115": 2.874589681625366, "Epoch 3 Step 116": 2.8648881912231445, "Epoch 3 Step 117": 2.863693952560425, "Epoch 3 Step 118": 2.8622334003448486, "Epoch 3 Step 119": 2.8424816131591797, "Epoch 3 Step 120": 2.843649387359619, "Epoch 3 Step 121": 2.834967613220215, "Epoch 3 Step 122": 2.8689661026000977, "Epoch 3 Step 123": 2.8729631900787354, "Epoch 3 Step 124": 2.8655056953430176, "Epoch 3 Step 125": 2.862469434738159, "Epoch 3 Step 126": 2.853424072265625, "Epoch 3 Step 127": 2.877809762954712, "Epoch 3 Step 128": 2.8961594104766846, "Epoch 3 Step 129": 2.8141582012176514, "Epoch 3 Step 130": 2.8647620677948, "Epoch 3 Step 131": 2.8569276332855225, "Epoch 3 Step 132": 2.882716655731201, "Epoch 3 Step 133": 2.8610177040100098, "Epoch 3 Step 134": 2.884603500366211, "Epoch 3 Step 135": 2.858140707015991, "Epoch 3 Step 136": 2.8444747924804688, "Epoch 3 Step 137": 2.8551623821258545, "Epoch 3 Step 138": 2.8696155548095703, "Epoch 3 Step 139": 2.8508591651916504, "Epoch 3 Step 140": 2.8827321529388428, "Epoch 3 Step 141": 2.86795973777771, "Epoch 3 Step 142": 2.8262977600097656, "Epoch 3 Step 143": 2.855722188949585, "Epoch 3 Step 144": 2.859104871749878, "Epoch 3 Step 145": 2.85902738571167, "Epoch 3 Step 146": 2.872873544692993, "Epoch 3 Step 147": 2.8691136837005615, "Epoch 3 Step 148": 2.869554042816162, "Epoch 3 Step 149": 2.830491065979004, "Epoch 3 Step 150": 2.865969657897949, "Epoch 3 Step 151": 2.8599369525909424, "Epoch 3 Step 152": 2.8693482875823975, "Epoch 3 Step 153": 2.867950916290283, "Epoch 3 Step 154": 2.8789455890655518, "Epoch 3 Step 155": 2.8746204376220703, "Epoch 3 Step 156": 2.857485294342041, "Epoch 3 Step 157": 2.881824016571045, "Epoch 3 Step 158": 2.875161647796631, "Epoch 3 Step 159": 2.865419864654541, "Epoch 3 Step 160": 2.8628010749816895, "Epoch 3 Step 161": 2.8733835220336914, "Epoch 3 Step 162": 2.860888957977295, "Epoch 3 Step 163": 2.860884189605713, "Epoch 3 Step 164": 2.848459243774414, "Epoch 3 Step 165": 2.827923059463501, "Epoch 3 Step 166": 2.8728978633880615, "Epoch 3 Step 167": 2.8513379096984863, "Epoch 3 Step 168": 2.8520493507385254, "Epoch 3 Step 169": 2.8641602993011475, "Epoch 3 Step 170": 2.8965868949890137, "Epoch 3 Step 171": 2.8493196964263916, "Epoch 3 Step 172": 2.8740594387054443, "Epoch 3 Step 173": 2.8661324977874756, "Epoch 3 Step 174": 2.873577117919922, "Epoch 3 Step 175": 2.8516924381256104, "Epoch 3 Step 176": 2.862015962600708, "Epoch 3 Step 177": 2.838386058807373, "Epoch 3 Step 178": 2.8553528785705566, "Epoch 3 Step 179": 2.8629324436187744, "Epoch 3 Step 180": 2.8493494987487793, "Epoch 3 Step 181": 2.8858673572540283, "Epoch 3 Step 182": 2.863875389099121, "Epoch 3 Step 183": 2.8547637462615967, "Epoch 3 Step 184": 2.866866111755371, "Epoch 3 Step 185": 2.8693976402282715, "Epoch 3 Step 186": 2.8577466011047363, "Epoch 3 Step 187": 2.8505680561065674, "Epoch 3 Step 188": 2.8356120586395264, "Epoch 3 Step 189": 2.8260035514831543, "Epoch 3 Step 190": 2.8805530071258545, "Epoch 3 Step 191": 2.85819673538208, "Epoch 3 Step 192": 2.885554075241089, "Epoch 3 Step 193": 2.862257957458496, "Epoch 3 Step 194": 2.8728606700897217, "Epoch 3 Step 195": 2.8820619583129883, "Epoch 3 Step 196": 2.860199213027954, "Epoch 3 Step 197": 2.8581786155700684, "Epoch 3 Step 198": 2.8688337802886963, "Epoch 3 Step 199": 2.84708833694458, "Epoch 3 Step 200": 2.8557472229003906, "Epoch 3 Step 201": 2.8487300872802734, "Epoch 3 Step 202": 2.852926254272461, "Epoch 3 Step 203": 2.8422319889068604, "Epoch 3 Step 204": 2.862717628479004,