{"Epoch 16 Step 0": 2.8758575916290283, "Epoch 16 Step 1": 2.8781392574310303, "Epoch 16 Step 2": 2.8690009117126465, "Epoch 16 Step 3": 2.866154193878174, "Epoch 16 Step 4": 2.8773746490478516, "Epoch 16 Step 5": 2.884446859359741, "Epoch 16 Step 6": 2.806103229522705, "Epoch 16 Step 7": 2.8492369651794434, "Epoch 16 Step 8": 2.8223278522491455, "Epoch 16 Step 9": 2.8553740978240967, "Epoch 16 Step 10": 2.880113363265991, "Epoch 16 Step 11": 2.874023199081421, "Epoch 16 Step 12": 2.882389545440674, "Epoch 16 Step 13": 2.8715128898620605, "Epoch 16 Step 14": 2.80954909324646, "Epoch 16 Step 15": 2.7729477882385254, "Epoch 16 Step 16": 2.8452413082122803, "Epoch 16 Step 17": 2.88606595993042, "Epoch 16 Step 18": 2.869929075241089, "Epoch 16 Step 19": 2.8541808128356934, "Epoch 16 Step 20": 2.8607077598571777, "Epoch 16 Step 21": 2.875959873199463, "Epoch 16 Step 22": 2.880720853805542, "Epoch 16 Step 23": 2.8823304176330566, "Epoch 16 Step 24": 2.8718206882476807, "Epoch 16 Step 25": 2.8813514709472656, "Epoch 16 Step 26": 2.880214214324951, "Epoch 16 Step 27": 2.8371660709381104, "Epoch 16 Step 28": 2.8454463481903076, "Epoch 16 Step 29": 2.8560643196105957, "Epoch 16 Step 30": 2.8605551719665527, "Epoch 16 Step 31": 2.874687433242798, "Epoch 16 Step 32": 2.868471622467041, "Epoch 16 Step 33": 2.874272346496582, "Epoch 16 Step 34": 2.8755767345428467, "Epoch 16 Step 35": 2.869637966156006, "Epoch 16 Step 36": 2.884911060333252, "Epoch 16 Step 37": 2.8654325008392334, "Epoch 16 Step 38": 2.8782429695129395, "Epoch 16 Step 39": 2.8828065395355225, "Epoch 16 Step 40": 2.8787081241607666, "Epoch 16 Step 41": 2.873337507247925, "Epoch 16 Step 42": 2.876812219619751, "Epoch 16 Step 43": 2.8613474369049072, "Epoch 16 Step 44": 2.8392951488494873, "Epoch 16 Step 45": 2.8638734817504883, "Epoch 16 Step 46": 2.8736913204193115, "Epoch 16 Step 47": 2.8433072566986084, "Epoch 16 Step 48": 2.8608038425445557, "Epoch 16 Step 49": 2.8633437156677246, "Epoch 16 Step 50": 2.8485729694366455, "Epoch 16 Step 51": 2.882155179977417, "Epoch 16 Step 52": 2.855759620666504, "Epoch 16 Step 53": 2.8723533153533936, "Epoch 16 Step 54": 2.8543806076049805, "Epoch 16 Step 55": 2.8710150718688965, "Epoch 16 Step 56": 2.8232600688934326, "Epoch 16 Step 57": 2.883955955505371, "Epoch 16 Step 58": 2.848968982696533, "Epoch 16 Step 59": 2.8809146881103516, "Epoch 16 Step 60": 2.8667232990264893, "Epoch 16 Step 61": 2.8484530448913574, "Epoch 16 Step 62": 2.8446884155273438, "Epoch 16 Step 63": 2.863960027694702, "Epoch 16 Step 64": 2.8525888919830322, "Epoch 16 Step 65": 2.8465943336486816, "Epoch 16 Step 66": 2.881309986114502, "Epoch 16 Step 67": 2.8686773777008057, "Epoch 16 Step 68": 2.860172748565674, "Epoch 16 Step 69": 2.8444318771362305, "Epoch 16 Step 70": 2.85844349861145, "Epoch 16 Step 71": 2.8592770099639893, "Epoch 16 Step 72": 2.835299015045166, "Epoch 16 Step 73": 2.8515360355377197, "Epoch 16 Step 74": 2.8504621982574463, "Epoch 16 Step 75": 2.8426663875579834, "Epoch 16 Step 76": 2.8376386165618896, "Epoch 16 Step 77": 2.8713817596435547, "Epoch 16 Step 78": 2.843752145767212, "Epoch 16 Step 79": 2.8788552284240723, "Epoch 16 Step 80": 2.860103130340576, "Epoch 16 Step 81": 2.836904525756836, "Epoch 16 Step 82": 2.8745784759521484, "Epoch 16 Step 83": 2.8520758152008057, "Epoch 16 Step 84": 2.8596503734588623, "Epoch 16 Step 85": 2.8618643283843994, "Epoch 16 Step 86": 2.831951379776001, "Epoch 16 Step 87": 2.8781542778015137, "Epoch 16 Step 88": 2.8577773571014404, "Epoch 16 Step 89": 2.879031181335449, "Epoch 16 Step 90": 2.872457981109619, "Epoch 16 Step 91": 2.8932909965515137, "Epoch 16 Step 92": 2.878575325012207, "Epoch 16 Step 93": 2.8342251777648926, "Epoch 16 Step 94": 2.86987042427063, "Epoch 16 Step 95": 2.8591349124908447, "Epoch 16 Step 96": 2.8490705490112305, "Epoch 16 Step 97": 2.8608622550964355, "Epoch 16 Step 98": 2.856879949569702, "Epoch 16 Step 99": 2.8766379356384277, "Epoch 16 Step 100": 2.8618412017822266, "Epoch 16 Step 101": 2.8771936893463135, "Epoch 16 Step 102": 2.876518487930298, "Epoch 16 Step 103": 2.8789663314819336, "Epoch 16 Step 104": 2.857302188873291, "Epoch 16 Step 105": 2.867969512939453, "Epoch 16 Step 106": 2.862910509109497, "Epoch 16 Step 107": 2.857064962387085, "Epoch 16 Step 108": 2.868037700653076, "Epoch 16 Step 109": 2.8452720642089844, "Epoch 16 Step 110": 2.8681209087371826, "Epoch 16 Step 111": 2.873187303543091, "Epoch 16 Step 112": 2.816823720932007, "Epoch 16 Step 113": 2.8554811477661133, "Epoch 16 Step 114": 2.8488316535949707, "Epoch 16 Step 115": 2.8635129928588867, "Epoch 16 Step 116": 2.874256134033203, "Epoch 16 Step 117": 2.8455374240875244, "Epoch 16 Step 118": 2.8659470081329346, "Epoch 16 Step 119": 2.819132089614868, "Epoch 16 Step 120": 2.851975917816162, "Epoch 16 Step 121": 2.874377965927124, "Epoch 16 Step 122": 2.867215633392334, "Epoch 16 Step 123": 2.857677698135376, "Epoch 16 Step 124": 2.850825548171997, "Epoch 16 Step 125": 2.8643219470977783, "Epoch 16 Step 126": 2.8512156009674072, "Epoch 16 Step 127": 2.8618900775909424, "Epoch 16 Step 128": 2.868730068206787, "Epoch 16 Step 129": 2.864049196243286, "Epoch 16 Step 130": 2.855665683746338, "Epoch 16 Step 131": 2.8619167804718018, "Epoch 16 Step 132": 2.834981918334961, "Epoch 16 Step 133": 2.8423283100128174, "Epoch 16 Step 134": 2.832901954650879, "Epoch 16 Step 135": 2.868506669998169, "Epoch 16 Step 136": 2.8710777759552, "Epoch 16 Step 137": 2.862274408340454, "Epoch 16 Step 138": 2.8594441413879395, "Epoch 16 Step 139": 2.852036237716675, "Epoch 16 Step 140": 2.872729539871216, "Epoch 16 Step 141": 2.891526699066162, "Epoch 16 Step 142": 2.8109023571014404, "Epoch 16 Step 143": 2.860708236694336, "Epoch 16 Step 144": 2.85201358795166, "Epoch 16 Step 145": 2.877293586730957, "Epoch 16 Step 146": 2.859208822250366, "Epoch 16 Step 147": 2.8798067569732666, "Epoch 16 Step 148": 2.852691650390625, "Epoch 16 Step 149": 2.840885639190674, "Epoch 16 Step 150": 2.853753089904785, "Epoch 16 Step 151": 2.8668768405914307, "Epoch 16 Step 152": 2.8500752449035645, "Epoch 16 Step 153": 2.875171422958374, "Epoch 16 Step 154": 2.8601930141448975, "Epoch 16 Step 155": 2.825927734375, "Epoch 16 Step 156": 2.8496029376983643, "Epoch 16 Step 157": 2.855470657348633, "Epoch 16 Step 158": 2.855288028717041, "Epoch 16 Step 159": 2.869433879852295, "Epoch 16 Step 160": 2.8649749755859375, "Epoch 16 Step 161": 2.867497444152832, "Epoch 16 Step 162": 2.8146822452545166, "Epoch 16 Step 163": 2.861680746078491, "Epoch 16 Step 164": 2.8578567504882812, "Epoch 16 Step 165": 2.862250804901123, "Epoch 16 Step 166": 2.8638076782226562, "Epoch 16 Step 167": 2.875372886657715, "Epoch 16 Step 168": 2.870201587677002, "Epoch 16 Step 169": 2.8517656326293945, "Epoch 16 Step 170": 2.8797800540924072, "Epoch 16 Step 171": 2.8751912117004395, "Epoch 16 Step 172": 2.863820791244507, "Epoch 16 Step 173": 2.859915256500244, "Epoch 16 Step 174": 2.8687283992767334, "Epoch 16 Step 175": 2.860626220703125, "Epoch 16 Step 176": 2.8600358963012695, "Epoch 16 Step 177": 2.8378169536590576, "Epoch 16 Step 178": 2.8218460083007812, "Epoch 16 Step 179": 2.8699405193328857, "Epoch 16 Step 180": 2.8500595092773438, "Epoch 16 Step 181": 2.848493814468384, "Epoch 16 Step 182": 2.8627536296844482, "Epoch 16 Step 183": 2.8938913345336914, "Epoch 16 Step 184": 2.846104860305786, "Epoch 16 Step 185": 2.8687167167663574, "Epoch 16 Step 186": 2.8619308471679688, "Epoch 16 Step 187": 2.8691153526306152, "Epoch 16 Step 188": 2.8495278358459473, "Epoch 16 Step 189": 2.859523296356201, "Epoch 16 Step 190": 2.836057662963867, "Epoch 16 Step 191": 2.8520569801330566, "Epoch 16 Step 192": 2.8578617572784424, "Epoch 16 Step 193": 2.846163749694824, "Epoch 16 Step 194": 2.8856661319732666, "Epoch 16 Step 195": 2.859306812286377, "Epoch 16 Step 196": 2.8497743606567383, "Epoch 16 Step 197": 2.8629415035247803, "Epoch 16 Step 198": 2.8655848503112793, "Epoch 16 Step 199": 2.853745937347412,