{"Epoch 520 Step 0": 2.888249635696411, "Epoch 520 Step 1": 2.8863413333892822, "Epoch 520 Step 2": 2.882636308670044, "Epoch 520 Step 3": 2.9045345783233643, "Epoch 520 Step 4": 2.9007742404937744, "Epoch 520 Step 5": 2.8989343643188477, "Epoch 520 Step 6": 2.8754210472106934, "Epoch 520 Step 7": 2.888355255126953, "Epoch 520 Step 8": 2.8928208351135254, "Epoch 520 Step 9": 2.874906301498413, "Epoch 520 Step 10": 2.8864803314208984, "Epoch 520 Step 11": 2.8867781162261963, "Epoch 520 Step 12": 2.891295909881592, "Epoch 520 Step 13": 2.895454168319702, "Epoch 520 Step 14": 2.8814516067504883, "Epoch 520 Step 15": 2.8930044174194336, "Epoch 520 Step 16": 2.8779242038726807, "Epoch 520 Step 17": 2.8842883110046387, "Epoch 520 Step 18": 2.8781015872955322, "Epoch 520 Step 19": 2.8922481536865234, "Epoch 520 Step 20": 2.8781044483184814, "Epoch 520 Step 21": 2.8828446865081787, "Epoch 520 Step 22": 2.8881468772888184, "Epoch 520 Step 23": 2.873053550720215, "Epoch 520 Step 24": 2.871612310409546, "Epoch 520 Step 25": 2.8721799850463867, "Epoch 520 Step 26": 2.8883512020111084, "Epoch 520 Step 27": 2.8817901611328125, "Epoch 520 Step 28": 2.8774361610412598, "Epoch 520 Step 29": 2.8902790546417236, "Epoch 520 Step 30": 2.8959782123565674, "Epoch 520 Step 31": 2.8805599212646484, "Epoch 520 Step 32": 2.875906229019165, "Epoch 520 Step 33": 2.8873438835144043, "Epoch 520 Step 34": 2.8917088508605957, "Epoch 520 Step 35": 2.8804383277893066, "Epoch 520 Step 36": 2.882147789001465, "Epoch 520 Step 37": 2.8779804706573486, "Epoch 520 Step 38": 2.8875415325164795, "Epoch 520 Step 39": 2.8736231327056885, "Epoch 520 Step 40": 2.885061264038086, "Epoch 520 Step 41": 2.8792500495910645, "Epoch 520 Step 42": 2.883002519607544, "Epoch 520 Step 43": 2.884871006011963, "Epoch 520 Step 44": 2.8709404468536377, "Epoch 520 Step 45": 2.885039806365967, "Epoch 520 Step 46": 2.888232469558716, "Epoch 520 Step 47": 2.8863277435302734, "Epoch 520 Step 48": 2.889662265777588, "Epoch 520 Step 49": 2.884345054626465, "Epoch 520 Step 50": 2.8720712661743164, "Epoch 520 Step 51": 2.8814594745635986, "Epoch 520 Step 52": 2.8775076866149902, "Epoch 520 Step 53": 2.883291721343994, "Epoch 520 Step 54": 2.882838010787964, "Epoch 520 Step 55": 2.8901968002319336, "Epoch 520 Step 56": 2.884913682937622, "Epoch 520 Step 57": 2.88494610786438, "Epoch 520 Step 58": 2.881251096725464, "Epoch 520 Step 59": 2.875394344329834, "Epoch 520 Step 60": 2.879727840423584, "Epoch 520 Step 61": 2.893965005874634, "Epoch 520 Step 62": 2.8879806995391846, "Epoch 520 Step 63": 2.874133586883545, "Epoch 520 Step 64": 2.8904850482940674, "Epoch 520 Step 65": 2.882049560546875, "Epoch 520 Step 66": 2.875462532043457, "Epoch 520 Step 67": 2.871917247772217, "Epoch 520 Step 68": 2.8827290534973145, "Epoch 520 Step 69": 2.888188123703003, "Epoch 520 Step 70": 2.880570888519287, "Epoch 520 Step 71": 2.8790414333343506, "Epoch 520 Step 72": 2.8784139156341553, "Epoch 520 Step 73": 2.8765716552734375, "Epoch 520 Step 74": 2.8877573013305664, "Epoch 520 Step 75": 2.8745172023773193, "Epoch 520 Step 76": 2.8912012577056885, "Epoch 520 Step 77": 2.8715925216674805, "Epoch 520 Step 78": 2.874932050704956, "Epoch 520 Step 79": 2.8797295093536377, "Epoch 520 Step 80": 2.868540048599243, "Epoch 520 Step 81": 2.8869290351867676, "Epoch 520 Step 82": 2.8816897869110107, "Epoch 520 Step 83": 2.8868110179901123, "Epoch 520 Step 84": 2.8933212757110596, "Epoch 520 Step 85": 2.8865838050842285, "Epoch 520 Step 86": 2.8785200119018555, "Epoch 520 Step 87": 2.884917974472046, "Epoch 520 Step 88": 2.895728349685669, "Epoch 520 Step 89": 2.894670248031616}