{"Epoch 527 Step 0": 2.8931853771209717, "Epoch 527 Step 1": 2.8861801624298096, "Epoch 527 Step 2": 2.878694772720337, "Epoch 527 Step 3": 2.885423183441162, "Epoch 527 Step 4": 2.895458936691284, "Epoch 527 Step 5": 2.894008159637451, "Epoch 527 Step 6": 2.8930001258850098, "Epoch 527 Step 7": 2.8873870372772217, "Epoch 527 Step 8": 2.8859145641326904, "Epoch 527 Step 9": 2.8837013244628906, "Epoch 527 Step 10": 2.9055564403533936, "Epoch 527 Step 11": 2.9007701873779297, "Epoch 527 Step 12": 2.8977205753326416, "Epoch 527 Step 13": 2.8756353855133057, "Epoch 527 Step 14": 2.888705253601074, "Epoch 527 Step 15": 2.8925299644470215, "Epoch 527 Step 16": 2.8748881816864014, "Epoch 527 Step 17": 2.8863251209259033, "Epoch 527 Step 18": 2.887059450149536, "Epoch 527 Step 19": 2.8922221660614014, "Epoch 527 Step 20": 2.8966526985168457, "Epoch 527 Step 21": 2.8820908069610596, "Epoch 527 Step 22": 2.8936803340911865, "Epoch 527 Step 23": 2.8783419132232666, "Epoch 527 Step 24": 2.884782075881958, "Epoch 527 Step 25": 2.877720832824707, "Epoch 527 Step 26": 2.8918235301971436, "Epoch 527 Step 27": 2.8782057762145996, "Epoch 527 Step 28": 2.883037805557251, "Epoch 527 Step 29": 2.888399839401245, "Epoch 527 Step 30": 2.8732035160064697, "Epoch 527 Step 31": 2.8719162940979004, "Epoch 527 Step 32": 2.8718461990356445, "Epoch 527 Step 33": 2.88824200630188, "Epoch 527 Step 34": 2.881744146347046, "Epoch 527 Step 35": 2.8779022693634033, "Epoch 527 Step 36": 2.890367269515991, "Epoch 527 Step 37": 2.8956706523895264, "Epoch 527 Step 38": 2.8808088302612305, "Epoch 527 Step 39": 2.875701665878296, "Epoch 527 Step 40": 2.8875114917755127, "Epoch 527 Step 41": 2.8919851779937744, "Epoch 527 Step 42": 2.88065767288208, "Epoch 527 Step 43": 2.8815102577209473, "Epoch 527 Step 44": 2.8778669834136963, "Epoch 527 Step 45": 2.8879568576812744, "Epoch 527 Step 46": 2.873633623123169, "Epoch 527 Step 47": 2.8854405879974365, "Epoch 527 Step 48": 2.879087209701538, "Epoch 527 Step 49": 2.883056879043579, "Epoch 527 Step 50": 2.8846778869628906, "Epoch 527 Step 51": 2.8712191581726074, "Epoch 527 Step 52": 2.8853821754455566, "Epoch 527 Step 53": 2.8876798152923584, "Epoch 527 Step 54": 2.8857455253601074, "Epoch 527 Step 55": 2.889312744140625, "Epoch 527 Step 56": 2.8844289779663086, "Epoch 527 Step 57": 2.8724520206451416, "Epoch 527 Step 58": 2.880882740020752, "Epoch 527 Step 59": 2.8775687217712402, "Epoch 527 Step 60": 2.882977247238159, "Epoch 527 Step 61": 2.8832340240478516, "Epoch 527 Step 62": 2.8904495239257812, "Epoch 527 Step 63": 2.8846662044525146, "Epoch 527 Step 64": 2.8848400115966797, "Epoch 527 Step 65": 2.881483554840088, "Epoch 527 Step 66": 2.8753104209899902, "Epoch 527 Step 67": 2.8793487548828125, "Epoch 527 Step 68": 2.893873453140259, "Epoch 527 Step 69": 2.8880698680877686, "Epoch 527 Step 70": 2.8735580444335938, "Epoch 527 Step 71": 2.8903329372406006, "Epoch 527 Step 72": 2.8822271823883057, "Epoch 527 Step 73": 2.8752360343933105, "Epoch 527 Step 74": 2.8719568252563477, "Epoch 527 Step 75": 2.8825082778930664, "Epoch 527 Step 76": 2.8880348205566406, "Epoch 527 Step 77": 2.8802385330200195, "Epoch 527 Step 78": 2.87864089012146, "Epoch 527 Step 79": 2.877922534942627, "Epoch 527 Step 80": 2.876502275466919, "Epoch 527 Step 81": 2.887223958969116, "Epoch 527 Step 82": 2.8741254806518555, "Epoch 527 Step 83": 2.891167640686035, "Epoch 527 Step 84": 2.871523141860962, "Epoch 527 Step 85": 2.874401807785034, "Epoch 527 Step 86": 2.879145860671997, "Epoch 527 Step 87": 2.867753505706787, "Epoch 527 Step 88": 2.8866846561431885, "Epoch 527 Step 89": 2.8816335201263428}