{"Epoch 831 Step 0": 2.882573127746582, "Epoch 831 Step 1": 2.882972478866577, "Epoch 831 Step 2": 2.8906126022338867, "Epoch 831 Step 3": 2.885014295578003, "Epoch 831 Step 4": 2.8857176303863525, "Epoch 831 Step 5": 2.8813459873199463, "Epoch 831 Step 6": 2.875638961791992, "Epoch 831 Step 7": 2.8795361518859863, "Epoch 831 Step 8": 2.8942997455596924, "Epoch 831 Step 9": 2.8881845474243164, "Epoch 831 Step 10": 2.874070882797241, "Epoch 831 Step 11": 2.890713691711426, "Epoch 831 Step 12": 2.8819491863250732, "Epoch 831 Step 13": 2.8762128353118896, "Epoch 831 Step 14": 2.872561454772949, "Epoch 831 Step 15": 2.8831706047058105, "Epoch 831 Step 16": 2.8880693912506104, "Epoch 831 Step 17": 2.881086587905884, "Epoch 831 Step 18": 2.8792848587036133, "Epoch 831 Step 19": 2.878251314163208, "Epoch 831 Step 20": 2.8766720294952393, "Epoch 831 Step 21": 2.8879783153533936, "Epoch 831 Step 22": 2.8746747970581055, "Epoch 831 Step 23": 2.8919174671173096, "Epoch 831 Step 24": 2.871986150741577, "Epoch 831 Step 25": 2.874546527862549, "Epoch 831 Step 26": 2.880159854888916, "Epoch 831 Step 27": 2.867918014526367, "Epoch 831 Step 28": 2.8871707916259766, "Epoch 831 Step 29": 2.8822662830352783, "Epoch 831 Step 30": 2.887387990951538, "Epoch 831 Step 31": 2.8942129611968994, "Epoch 831 Step 32": 2.8865315914154053, "Epoch 831 Step 33": 2.8777496814727783, "Epoch 831 Step 34": 2.8854501247406006, "Epoch 831 Step 35": 2.8958985805511475, "Epoch 831 Step 36": 2.8944406509399414, "Epoch 831 Step 37": 2.8948373794555664, "Epoch 831 Step 38": 2.8885085582733154, "Epoch 831 Step 39": 2.8857626914978027, "Epoch 831 Step 40": 2.8796298503875732, "Epoch 831 Step 41": 2.903369426727295, "Epoch 831 Step 42": 2.899571180343628, "Epoch 831 Step 43": 2.8976638317108154, "Epoch 831 Step 44": 2.876420259475708, "Epoch 831 Step 45": 2.8899362087249756, "Epoch 831 Step 46": 2.892712116241455, "Epoch 831 Step 47": 2.87532901763916, "Epoch 831 Step 48": 2.8865177631378174, "Epoch 831 Step 49": 2.886828660964966, "Epoch 831 Step 50": 2.8914806842803955, "Epoch 831 Step 51": 2.8960585594177246, "Epoch 831 Step 52": 2.8808977603912354, "Epoch 831 Step 53": 2.891618013381958, "Epoch 831 Step 54": 2.8779733180999756, "Epoch 831 Step 55": 2.884864330291748, "Epoch 831 Step 56": 2.878086566925049, "Epoch 831 Step 57": 2.8915014266967773, "Epoch 831 Step 58": 2.8787569999694824, "Epoch 831 Step 59": 2.8831841945648193, "Epoch 831 Step 60": 2.8886759281158447, "Epoch 831 Step 61": 2.87345027923584, "Epoch 831 Step 62": 2.8721392154693604, "Epoch 831 Step 63": 2.8722403049468994, "Epoch 831 Step 64": 2.8888261318206787, "Epoch 831 Step 65": 2.882176399230957, "Epoch 831 Step 66": 2.8780243396759033, "Epoch 831 Step 67": 2.8886208534240723, "Epoch 831 Step 68": 2.8949246406555176, "Epoch 831 Step 69": 2.881028652191162, "Epoch 831 Step 70": 2.876704216003418, "Epoch 831 Step 71": 2.8874154090881348, "Epoch 831 Step 72": 2.8920388221740723, "Epoch 831 Step 73": 2.881361246109009, "Epoch 831 Step 74": 2.882568597793579, "Epoch 831 Step 75": 2.8779077529907227, "Epoch 831 Step 76": 2.888169288635254, "Epoch 831 Step 77": 2.8736186027526855, "Epoch 831 Step 78": 2.8856160640716553, "Epoch 831 Step 79": 2.8790268898010254, "Epoch 831 Step 80": 2.8827908039093018, "Epoch 831 Step 81": 2.884632110595703, "Epoch 831 Step 82": 2.871032238006592, "Epoch 831 Step 83": 2.8854153156280518, "Epoch 831 Step 84": 2.8879923820495605, "Epoch 831 Step 85": 2.8856444358825684, "Epoch 831 Step 86": 2.889507293701172, "Epoch 831 Step 87": 2.8844475746154785, "Epoch 831 Step 88": 2.8722705841064453, "Epoch 831 Step 89": 2.8815362453460693}