{"Epoch 168 Step 0": 2.8852202892303467, "Epoch 168 Step 1": 2.882317304611206, "Epoch 168 Step 2": 2.9027225971221924, "Epoch 168 Step 3": 2.90038800239563, "Epoch 168 Step 4": 2.8983428478240967, "Epoch 168 Step 5": 2.8750874996185303, "Epoch 168 Step 6": 2.887152910232544, "Epoch 168 Step 7": 2.892420530319214, "Epoch 168 Step 8": 2.8735806941986084, "Epoch 168 Step 9": 2.885143756866455, "Epoch 168 Step 10": 2.8864028453826904, "Epoch 168 Step 11": 2.8905258178710938, "Epoch 168 Step 12": 2.894517660140991, "Epoch 168 Step 13": 2.880100727081299, "Epoch 168 Step 14": 2.8918745517730713, "Epoch 168 Step 15": 2.8765416145324707, "Epoch 168 Step 16": 2.8848276138305664, "Epoch 168 Step 17": 2.876392126083374, "Epoch 168 Step 18": 2.890756845474243, "Epoch 168 Step 19": 2.8747591972351074, "Epoch 168 Step 20": 2.8816356658935547, "Epoch 168 Step 21": 2.886810779571533, "Epoch 168 Step 22": 2.8713250160217285, "Epoch 168 Step 23": 2.871267318725586, "Epoch 168 Step 24": 2.8715031147003174, "Epoch 168 Step 25": 2.8864481449127197, "Epoch 168 Step 26": 2.8819456100463867, "Epoch 168 Step 27": 2.8755276203155518, "Epoch 168 Step 28": 2.8894050121307373, "Epoch 168 Step 29": 2.8929953575134277, "Epoch 168 Step 30": 2.8784215450286865, "Epoch 168 Step 31": 2.874809741973877, "Epoch 168 Step 32": 2.8854243755340576, "Epoch 168 Step 33": 2.8900816440582275, "Epoch 168 Step 34": 2.879312038421631, "Epoch 168 Step 35": 2.879987955093384, "Epoch 168 Step 36": 2.876121997833252, "Epoch 168 Step 37": 2.8861114978790283, "Epoch 168 Step 38": 2.871246576309204, "Epoch 168 Step 39": 2.884171485900879, "Epoch 168 Step 40": 2.8773303031921387, "Epoch 168 Step 41": 2.8819100856781006, "Epoch 168 Step 42": 2.8823773860931396, "Epoch 168 Step 43": 2.869157552719116, "Epoch 168 Step 44": 2.882779121398926, "Epoch 168 Step 45": 2.885993719100952, "Epoch 168 Step 46": 2.8830227851867676, "Epoch 168 Step 47": 2.8874523639678955, "Epoch 168 Step 48": 2.883085012435913, "Epoch 168 Step 49": 2.8710246086120605, "Epoch 168 Step 50": 2.879277467727661, "Epoch 168 Step 51": 2.8749217987060547, "Epoch 168 Step 52": 2.882596254348755, "Epoch 168 Step 53": 2.8808493614196777, "Epoch 168 Step 54": 2.89005970954895, "Epoch 168 Step 55": 2.883836507797241, "Epoch 168 Step 56": 2.883896589279175, "Epoch 168 Step 57": 2.880703926086426, "Epoch 168 Step 58": 2.8747658729553223, "Epoch 168 Step 59": 2.8772873878479004, "Epoch 168 Step 60": 2.8914451599121094, "Epoch 168 Step 61": 2.8865180015563965, "Epoch 168 Step 62": 2.8712382316589355, "Epoch 168 Step 63": 2.888526439666748, "Epoch 168 Step 64": 2.881704568862915, "Epoch 168 Step 65": 2.8734562397003174, "Epoch 168 Step 66": 2.8703670501708984, "Epoch 168 Step 67": 2.880080461502075, "Epoch 168 Step 68": 2.8854565620422363, "Epoch 168 Step 69": 2.8782567977905273, "Epoch 168 Step 70": 2.87716007232666, "Epoch 168 Step 71": 2.8768410682678223, "Epoch 168 Step 72": 2.8742330074310303, "Epoch 168 Step 73": 2.885185956954956, "Epoch 168 Step 74": 2.87168288230896, "Epoch 168 Step 75": 2.888981819152832, "Epoch 168 Step 76": 2.8713178634643555, "Epoch 168 Step 77": 2.871941328048706, "Epoch 168 Step 78": 2.8790152072906494, "Epoch 168 Step 79": 2.8670132160186768, "Epoch 168 Step 80": 2.8853611946105957, "Epoch 168 Step 81": 2.8803603649139404, "Epoch 168 Step 82": 2.8832545280456543, "Epoch 168 Step 83": 2.8908615112304688, "Epoch 168 Step 84": 2.8845272064208984, "Epoch 168 Step 85": 2.8777527809143066, "Epoch 168 Step 86": 2.8827788829803467, "Epoch 168 Step 87": 2.894792318344116, "Epoch 168 Step 88": 2.893721103668213, "Epoch 168 Step 89": 2.891862392425537}