{"Epoch 712 Step 0": 2.886523962020874, "Epoch 712 Step 1": 2.8812410831451416, "Epoch 712 Step 2": 2.887089252471924, "Epoch 712 Step 3": 2.8934133052825928, "Epoch 712 Step 4": 2.8860764503479004, "Epoch 712 Step 5": 2.878493070602417, "Epoch 712 Step 6": 2.885251998901367, "Epoch 712 Step 7": 2.895825147628784, "Epoch 712 Step 8": 2.8937084674835205, "Epoch 712 Step 9": 2.8926548957824707, "Epoch 712 Step 10": 2.8881070613861084, "Epoch 712 Step 11": 2.887329578399658, "Epoch 712 Step 12": 2.885101079940796, "Epoch 712 Step 13": 2.9033477306365967, "Epoch 712 Step 14": 2.900067090988159, "Epoch 712 Step 15": 2.898085355758667, "Epoch 712 Step 16": 2.875920295715332, "Epoch 712 Step 17": 2.8891310691833496, "Epoch 712 Step 18": 2.893099546432495, "Epoch 712 Step 19": 2.8749570846557617, "Epoch 712 Step 20": 2.8864479064941406, "Epoch 712 Step 21": 2.8878533840179443, "Epoch 712 Step 22": 2.892988443374634, "Epoch 712 Step 23": 2.8964240550994873, "Epoch 712 Step 24": 2.881791591644287, "Epoch 712 Step 25": 2.893730640411377, "Epoch 712 Step 26": 2.878674030303955, "Epoch 712 Step 27": 2.8852102756500244, "Epoch 712 Step 28": 2.8783516883850098, "Epoch 712 Step 29": 2.8912265300750732, "Epoch 712 Step 30": 2.8779337406158447, "Epoch 712 Step 31": 2.882761240005493, "Epoch 712 Step 32": 2.8886749744415283, "Epoch 712 Step 33": 2.8732593059539795, "Epoch 712 Step 34": 2.8723323345184326, "Epoch 712 Step 35": 2.872574806213379, "Epoch 712 Step 36": 2.8882741928100586, "Epoch 712 Step 37": 2.8823018074035645, "Epoch 712 Step 38": 2.8785736560821533, "Epoch 712 Step 39": 2.8900668621063232, "Epoch 712 Step 40": 2.8959059715270996, "Epoch 712 Step 41": 2.88018536567688, "Epoch 712 Step 42": 2.8762853145599365, "Epoch 712 Step 43": 2.8877980709075928, "Epoch 712 Step 44": 2.8925178050994873, "Epoch 712 Step 45": 2.8815624713897705, "Epoch 712 Step 46": 2.8822813034057617, "Epoch 712 Step 47": 2.8785085678100586, "Epoch 712 Step 48": 2.8886468410491943, "Epoch 712 Step 49": 2.873577117919922, "Epoch 712 Step 50": 2.8851428031921387, "Epoch 712 Step 51": 2.8796794414520264, "Epoch 712 Step 52": 2.8833954334259033, "Epoch 712 Step 53": 2.8857052326202393, "Epoch 712 Step 54": 2.871453046798706, "Epoch 712 Step 55": 2.886004686355591, "Epoch 712 Step 56": 2.8873672485351562, "Epoch 712 Step 57": 2.8862435817718506, "Epoch 712 Step 58": 2.889657735824585, "Epoch 712 Step 59": 2.884549617767334, "Epoch 712 Step 60": 2.8725802898406982, "Epoch 712 Step 61": 2.8809828758239746, "Epoch 712 Step 62": 2.877333164215088, "Epoch 712 Step 63": 2.883061647415161, "Epoch 712 Step 64": 2.8827197551727295, "Epoch 712 Step 65": 2.890263319015503, "Epoch 712 Step 66": 2.885056257247925, "Epoch 712 Step 67": 2.885406494140625, "Epoch 712 Step 68": 2.8814949989318848, "Epoch 712 Step 69": 2.8755946159362793, "Epoch 712 Step 70": 2.8794260025024414, "Epoch 712 Step 71": 2.894277334213257, "Epoch 712 Step 72": 2.888428211212158, "Epoch 712 Step 73": 2.8744654655456543, "Epoch 712 Step 74": 2.8907723426818848, "Epoch 712 Step 75": 2.8822929859161377, "Epoch 712 Step 76": 2.876132011413574, "Epoch 712 Step 77": 2.8729329109191895, "Epoch 712 Step 78": 2.882081985473633, "Epoch 712 Step 79": 2.8875064849853516, "Epoch 712 Step 80": 2.880333423614502, "Epoch 712 Step 81": 2.8791847229003906, "Epoch 712 Step 82": 2.878145933151245, "Epoch 712 Step 83": 2.876084804534912, "Epoch 712 Step 84": 2.888536214828491, "Epoch 712 Step 85": 2.87439227104187, "Epoch 712 Step 86": 2.8908464908599854, "Epoch 712 Step 87": 2.8715474605560303, "Epoch 712 Step 88": 2.874429702758789, "Epoch 712 Step 89": 2.879591226577759}