{"Epoch 4 Step 0": 2.89227557182312, "Epoch 4 Step 1": 2.88615345954895, "Epoch 4 Step 2": 2.8801727294921875, "Epoch 4 Step 3": 2.8858256340026855, "Epoch 4 Step 4": 2.896458864212036, "Epoch 4 Step 5": 2.8946616649627686, "Epoch 4 Step 6": 2.8931572437286377, "Epoch 4 Step 7": 2.888209819793701, "Epoch 4 Step 8": 2.8860795497894287, "Epoch 4 Step 9": 2.8823652267456055, "Epoch 4 Step 10": 2.90608549118042, "Epoch 4 Step 11": 2.8970017433166504, "Epoch 4 Step 12": 2.8972461223602295, "Epoch 4 Step 13": 2.8788139820098877, "Epoch 4 Step 14": 2.890958786010742, "Epoch 4 Step 15": 2.8948135375976562, "Epoch 4 Step 16": 2.876955986022949, "Epoch 4 Step 17": 2.8880884647369385, "Epoch 4 Step 18": 2.8876895904541016, "Epoch 4 Step 19": 2.892242431640625, "Epoch 4 Step 20": 2.8964052200317383, "Epoch 4 Step 21": 2.883204936981201, "Epoch 4 Step 22": 2.895766496658325, "Epoch 4 Step 23": 2.880211591720581, "Epoch 4 Step 24": 2.8851563930511475, "Epoch 4 Step 25": 2.8785958290100098, "Epoch 4 Step 26": 2.8932125568389893, "Epoch 4 Step 27": 2.8790056705474854, "Epoch 4 Step 28": 2.883659601211548, "Epoch 4 Step 29": 2.8894453048706055, "Epoch 4 Step 30": 2.8749024868011475, "Epoch 4 Step 31": 2.8735086917877197, "Epoch 4 Step 32": 2.872668504714966, "Epoch 4 Step 33": 2.888953924179077, "Epoch 4 Step 34": 2.882847785949707, "Epoch 4 Step 35": 2.8780782222747803, "Epoch 4 Step 36": 2.892526865005493, "Epoch 4 Step 37": 2.895918846130371, "Epoch 4 Step 38": 2.8815088272094727, "Epoch 4 Step 39": 2.8776001930236816, "Epoch 4 Step 40": 2.8879663944244385, "Epoch 4 Step 41": 2.8911588191986084, "Epoch 4 Step 42": 2.882000684738159, "Epoch 4 Step 43": 2.8832874298095703, "Epoch 4 Step 44": 2.8797130584716797, "Epoch 4 Step 45": 2.889019250869751, "Epoch 4 Step 46": 2.8734326362609863, "Epoch 4 Step 47": 2.885075330734253, "Epoch 4 Step 48": 2.8795573711395264, "Epoch 4 Step 49": 2.884158134460449, "Epoch 4 Step 50": 2.885859251022339, "Epoch 4 Step 51": 2.8713395595550537, "Epoch 4 Step 52": 2.885843276977539, "Epoch 4 Step 53": 2.887977361679077, "Epoch 4 Step 54": 2.8857080936431885, "Epoch 4 Step 55": 2.889732599258423, "Epoch 4 Step 56": 2.8841755390167236, "Epoch 4 Step 57": 2.8731634616851807, "Epoch 4 Step 58": 2.880845785140991, "Epoch 4 Step 59": 2.8772852420806885, "Epoch 4 Step 60": 2.883115768432617, "Epoch 4 Step 61": 2.8820865154266357, "Epoch 4 Step 62": 2.891599655151367, "Epoch 4 Step 63": 2.8850815296173096, "Epoch 4 Step 64": 2.887249708175659, "Epoch 4 Step 65": 2.88246750831604, "Epoch 4 Step 66": 2.8765878677368164, "Epoch 4 Step 67": 2.8792550563812256, "Epoch 4 Step 68": 2.893639087677002, "Epoch 4 Step 69": 2.8890485763549805, "Epoch 4 Step 70": 2.874207019805908, "Epoch 4 Step 71": 2.891589641571045, "Epoch 4 Step 72": 2.881305456161499, "Epoch 4 Step 73": 2.875973701477051, "Epoch 4 Step 74": 2.8732852935791016, "Epoch 4 Step 75": 2.8830716609954834, "Epoch 4 Step 76": 2.8880231380462646, "Epoch 4 Step 77": 2.879906415939331, "Epoch 4 Step 78": 2.879373550415039, "Epoch 4 Step 79": 2.8794009685516357, "Epoch 4 Step 80": 2.8774311542510986, "Epoch 4 Step 81": 2.8881001472473145, "Epoch 4 Step 82": 2.8766918182373047, "Epoch 4 Step 83": 2.8911569118499756, "Epoch 4 Step 84": 2.871682643890381, "Epoch 4 Step 85": 2.8746793270111084, "Epoch 4 Step 86": 2.879394769668579, "Epoch 4 Step 87": 2.8683078289031982, "Epoch 4 Step 88": 2.8871819972991943, "Epoch 4 Step 89": 2.881039619445801}