{"Epoch 685 Step 0": 2.8847908973693848, "Epoch 685 Step 1": 2.8783113956451416, "Epoch 685 Step 2": 2.8912224769592285, "Epoch 685 Step 3": 2.8782103061676025, "Epoch 685 Step 4": 2.8827996253967285, "Epoch 685 Step 5": 2.8889126777648926, "Epoch 685 Step 6": 2.873354196548462, "Epoch 685 Step 7": 2.8716399669647217, "Epoch 685 Step 8": 2.8720946311950684, "Epoch 685 Step 9": 2.8888819217681885, "Epoch 685 Step 10": 2.8825559616088867, "Epoch 685 Step 11": 2.8773033618927, "Epoch 685 Step 12": 2.890169620513916, "Epoch 685 Step 13": 2.8948538303375244, "Epoch 685 Step 14": 2.8807179927825928, "Epoch 685 Step 15": 2.8767006397247314, "Epoch 685 Step 16": 2.8869669437408447, "Epoch 685 Step 17": 2.8914618492126465, "Epoch 685 Step 18": 2.8817453384399414, "Epoch 685 Step 19": 2.8840105533599854, "Epoch 685 Step 20": 2.878232717514038, "Epoch 685 Step 21": 2.8879849910736084, "Epoch 685 Step 22": 2.87384033203125, "Epoch 685 Step 23": 2.8852505683898926, "Epoch 685 Step 24": 2.8788678646087646, "Epoch 685 Step 25": 2.883028507232666, "Epoch 685 Step 26": 2.885132074356079, "Epoch 685 Step 27": 2.8711912631988525, "Epoch 685 Step 28": 2.8850090503692627, "Epoch 685 Step 29": 2.8880653381347656, "Epoch 685 Step 30": 2.8859424591064453, "Epoch 685 Step 31": 2.8891193866729736, "Epoch 685 Step 32": 2.884394884109497, "Epoch 685 Step 33": 2.872955799102783, "Epoch 685 Step 34": 2.8812813758850098, "Epoch 685 Step 35": 2.877020835876465, "Epoch 685 Step 36": 2.8824312686920166, "Epoch 685 Step 37": 2.8838753700256348, "Epoch 685 Step 38": 2.892141580581665, "Epoch 685 Step 39": 2.8853206634521484, "Epoch 685 Step 40": 2.885488271713257, "Epoch 685 Step 41": 2.8815226554870605, "Epoch 685 Step 42": 2.876704454421997, "Epoch 685 Step 43": 2.8796119689941406, "Epoch 685 Step 44": 2.893393039703369, "Epoch 685 Step 45": 2.887860059738159, "Epoch 685 Step 46": 2.8744115829467773, "Epoch 685 Step 47": 2.890918254852295, "Epoch 685 Step 48": 2.8822576999664307, "Epoch 685 Step 49": 2.87617826461792, "Epoch 685 Step 50": 2.8720736503601074, "Epoch 685 Step 51": 2.8825414180755615, "Epoch 685 Step 52": 2.88820481300354, "Epoch 685 Step 53": 2.881782293319702, "Epoch 685 Step 54": 2.878695249557495, "Epoch 685 Step 55": 2.8786675930023193, "Epoch 685 Step 56": 2.876354455947876, "Epoch 685 Step 57": 2.8881173133850098, "Epoch 685 Step 58": 2.87446665763855, "Epoch 685 Step 59": 2.8918423652648926, "Epoch 685 Step 60": 2.87190580368042, "Epoch 685 Step 61": 2.8747057914733887, "Epoch 685 Step 62": 2.878657341003418, "Epoch 685 Step 63": 2.8677775859832764, "Epoch 685 Step 64": 2.8873424530029297, "Epoch 685 Step 65": 2.8817434310913086, "Epoch 685 Step 66": 2.8870463371276855, "Epoch 685 Step 67": 2.8933236598968506, "Epoch 685 Step 68": 2.886136293411255, "Epoch 685 Step 69": 2.878908395767212, "Epoch 685 Step 70": 2.8851873874664307, "Epoch 685 Step 71": 2.8955397605895996, "Epoch 685 Step 72": 2.8938889503479004, "Epoch 685 Step 73": 2.893232583999634, "Epoch 685 Step 74": 2.887690305709839, "Epoch 685 Step 75": 2.886413812637329, "Epoch 685 Step 76": 2.8832545280456543, "Epoch 685 Step 77": 2.903691530227661, "Epoch 685 Step 78": 2.9002468585968018, "Epoch 685 Step 79": 2.897529363632202, "Epoch 685 Step 80": 2.8759090900421143, "Epoch 685 Step 81": 2.889110803604126, "Epoch 685 Step 82": 2.892679214477539, "Epoch 685 Step 83": 2.875189781188965, "Epoch 685 Step 84": 2.887190818786621, "Epoch 685 Step 85": 2.8867263793945312, "Epoch 685 Step 86": 2.890925884246826, "Epoch 685 Step 87": 2.894982099533081, "Epoch 685 Step 88": 2.881434679031372, "Epoch 685 Step 89": 2.891900062561035}