{"Epoch 146 Step 0": 2.8721323013305664, "Epoch 146 Step 1": 2.871073007583618, "Epoch 146 Step 2": 2.872056722640991, "Epoch 146 Step 3": 2.887044906616211, "Epoch 146 Step 4": 2.8812239170074463, "Epoch 146 Step 5": 2.8769986629486084, "Epoch 146 Step 6": 2.889601707458496, "Epoch 146 Step 7": 2.893361806869507, "Epoch 146 Step 8": 2.8784384727478027, "Epoch 146 Step 9": 2.8750226497650146, "Epoch 146 Step 10": 2.8864121437072754, "Epoch 146 Step 11": 2.8900022506713867, "Epoch 146 Step 12": 2.8790223598480225, "Epoch 146 Step 13": 2.8803904056549072, "Epoch 146 Step 14": 2.875559091567993, "Epoch 146 Step 15": 2.8863980770111084, "Epoch 146 Step 16": 2.8721938133239746, "Epoch 146 Step 17": 2.883951187133789, "Epoch 146 Step 18": 2.878068685531616, "Epoch 146 Step 19": 2.8825104236602783, "Epoch 146 Step 20": 2.8833231925964355, "Epoch 146 Step 21": 2.869511365890503, "Epoch 146 Step 22": 2.882246732711792, "Epoch 146 Step 23": 2.8865537643432617, "Epoch 146 Step 24": 2.8841800689697266, "Epoch 146 Step 25": 2.8871467113494873, "Epoch 146 Step 26": 2.8824870586395264, "Epoch 146 Step 27": 2.8710250854492188, "Epoch 146 Step 28": 2.87939190864563, "Epoch 146 Step 29": 2.8755416870117188, "Epoch 146 Step 30": 2.882434368133545, "Epoch 146 Step 31": 2.8814938068389893, "Epoch 146 Step 32": 2.8889501094818115, "Epoch 146 Step 33": 2.8836445808410645, "Epoch 146 Step 34": 2.8838088512420654, "Epoch 146 Step 35": 2.880486488342285, "Epoch 146 Step 36": 2.87522292137146, "Epoch 146 Step 37": 2.8777244091033936, "Epoch 146 Step 38": 2.8917438983917236, "Epoch 146 Step 39": 2.886786460876465, "Epoch 146 Step 40": 2.8714306354522705, "Epoch 146 Step 41": 2.8885653018951416, "Epoch 146 Step 42": 2.882218599319458, "Epoch 146 Step 43": 2.8736751079559326, "Epoch 146 Step 44": 2.8706769943237305, "Epoch 146 Step 45": 2.881575107574463, "Epoch 146 Step 46": 2.885819435119629, "Epoch 146 Step 47": 2.87858247756958, "Epoch 146 Step 48": 2.8766400814056396, "Epoch 146 Step 49": 2.8778998851776123, "Epoch 146 Step 50": 2.8758153915405273, "Epoch 146 Step 51": 2.8856167793273926, "Epoch 146 Step 52": 2.8729805946350098, "Epoch 146 Step 53": 2.888753890991211, "Epoch 146 Step 54": 2.8701767921447754, "Epoch 146 Step 55": 2.871699333190918, "Epoch 146 Step 56": 2.87797474861145, "Epoch 146 Step 57": 2.8663976192474365, "Epoch 146 Step 58": 2.88590669631958, "Epoch 146 Step 59": 2.8803887367248535, "Epoch 146 Step 60": 2.8836865425109863, "Epoch 146 Step 61": 2.8914921283721924, "Epoch 146 Step 62": 2.8848161697387695, "Epoch 146 Step 63": 2.878175735473633, "Epoch 146 Step 64": 2.8839287757873535, "Epoch 146 Step 65": 2.895430564880371, "Epoch 146 Step 66": 2.894120931625366, "Epoch 146 Step 67": 2.891770124435425, "Epoch 146 Step 68": 2.8866593837738037, "Epoch 146 Step 69": 2.885233163833618, "Epoch 146 Step 70": 2.882359504699707, "Epoch 146 Step 71": 2.904581308364868, "Epoch 146 Step 72": 2.898829221725464, "Epoch 146 Step 73": 2.898271083831787, "Epoch 146 Step 74": 2.8743956089019775, "Epoch 146 Step 75": 2.8874306678771973, "Epoch 146 Step 76": 2.8913092613220215, "Epoch 146 Step 77": 2.8734967708587646, "Epoch 146 Step 78": 2.885608434677124, "Epoch 146 Step 79": 2.886885404586792, "Epoch 146 Step 80": 2.8910064697265625, "Epoch 146 Step 81": 2.895364761352539, "Epoch 146 Step 82": 2.88037371635437, "Epoch 146 Step 83": 2.8921945095062256, "Epoch 146 Step 84": 2.8773491382598877, "Epoch 146 Step 85": 2.8847877979278564, "Epoch 146 Step 86": 2.877596616744995, "Epoch 146 Step 87": 2.889657497406006, "Epoch 146 Step 88": 2.8757405281066895, "Epoch 146 Step 89": 2.8814890384674072}