{"Epoch 475 Step 0": 2.8850605487823486, "Epoch 475 Step 1": 2.888282299041748, "Epoch 475 Step 2": 2.885904550552368, "Epoch 475 Step 3": 2.889601707458496, "Epoch 475 Step 4": 2.884471893310547, "Epoch 475 Step 5": 2.872404098510742, "Epoch 475 Step 6": 2.881294012069702, "Epoch 475 Step 7": 2.877044916152954, "Epoch 475 Step 8": 2.8827006816864014, "Epoch 475 Step 9": 2.8829824924468994, "Epoch 475 Step 10": 2.890653610229492, "Epoch 475 Step 11": 2.8848564624786377, "Epoch 475 Step 12": 2.8853352069854736, "Epoch 475 Step 13": 2.881523847579956, "Epoch 475 Step 14": 2.875544309616089, "Epoch 475 Step 15": 2.879547119140625, "Epoch 475 Step 16": 2.893784999847412, "Epoch 475 Step 17": 2.8879618644714355, "Epoch 475 Step 18": 2.8735108375549316, "Epoch 475 Step 19": 2.8909080028533936, "Epoch 475 Step 20": 2.8820137977600098, "Epoch 475 Step 21": 2.8759915828704834, "Epoch 475 Step 22": 2.8720479011535645, "Epoch 475 Step 23": 2.882195472717285, "Epoch 475 Step 24": 2.887908935546875, "Epoch 475 Step 25": 2.8805596828460693, "Epoch 475 Step 26": 2.8790295124053955, "Epoch 475 Step 27": 2.8783323764801025, "Epoch 475 Step 28": 2.8767991065979004, "Epoch 475 Step 29": 2.8875458240509033, "Epoch 475 Step 30": 2.8743667602539062, "Epoch 475 Step 31": 2.890939235687256, "Epoch 475 Step 32": 2.8713393211364746, "Epoch 475 Step 33": 2.8746373653411865, "Epoch 475 Step 34": 2.8797624111175537, "Epoch 475 Step 35": 2.8677778244018555, "Epoch 475 Step 36": 2.8874258995056152, "Epoch 475 Step 37": 2.8815102577209473, "Epoch 475 Step 38": 2.8869051933288574, "Epoch 475 Step 39": 2.8936147689819336, "Epoch 475 Step 40": 2.8866524696350098, "Epoch 475 Step 41": 2.878831624984741, "Epoch 475 Step 42": 2.885377883911133, "Epoch 475 Step 43": 2.8957161903381348, "Epoch 475 Step 44": 2.895352840423584, "Epoch 475 Step 45": 2.893756628036499, "Epoch 475 Step 46": 2.8879334926605225, "Epoch 475 Step 47": 2.885841131210327, "Epoch 475 Step 48": 2.8839948177337646, "Epoch 475 Step 49": 2.9041812419891357, "Epoch 475 Step 50": 2.899691343307495, "Epoch 475 Step 51": 2.8985273838043213, "Epoch 475 Step 52": 2.87564754486084, "Epoch 475 Step 53": 2.889385461807251, "Epoch 475 Step 54": 2.8936407566070557, "Epoch 475 Step 55": 2.8752129077911377, "Epoch 475 Step 56": 2.886369228363037, "Epoch 475 Step 57": 2.8866353034973145, "Epoch 475 Step 58": 2.8915021419525146, "Epoch 475 Step 59": 2.895380735397339, "Epoch 475 Step 60": 2.881398916244507, "Epoch 475 Step 61": 2.8929648399353027, "Epoch 475 Step 62": 2.878007173538208, "Epoch 475 Step 63": 2.8847110271453857, "Epoch 475 Step 64": 2.8782870769500732, "Epoch 475 Step 65": 2.8910865783691406, "Epoch 475 Step 66": 2.8782198429107666, "Epoch 475 Step 67": 2.8829777240753174, "Epoch 475 Step 68": 2.8886287212371826, "Epoch 475 Step 69": 2.873744010925293, "Epoch 475 Step 70": 2.872019052505493, "Epoch 475 Step 71": 2.8725779056549072, "Epoch 475 Step 72": 2.888399839401245, "Epoch 475 Step 73": 2.8819291591644287, "Epoch 475 Step 74": 2.8772408962249756, "Epoch 475 Step 75": 2.890718460083008, "Epoch 475 Step 76": 2.895206928253174, "Epoch 475 Step 77": 2.880413770675659, "Epoch 475 Step 78": 2.8758351802825928, "Epoch 475 Step 79": 2.887603998184204, "Epoch 475 Step 80": 2.8916871547698975, "Epoch 475 Step 81": 2.880927085876465, "Epoch 475 Step 82": 2.8823981285095215, "Epoch 475 Step 83": 2.877856492996216, "Epoch 475 Step 84": 2.8881280422210693, "Epoch 475 Step 85": 2.873490810394287, "Epoch 475 Step 86": 2.8854942321777344, "Epoch 475 Step 87": 2.8794162273406982, "Epoch 475 Step 88": 2.8833744525909424, "Epoch 475 Step 89": 2.8849313259124756}