{"Epoch 798 Step 0": 2.8786509037017822, "Epoch 798 Step 1": 2.885408878326416, "Epoch 798 Step 2": 2.8971309661865234, "Epoch 798 Step 3": 2.8948991298675537, "Epoch 798 Step 4": 2.8935699462890625, "Epoch 798 Step 5": 2.8879292011260986, "Epoch 798 Step 6": 2.8855528831481934, "Epoch 798 Step 7": 2.882023811340332, "Epoch 798 Step 8": 2.904193162918091, "Epoch 798 Step 9": 2.900209903717041, "Epoch 798 Step 10": 2.8943302631378174, "Epoch 798 Step 11": 2.878343105316162, "Epoch 798 Step 12": 2.892117738723755, "Epoch 798 Step 13": 2.894871711730957, "Epoch 798 Step 14": 2.8751158714294434, "Epoch 798 Step 15": 2.8862106800079346, "Epoch 798 Step 16": 2.8870720863342285, "Epoch 798 Step 17": 2.8911025524139404, "Epoch 798 Step 18": 2.8950889110565186, "Epoch 798 Step 19": 2.880784511566162, "Epoch 798 Step 20": 2.8918025493621826, "Epoch 798 Step 21": 2.879152297973633, "Epoch 798 Step 22": 2.886150360107422, "Epoch 798 Step 23": 2.8777709007263184, "Epoch 798 Step 24": 2.890974760055542, "Epoch 798 Step 25": 2.878270387649536, "Epoch 798 Step 26": 2.885136365890503, "Epoch 798 Step 27": 2.8903043270111084, "Epoch 798 Step 28": 2.8738512992858887, "Epoch 798 Step 29": 2.8717803955078125, "Epoch 798 Step 30": 2.871474266052246, "Epoch 798 Step 31": 2.8904809951782227, "Epoch 798 Step 32": 2.883275032043457, "Epoch 798 Step 33": 2.878337860107422, "Epoch 798 Step 34": 2.889702081680298, "Epoch 798 Step 35": 2.894912004470825, "Epoch 798 Step 36": 2.8824996948242188, "Epoch 798 Step 37": 2.8793368339538574, "Epoch 798 Step 38": 2.8864755630493164, "Epoch 798 Step 39": 2.891409397125244, "Epoch 798 Step 40": 2.880427837371826, "Epoch 798 Step 41": 2.8823235034942627, "Epoch 798 Step 42": 2.877488851547241, "Epoch 798 Step 43": 2.889026641845703, "Epoch 798 Step 44": 2.8735594749450684, "Epoch 798 Step 45": 2.8856067657470703, "Epoch 798 Step 46": 2.8800432682037354, "Epoch 798 Step 47": 2.88350248336792, "Epoch 798 Step 48": 2.884756326675415, "Epoch 798 Step 49": 2.872187852859497, "Epoch 798 Step 50": 2.8859753608703613, "Epoch 798 Step 51": 2.887490749359131, "Epoch 798 Step 52": 2.885913372039795, "Epoch 798 Step 53": 2.889026165008545, "Epoch 798 Step 54": 2.8852670192718506, "Epoch 798 Step 55": 2.873476982116699, "Epoch 798 Step 56": 2.8812050819396973, "Epoch 798 Step 57": 2.8774962425231934, "Epoch 798 Step 58": 2.8826451301574707, "Epoch 798 Step 59": 2.884843587875366, "Epoch 798 Step 60": 2.8905866146087646, "Epoch 798 Step 61": 2.8852622509002686, "Epoch 798 Step 62": 2.886108636856079, "Epoch 798 Step 63": 2.8817005157470703, "Epoch 798 Step 64": 2.875169515609741, "Epoch 798 Step 65": 2.880160331726074, "Epoch 798 Step 66": 2.894307851791382, "Epoch 798 Step 67": 2.8886022567749023, "Epoch 798 Step 68": 2.8757381439208984, "Epoch 798 Step 69": 2.8906142711639404, "Epoch 798 Step 70": 2.882667064666748, "Epoch 798 Step 71": 2.8765716552734375, "Epoch 798 Step 72": 2.8729467391967773, "Epoch 798 Step 73": 2.8822405338287354, "Epoch 798 Step 74": 2.8876593112945557, "Epoch 798 Step 75": 2.881147623062134, "Epoch 798 Step 76": 2.8800337314605713, "Epoch 798 Step 77": 2.8786675930023193, "Epoch 798 Step 78": 2.876265048980713, "Epoch 798 Step 79": 2.8879621028900146, "Epoch 798 Step 80": 2.8743319511413574, "Epoch 798 Step 81": 2.8911454677581787, "Epoch 798 Step 82": 2.871397018432617, "Epoch 798 Step 83": 2.8754522800445557, "Epoch 798 Step 84": 2.8793246746063232, "Epoch 798 Step 85": 2.8679022789001465, "Epoch 798 Step 86": 2.887369394302368, "Epoch 798 Step 87": 2.881561756134033, "Epoch 798 Step 88": 2.8872854709625244, "Epoch 798 Step 89": 2.893848419189453}