{"Epoch 83 Step 0": 2.876685857772827, "Epoch 83 Step 1": 2.8817732334136963, "Epoch 83 Step 2": 2.8943874835968018, "Epoch 83 Step 3": 2.8937933444976807, "Epoch 83 Step 4": 2.8912596702575684, "Epoch 83 Step 5": 2.8872084617614746, "Epoch 83 Step 6": 2.8849246501922607, "Epoch 83 Step 7": 2.880319595336914, "Epoch 83 Step 8": 2.9034202098846436, "Epoch 83 Step 9": 2.896040439605713, "Epoch 83 Step 10": 2.8957061767578125, "Epoch 83 Step 11": 2.874171257019043, "Epoch 83 Step 12": 2.887702465057373, "Epoch 83 Step 13": 2.891007661819458, "Epoch 83 Step 14": 2.873384475708008, "Epoch 83 Step 15": 2.8847362995147705, "Epoch 83 Step 16": 2.885380268096924, "Epoch 83 Step 17": 2.8892765045166016, "Epoch 83 Step 18": 2.894493579864502, "Epoch 83 Step 19": 2.879528045654297, "Epoch 83 Step 20": 2.8919928073883057, "Epoch 83 Step 21": 2.8764374256134033, "Epoch 83 Step 22": 2.883983850479126, "Epoch 83 Step 23": 2.875497341156006, "Epoch 83 Step 24": 2.8902089595794678, "Epoch 83 Step 25": 2.87501859664917, "Epoch 83 Step 26": 2.8803653717041016, "Epoch 83 Step 27": 2.887207269668579, "Epoch 83 Step 28": 2.8715944290161133, "Epoch 83 Step 29": 2.8700146675109863, "Epoch 83 Step 30": 2.8694698810577393, "Epoch 83 Step 31": 2.8864152431488037, "Epoch 83 Step 32": 2.880246162414551, "Epoch 83 Step 33": 2.8763058185577393, "Epoch 83 Step 34": 2.888587474822998, "Epoch 83 Step 35": 2.8929073810577393, "Epoch 83 Step 36": 2.8784539699554443, "Epoch 83 Step 37": 2.8750805854797363, "Epoch 83 Step 38": 2.8845272064208984, "Epoch 83 Step 39": 2.888658285140991, "Epoch 83 Step 40": 2.8795878887176514, "Epoch 83 Step 41": 2.880549669265747, "Epoch 83 Step 42": 2.875715970993042, "Epoch 83 Step 43": 2.8857204914093018, "Epoch 83 Step 44": 2.870732307434082, "Epoch 83 Step 45": 2.8831379413604736, "Epoch 83 Step 46": 2.877373456954956, "Epoch 83 Step 47": 2.8814210891723633, "Epoch 83 Step 48": 2.882436990737915, "Epoch 83 Step 49": 2.8686161041259766, "Epoch 83 Step 50": 2.882672071456909, "Epoch 83 Step 51": 2.8855602741241455, "Epoch 83 Step 52": 2.882819890975952, "Epoch 83 Step 53": 2.8870441913604736, "Epoch 83 Step 54": 2.8818862438201904, "Epoch 83 Step 55": 2.8709604740142822, "Epoch 83 Step 56": 2.877671241760254, "Epoch 83 Step 57": 2.8753104209899902, "Epoch 83 Step 58": 2.8824691772460938, "Epoch 83 Step 59": 2.878765821456909, "Epoch 83 Step 60": 2.8869550228118896, "Epoch 83 Step 61": 2.88312029838562, "Epoch 83 Step 62": 2.883155345916748, "Epoch 83 Step 63": 2.879892349243164, "Epoch 83 Step 64": 2.8740131855010986, "Epoch 83 Step 65": 2.877645969390869, "Epoch 83 Step 66": 2.8909668922424316, "Epoch 83 Step 67": 2.885999917984009, "Epoch 83 Step 68": 2.8719406127929688, "Epoch 83 Step 69": 2.8880841732025146, "Epoch 83 Step 70": 2.881114959716797, "Epoch 83 Step 71": 2.872748374938965, "Epoch 83 Step 72": 2.867799997329712, "Epoch 83 Step 73": 2.879749298095703, "Epoch 83 Step 74": 2.8859200477600098, "Epoch 83 Step 75": 2.8784024715423584, "Epoch 83 Step 76": 2.8781423568725586, "Epoch 83 Step 77": 2.878089189529419, "Epoch 83 Step 78": 2.875345468521118, "Epoch 83 Step 79": 2.8845198154449463, "Epoch 83 Step 80": 2.8695428371429443, "Epoch 83 Step 81": 2.88867449760437, "Epoch 83 Step 82": 2.8706085681915283, "Epoch 83 Step 83": 2.8716297149658203, "Epoch 83 Step 84": 2.8780767917633057, "Epoch 83 Step 85": 2.866529941558838, "Epoch 83 Step 86": 2.8843419551849365, "Epoch 83 Step 87": 2.879723072052002, "Epoch 83 Step 88": 2.882645845413208, "Epoch 83 Step 89": 2.891031503677368}