{"Epoch 231 Step 0": 2.8905999660491943, "Epoch 231 Step 1": 2.8950624465942383, "Epoch 231 Step 2": 2.8797950744628906, "Epoch 231 Step 3": 2.8756821155548096, "Epoch 231 Step 4": 2.8868281841278076, "Epoch 231 Step 5": 2.890937089920044, "Epoch 231 Step 6": 2.8805017471313477, "Epoch 231 Step 7": 2.8821511268615723, "Epoch 231 Step 8": 2.8773276805877686, "Epoch 231 Step 9": 2.888227939605713, "Epoch 231 Step 10": 2.8731062412261963, "Epoch 231 Step 11": 2.8850207328796387, "Epoch 231 Step 12": 2.879352331161499, "Epoch 231 Step 13": 2.8822906017303467, "Epoch 231 Step 14": 2.8844711780548096, "Epoch 231 Step 15": 2.8707780838012695, "Epoch 231 Step 16": 2.8844876289367676, "Epoch 231 Step 17": 2.8876287937164307, "Epoch 231 Step 18": 2.8849031925201416, "Epoch 231 Step 19": 2.889406681060791, "Epoch 231 Step 20": 2.884366750717163, "Epoch 231 Step 21": 2.8720502853393555, "Epoch 231 Step 22": 2.880241632461548, "Epoch 231 Step 23": 2.8768041133880615, "Epoch 231 Step 24": 2.8831660747528076, "Epoch 231 Step 25": 2.882521629333496, "Epoch 231 Step 26": 2.890824317932129, "Epoch 231 Step 27": 2.8846216201782227, "Epoch 231 Step 28": 2.8846487998962402, "Epoch 231 Step 29": 2.880751609802246, "Epoch 231 Step 30": 2.8753440380096436, "Epoch 231 Step 31": 2.8792288303375244, "Epoch 231 Step 32": 2.8939123153686523, "Epoch 231 Step 33": 2.887903928756714, "Epoch 231 Step 34": 2.873880624771118, "Epoch 231 Step 35": 2.89013671875, "Epoch 231 Step 36": 2.88191819190979, "Epoch 231 Step 37": 2.875201463699341, "Epoch 231 Step 38": 2.8730874061584473, "Epoch 231 Step 39": 2.8818066120147705, "Epoch 231 Step 40": 2.8874568939208984, "Epoch 231 Step 41": 2.8800172805786133, "Epoch 231 Step 42": 2.8787896633148193, "Epoch 231 Step 43": 2.8784072399139404, "Epoch 231 Step 44": 2.8761441707611084, "Epoch 231 Step 45": 2.8876917362213135, "Epoch 231 Step 46": 2.8738787174224854, "Epoch 231 Step 47": 2.8908803462982178, "Epoch 231 Step 48": 2.8714005947113037, "Epoch 231 Step 49": 2.874311685562134, "Epoch 231 Step 50": 2.878887414932251, "Epoch 231 Step 51": 2.8673219680786133, "Epoch 231 Step 52": 2.886906147003174, "Epoch 231 Step 53": 2.8809096813201904, "Epoch 231 Step 54": 2.886385917663574, "Epoch 231 Step 55": 2.893049716949463, "Epoch 231 Step 56": 2.8858935832977295, "Epoch 231 Step 57": 2.8777973651885986, "Epoch 231 Step 58": 2.8841965198516846, "Epoch 231 Step 59": 2.895176887512207, "Epoch 231 Step 60": 2.893054485321045, "Epoch 231 Step 61": 2.8922600746154785, "Epoch 231 Step 62": 2.8878049850463867, "Epoch 231 Step 63": 2.8867971897125244, "Epoch 231 Step 64": 2.883894205093384, "Epoch 231 Step 65": 2.9042038917541504, "Epoch 231 Step 66": 2.900946617126465, "Epoch 231 Step 67": 2.898184061050415, "Epoch 231 Step 68": 2.8751702308654785, "Epoch 231 Step 69": 2.8889999389648438, "Epoch 231 Step 70": 2.8928472995758057, "Epoch 231 Step 71": 2.8743999004364014, "Epoch 231 Step 72": 2.8859736919403076, "Epoch 231 Step 73": 2.8869333267211914, "Epoch 231 Step 74": 2.890960931777954, "Epoch 231 Step 75": 2.895995855331421, "Epoch 231 Step 76": 2.881870746612549, "Epoch 231 Step 77": 2.891770601272583, "Epoch 231 Step 78": 2.878382682800293, "Epoch 231 Step 79": 2.885201930999756, "Epoch 231 Step 80": 2.877849578857422, "Epoch 231 Step 81": 2.892005205154419, "Epoch 231 Step 82": 2.87764310836792, "Epoch 231 Step 83": 2.8819844722747803, "Epoch 231 Step 84": 2.887932300567627, "Epoch 231 Step 85": 2.872758150100708, "Epoch 231 Step 86": 2.8719537258148193, "Epoch 231 Step 87": 2.872506618499756, "Epoch 231 Step 88": 2.887317180633545, "Epoch 231 Step 89": 2.8823578357696533}