{"Epoch 443 Step 0": 2.8710474967956543, "Epoch 443 Step 1": 2.8743374347686768, "Epoch 443 Step 2": 2.8791489601135254, "Epoch 443 Step 3": 2.8679347038269043, "Epoch 443 Step 4": 2.8871724605560303, "Epoch 443 Step 5": 2.8814053535461426, "Epoch 443 Step 6": 2.886936902999878, "Epoch 443 Step 7": 2.8933000564575195, "Epoch 443 Step 8": 2.88663649559021, "Epoch 443 Step 9": 2.878329038619995, "Epoch 443 Step 10": 2.88468337059021, "Epoch 443 Step 11": 2.895063877105713, "Epoch 443 Step 12": 2.8936750888824463, "Epoch 443 Step 13": 2.8923230171203613, "Epoch 443 Step 14": 2.887805938720703, "Epoch 443 Step 15": 2.8867931365966797, "Epoch 443 Step 16": 2.8845605850219727, "Epoch 443 Step 17": 2.904235363006592, "Epoch 443 Step 18": 2.9011120796203613, "Epoch 443 Step 19": 2.897874116897583, "Epoch 443 Step 20": 2.875096321105957, "Epoch 443 Step 21": 2.889019012451172, "Epoch 443 Step 22": 2.893307685852051, "Epoch 443 Step 23": 2.875208854675293, "Epoch 443 Step 24": 2.886199474334717, "Epoch 443 Step 25": 2.8868441581726074, "Epoch 443 Step 26": 2.891578197479248, "Epoch 443 Step 27": 2.896251678466797, "Epoch 443 Step 28": 2.8817152976989746, "Epoch 443 Step 29": 2.8932607173919678, "Epoch 443 Step 30": 2.8790366649627686, "Epoch 443 Step 31": 2.885078191757202, "Epoch 443 Step 32": 2.878493070602417, "Epoch 443 Step 33": 2.8920977115631104, "Epoch 443 Step 34": 2.877516508102417, "Epoch 443 Step 35": 2.8826403617858887, "Epoch 443 Step 36": 2.888622522354126, "Epoch 443 Step 37": 2.8730506896972656, "Epoch 443 Step 38": 2.8712143898010254, "Epoch 443 Step 39": 2.8718957901000977, "Epoch 443 Step 40": 2.8880372047424316, "Epoch 443 Step 41": 2.8815743923187256, "Epoch 443 Step 42": 2.8779423236846924, "Epoch 443 Step 43": 2.890048027038574, "Epoch 443 Step 44": 2.8952808380126953, "Epoch 443 Step 45": 2.8805184364318848, "Epoch 443 Step 46": 2.8754637241363525, "Epoch 443 Step 47": 2.887251138687134, "Epoch 443 Step 48": 2.891306161880493, "Epoch 443 Step 49": 2.8804235458374023, "Epoch 443 Step 50": 2.8818070888519287, "Epoch 443 Step 51": 2.87735915184021, "Epoch 443 Step 52": 2.8877344131469727, "Epoch 443 Step 53": 2.8737704753875732, "Epoch 443 Step 54": 2.885395050048828, "Epoch 443 Step 55": 2.879453659057617, "Epoch 443 Step 56": 2.8828186988830566, "Epoch 443 Step 57": 2.8849411010742188, "Epoch 443 Step 58": 2.8714351654052734, "Epoch 443 Step 59": 2.8846325874328613, "Epoch 443 Step 60": 2.8876760005950928, "Epoch 443 Step 61": 2.885627031326294, "Epoch 443 Step 62": 2.8892829418182373, "Epoch 443 Step 63": 2.8848299980163574, "Epoch 443 Step 64": 2.8733062744140625, "Epoch 443 Step 65": 2.880557060241699, "Epoch 443 Step 66": 2.876736879348755, "Epoch 443 Step 67": 2.8822479248046875, "Epoch 443 Step 68": 2.883301019668579, "Epoch 443 Step 69": 2.891000747680664, "Epoch 443 Step 70": 2.884993314743042, "Epoch 443 Step 71": 2.8854587078094482, "Epoch 443 Step 72": 2.8816440105438232, "Epoch 443 Step 73": 2.8758602142333984, "Epoch 443 Step 74": 2.8793106079101562, "Epoch 443 Step 75": 2.8937485218048096, "Epoch 443 Step 76": 2.888082981109619, "Epoch 443 Step 77": 2.87353777885437, "Epoch 443 Step 78": 2.890608549118042, "Epoch 443 Step 79": 2.882192373275757, "Epoch 443 Step 80": 2.876075506210327, "Epoch 443 Step 81": 2.8723578453063965, "Epoch 443 Step 82": 2.8814642429351807, "Epoch 443 Step 83": 2.8875892162323, "Epoch 443 Step 84": 2.8803842067718506, "Epoch 443 Step 85": 2.878643035888672, "Epoch 443 Step 86": 2.8783018589019775, "Epoch 443 Step 87": 2.876213550567627, "Epoch 443 Step 88": 2.8875362873077393, "Epoch 443 Step 89": 2.8748984336853027}