{"Epoch 335 Step 0": 2.878708839416504, "Epoch 335 Step 1": 2.885637044906616, "Epoch 335 Step 2": 2.8778953552246094, "Epoch 335 Step 3": 2.891975164413452, "Epoch 335 Step 4": 2.8782482147216797, "Epoch 335 Step 5": 2.883366107940674, "Epoch 335 Step 6": 2.888709306716919, "Epoch 335 Step 7": 2.873034954071045, "Epoch 335 Step 8": 2.8719823360443115, "Epoch 335 Step 9": 2.871779441833496, "Epoch 335 Step 10": 2.8887696266174316, "Epoch 335 Step 11": 2.8836581707000732, "Epoch 335 Step 12": 2.8781113624572754, "Epoch 335 Step 13": 2.889484167098999, "Epoch 335 Step 14": 2.8951382637023926, "Epoch 335 Step 15": 2.8806774616241455, "Epoch 335 Step 16": 2.876523971557617, "Epoch 335 Step 17": 2.8872547149658203, "Epoch 335 Step 18": 2.8915531635284424, "Epoch 335 Step 19": 2.8807804584503174, "Epoch 335 Step 20": 2.881911516189575, "Epoch 335 Step 21": 2.877699136734009, "Epoch 335 Step 22": 2.887666702270508, "Epoch 335 Step 23": 2.873582124710083, "Epoch 335 Step 24": 2.885247230529785, "Epoch 335 Step 25": 2.879368305206299, "Epoch 335 Step 26": 2.8830270767211914, "Epoch 335 Step 27": 2.884977340698242, "Epoch 335 Step 28": 2.8708534240722656, "Epoch 335 Step 29": 2.8849751949310303, "Epoch 335 Step 30": 2.8877689838409424, "Epoch 335 Step 31": 2.8856844902038574, "Epoch 335 Step 32": 2.889345169067383, "Epoch 335 Step 33": 2.8842527866363525, "Epoch 335 Step 34": 2.8722341060638428, "Epoch 335 Step 35": 2.8812694549560547, "Epoch 335 Step 36": 2.8774168491363525, "Epoch 335 Step 37": 2.882777452468872, "Epoch 335 Step 38": 2.8829755783081055, "Epoch 335 Step 39": 2.8903441429138184, "Epoch 335 Step 40": 2.8849093914031982, "Epoch 335 Step 41": 2.8850204944610596, "Epoch 335 Step 42": 2.8814501762390137, "Epoch 335 Step 43": 2.8763444423675537, "Epoch 335 Step 44": 2.879666805267334, "Epoch 335 Step 45": 2.893878698348999, "Epoch 335 Step 46": 2.8876843452453613, "Epoch 335 Step 47": 2.8737847805023193, "Epoch 335 Step 48": 2.8905906677246094, "Epoch 335 Step 49": 2.8833165168762207, "Epoch 335 Step 50": 2.8755953311920166, "Epoch 335 Step 51": 2.873349189758301, "Epoch 335 Step 52": 2.88224720954895, "Epoch 335 Step 53": 2.8878467082977295, "Epoch 335 Step 54": 2.8809549808502197, "Epoch 335 Step 55": 2.8789005279541016, "Epoch 335 Step 56": 2.878188133239746, "Epoch 335 Step 57": 2.876220703125, "Epoch 335 Step 58": 2.8874549865722656, "Epoch 335 Step 59": 2.874431610107422, "Epoch 335 Step 60": 2.8909924030303955, "Epoch 335 Step 61": 2.871159315109253, "Epoch 335 Step 62": 2.874713897705078, "Epoch 335 Step 63": 2.8793718814849854, "Epoch 335 Step 64": 2.8678929805755615, "Epoch 335 Step 65": 2.8871145248413086, "Epoch 335 Step 66": 2.881542682647705, "Epoch 335 Step 67": 2.8869469165802, "Epoch 335 Step 68": 2.8931145668029785, "Epoch 335 Step 69": 2.886291027069092, "Epoch 335 Step 70": 2.878718614578247, "Epoch 335 Step 71": 2.8851771354675293, "Epoch 335 Step 72": 2.8949215412139893, "Epoch 335 Step 73": 2.893911600112915, "Epoch 335 Step 74": 2.8922746181488037, "Epoch 335 Step 75": 2.8876407146453857, "Epoch 335 Step 76": 2.8873190879821777, "Epoch 335 Step 77": 2.886185646057129, "Epoch 335 Step 78": 2.908557891845703, "Epoch 335 Step 79": 2.900188684463501, "Epoch 335 Step 80": 2.899631977081299, "Epoch 335 Step 81": 2.8756778240203857, "Epoch 335 Step 82": 2.8890905380249023, "Epoch 335 Step 83": 2.8938956260681152, "Epoch 335 Step 84": 2.8757309913635254, "Epoch 335 Step 85": 2.8862104415893555, "Epoch 335 Step 86": 2.887263774871826, "Epoch 335 Step 87": 2.893277406692505, "Epoch 335 Step 88": 2.8976004123687744, "Epoch 335 Step 89": 2.8820271492004395}