{"Epoch 456 Step 0": 2.8902063369750977, "Epoch 456 Step 1": 2.882387399673462, "Epoch 456 Step 2": 2.8754732608795166, "Epoch 456 Step 3": 2.8727378845214844, "Epoch 456 Step 4": 2.8823652267456055, "Epoch 456 Step 5": 2.88759708404541, "Epoch 456 Step 6": 2.8805794715881348, "Epoch 456 Step 7": 2.8792827129364014, "Epoch 456 Step 8": 2.878476858139038, "Epoch 456 Step 9": 2.875936269760132, "Epoch 456 Step 10": 2.8875491619110107, "Epoch 456 Step 11": 2.8744423389434814, "Epoch 456 Step 12": 2.891192674636841, "Epoch 456 Step 13": 2.871276378631592, "Epoch 456 Step 14": 2.874567985534668, "Epoch 456 Step 15": 2.8795700073242188, "Epoch 456 Step 16": 2.867899179458618, "Epoch 456 Step 17": 2.8871331214904785, "Epoch 456 Step 18": 2.8816938400268555, "Epoch 456 Step 19": 2.8865678310394287, "Epoch 456 Step 20": 2.8931374549865723, "Epoch 456 Step 21": 2.8864729404449463, "Epoch 456 Step 22": 2.8790407180786133, "Epoch 456 Step 23": 2.885211229324341, "Epoch 456 Step 24": 2.8953144550323486, "Epoch 456 Step 25": 2.894672155380249, "Epoch 456 Step 26": 2.8926985263824463, "Epoch 456 Step 27": 2.887401580810547, "Epoch 456 Step 28": 2.887300491333008, "Epoch 456 Step 29": 2.8855881690979004, "Epoch 456 Step 30": 2.905216932296753, "Epoch 456 Step 31": 2.9010419845581055, "Epoch 456 Step 32": 2.898873805999756, "Epoch 456 Step 33": 2.876302719116211, "Epoch 456 Step 34": 2.8887526988983154, "Epoch 456 Step 35": 2.8930165767669678, "Epoch 456 Step 36": 2.8744046688079834, "Epoch 456 Step 37": 2.8862149715423584, "Epoch 456 Step 38": 2.8874149322509766, "Epoch 456 Step 39": 2.8920505046844482, "Epoch 456 Step 40": 2.896099805831909, "Epoch 456 Step 41": 2.88275146484375, "Epoch 456 Step 42": 2.8936526775360107, "Epoch 456 Step 43": 2.8793232440948486, "Epoch 456 Step 44": 2.886181354522705, "Epoch 456 Step 45": 2.8790054321289062, "Epoch 456 Step 46": 2.8919479846954346, "Epoch 456 Step 47": 2.878016233444214, "Epoch 456 Step 48": 2.8842108249664307, "Epoch 456 Step 49": 2.8887038230895996, "Epoch 456 Step 50": 2.8735342025756836, "Epoch 456 Step 51": 2.87166428565979, "Epoch 456 Step 52": 2.8722031116485596, "Epoch 456 Step 53": 2.8892743587493896, "Epoch 456 Step 54": 2.8831160068511963, "Epoch 456 Step 55": 2.878105878829956, "Epoch 456 Step 56": 2.8890836238861084, "Epoch 456 Step 57": 2.8945791721343994, "Epoch 456 Step 58": 2.881267547607422, "Epoch 456 Step 59": 2.8769524097442627, "Epoch 456 Step 60": 2.8870441913604736, "Epoch 456 Step 61": 2.891249656677246, "Epoch 456 Step 62": 2.8809571266174316, "Epoch 456 Step 63": 2.8814878463745117, "Epoch 456 Step 64": 2.877505302429199, "Epoch 456 Step 65": 2.887458562850952, "Epoch 456 Step 66": 2.873833417892456, "Epoch 456 Step 67": 2.885516881942749, "Epoch 456 Step 68": 2.8792879581451416, "Epoch 456 Step 69": 2.882985830307007, "Epoch 456 Step 70": 2.884500503540039, "Epoch 456 Step 71": 2.8718888759613037, "Epoch 456 Step 72": 2.885040760040283, "Epoch 456 Step 73": 2.8876354694366455, "Epoch 456 Step 74": 2.885633945465088, "Epoch 456 Step 75": 2.8891096115112305, "Epoch 456 Step 76": 2.8840770721435547, "Epoch 456 Step 77": 2.8725552558898926, "Epoch 456 Step 78": 2.88149094581604, "Epoch 456 Step 79": 2.8772711753845215, "Epoch 456 Step 80": 2.882673501968384, "Epoch 456 Step 81": 2.8833634853363037, "Epoch 456 Step 82": 2.891265630722046, "Epoch 456 Step 83": 2.884845495223999, "Epoch 456 Step 84": 2.8855819702148438, "Epoch 456 Step 85": 2.8818655014038086, "Epoch 456 Step 86": 2.8759169578552246, "Epoch 456 Step 87": 2.8801472187042236, "Epoch 456 Step 88": 2.893805980682373, "Epoch 456 Step 89": 2.8878560066223145}