{"Epoch 189 Step 0": 2.878234624862671, "Epoch 189 Step 1": 2.8774144649505615, "Epoch 189 Step 2": 2.87506365776062, "Epoch 189 Step 3": 2.8849098682403564, "Epoch 189 Step 4": 2.8705718517303467, "Epoch 189 Step 5": 2.8895423412323, "Epoch 189 Step 6": 2.87068772315979, "Epoch 189 Step 7": 2.8728349208831787, "Epoch 189 Step 8": 2.8782782554626465, "Epoch 189 Step 9": 2.865966558456421, "Epoch 189 Step 10": 2.885153293609619, "Epoch 189 Step 11": 2.8789288997650146, "Epoch 189 Step 12": 2.8832859992980957, "Epoch 189 Step 13": 2.8913497924804688, "Epoch 189 Step 14": 2.885120153427124, "Epoch 189 Step 15": 2.8769302368164062, "Epoch 189 Step 16": 2.883136749267578, "Epoch 189 Step 17": 2.892810106277466, "Epoch 189 Step 18": 2.8937389850616455, "Epoch 189 Step 19": 2.8912668228149414, "Epoch 189 Step 20": 2.88786244392395, "Epoch 189 Step 21": 2.886396884918213, "Epoch 189 Step 22": 2.8831710815429688, "Epoch 189 Step 23": 2.9013209342956543, "Epoch 189 Step 24": 2.900304079055786, "Epoch 189 Step 25": 2.896075487136841, "Epoch 189 Step 26": 2.8765931129455566, "Epoch 189 Step 27": 2.8894741535186768, "Epoch 189 Step 28": 2.891629934310913, "Epoch 189 Step 29": 2.8734629154205322, "Epoch 189 Step 30": 2.8858916759490967, "Epoch 189 Step 31": 2.887843370437622, "Epoch 189 Step 32": 2.8901922702789307, "Epoch 189 Step 33": 2.8950319290161133, "Epoch 189 Step 34": 2.8801541328430176, "Epoch 189 Step 35": 2.889042854309082, "Epoch 189 Step 36": 2.8785600662231445, "Epoch 189 Step 37": 2.8863580226898193, "Epoch 189 Step 38": 2.8773305416107178, "Epoch 189 Step 39": 2.8919618129730225, "Epoch 189 Step 40": 2.8764448165893555, "Epoch 189 Step 41": 2.8812780380249023, "Epoch 189 Step 42": 2.8872969150543213, "Epoch 189 Step 43": 2.8720927238464355, "Epoch 189 Step 44": 2.8703930377960205, "Epoch 189 Step 45": 2.871253490447998, "Epoch 189 Step 46": 2.887626886367798, "Epoch 189 Step 47": 2.8800320625305176, "Epoch 189 Step 48": 2.8763933181762695, "Epoch 189 Step 49": 2.8898515701293945, "Epoch 189 Step 50": 2.892482042312622, "Epoch 189 Step 51": 2.8778817653656006, "Epoch 189 Step 52": 2.8763039112091064, "Epoch 189 Step 53": 2.8870129585266113, "Epoch 189 Step 54": 2.8905727863311768, "Epoch 189 Step 55": 2.8786821365356445, "Epoch 189 Step 56": 2.880164623260498, "Epoch 189 Step 57": 2.8750743865966797, "Epoch 189 Step 58": 2.8876068592071533, "Epoch 189 Step 59": 2.8724215030670166, "Epoch 189 Step 60": 2.8836400508880615, "Epoch 189 Step 61": 2.8782589435577393, "Epoch 189 Step 62": 2.88195538520813, "Epoch 189 Step 63": 2.8825886249542236, "Epoch 189 Step 64": 2.869056463241577, "Epoch 189 Step 65": 2.8833115100860596, "Epoch 189 Step 66": 2.8853628635406494, "Epoch 189 Step 67": 2.883502721786499, "Epoch 189 Step 68": 2.887861967086792, "Epoch 189 Step 69": 2.8830435276031494, "Epoch 189 Step 70": 2.87078595161438, "Epoch 189 Step 71": 2.8793187141418457, "Epoch 189 Step 72": 2.8759002685546875, "Epoch 189 Step 73": 2.881213903427124, "Epoch 189 Step 74": 2.881305694580078, "Epoch 189 Step 75": 2.8897783756256104, "Epoch 189 Step 76": 2.885310411453247, "Epoch 189 Step 77": 2.882884979248047, "Epoch 189 Step 78": 2.8798797130584717, "Epoch 189 Step 79": 2.874159812927246, "Epoch 189 Step 80": 2.8771016597747803, "Epoch 189 Step 81": 2.8907203674316406, "Epoch 189 Step 82": 2.88665771484375, "Epoch 189 Step 83": 2.8726768493652344, "Epoch 189 Step 84": 2.889343738555908, "Epoch 189 Step 85": 2.8812248706817627, "Epoch 189 Step 86": 2.8739235401153564, "Epoch 189 Step 87": 2.868922710418701, "Epoch 189 Step 88": 2.881296396255493, "Epoch 189 Step 89": 2.886284828186035}