{"Epoch 469 Step 0": 2.8808159828186035, "Epoch 469 Step 1": 2.876836061477661, "Epoch 469 Step 2": 2.8825907707214355, "Epoch 469 Step 3": 2.8832345008850098, "Epoch 469 Step 4": 2.8906984329223633, "Epoch 469 Step 5": 2.885057210922241, "Epoch 469 Step 6": 2.8850600719451904, "Epoch 469 Step 7": 2.881387710571289, "Epoch 469 Step 8": 2.875809669494629, "Epoch 469 Step 9": 2.8795313835144043, "Epoch 469 Step 10": 2.8937947750091553, "Epoch 469 Step 11": 2.8879172801971436, "Epoch 469 Step 12": 2.8740391731262207, "Epoch 469 Step 13": 2.8907113075256348, "Epoch 469 Step 14": 2.882011651992798, "Epoch 469 Step 15": 2.875516891479492, "Epoch 469 Step 16": 2.872205972671509, "Epoch 469 Step 17": 2.8824455738067627, "Epoch 469 Step 18": 2.8877999782562256, "Epoch 469 Step 19": 2.8802173137664795, "Epoch 469 Step 20": 2.878488540649414, "Epoch 469 Step 21": 2.8783042430877686, "Epoch 469 Step 22": 2.8764102458953857, "Epoch 469 Step 23": 2.8881702423095703, "Epoch 469 Step 24": 2.8750672340393066, "Epoch 469 Step 25": 2.8915045261383057, "Epoch 469 Step 26": 2.871624708175659, "Epoch 469 Step 27": 2.8745718002319336, "Epoch 469 Step 28": 2.8798468112945557, "Epoch 469 Step 29": 2.8681697845458984, "Epoch 469 Step 30": 2.88641095161438, "Epoch 469 Step 31": 2.8811392784118652, "Epoch 469 Step 32": 2.886958360671997, "Epoch 469 Step 33": 2.893097400665283, "Epoch 469 Step 34": 2.886075973510742, "Epoch 469 Step 35": 2.8780157566070557, "Epoch 469 Step 36": 2.8846535682678223, "Epoch 469 Step 37": 2.896120548248291, "Epoch 469 Step 38": 2.894615650177002, "Epoch 469 Step 39": 2.893280267715454, "Epoch 469 Step 40": 2.887511968612671, "Epoch 469 Step 41": 2.8857293128967285, "Epoch 469 Step 42": 2.8835299015045166, "Epoch 469 Step 43": 2.9053096771240234, "Epoch 469 Step 44": 2.899287700653076, "Epoch 469 Step 45": 2.8977792263031006, "Epoch 469 Step 46": 2.876126527786255, "Epoch 469 Step 47": 2.8893566131591797, "Epoch 469 Step 48": 2.8938722610473633, "Epoch 469 Step 49": 2.875410318374634, "Epoch 469 Step 50": 2.886802911758423, "Epoch 469 Step 51": 2.8872146606445312, "Epoch 469 Step 52": 2.891658306121826, "Epoch 469 Step 53": 2.8960134983062744, "Epoch 469 Step 54": 2.8817198276519775, "Epoch 469 Step 55": 2.891807794570923, "Epoch 469 Step 56": 2.878504991531372, "Epoch 469 Step 57": 2.885953664779663, "Epoch 469 Step 58": 2.8783833980560303, "Epoch 469 Step 59": 2.892185688018799, "Epoch 469 Step 60": 2.87815260887146, "Epoch 469 Step 61": 2.8828835487365723, "Epoch 469 Step 62": 2.888557195663452, "Epoch 469 Step 63": 2.873206377029419, "Epoch 469 Step 64": 2.8723154067993164, "Epoch 469 Step 65": 2.872504711151123, "Epoch 469 Step 66": 2.888774871826172, "Epoch 469 Step 67": 2.882443428039551, "Epoch 469 Step 68": 2.877800941467285, "Epoch 469 Step 69": 2.890608549118042, "Epoch 469 Step 70": 2.896554470062256, "Epoch 469 Step 71": 2.880657434463501, "Epoch 469 Step 72": 2.8768210411071777, "Epoch 469 Step 73": 2.8873207569122314, "Epoch 469 Step 74": 2.8915090560913086, "Epoch 469 Step 75": 2.8810017108917236, "Epoch 469 Step 76": 2.881836414337158, "Epoch 469 Step 77": 2.877643346786499, "Epoch 469 Step 78": 2.887634515762329, "Epoch 469 Step 79": 2.873969554901123, "Epoch 469 Step 80": 2.885287284851074, "Epoch 469 Step 81": 2.87970232963562, "Epoch 469 Step 82": 2.883251667022705, "Epoch 469 Step 83": 2.8851702213287354, "Epoch 469 Step 84": 2.870861768722534, "Epoch 469 Step 85": 2.8846468925476074, "Epoch 469 Step 86": 2.8879621028900146, "Epoch 469 Step 87": 2.886054039001465, "Epoch 469 Step 88": 2.890080690383911, "Epoch 469 Step 89": 2.884575605392456}