{"Epoch 36 Step 0": 2.8643367290496826, "Epoch 36 Step 1": 2.8604111671447754, "Epoch 36 Step 2": 2.8610966205596924, "Epoch 36 Step 3": 2.8655717372894287, "Epoch 36 Step 4": 2.8555314540863037, "Epoch 36 Step 5": 2.8611223697662354, "Epoch 36 Step 6": 2.859713077545166, "Epoch 36 Step 7": 2.849365472793579, "Epoch 36 Step 8": 2.8491780757904053, "Epoch 36 Step 9": 2.8164143562316895, "Epoch 36 Step 10": 2.8469362258911133, "Epoch 36 Step 11": 2.8698766231536865, "Epoch 36 Step 12": 2.842998504638672, "Epoch 36 Step 13": 2.8425133228302, "Epoch 36 Step 14": 2.8828115463256836, "Epoch 36 Step 15": 2.859348773956299, "Epoch 36 Step 16": 2.8758797645568848, "Epoch 36 Step 17": 2.878269672393799, "Epoch 36 Step 18": 2.864138603210449, "Epoch 36 Step 19": 2.843724250793457, "Epoch 36 Step 20": 2.876112461090088, "Epoch 36 Step 21": 2.8765978813171387, "Epoch 36 Step 22": 2.867549180984497, "Epoch 36 Step 23": 2.862931728363037, "Epoch 36 Step 24": 2.8735485076904297, "Epoch 36 Step 25": 2.883139133453369, "Epoch 36 Step 26": 2.8001976013183594, "Epoch 36 Step 27": 2.8429629802703857, "Epoch 36 Step 28": 2.781001567840576, "Epoch 36 Step 29": 2.8302054405212402, "Epoch 36 Step 30": 2.8786282539367676, "Epoch 36 Step 31": 2.87135910987854, "Epoch 36 Step 32": 2.878272294998169, "Epoch 36 Step 33": 2.866239547729492, "Epoch 36 Step 34": 2.7628705501556396, "Epoch 36 Step 35": 2.6859729290008545, "Epoch 36 Step 36": 2.806565761566162, "Epoch 36 Step 37": 2.8906118869781494, "Epoch 36 Step 38": 2.8702263832092285, "Epoch 36 Step 39": 2.8549625873565674, "Epoch 36 Step 40": 2.860229969024658, "Epoch 36 Step 41": 2.8756046295166016, "Epoch 36 Step 42": 2.876767158508301, "Epoch 36 Step 43": 2.87701416015625, "Epoch 36 Step 44": 2.864626169204712, "Epoch 36 Step 45": 2.879791736602783, "Epoch 36 Step 46": 2.8841307163238525, "Epoch 36 Step 47": 2.8376517295837402, "Epoch 36 Step 48": 2.841212511062622, "Epoch 36 Step 49": 2.8566367626190186, "Epoch 36 Step 50": 2.8593554496765137, "Epoch 36 Step 51": 2.8703453540802, "Epoch 36 Step 52": 2.8652288913726807, "Epoch 36 Step 53": 2.8734817504882812, "Epoch 36 Step 54": 2.8759021759033203, "Epoch 36 Step 55": 2.8685433864593506, "Epoch 36 Step 56": 2.8886239528656006, "Epoch 36 Step 57": 2.86138653755188, "Epoch 36 Step 58": 2.871356248855591, "Epoch 36 Step 59": 2.8814311027526855, "Epoch 36 Step 60": 2.876023769378662, "Epoch 36 Step 61": 2.8724822998046875, "Epoch 36 Step 62": 2.8753764629364014, "Epoch 36 Step 63": 2.8594257831573486, "Epoch 36 Step 64": 2.834984064102173, "Epoch 36 Step 65": 2.8594303131103516, "Epoch 36 Step 66": 2.8732383251190186, "Epoch 36 Step 67": 2.8430209159851074, "Epoch 36 Step 68": 2.857930898666382, "Epoch 36 Step 69": 2.859400987625122, "Epoch 36 Step 70": 2.8461103439331055, "Epoch 36 Step 71": 2.8818233013153076, "Epoch 36 Step 72": 2.852666139602661, "Epoch 36 Step 73": 2.872382640838623, "Epoch 36 Step 74": 2.852611780166626, "Epoch 36 Step 75": 2.871184825897217, "Epoch 36 Step 76": 2.821129083633423, "Epoch 36 Step 77": 2.883009672164917, "Epoch 36 Step 78": 2.8447937965393066, "Epoch 36 Step 79": 2.88078236579895, "Epoch 36 Step 80": 2.864785671234131, "Epoch 36 Step 81": 2.8448383808135986, "Epoch 36 Step 82": 2.8413705825805664, "Epoch 36 Step 83": 2.86089825630188, "Epoch 36 Step 84": 2.8499507904052734, "Epoch 36 Step 85": 2.8390183448791504, "Epoch 36 Step 86": 2.8772997856140137, "Epoch 36 Step 87": 2.865490198135376, "Epoch 36 Step 88": 2.85750412940979, "Epoch 36 Step 89": 2.8422493934631348, "Epoch 36 Step 90": 2.8560545444488525, "Epoch 36 Step 91": 2.857377052307129, "Epoch 36 Step 92": 2.8316073417663574, "Epoch 36 Step 93": 2.847625970840454, "Epoch 36 Step 94": 2.8463521003723145, "Epoch 36 Step 95": 2.8425333499908447, "Epoch 36 Step 96": 2.8332626819610596, "Epoch 36 Step 97": 2.867988348007202, "Epoch 36 Step 98": 2.841278553009033, "Epoch 36 Step 99": 2.8753538131713867, "Epoch 36 Step 100": 2.8588380813598633, "Epoch 36 Step 101": 2.837665319442749, "Epoch 36 Step 102": 2.8737449645996094, "Epoch 36 Step 103": 2.8510138988494873, "Epoch 36 Step 104": 2.8580093383789062, "Epoch 36 Step 105": 2.862027406692505, "Epoch 36 Step 106": 2.829929828643799, "Epoch 36 Step 107": 2.8741211891174316, "Epoch 36 Step 108": 2.853858232498169, "Epoch 36 Step 109": 2.8748679161071777, "Epoch 36 Step 110": 2.8698065280914307, "Epoch 36 Step 111": 2.8914318084716797, "Epoch 36 Step 112": 2.8775243759155273, "Epoch 36 Step 113": 2.8324363231658936, "Epoch 36 Step 114": 2.869553565979004, "Epoch 36 Step 115": 2.8549392223358154, "Epoch 36 Step 116": 2.8450584411621094, "Epoch 36 Step 117": 2.855931043624878, "Epoch 36 Step 118": 2.8557021617889404, "Epoch 36 Step 119": 2.877617359161377, "Epoch 36 Step 120": 2.857481002807617, "Epoch 36 Step 121": 2.873934507369995, "Epoch 36 Step 122": 2.8739266395568848, "Epoch 36 Step 123": 2.8773176670074463, "Epoch 36 Step 124": 2.8522071838378906, "Epoch 36 Step 125": 2.867690086364746, "Epoch 36 Step 126": 2.861109733581543, "Epoch 36 Step 127": 2.852421522140503, "Epoch 36 Step 128": 2.865861415863037, "Epoch 36 Step 129": 2.8410470485687256, "Epoch 36 Step 130": 2.867917060852051, "Epoch 36 Step 131": 2.870633840560913, "Epoch 36 Step 132": 2.8110837936401367, "Epoch 36 Step 133": 2.8530919551849365, "Epoch 36 Step 134": 2.848695755004883, "Epoch 36 Step 135": 2.861032247543335, "Epoch 36 Step 136": 2.868412971496582, "Epoch 36 Step 137": 2.842376708984375, "Epoch 36 Step 138": 2.8637535572052, "Epoch 36 Step 139": 2.8126909732818604, "Epoch 36 Step 140": 2.849246025085449, "Epoch 36 Step 141": 2.871812582015991, "Epoch 36 Step 142": 2.863863945007324, "Epoch 36 Step 143": 2.8563294410705566, "Epoch 36 Step 144": 2.8451404571533203, "Epoch 36 Step 145": 2.8636608123779297, "Epoch 36 Step 146": 2.850059747695923, "Epoch 36 Step 147": 2.8619651794433594, "Epoch 36 Step 148": 2.862178325653076, "Epoch 36 Step 149": 2.8622853755950928, "Epoch 36 Step 150": 2.8547229766845703, "Epoch 36 Step 151": 2.8564093112945557, "Epoch 36 Step 152": 2.8313543796539307, "Epoch 36 Step 153": 2.83760666847229, "Epoch 36 Step 154": 2.829063653945923, "Epoch 36 Step 155": 2.8639297485351562, "Epoch 36 Step 156": 2.8687472343444824, "Epoch 36 Step 157": 2.8612115383148193, "Epoch 36 Step 158": 2.8597240447998047, "Epoch 36 Step 159": 2.849851131439209, "Epoch 36 Step 160": 2.8662612438201904, "Epoch 36 Step 161": 2.8863439559936523, "Epoch 36 Step 162": 2.809257745742798, "Epoch 36 Step 163": 2.857422113418579, "Epoch 36 Step 164": 2.852323293685913, "Epoch 36 Step 165": 2.874340772628784, "Epoch 36 Step 166": 2.855093479156494, "Epoch 36 Step 167": 2.878633975982666, "Epoch 36 Step 168": 2.852302074432373, "Epoch 36 Step 169": 2.839448928833008, "Epoch 36 Step 170": 2.850334882736206, "Epoch 36 Step 171": 2.864370584487915, "Epoch 36 Step 172": 2.8495779037475586, "Epoch 36 Step 173": 2.871685028076172, "Epoch 36 Step 174": 2.858292579650879, "Epoch 36 Step 175": 2.8212850093841553, "Epoch 36 Step 176": 2.8492794036865234, "Epoch 36 Step 177": 2.851327896118164, "Epoch 36 Step 178": 2.8477368354797363, "Epoch 36 Step 179": 2.8697891235351562, "Epoch 36 Step 180": 2.8654868602752686, "Epoch 36 Step 181": 2.865361213684082, "Epoch 36 Step 182": 2.810199737548828, "Epoch 36 Step 183": 2.862107276916504, "Epoch 36 Step 184": 2.85701060295105, "Epoch 36 Step 185": 2.860959053039551, "Epoch 36 Step 186": 2.8602092266082764, "Epoch 36 Step 187": 2.87096905708313, "Epoch 36 Step 188": 2.8665900230407715, "Epoch 36 Step 189": 2.8510489463806152, "Epoch 36 Step 190": 2.876824378967285, "Epoch 36 Step 191": 2.874023914337158, "Epoch 36 Step 192": 2.8640427589416504, "Epoch 36 Step 193": 2.8582522869110107, "Epoch 36 Step 194": 2.8664214611053467, "Epoch 36 Step 195": 2.857700824737549, "Epoch 36 Step 196": 2.8564703464508057, "Epoch 36 Step 197": 2.8401646614074707, "Epoch 36 Step 198": 2.8191871643066406, "Epoch 36 Step 199": 2.8691368103027344,