{"Epoch 360 Step 0": 2.887890100479126, "Epoch 360 Step 1": 2.880124568939209, "Epoch 360 Step 2": 2.878328561782837, "Epoch 360 Step 3": 2.8779561519622803, "Epoch 360 Step 4": 2.87670636177063, "Epoch 360 Step 5": 2.8877577781677246, "Epoch 360 Step 6": 2.875145196914673, "Epoch 360 Step 7": 2.8919358253479004, "Epoch 360 Step 8": 2.8710014820098877, "Epoch 360 Step 9": 2.8744771480560303, "Epoch 360 Step 10": 2.8799545764923096, "Epoch 360 Step 11": 2.8681697845458984, "Epoch 360 Step 12": 2.8871560096740723, "Epoch 360 Step 13": 2.881687641143799, "Epoch 360 Step 14": 2.8864545822143555, "Epoch 360 Step 15": 2.8931775093078613, "Epoch 360 Step 16": 2.8862829208374023, "Epoch 360 Step 17": 2.8787667751312256, "Epoch 360 Step 18": 2.8849265575408936, "Epoch 360 Step 19": 2.8955585956573486, "Epoch 360 Step 20": 2.894808292388916, "Epoch 360 Step 21": 2.8929390907287598, "Epoch 360 Step 22": 2.8880186080932617, "Epoch 360 Step 23": 2.8862838745117188, "Epoch 360 Step 24": 2.8833796977996826, "Epoch 360 Step 25": 2.905402183532715, "Epoch 360 Step 26": 2.900890350341797, "Epoch 360 Step 27": 2.8981499671936035, "Epoch 360 Step 28": 2.875459909439087, "Epoch 360 Step 29": 2.8891358375549316, "Epoch 360 Step 30": 2.892878293991089, "Epoch 360 Step 31": 2.8747169971466064, "Epoch 360 Step 32": 2.88630747795105, "Epoch 360 Step 33": 2.886676788330078, "Epoch 360 Step 34": 2.8914194107055664, "Epoch 360 Step 35": 2.895646333694458, "Epoch 360 Step 36": 2.8820786476135254, "Epoch 360 Step 37": 2.8934969902038574, "Epoch 360 Step 38": 2.8779544830322266, "Epoch 360 Step 39": 2.8851397037506104, "Epoch 360 Step 40": 2.877531051635742, "Epoch 360 Step 41": 2.891784429550171, "Epoch 360 Step 42": 2.8777964115142822, "Epoch 360 Step 43": 2.8828485012054443, "Epoch 360 Step 44": 2.8885490894317627, "Epoch 360 Step 45": 2.872957706451416, "Epoch 360 Step 46": 2.8719217777252197, "Epoch 360 Step 47": 2.8724188804626465, "Epoch 360 Step 48": 2.8885040283203125, "Epoch 360 Step 49": 2.8820109367370605, "Epoch 360 Step 50": 2.8782739639282227, "Epoch 360 Step 51": 2.8897924423217773, "Epoch 360 Step 52": 2.895284414291382, "Epoch 360 Step 53": 2.8806145191192627, "Epoch 360 Step 54": 2.8761978149414062, "Epoch 360 Step 55": 2.886782646179199, "Epoch 360 Step 56": 2.891700267791748, "Epoch 360 Step 57": 2.8802995681762695, "Epoch 360 Step 58": 2.8817028999328613, "Epoch 360 Step 59": 2.877250909805298, "Epoch 360 Step 60": 2.8880462646484375, "Epoch 360 Step 61": 2.873641014099121, "Epoch 360 Step 62": 2.8853468894958496, "Epoch 360 Step 63": 2.879751205444336, "Epoch 360 Step 64": 2.8834118843078613, "Epoch 360 Step 65": 2.88490891456604, "Epoch 360 Step 66": 2.8712782859802246, "Epoch 360 Step 67": 2.8847196102142334, "Epoch 360 Step 68": 2.8884129524230957, "Epoch 360 Step 69": 2.8860812187194824, "Epoch 360 Step 70": 2.889129638671875, "Epoch 360 Step 71": 2.8843438625335693, "Epoch 360 Step 72": 2.872479200363159, "Epoch 360 Step 73": 2.881279468536377, "Epoch 360 Step 74": 2.877418279647827, "Epoch 360 Step 75": 2.8833413124084473, "Epoch 360 Step 76": 2.8834071159362793, "Epoch 360 Step 77": 2.8903658390045166, "Epoch 360 Step 78": 2.884967088699341, "Epoch 360 Step 79": 2.885219097137451, "Epoch 360 Step 80": 2.88140869140625, "Epoch 360 Step 81": 2.875211477279663, "Epoch 360 Step 82": 2.88010311126709, "Epoch 360 Step 83": 2.8937289714813232, "Epoch 360 Step 84": 2.8878400325775146, "Epoch 360 Step 85": 2.8743011951446533, "Epoch 360 Step 86": 2.8904476165771484, "Epoch 360 Step 87": 2.882434368133545, "Epoch 360 Step 88": 2.875868320465088, "Epoch 360 Step 89": 2.872788667678833}