{"Epoch 582 Step 0": 2.8906049728393555, "Epoch 582 Step 1": 2.8957021236419678, "Epoch 582 Step 2": 2.8805649280548096, "Epoch 582 Step 3": 2.8758835792541504, "Epoch 582 Step 4": 2.8875463008880615, "Epoch 582 Step 5": 2.8919613361358643, "Epoch 582 Step 6": 2.8810620307922363, "Epoch 582 Step 7": 2.881725788116455, "Epoch 582 Step 8": 2.87773060798645, "Epoch 582 Step 9": 2.887688159942627, "Epoch 582 Step 10": 2.8735411167144775, "Epoch 582 Step 11": 2.885408401489258, "Epoch 582 Step 12": 2.879284620285034, "Epoch 582 Step 13": 2.883013963699341, "Epoch 582 Step 14": 2.885186195373535, "Epoch 582 Step 15": 2.8712706565856934, "Epoch 582 Step 16": 2.88507080078125, "Epoch 582 Step 17": 2.887575149536133, "Epoch 582 Step 18": 2.8859243392944336, "Epoch 582 Step 19": 2.889730930328369, "Epoch 582 Step 20": 2.884185314178467, "Epoch 582 Step 21": 2.8722681999206543, "Epoch 582 Step 22": 2.8810415267944336, "Epoch 582 Step 23": 2.8769493103027344, "Epoch 582 Step 24": 2.883073329925537, "Epoch 582 Step 25": 2.8827710151672363, "Epoch 582 Step 26": 2.890315055847168, "Epoch 582 Step 27": 2.8850767612457275, "Epoch 582 Step 28": 2.885437250137329, "Epoch 582 Step 29": 2.8818423748016357, "Epoch 582 Step 30": 2.875852346420288, "Epoch 582 Step 31": 2.8798224925994873, "Epoch 582 Step 32": 2.8932464122772217, "Epoch 582 Step 33": 2.8875913619995117, "Epoch 582 Step 34": 2.874067783355713, "Epoch 582 Step 35": 2.8901913166046143, "Epoch 582 Step 36": 2.88244366645813, "Epoch 582 Step 37": 2.875824451446533, "Epoch 582 Step 38": 2.872513771057129, "Epoch 582 Step 39": 2.881117343902588, "Epoch 582 Step 40": 2.887028217315674, "Epoch 582 Step 41": 2.8799989223480225, "Epoch 582 Step 42": 2.8787198066711426, "Epoch 582 Step 43": 2.8785529136657715, "Epoch 582 Step 44": 2.8760175704956055, "Epoch 582 Step 45": 2.8882381916046143, "Epoch 582 Step 46": 2.87473201751709, "Epoch 582 Step 47": 2.8907554149627686, "Epoch 582 Step 48": 2.871145725250244, "Epoch 582 Step 49": 2.874541997909546, "Epoch 582 Step 50": 2.879570722579956, "Epoch 582 Step 51": 2.8681607246398926, "Epoch 582 Step 52": 2.8870606422424316, "Epoch 582 Step 53": 2.8813180923461914, "Epoch 582 Step 54": 2.886791467666626, "Epoch 582 Step 55": 2.89275860786438, "Epoch 582 Step 56": 2.8864309787750244, "Epoch 582 Step 57": 2.8783862590789795, "Epoch 582 Step 58": 2.884376287460327, "Epoch 582 Step 59": 2.895838975906372, "Epoch 582 Step 60": 2.8954708576202393, "Epoch 582 Step 61": 2.8936941623687744, "Epoch 582 Step 62": 2.8875393867492676, "Epoch 582 Step 63": 2.8858368396759033, "Epoch 582 Step 64": 2.8835325241088867, "Epoch 582 Step 65": 2.905355930328369, "Epoch 582 Step 66": 2.9004435539245605, "Epoch 582 Step 67": 2.898660898208618, "Epoch 582 Step 68": 2.8759188652038574, "Epoch 582 Step 69": 2.8895366191864014, "Epoch 582 Step 70": 2.8935976028442383, "Epoch 582 Step 71": 2.874986171722412, "Epoch 582 Step 72": 2.886681079864502, "Epoch 582 Step 73": 2.8866212368011475, "Epoch 582 Step 74": 2.891305685043335, "Epoch 582 Step 75": 2.895632028579712, "Epoch 582 Step 76": 2.8815090656280518, "Epoch 582 Step 77": 2.8935415744781494, "Epoch 582 Step 78": 2.8789849281311035, "Epoch 582 Step 79": 2.884793519973755, "Epoch 582 Step 80": 2.8779678344726562, "Epoch 582 Step 81": 2.8912134170532227, "Epoch 582 Step 82": 2.8775510787963867, "Epoch 582 Step 83": 2.8831634521484375, "Epoch 582 Step 84": 2.8886725902557373, "Epoch 582 Step 85": 2.8734424114227295, "Epoch 582 Step 86": 2.871816635131836, "Epoch 582 Step 87": 2.871948480606079, "Epoch 582 Step 88": 2.8884592056274414, "Epoch 582 Step 89": 2.881667137145996}