{"Epoch 855 Step 0": 2.8906502723693848, "Epoch 855 Step 1": 2.89510440826416, "Epoch 855 Step 2": 2.8806326389312744, "Epoch 855 Step 3": 2.876044273376465, "Epoch 855 Step 4": 2.8876852989196777, "Epoch 855 Step 5": 2.891300916671753, "Epoch 855 Step 6": 2.880725145339966, "Epoch 855 Step 7": 2.881901264190674, "Epoch 855 Step 8": 2.877896308898926, "Epoch 855 Step 9": 2.887532949447632, "Epoch 855 Step 10": 2.874270439147949, "Epoch 855 Step 11": 2.8853886127471924, "Epoch 855 Step 12": 2.879324197769165, "Epoch 855 Step 13": 2.882657527923584, "Epoch 855 Step 14": 2.8850107192993164, "Epoch 855 Step 15": 2.871541738510132, "Epoch 855 Step 16": 2.885902166366577, "Epoch 855 Step 17": 2.8880558013916016, "Epoch 855 Step 18": 2.8861024379730225, "Epoch 855 Step 19": 2.8897809982299805, "Epoch 855 Step 20": 2.883932113647461, "Epoch 855 Step 21": 2.8719289302825928, "Epoch 855 Step 22": 2.8818044662475586, "Epoch 855 Step 23": 2.877199411392212, "Epoch 855 Step 24": 2.8824236392974854, "Epoch 855 Step 25": 2.883387804031372, "Epoch 855 Step 26": 2.891671895980835, "Epoch 855 Step 27": 2.884467363357544, "Epoch 855 Step 28": 2.8851795196533203, "Epoch 855 Step 29": 2.8813295364379883, "Epoch 855 Step 30": 2.876023292541504, "Epoch 855 Step 31": 2.8796098232269287, "Epoch 855 Step 32": 2.893660068511963, "Epoch 855 Step 33": 2.8881208896636963, "Epoch 855 Step 34": 2.8738696575164795, "Epoch 855 Step 35": 2.8905856609344482, "Epoch 855 Step 36": 2.8824055194854736, "Epoch 855 Step 37": 2.875767707824707, "Epoch 855 Step 38": 2.872196912765503, "Epoch 855 Step 39": 2.882667303085327, "Epoch 855 Step 40": 2.889118194580078, "Epoch 855 Step 41": 2.8819844722747803, "Epoch 855 Step 42": 2.8801016807556152, "Epoch 855 Step 43": 2.8787999153137207, "Epoch 855 Step 44": 2.876389265060425, "Epoch 855 Step 45": 2.887906074523926, "Epoch 855 Step 46": 2.8735640048980713, "Epoch 855 Step 47": 2.891833543777466, "Epoch 855 Step 48": 2.871521234512329, "Epoch 855 Step 49": 2.874729871749878, "Epoch 855 Step 50": 2.8796803951263428, "Epoch 855 Step 51": 2.8680694103240967, "Epoch 855 Step 52": 2.8865370750427246, "Epoch 855 Step 53": 2.8819475173950195, "Epoch 855 Step 54": 2.887646198272705, "Epoch 855 Step 55": 2.893759250640869, "Epoch 855 Step 56": 2.8865134716033936, "Epoch 855 Step 57": 2.879178285598755, "Epoch 855 Step 58": 2.885709524154663, "Epoch 855 Step 59": 2.8963003158569336, "Epoch 855 Step 60": 2.8947815895080566, "Epoch 855 Step 61": 2.892971992492676, "Epoch 855 Step 62": 2.887890338897705, "Epoch 855 Step 63": 2.8872358798980713, "Epoch 855 Step 64": 2.884657144546509, "Epoch 855 Step 65": 2.9034841060638428, "Epoch 855 Step 66": 2.9027318954467773, "Epoch 855 Step 67": 2.8983731269836426, "Epoch 855 Step 68": 2.8770580291748047, "Epoch 855 Step 69": 2.891080141067505, "Epoch 855 Step 70": 2.897725820541382, "Epoch 855 Step 71": 2.877875566482544, "Epoch 855 Step 72": 2.8868870735168457, "Epoch 855 Step 73": 2.886762857437134, "Epoch 855 Step 74": 2.891665458679199, "Epoch 855 Step 75": 2.896772623062134, "Epoch 855 Step 76": 2.8824398517608643, "Epoch 855 Step 77": 2.893972873687744, "Epoch 855 Step 78": 2.8783488273620605, "Epoch 855 Step 79": 2.8857641220092773, "Epoch 855 Step 80": 2.8792669773101807, "Epoch 855 Step 81": 2.8933639526367188, "Epoch 855 Step 82": 2.878520965576172, "Epoch 855 Step 83": 2.8831288814544678, "Epoch 855 Step 84": 2.8886375427246094, "Epoch 855 Step 85": 2.8737878799438477, "Epoch 855 Step 86": 2.872244119644165, "Epoch 855 Step 87": 2.8722472190856934, "Epoch 855 Step 88": 2.888944149017334, "Epoch 855 Step 89": 2.882436990737915}