{"Epoch 592 Step 0": 2.892714262008667, "Epoch 592 Step 1": 2.8778247833251953, "Epoch 592 Step 2": 2.882575035095215, "Epoch 592 Step 3": 2.8882663249969482, "Epoch 592 Step 4": 2.8736016750335693, "Epoch 592 Step 5": 2.871124029159546, "Epoch 592 Step 6": 2.8723814487457275, "Epoch 592 Step 7": 2.8884925842285156, "Epoch 592 Step 8": 2.882181167602539, "Epoch 592 Step 9": 2.8774783611297607, "Epoch 592 Step 10": 2.8905510902404785, "Epoch 592 Step 11": 2.895484447479248, "Epoch 592 Step 12": 2.880284070968628, "Epoch 592 Step 13": 2.8758699893951416, "Epoch 592 Step 14": 2.887284517288208, "Epoch 592 Step 15": 2.891481399536133, "Epoch 592 Step 16": 2.880852460861206, "Epoch 592 Step 17": 2.882045030593872, "Epoch 592 Step 18": 2.877429962158203, "Epoch 592 Step 19": 2.8876991271972656, "Epoch 592 Step 20": 2.874110698699951, "Epoch 592 Step 21": 2.8856282234191895, "Epoch 592 Step 22": 2.879249095916748, "Epoch 592 Step 23": 2.883234739303589, "Epoch 592 Step 24": 2.8850536346435547, "Epoch 592 Step 25": 2.8709490299224854, "Epoch 592 Step 26": 2.8847529888153076, "Epoch 592 Step 27": 2.8882622718811035, "Epoch 592 Step 28": 2.885796070098877, "Epoch 592 Step 29": 2.8892037868499756, "Epoch 592 Step 30": 2.8846240043640137, "Epoch 592 Step 31": 2.872751235961914, "Epoch 592 Step 32": 2.8811168670654297, "Epoch 592 Step 33": 2.8773226737976074, "Epoch 592 Step 34": 2.882720470428467, "Epoch 592 Step 35": 2.8836073875427246, "Epoch 592 Step 36": 2.8913328647613525, "Epoch 592 Step 37": 2.8849918842315674, "Epoch 592 Step 38": 2.8854129314422607, "Epoch 592 Step 39": 2.8816981315612793, "Epoch 592 Step 40": 2.8754994869232178, "Epoch 592 Step 41": 2.8797175884246826, "Epoch 592 Step 42": 2.893791437149048, "Epoch 592 Step 43": 2.8880534172058105, "Epoch 592 Step 44": 2.873826026916504, "Epoch 592 Step 45": 2.8905937671661377, "Epoch 592 Step 46": 2.8822896480560303, "Epoch 592 Step 47": 2.8755908012390137, "Epoch 592 Step 48": 2.8723068237304688, "Epoch 592 Step 49": 2.882286310195923, "Epoch 592 Step 50": 2.8876070976257324, "Epoch 592 Step 51": 2.8801450729370117, "Epoch 592 Step 52": 2.878946304321289, "Epoch 592 Step 53": 2.8781886100769043, "Epoch 592 Step 54": 2.8764688968658447, "Epoch 592 Step 55": 2.8874459266662598, "Epoch 592 Step 56": 2.8753881454467773, "Epoch 592 Step 57": 2.891348123550415, "Epoch 592 Step 58": 2.8711788654327393, "Epoch 592 Step 59": 2.8745124340057373, "Epoch 592 Step 60": 2.8800597190856934, "Epoch 592 Step 61": 2.868297815322876, "Epoch 592 Step 62": 2.887032985687256, "Epoch 592 Step 63": 2.8814659118652344, "Epoch 592 Step 64": 2.88708758354187, "Epoch 592 Step 65": 2.8932976722717285, "Epoch 592 Step 66": 2.8861310482025146, "Epoch 592 Step 67": 2.8785083293914795, "Epoch 592 Step 68": 2.885369300842285, "Epoch 592 Step 69": 2.8955976963043213, "Epoch 592 Step 70": 2.8945891857147217, "Epoch 592 Step 71": 2.8927361965179443, "Epoch 592 Step 72": 2.888174533843994, "Epoch 592 Step 73": 2.8871285915374756, "Epoch 592 Step 74": 2.8844242095947266, "Epoch 592 Step 75": 2.9041507244110107, "Epoch 592 Step 76": 2.901064157485962, "Epoch 592 Step 77": 2.897406578063965, "Epoch 592 Step 78": 2.8761565685272217, "Epoch 592 Step 79": 2.8896114826202393, "Epoch 592 Step 80": 2.8942644596099854, "Epoch 592 Step 81": 2.8752834796905518, "Epoch 592 Step 82": 2.8865480422973633, "Epoch 592 Step 83": 2.886733055114746, "Epoch 592 Step 84": 2.8914601802825928, "Epoch 592 Step 85": 2.895664930343628, "Epoch 592 Step 86": 2.881131649017334, "Epoch 592 Step 87": 2.8926079273223877, "Epoch 592 Step 88": 2.8785347938537598, "Epoch 592 Step 89": 2.885746717453003}