{"Epoch 918 Step 0": 2.886179208755493, "Epoch 918 Step 1": 2.880805253982544, "Epoch 918 Step 2": 2.8762643337249756, "Epoch 918 Step 3": 2.8797709941864014, "Epoch 918 Step 4": 2.8942410945892334, "Epoch 918 Step 5": 2.8880841732025146, "Epoch 918 Step 6": 2.8748762607574463, "Epoch 918 Step 7": 2.8916714191436768, "Epoch 918 Step 8": 2.8820300102233887, "Epoch 918 Step 9": 2.876068115234375, "Epoch 918 Step 10": 2.873695135116577, "Epoch 918 Step 11": 2.881523609161377, "Epoch 918 Step 12": 2.887547492980957, "Epoch 918 Step 13": 2.879598379135132, "Epoch 918 Step 14": 2.8782920837402344, "Epoch 918 Step 15": 2.8779118061065674, "Epoch 918 Step 16": 2.875971794128418, "Epoch 918 Step 17": 2.8879237174987793, "Epoch 918 Step 18": 2.874793767929077, "Epoch 918 Step 19": 2.891364574432373, "Epoch 918 Step 20": 2.87117075920105, "Epoch 918 Step 21": 2.8743367195129395, "Epoch 918 Step 22": 2.879007577896118, "Epoch 918 Step 23": 2.867933988571167, "Epoch 918 Step 24": 2.887532949447632, "Epoch 918 Step 25": 2.8818910121917725, "Epoch 918 Step 26": 2.8873023986816406, "Epoch 918 Step 27": 2.8929226398468018, "Epoch 918 Step 28": 2.888016939163208, "Epoch 918 Step 29": 2.879218101501465, "Epoch 918 Step 30": 2.884575366973877, "Epoch 918 Step 31": 2.895312547683716, "Epoch 918 Step 32": 2.894333839416504, "Epoch 918 Step 33": 2.893655776977539, "Epoch 918 Step 34": 2.887000322341919, "Epoch 918 Step 35": 2.885434627532959, "Epoch 918 Step 36": 2.881530284881592, "Epoch 918 Step 37": 2.9051032066345215, "Epoch 918 Step 38": 2.899043560028076, "Epoch 918 Step 39": 2.8965165615081787, "Epoch 918 Step 40": 2.87812876701355, "Epoch 918 Step 41": 2.891169786453247, "Epoch 918 Step 42": 2.894822120666504, "Epoch 918 Step 43": 2.8760855197906494, "Epoch 918 Step 44": 2.886957883834839, "Epoch 918 Step 45": 2.886690378189087, "Epoch 918 Step 46": 2.891385316848755, "Epoch 918 Step 47": 2.895214557647705, "Epoch 918 Step 48": 2.8812694549560547, "Epoch 918 Step 49": 2.8937389850616455, "Epoch 918 Step 50": 2.878958225250244, "Epoch 918 Step 51": 2.8852040767669678, "Epoch 918 Step 52": 2.8783118724823, "Epoch 918 Step 53": 2.893383741378784, "Epoch 918 Step 54": 2.8786425590515137, "Epoch 918 Step 55": 2.8843307495117188, "Epoch 918 Step 56": 2.8896427154541016, "Epoch 918 Step 57": 2.8736793994903564, "Epoch 918 Step 58": 2.871584177017212, "Epoch 918 Step 59": 2.873478412628174, "Epoch 918 Step 60": 2.8891494274139404, "Epoch 918 Step 61": 2.882330894470215, "Epoch 918 Step 62": 2.878140926361084, "Epoch 918 Step 63": 2.889467716217041, "Epoch 918 Step 64": 2.895078659057617, "Epoch 918 Step 65": 2.8811824321746826, "Epoch 918 Step 66": 2.8777716159820557, "Epoch 918 Step 67": 2.8871469497680664, "Epoch 918 Step 68": 2.8918495178222656, "Epoch 918 Step 69": 2.8818612098693848, "Epoch 918 Step 70": 2.8822309970855713, "Epoch 918 Step 71": 2.877849578857422, "Epoch 918 Step 72": 2.8886938095092773, "Epoch 918 Step 73": 2.873720407485962, "Epoch 918 Step 74": 2.885396718978882, "Epoch 918 Step 75": 2.8796350955963135, "Epoch 918 Step 76": 2.8829293251037598, "Epoch 918 Step 77": 2.886441469192505, "Epoch 918 Step 78": 2.871917724609375, "Epoch 918 Step 79": 2.8853039741516113, "Epoch 918 Step 80": 2.8879079818725586, "Epoch 918 Step 81": 2.8869102001190186, "Epoch 918 Step 82": 2.8912904262542725, "Epoch 918 Step 83": 2.8856616020202637, "Epoch 918 Step 84": 2.8727493286132812, "Epoch 918 Step 85": 2.88114070892334, "Epoch 918 Step 86": 2.8779726028442383, "Epoch 918 Step 87": 2.8832685947418213, "Epoch 918 Step 88": 2.8830859661102295, "Epoch 918 Step 89": 2.890974760055542}