{"Epoch 533 Step 0": 2.8746111392974854, "Epoch 533 Step 1": 2.8796491622924805, "Epoch 533 Step 2": 2.868044853210449, "Epoch 533 Step 3": 2.8869102001190186, "Epoch 533 Step 4": 2.881333112716675, "Epoch 533 Step 5": 2.8866653442382812, "Epoch 533 Step 6": 2.893012285232544, "Epoch 533 Step 7": 2.886815071105957, "Epoch 533 Step 8": 2.878272533416748, "Epoch 533 Step 9": 2.884699821472168, "Epoch 533 Step 10": 2.895678758621216, "Epoch 533 Step 11": 2.8945329189300537, "Epoch 533 Step 12": 2.892972230911255, "Epoch 533 Step 13": 2.8882086277008057, "Epoch 533 Step 14": 2.8869693279266357, "Epoch 533 Step 15": 2.8839657306671143, "Epoch 533 Step 16": 2.9048948287963867, "Epoch 533 Step 17": 2.900991678237915, "Epoch 533 Step 18": 2.897920846939087, "Epoch 533 Step 19": 2.8763108253479004, "Epoch 533 Step 20": 2.8898985385894775, "Epoch 533 Step 21": 2.893333673477173, "Epoch 533 Step 22": 2.875643730163574, "Epoch 533 Step 23": 2.8862619400024414, "Epoch 533 Step 24": 2.8866147994995117, "Epoch 533 Step 25": 2.891420602798462, "Epoch 533 Step 26": 2.8957672119140625, "Epoch 533 Step 27": 2.8818373680114746, "Epoch 533 Step 28": 2.8933820724487305, "Epoch 533 Step 29": 2.8783912658691406, "Epoch 533 Step 30": 2.885291814804077, "Epoch 533 Step 31": 2.8780457973480225, "Epoch 533 Step 32": 2.892091989517212, "Epoch 533 Step 33": 2.8778648376464844, "Epoch 533 Step 34": 2.882854461669922, "Epoch 533 Step 35": 2.888651132583618, "Epoch 533 Step 36": 2.8738269805908203, "Epoch 533 Step 37": 2.8716788291931152, "Epoch 533 Step 38": 2.872054100036621, "Epoch 533 Step 39": 2.8883233070373535, "Epoch 533 Step 40": 2.881812334060669, "Epoch 533 Step 41": 2.8778016567230225, "Epoch 533 Step 42": 2.891298532485962, "Epoch 533 Step 43": 2.8948476314544678, "Epoch 533 Step 44": 2.8800048828125, "Epoch 533 Step 45": 2.8763625621795654, "Epoch 533 Step 46": 2.8873164653778076, "Epoch 533 Step 47": 2.891737461090088, "Epoch 533 Step 48": 2.8809854984283447, "Epoch 533 Step 49": 2.882309675216675, "Epoch 533 Step 50": 2.8776156902313232, "Epoch 533 Step 51": 2.887234687805176, "Epoch 533 Step 52": 2.873836040496826, "Epoch 533 Step 53": 2.8851921558380127, "Epoch 533 Step 54": 2.879269599914551, "Epoch 533 Step 55": 2.883131742477417, "Epoch 533 Step 56": 2.8849146366119385, "Epoch 533 Step 57": 2.871317148208618, "Epoch 533 Step 58": 2.8847315311431885, "Epoch 533 Step 59": 2.887789011001587, "Epoch 533 Step 60": 2.8857479095458984, "Epoch 533 Step 61": 2.8892147541046143, "Epoch 533 Step 62": 2.8841543197631836, "Epoch 533 Step 63": 2.8723268508911133, "Epoch 533 Step 64": 2.881532669067383, "Epoch 533 Step 65": 2.877634048461914, "Epoch 533 Step 66": 2.88289213180542, "Epoch 533 Step 67": 2.883209466934204, "Epoch 533 Step 68": 2.8900907039642334, "Epoch 533 Step 69": 2.8846664428710938, "Epoch 533 Step 70": 2.884885311126709, "Epoch 533 Step 71": 2.881279706954956, "Epoch 533 Step 72": 2.875126838684082, "Epoch 533 Step 73": 2.8798747062683105, "Epoch 533 Step 74": 2.8942770957946777, "Epoch 533 Step 75": 2.888063669204712, "Epoch 533 Step 76": 2.8744113445281982, "Epoch 533 Step 77": 2.89064884185791, "Epoch 533 Step 78": 2.8820574283599854, "Epoch 533 Step 79": 2.8757593631744385, "Epoch 533 Step 80": 2.8731112480163574, "Epoch 533 Step 81": 2.88209867477417, "Epoch 533 Step 82": 2.88736629486084, "Epoch 533 Step 83": 2.8803350925445557, "Epoch 533 Step 84": 2.8786661624908447, "Epoch 533 Step 85": 2.878563165664673, "Epoch 533 Step 86": 2.876329183578491, "Epoch 533 Step 87": 2.8879342079162598, "Epoch 533 Step 88": 2.8750338554382324, "Epoch 533 Step 89": 2.891150951385498}