{"Epoch 652 Step 0": 2.8726248741149902, "Epoch 652 Step 1": 2.8816146850585938, "Epoch 652 Step 2": 2.8769495487213135, "Epoch 652 Step 3": 2.882448196411133, "Epoch 652 Step 4": 2.8832242488861084, "Epoch 652 Step 5": 2.890946388244629, "Epoch 652 Step 6": 2.884915828704834, "Epoch 652 Step 7": 2.885091543197632, "Epoch 652 Step 8": 2.880737543106079, "Epoch 652 Step 9": 2.87510085105896, "Epoch 652 Step 10": 2.8793046474456787, "Epoch 652 Step 11": 2.894625186920166, "Epoch 652 Step 12": 2.8885602951049805, "Epoch 652 Step 13": 2.873595714569092, "Epoch 652 Step 14": 2.890522003173828, "Epoch 652 Step 15": 2.8818390369415283, "Epoch 652 Step 16": 2.8756375312805176, "Epoch 652 Step 17": 2.872764825820923, "Epoch 652 Step 18": 2.8827290534973145, "Epoch 652 Step 19": 2.887767791748047, "Epoch 652 Step 20": 2.8804802894592285, "Epoch 652 Step 21": 2.8791844844818115, "Epoch 652 Step 22": 2.8781251907348633, "Epoch 652 Step 23": 2.8762123584747314, "Epoch 652 Step 24": 2.88801646232605, "Epoch 652 Step 25": 2.8745832443237305, "Epoch 652 Step 26": 2.891397714614868, "Epoch 652 Step 27": 2.8713905811309814, "Epoch 652 Step 28": 2.87471866607666, "Epoch 652 Step 29": 2.8794429302215576, "Epoch 652 Step 30": 2.8680098056793213, "Epoch 652 Step 31": 2.8870668411254883, "Epoch 652 Step 32": 2.881739854812622, "Epoch 652 Step 33": 2.8867156505584717, "Epoch 652 Step 34": 2.8929858207702637, "Epoch 652 Step 35": 2.8864314556121826, "Epoch 652 Step 36": 2.878970146179199, "Epoch 652 Step 37": 2.885448932647705, "Epoch 652 Step 38": 2.895326852798462, "Epoch 652 Step 39": 2.8946759700775146, "Epoch 652 Step 40": 2.8931021690368652, "Epoch 652 Step 41": 2.887281894683838, "Epoch 652 Step 42": 2.886594533920288, "Epoch 652 Step 43": 2.885488271713257, "Epoch 652 Step 44": 2.903834819793701, "Epoch 652 Step 45": 2.9016103744506836, "Epoch 652 Step 46": 2.895916223526001, "Epoch 652 Step 47": 2.877004623413086, "Epoch 652 Step 48": 2.8906729221343994, "Epoch 652 Step 49": 2.8941421508789062, "Epoch 652 Step 50": 2.875053644180298, "Epoch 652 Step 51": 2.8865597248077393, "Epoch 652 Step 52": 2.887199878692627, "Epoch 652 Step 53": 2.8917315006256104, "Epoch 652 Step 54": 2.895902633666992, "Epoch 652 Step 55": 2.8820977210998535, "Epoch 652 Step 56": 2.8934831619262695, "Epoch 652 Step 57": 2.877946615219116, "Epoch 652 Step 58": 2.8848178386688232, "Epoch 652 Step 59": 2.8780264854431152, "Epoch 652 Step 60": 2.8922650814056396, "Epoch 652 Step 61": 2.8778762817382812, "Epoch 652 Step 62": 2.8830106258392334, "Epoch 652 Step 63": 2.888805866241455, "Epoch 652 Step 64": 2.8738152980804443, "Epoch 652 Step 65": 2.871828317642212, "Epoch 652 Step 66": 2.8717243671417236, "Epoch 652 Step 67": 2.888965129852295, "Epoch 652 Step 68": 2.8819098472595215, "Epoch 652 Step 69": 2.8779349327087402, "Epoch 652 Step 70": 2.8916432857513428, "Epoch 652 Step 71": 2.8955259323120117, "Epoch 652 Step 72": 2.8809242248535156, "Epoch 652 Step 73": 2.87685227394104, "Epoch 652 Step 74": 2.886662244796753, "Epoch 652 Step 75": 2.8914031982421875, "Epoch 652 Step 76": 2.8810455799102783, "Epoch 652 Step 77": 2.882242202758789, "Epoch 652 Step 78": 2.8778698444366455, "Epoch 652 Step 79": 2.8877179622650146, "Epoch 652 Step 80": 2.873551368713379, "Epoch 652 Step 81": 2.885345220565796, "Epoch 652 Step 82": 2.879040002822876, "Epoch 652 Step 83": 2.8832106590270996, "Epoch 652 Step 84": 2.884700298309326, "Epoch 652 Step 85": 2.871263027191162, "Epoch 652 Step 86": 2.885211944580078, "Epoch 652 Step 87": 2.8874423503875732, "Epoch 652 Step 88": 2.885812520980835, "Epoch 652 Step 89": 2.8893661499023438}