{"Epoch 509 Step 0": 2.8869402408599854, "Epoch 509 Step 1": 2.892138719558716, "Epoch 509 Step 2": 2.895854949951172, "Epoch 509 Step 3": 2.8813745975494385, "Epoch 509 Step 4": 2.893212080001831, "Epoch 509 Step 5": 2.878715991973877, "Epoch 509 Step 6": 2.8853752613067627, "Epoch 509 Step 7": 2.878321647644043, "Epoch 509 Step 8": 2.8917593955993652, "Epoch 509 Step 9": 2.8781044483184814, "Epoch 509 Step 10": 2.883807897567749, "Epoch 509 Step 11": 2.888521671295166, "Epoch 509 Step 12": 2.8736183643341064, "Epoch 509 Step 13": 2.872004270553589, "Epoch 509 Step 14": 2.8723955154418945, "Epoch 509 Step 15": 2.8884241580963135, "Epoch 509 Step 16": 2.8821756839752197, "Epoch 509 Step 17": 2.877511739730835, "Epoch 509 Step 18": 2.891024351119995, "Epoch 509 Step 19": 2.895503282546997, "Epoch 509 Step 20": 2.880546808242798, "Epoch 509 Step 21": 2.875643014907837, "Epoch 509 Step 22": 2.8872592449188232, "Epoch 509 Step 23": 2.891720771789551, "Epoch 509 Step 24": 2.880429983139038, "Epoch 509 Step 25": 2.882053852081299, "Epoch 509 Step 26": 2.8780455589294434, "Epoch 509 Step 27": 2.8879735469818115, "Epoch 509 Step 28": 2.873373031616211, "Epoch 509 Step 29": 2.8852832317352295, "Epoch 509 Step 30": 2.8793747425079346, "Epoch 509 Step 31": 2.8830225467681885, "Epoch 509 Step 32": 2.885324239730835, "Epoch 509 Step 33": 2.8709468841552734, "Epoch 509 Step 34": 2.885193347930908, "Epoch 509 Step 35": 2.8874402046203613, "Epoch 509 Step 36": 2.886439085006714, "Epoch 509 Step 37": 2.8898158073425293, "Epoch 509 Step 38": 2.8842687606811523, "Epoch 509 Step 39": 2.8725526332855225, "Epoch 509 Step 40": 2.881023406982422, "Epoch 509 Step 41": 2.877756357192993, "Epoch 509 Step 42": 2.883147716522217, "Epoch 509 Step 43": 2.883084535598755, "Epoch 509 Step 44": 2.890944480895996, "Epoch 509 Step 45": 2.884931802749634, "Epoch 509 Step 46": 2.8852579593658447, "Epoch 509 Step 47": 2.881110429763794, "Epoch 509 Step 48": 2.8756561279296875, "Epoch 509 Step 49": 2.879685401916504, "Epoch 509 Step 50": 2.8942654132843018, "Epoch 509 Step 51": 2.88814377784729, "Epoch 509 Step 52": 2.873692750930786, "Epoch 509 Step 53": 2.890411138534546, "Epoch 509 Step 54": 2.88199782371521, "Epoch 509 Step 55": 2.8753139972686768, "Epoch 509 Step 56": 2.8720831871032715, "Epoch 509 Step 57": 2.882516860961914, "Epoch 509 Step 58": 2.8882265090942383, "Epoch 509 Step 59": 2.879917860031128, "Epoch 509 Step 60": 2.8789634704589844, "Epoch 509 Step 61": 2.878152847290039, "Epoch 509 Step 62": 2.876570463180542, "Epoch 509 Step 63": 2.887986660003662, "Epoch 509 Step 64": 2.8742125034332275, "Epoch 509 Step 65": 2.891160726547241, "Epoch 509 Step 66": 2.8712713718414307, "Epoch 509 Step 67": 2.874732732772827, "Epoch 509 Step 68": 2.8799233436584473, "Epoch 509 Step 69": 2.868007183074951, "Epoch 509 Step 70": 2.8870961666107178, "Epoch 509 Step 71": 2.881988286972046, "Epoch 509 Step 72": 2.8874166011810303, "Epoch 509 Step 73": 2.8933279514312744, "Epoch 509 Step 74": 2.8862390518188477, "Epoch 509 Step 75": 2.879199743270874, "Epoch 509 Step 76": 2.885545253753662, "Epoch 509 Step 77": 2.895111560821533, "Epoch 509 Step 78": 2.894646644592285, "Epoch 509 Step 79": 2.8933708667755127, "Epoch 509 Step 80": 2.887969970703125, "Epoch 509 Step 81": 2.886259078979492, "Epoch 509 Step 82": 2.8827030658721924, "Epoch 509 Step 83": 2.904122829437256, "Epoch 509 Step 84": 2.9000089168548584, "Epoch 509 Step 85": 2.89909029006958, "Epoch 509 Step 86": 2.87495493888855, "Epoch 509 Step 87": 2.888282537460327, "Epoch 509 Step 88": 2.892773389816284, "Epoch 509 Step 89": 2.875061511993408}