{"Epoch 726 Step 0": 2.8725955486297607, "Epoch 726 Step 1": 2.881946086883545, "Epoch 726 Step 2": 2.8875908851623535, "Epoch 726 Step 3": 2.880500078201294, "Epoch 726 Step 4": 2.8788559436798096, "Epoch 726 Step 5": 2.878140449523926, "Epoch 726 Step 6": 2.8768906593322754, "Epoch 726 Step 7": 2.8876075744628906, "Epoch 726 Step 8": 2.875645160675049, "Epoch 726 Step 9": 2.8912887573242188, "Epoch 726 Step 10": 2.871474027633667, "Epoch 726 Step 11": 2.8744845390319824, "Epoch 726 Step 12": 2.8796567916870117, "Epoch 726 Step 13": 2.86771297454834, "Epoch 726 Step 14": 2.8868460655212402, "Epoch 726 Step 15": 2.8813531398773193, "Epoch 726 Step 16": 2.8868494033813477, "Epoch 726 Step 17": 2.893144369125366, "Epoch 726 Step 18": 2.885845899581909, "Epoch 726 Step 19": 2.8787190914154053, "Epoch 726 Step 20": 2.8851840496063232, "Epoch 726 Step 21": 2.895141363143921, "Epoch 726 Step 22": 2.8932979106903076, "Epoch 726 Step 23": 2.8930039405822754, "Epoch 726 Step 24": 2.8880701065063477, "Epoch 726 Step 25": 2.8864715099334717, "Epoch 726 Step 26": 2.882166862487793, "Epoch 726 Step 27": 2.904817819595337, "Epoch 726 Step 28": 2.8998754024505615, "Epoch 726 Step 29": 2.8983922004699707, "Epoch 726 Step 30": 2.874858856201172, "Epoch 726 Step 31": 2.888686180114746, "Epoch 726 Step 32": 2.892805337905884, "Epoch 726 Step 33": 2.874884843826294, "Epoch 726 Step 34": 2.8862361907958984, "Epoch 726 Step 35": 2.8865280151367188, "Epoch 726 Step 36": 2.891256809234619, "Epoch 726 Step 37": 2.8955576419830322, "Epoch 726 Step 38": 2.881840944290161, "Epoch 726 Step 39": 2.893429756164551, "Epoch 726 Step 40": 2.878340005874634, "Epoch 726 Step 41": 2.884704351425171, "Epoch 726 Step 42": 2.878171443939209, "Epoch 726 Step 43": 2.891608953475952, "Epoch 726 Step 44": 2.8780910968780518, "Epoch 726 Step 45": 2.8826053142547607, "Epoch 726 Step 46": 2.8884730339050293, "Epoch 726 Step 47": 2.873088836669922, "Epoch 726 Step 48": 2.8716650009155273, "Epoch 726 Step 49": 2.871520519256592, "Epoch 726 Step 50": 2.8885128498077393, "Epoch 726 Step 51": 2.881559133529663, "Epoch 726 Step 52": 2.87777042388916, "Epoch 726 Step 53": 2.8907384872436523, "Epoch 726 Step 54": 2.895519971847534, "Epoch 726 Step 55": 2.880446195602417, "Epoch 726 Step 56": 2.8761837482452393, "Epoch 726 Step 57": 2.8869707584381104, "Epoch 726 Step 58": 2.8913164138793945, "Epoch 726 Step 59": 2.880963087081909, "Epoch 726 Step 60": 2.8819034099578857, "Epoch 726 Step 61": 2.8778984546661377, "Epoch 726 Step 62": 2.887784004211426, "Epoch 726 Step 63": 2.8735811710357666, "Epoch 726 Step 64": 2.885204553604126, "Epoch 726 Step 65": 2.879350185394287, "Epoch 726 Step 66": 2.883451223373413, "Epoch 726 Step 67": 2.8848867416381836, "Epoch 726 Step 68": 2.8713784217834473, "Epoch 726 Step 69": 2.88531756401062, "Epoch 726 Step 70": 2.8874716758728027, "Epoch 726 Step 71": 2.885868787765503, "Epoch 726 Step 72": 2.889188289642334, "Epoch 726 Step 73": 2.884406805038452, "Epoch 726 Step 74": 2.87241268157959, "Epoch 726 Step 75": 2.881093740463257, "Epoch 726 Step 76": 2.8769476413726807, "Epoch 726 Step 77": 2.882438898086548, "Epoch 726 Step 78": 2.8831722736358643, "Epoch 726 Step 79": 2.890418767929077, "Epoch 726 Step 80": 2.8848302364349365, "Epoch 726 Step 81": 2.885712146759033, "Epoch 726 Step 82": 2.8815176486968994, "Epoch 726 Step 83": 2.875545024871826, "Epoch 726 Step 84": 2.879575729370117, "Epoch 726 Step 85": 2.894069194793701, "Epoch 726 Step 86": 2.88800311088562, "Epoch 726 Step 87": 2.874033212661743, "Epoch 726 Step 88": 2.890676975250244, "Epoch 726 Step 89": 2.882143497467041}