{"Epoch 770 Step 0": 2.8730056285858154, "Epoch 770 Step 1": 2.87136173248291, "Epoch 770 Step 2": 2.8720855712890625, "Epoch 770 Step 3": 2.889038324356079, "Epoch 770 Step 4": 2.882685661315918, "Epoch 770 Step 5": 2.8776752948760986, "Epoch 770 Step 6": 2.889172315597534, "Epoch 770 Step 7": 2.895085573196411, "Epoch 770 Step 8": 2.880674123764038, "Epoch 770 Step 9": 2.8774020671844482, "Epoch 770 Step 10": 2.887584924697876, "Epoch 770 Step 11": 2.891547203063965, "Epoch 770 Step 12": 2.881152868270874, "Epoch 770 Step 13": 2.882169723510742, "Epoch 770 Step 14": 2.8777036666870117, "Epoch 770 Step 15": 2.887558698654175, "Epoch 770 Step 16": 2.873969316482544, "Epoch 770 Step 17": 2.8853228092193604, "Epoch 770 Step 18": 2.87911319732666, "Epoch 770 Step 19": 2.8830883502960205, "Epoch 770 Step 20": 2.884786367416382, "Epoch 770 Step 21": 2.8713293075561523, "Epoch 770 Step 22": 2.8853251934051514, "Epoch 770 Step 23": 2.887392520904541, "Epoch 770 Step 24": 2.8863511085510254, "Epoch 770 Step 25": 2.889643669128418, "Epoch 770 Step 26": 2.8844897747039795, "Epoch 770 Step 27": 2.8725547790527344, "Epoch 770 Step 28": 2.8811633586883545, "Epoch 770 Step 29": 2.877025604248047, "Epoch 770 Step 30": 2.8825743198394775, "Epoch 770 Step 31": 2.88337779045105, "Epoch 770 Step 32": 2.8912253379821777, "Epoch 770 Step 33": 2.885066509246826, "Epoch 770 Step 34": 2.8851020336151123, "Epoch 770 Step 35": 2.8811347484588623, "Epoch 770 Step 36": 2.875779628753662, "Epoch 770 Step 37": 2.8795032501220703, "Epoch 770 Step 38": 2.894120454788208, "Epoch 770 Step 39": 2.8880631923675537, "Epoch 770 Step 40": 2.8736937046051025, "Epoch 770 Step 41": 2.8909406661987305, "Epoch 770 Step 42": 2.881887674331665, "Epoch 770 Step 43": 2.8762004375457764, "Epoch 770 Step 44": 2.872837543487549, "Epoch 770 Step 45": 2.8822855949401855, "Epoch 770 Step 46": 2.8874638080596924, "Epoch 770 Step 47": 2.879948139190674, "Epoch 770 Step 48": 2.8787786960601807, "Epoch 770 Step 49": 2.87802791595459, "Epoch 770 Step 50": 2.8768961429595947, "Epoch 770 Step 51": 2.8880836963653564, "Epoch 770 Step 52": 2.8745830059051514, "Epoch 770 Step 53": 2.891345977783203, "Epoch 770 Step 54": 2.871232032775879, "Epoch 770 Step 55": 2.8745851516723633, "Epoch 770 Step 56": 2.879283905029297, "Epoch 770 Step 57": 2.8679511547088623, "Epoch 770 Step 58": 2.8870046138763428, "Epoch 770 Step 59": 2.8814637660980225, "Epoch 770 Step 60": 2.8870091438293457, "Epoch 770 Step 61": 2.893221855163574, "Epoch 770 Step 62": 2.8864548206329346, "Epoch 770 Step 63": 2.878366470336914, "Epoch 770 Step 64": 2.884913921356201, "Epoch 770 Step 65": 2.895305871963501, "Epoch 770 Step 66": 2.894541025161743, "Epoch 770 Step 67": 2.8932995796203613, "Epoch 770 Step 68": 2.887949228286743, "Epoch 770 Step 69": 2.8859753608703613, "Epoch 770 Step 70": 2.882997512817383, "Epoch 770 Step 71": 2.904966115951538, "Epoch 770 Step 72": 2.8995981216430664, "Epoch 770 Step 73": 2.8987338542938232, "Epoch 770 Step 74": 2.876002550125122, "Epoch 770 Step 75": 2.8896474838256836, "Epoch 770 Step 76": 2.893179178237915, "Epoch 770 Step 77": 2.875525712966919, "Epoch 770 Step 78": 2.8862998485565186, "Epoch 770 Step 79": 2.8864307403564453, "Epoch 770 Step 80": 2.8914947509765625, "Epoch 770 Step 81": 2.8963136672973633, "Epoch 770 Step 82": 2.8819518089294434, "Epoch 770 Step 83": 2.893618106842041, "Epoch 770 Step 84": 2.878535032272339, "Epoch 770 Step 85": 2.885131597518921, "Epoch 770 Step 86": 2.877999782562256, "Epoch 770 Step 87": 2.891969680786133, "Epoch 770 Step 88": 2.8778159618377686, "Epoch 770 Step 89": 2.882507085800171}