{"Epoch 448 Step 0": 2.878157138824463, "Epoch 448 Step 1": 2.876049041748047, "Epoch 448 Step 2": 2.8876256942749023, "Epoch 448 Step 3": 2.8737711906433105, "Epoch 448 Step 4": 2.8911244869232178, "Epoch 448 Step 5": 2.87165904045105, "Epoch 448 Step 6": 2.874504804611206, "Epoch 448 Step 7": 2.879833459854126, "Epoch 448 Step 8": 2.8682143688201904, "Epoch 448 Step 9": 2.8866961002349854, "Epoch 448 Step 10": 2.881713628768921, "Epoch 448 Step 11": 2.8872177600860596, "Epoch 448 Step 12": 2.893688917160034, "Epoch 448 Step 13": 2.886082887649536, "Epoch 448 Step 14": 2.878960132598877, "Epoch 448 Step 15": 2.8856265544891357, "Epoch 448 Step 16": 2.8954107761383057, "Epoch 448 Step 17": 2.8940489292144775, "Epoch 448 Step 18": 2.8930652141571045, "Epoch 448 Step 19": 2.8877720832824707, "Epoch 448 Step 20": 2.8862547874450684, "Epoch 448 Step 21": 2.8836185932159424, "Epoch 448 Step 22": 2.904348611831665, "Epoch 448 Step 23": 2.9006783962249756, "Epoch 448 Step 24": 2.8981542587280273, "Epoch 448 Step 25": 2.876199960708618, "Epoch 448 Step 26": 2.889075756072998, "Epoch 448 Step 27": 2.893294334411621, "Epoch 448 Step 28": 2.8756585121154785, "Epoch 448 Step 29": 2.886719226837158, "Epoch 448 Step 30": 2.887078046798706, "Epoch 448 Step 31": 2.891571521759033, "Epoch 448 Step 32": 2.89546799659729, "Epoch 448 Step 33": 2.881833076477051, "Epoch 448 Step 34": 2.894322156906128, "Epoch 448 Step 35": 2.878716230392456, "Epoch 448 Step 36": 2.8851890563964844, "Epoch 448 Step 37": 2.878272771835327, "Epoch 448 Step 38": 2.8921539783477783, "Epoch 448 Step 39": 2.8780829906463623, "Epoch 448 Step 40": 2.8830549716949463, "Epoch 448 Step 41": 2.88875675201416, "Epoch 448 Step 42": 2.8735153675079346, "Epoch 448 Step 43": 2.8715157508850098, "Epoch 448 Step 44": 2.87288498878479, "Epoch 448 Step 45": 2.8883466720581055, "Epoch 448 Step 46": 2.8821892738342285, "Epoch 448 Step 47": 2.877725839614868, "Epoch 448 Step 48": 2.889704465866089, "Epoch 448 Step 49": 2.8952996730804443, "Epoch 448 Step 50": 2.879643201828003, "Epoch 448 Step 51": 2.8757286071777344, "Epoch 448 Step 52": 2.8883118629455566, "Epoch 448 Step 53": 2.8914566040039062, "Epoch 448 Step 54": 2.881335735321045, "Epoch 448 Step 55": 2.882295846939087, "Epoch 448 Step 56": 2.877772092819214, "Epoch 448 Step 57": 2.887362003326416, "Epoch 448 Step 58": 2.8740792274475098, "Epoch 448 Step 59": 2.885283946990967, "Epoch 448 Step 60": 2.8792009353637695, "Epoch 448 Step 61": 2.8826773166656494, "Epoch 448 Step 62": 2.8843438625335693, "Epoch 448 Step 63": 2.871537923812866, "Epoch 448 Step 64": 2.884587287902832, "Epoch 448 Step 65": 2.8875441551208496, "Epoch 448 Step 66": 2.886173963546753, "Epoch 448 Step 67": 2.8897182941436768, "Epoch 448 Step 68": 2.8842012882232666, "Epoch 448 Step 69": 2.8721604347229004, "Epoch 448 Step 70": 2.8812172412872314, "Epoch 448 Step 71": 2.877336263656616, "Epoch 448 Step 72": 2.883026599884033, "Epoch 448 Step 73": 2.883230447769165, "Epoch 448 Step 74": 2.8903541564941406, "Epoch 448 Step 75": 2.8846402168273926, "Epoch 448 Step 76": 2.8851382732391357, "Epoch 448 Step 77": 2.8815815448760986, "Epoch 448 Step 78": 2.876042127609253, "Epoch 448 Step 79": 2.879568576812744, "Epoch 448 Step 80": 2.8935163021087646, "Epoch 448 Step 81": 2.8879666328430176, "Epoch 448 Step 82": 2.8742644786834717, "Epoch 448 Step 83": 2.890658378601074, "Epoch 448 Step 84": 2.8819420337677, "Epoch 448 Step 85": 2.8754701614379883, "Epoch 448 Step 86": 2.8718297481536865, "Epoch 448 Step 87": 2.881958246231079, "Epoch 448 Step 88": 2.8880650997161865, "Epoch 448 Step 89": 2.8801255226135254}