{"Epoch 584 Step 0": 2.882098913192749, "Epoch 584 Step 1": 2.877187967300415, "Epoch 584 Step 2": 2.8889830112457275, "Epoch 584 Step 3": 2.8946073055267334, "Epoch 584 Step 4": 2.879901647567749, "Epoch 584 Step 5": 2.876521110534668, "Epoch 584 Step 6": 2.886929750442505, "Epoch 584 Step 7": 2.891212224960327, "Epoch 584 Step 8": 2.881319761276245, "Epoch 584 Step 9": 2.8828847408294678, "Epoch 584 Step 10": 2.877779245376587, "Epoch 584 Step 11": 2.8884081840515137, "Epoch 584 Step 12": 2.8736636638641357, "Epoch 584 Step 13": 2.885577917098999, "Epoch 584 Step 14": 2.8787918090820312, "Epoch 584 Step 15": 2.882967233657837, "Epoch 584 Step 16": 2.8850152492523193, "Epoch 584 Step 17": 2.8711023330688477, "Epoch 584 Step 18": 2.8848016262054443, "Epoch 584 Step 19": 2.8877298831939697, "Epoch 584 Step 20": 2.885519504547119, "Epoch 584 Step 21": 2.889234781265259, "Epoch 584 Step 22": 2.88420033454895, "Epoch 584 Step 23": 2.872898817062378, "Epoch 584 Step 24": 2.8813915252685547, "Epoch 584 Step 25": 2.8770248889923096, "Epoch 584 Step 26": 2.8823657035827637, "Epoch 584 Step 27": 2.8827614784240723, "Epoch 584 Step 28": 2.8908321857452393, "Epoch 584 Step 29": 2.8851003646850586, "Epoch 584 Step 30": 2.8855137825012207, "Epoch 584 Step 31": 2.881011486053467, "Epoch 584 Step 32": 2.8755106925964355, "Epoch 584 Step 33": 2.8789868354797363, "Epoch 584 Step 34": 2.8940725326538086, "Epoch 584 Step 35": 2.8880434036254883, "Epoch 584 Step 36": 2.8734447956085205, "Epoch 584 Step 37": 2.8902058601379395, "Epoch 584 Step 38": 2.881920576095581, "Epoch 584 Step 39": 2.875934362411499, "Epoch 584 Step 40": 2.872507095336914, "Epoch 584 Step 41": 2.882028102874756, "Epoch 584 Step 42": 2.8874611854553223, "Epoch 584 Step 43": 2.880836009979248, "Epoch 584 Step 44": 2.878744602203369, "Epoch 584 Step 45": 2.878618001937866, "Epoch 584 Step 46": 2.876932144165039, "Epoch 584 Step 47": 2.8882744312286377, "Epoch 584 Step 48": 2.874803304672241, "Epoch 584 Step 49": 2.891540765762329, "Epoch 584 Step 50": 2.871290683746338, "Epoch 584 Step 51": 2.874372720718384, "Epoch 584 Step 52": 2.8797214031219482, "Epoch 584 Step 53": 2.867783308029175, "Epoch 584 Step 54": 2.887577533721924, "Epoch 584 Step 55": 2.8815245628356934, "Epoch 584 Step 56": 2.8866047859191895, "Epoch 584 Step 57": 2.8926572799682617, "Epoch 584 Step 58": 2.8857996463775635, "Epoch 584 Step 59": 2.8789424896240234, "Epoch 584 Step 60": 2.8853793144226074, "Epoch 584 Step 61": 2.895092248916626, "Epoch 584 Step 62": 2.894789934158325, "Epoch 584 Step 63": 2.8936924934387207, "Epoch 584 Step 64": 2.888237476348877, "Epoch 584 Step 65": 2.886631727218628, "Epoch 584 Step 66": 2.8830769062042236, "Epoch 584 Step 67": 2.903970241546631, "Epoch 584 Step 68": 2.9008076190948486, "Epoch 584 Step 69": 2.898101568222046, "Epoch 584 Step 70": 2.875046730041504, "Epoch 584 Step 71": 2.8886992931365967, "Epoch 584 Step 72": 2.8935091495513916, "Epoch 584 Step 73": 2.8753252029418945, "Epoch 584 Step 74": 2.8864362239837646, "Epoch 584 Step 75": 2.886516571044922, "Epoch 584 Step 76": 2.8907439708709717, "Epoch 584 Step 77": 2.8952057361602783, "Epoch 584 Step 78": 2.8814356327056885, "Epoch 584 Step 79": 2.8927061557769775, "Epoch 584 Step 80": 2.877887487411499, "Epoch 584 Step 81": 2.884364604949951, "Epoch 584 Step 82": 2.877836227416992, "Epoch 584 Step 83": 2.8919777870178223, "Epoch 584 Step 84": 2.877903461456299, "Epoch 584 Step 85": 2.882704257965088, "Epoch 584 Step 86": 2.88822603225708, "Epoch 584 Step 87": 2.8728737831115723, "Epoch 584 Step 88": 2.8719875812530518, "Epoch 584 Step 89": 2.8722758293151855}