{"Epoch 92 Step 0": 2.870593309402466, "Epoch 92 Step 1": 2.8729500770568848, "Epoch 92 Step 2": 2.878401041030884, "Epoch 92 Step 3": 2.8665215969085693, "Epoch 92 Step 4": 2.8854684829711914, "Epoch 92 Step 5": 2.8810901641845703, "Epoch 92 Step 6": 2.884648084640503, "Epoch 92 Step 7": 2.8915348052978516, "Epoch 92 Step 8": 2.8848824501037598, "Epoch 92 Step 9": 2.877124071121216, "Epoch 92 Step 10": 2.8839457035064697, "Epoch 92 Step 11": 2.8960423469543457, "Epoch 92 Step 12": 2.893634796142578, "Epoch 92 Step 13": 2.8917596340179443, "Epoch 92 Step 14": 2.886502265930176, "Epoch 92 Step 15": 2.88531756401062, "Epoch 92 Step 16": 2.881934642791748, "Epoch 92 Step 17": 2.90274977684021, "Epoch 92 Step 18": 2.898562431335449, "Epoch 92 Step 19": 2.895597457885742, "Epoch 92 Step 20": 2.8757007122039795, "Epoch 92 Step 21": 2.888289451599121, "Epoch 92 Step 22": 2.8918750286102295, "Epoch 92 Step 23": 2.8739757537841797, "Epoch 92 Step 24": 2.885035991668701, "Epoch 92 Step 25": 2.8862361907958984, "Epoch 92 Step 26": 2.890177011489868, "Epoch 92 Step 27": 2.895155429840088, "Epoch 92 Step 28": 2.8805668354034424, "Epoch 92 Step 29": 2.8922019004821777, "Epoch 92 Step 30": 2.8763670921325684, "Epoch 92 Step 31": 2.8856520652770996, "Epoch 92 Step 32": 2.8767669200897217, "Epoch 92 Step 33": 2.8915326595306396, "Epoch 92 Step 34": 2.8759191036224365, "Epoch 92 Step 35": 2.8812413215637207, "Epoch 92 Step 36": 2.8871872425079346, "Epoch 92 Step 37": 2.8722422122955322, "Epoch 92 Step 38": 2.870352029800415, "Epoch 92 Step 39": 2.8708512783050537, "Epoch 92 Step 40": 2.886974334716797, "Epoch 92 Step 41": 2.8810722827911377, "Epoch 92 Step 42": 2.876098394393921, "Epoch 92 Step 43": 2.8897387981414795, "Epoch 92 Step 44": 2.8938112258911133, "Epoch 92 Step 45": 2.8791580200195312, "Epoch 92 Step 46": 2.8750102519989014, "Epoch 92 Step 47": 2.885892868041992, "Epoch 92 Step 48": 2.8899993896484375, "Epoch 92 Step 49": 2.879903793334961, "Epoch 92 Step 50": 2.8801798820495605, "Epoch 92 Step 51": 2.875803232192993, "Epoch 92 Step 52": 2.886244058609009, "Epoch 92 Step 53": 2.8724708557128906, "Epoch 92 Step 54": 2.884355306625366, "Epoch 92 Step 55": 2.877225160598755, "Epoch 92 Step 56": 2.88224196434021, "Epoch 92 Step 57": 2.882829189300537, "Epoch 92 Step 58": 2.8693511486053467, "Epoch 92 Step 59": 2.8833627700805664, "Epoch 92 Step 60": 2.8869576454162598, "Epoch 92 Step 61": 2.8836123943328857, "Epoch 92 Step 62": 2.887495279312134, "Epoch 92 Step 63": 2.882568597793579, "Epoch 92 Step 64": 2.871246814727783, "Epoch 92 Step 65": 2.8789143562316895, "Epoch 92 Step 66": 2.875563144683838, "Epoch 92 Step 67": 2.8826024532318115, "Epoch 92 Step 68": 2.881631851196289, "Epoch 92 Step 69": 2.8900644779205322, "Epoch 92 Step 70": 2.88445782661438, "Epoch 92 Step 71": 2.8845956325531006, "Epoch 92 Step 72": 2.8809423446655273, "Epoch 92 Step 73": 2.875115156173706, "Epoch 92 Step 74": 2.877654790878296, "Epoch 92 Step 75": 2.891248941421509, "Epoch 92 Step 76": 2.8873026371002197, "Epoch 92 Step 77": 2.8723535537719727, "Epoch 92 Step 78": 2.88883900642395, "Epoch 92 Step 79": 2.8809752464294434, "Epoch 92 Step 80": 2.8739778995513916, "Epoch 92 Step 81": 2.8695693016052246, "Epoch 92 Step 82": 2.8809711933135986, "Epoch 92 Step 83": 2.8864307403564453, "Epoch 92 Step 84": 2.878861427307129, "Epoch 92 Step 85": 2.8778412342071533, "Epoch 92 Step 86": 2.8776471614837646, "Epoch 92 Step 87": 2.8757193088531494, "Epoch 92 Step 88": 2.885576009750366, "Epoch 92 Step 89": 2.870725393295288}