{"Epoch 398 Step 0": 2.8800299167633057, "Epoch 398 Step 1": 2.8763439655303955, "Epoch 398 Step 2": 2.8871841430664062, "Epoch 398 Step 3": 2.8909714221954346, "Epoch 398 Step 4": 2.880943775177002, "Epoch 398 Step 5": 2.882450819015503, "Epoch 398 Step 6": 2.877987861633301, "Epoch 398 Step 7": 2.8865365982055664, "Epoch 398 Step 8": 2.8743464946746826, "Epoch 398 Step 9": 2.8852930068969727, "Epoch 398 Step 10": 2.8788371086120605, "Epoch 398 Step 11": 2.8829054832458496, "Epoch 398 Step 12": 2.884960651397705, "Epoch 398 Step 13": 2.87099289894104, "Epoch 398 Step 14": 2.8843512535095215, "Epoch 398 Step 15": 2.8879384994506836, "Epoch 398 Step 16": 2.885417938232422, "Epoch 398 Step 17": 2.888753652572632, "Epoch 398 Step 18": 2.8842060565948486, "Epoch 398 Step 19": 2.8725695610046387, "Epoch 398 Step 20": 2.882622718811035, "Epoch 398 Step 21": 2.877453565597534, "Epoch 398 Step 22": 2.882162570953369, "Epoch 398 Step 23": 2.883145809173584, "Epoch 398 Step 24": 2.890864610671997, "Epoch 398 Step 25": 2.885087251663208, "Epoch 398 Step 26": 2.885087490081787, "Epoch 398 Step 27": 2.881376266479492, "Epoch 398 Step 28": 2.8751473426818848, "Epoch 398 Step 29": 2.879626512527466, "Epoch 398 Step 30": 2.893947124481201, "Epoch 398 Step 31": 2.8879544734954834, "Epoch 398 Step 32": 2.8740735054016113, "Epoch 398 Step 33": 2.890751600265503, "Epoch 398 Step 34": 2.881343364715576, "Epoch 398 Step 35": 2.875492811203003, "Epoch 398 Step 36": 2.8721201419830322, "Epoch 398 Step 37": 2.882949113845825, "Epoch 398 Step 38": 2.8877909183502197, "Epoch 398 Step 39": 2.8804616928100586, "Epoch 398 Step 40": 2.8785300254821777, "Epoch 398 Step 41": 2.8783531188964844, "Epoch 398 Step 42": 2.8765792846679688, "Epoch 398 Step 43": 2.8878564834594727, "Epoch 398 Step 44": 2.874455213546753, "Epoch 398 Step 45": 2.8912668228149414, "Epoch 398 Step 46": 2.871255397796631, "Epoch 398 Step 47": 2.8745548725128174, "Epoch 398 Step 48": 2.8797521591186523, "Epoch 398 Step 49": 2.8681440353393555, "Epoch 398 Step 50": 2.887596607208252, "Epoch 398 Step 51": 2.8821206092834473, "Epoch 398 Step 52": 2.8866403102874756, "Epoch 398 Step 53": 2.893948793411255, "Epoch 398 Step 54": 2.8860275745391846, "Epoch 398 Step 55": 2.877870798110962, "Epoch 398 Step 56": 2.8843765258789062, "Epoch 398 Step 57": 2.8951640129089355, "Epoch 398 Step 58": 2.894259214401245, "Epoch 398 Step 59": 2.892463445663452, "Epoch 398 Step 60": 2.8874614238739014, "Epoch 398 Step 61": 2.8867063522338867, "Epoch 398 Step 62": 2.8856685161590576, "Epoch 398 Step 63": 2.9054689407348633, "Epoch 398 Step 64": 2.9018168449401855, "Epoch 398 Step 65": 2.8992764949798584, "Epoch 398 Step 66": 2.875131368637085, "Epoch 398 Step 67": 2.8882579803466797, "Epoch 398 Step 68": 2.893010377883911, "Epoch 398 Step 69": 2.8742687702178955, "Epoch 398 Step 70": 2.8865268230438232, "Epoch 398 Step 71": 2.8870527744293213, "Epoch 398 Step 72": 2.892017364501953, "Epoch 398 Step 73": 2.896061897277832, "Epoch 398 Step 74": 2.8819425106048584, "Epoch 398 Step 75": 2.891700267791748, "Epoch 398 Step 76": 2.8790175914764404, "Epoch 398 Step 77": 2.885941505432129, "Epoch 398 Step 78": 2.8781449794769287, "Epoch 398 Step 79": 2.8911988735198975, "Epoch 398 Step 80": 2.877984046936035, "Epoch 398 Step 81": 2.883594512939453, "Epoch 398 Step 82": 2.8885269165039062, "Epoch 398 Step 83": 2.8733112812042236, "Epoch 398 Step 84": 2.8718440532684326, "Epoch 398 Step 85": 2.872283458709717, "Epoch 398 Step 86": 2.8888909816741943, "Epoch 398 Step 87": 2.8828258514404297, "Epoch 398 Step 88": 2.877331495285034, "Epoch 398 Step 89": 2.8902251720428467}