{"Epoch 237 Step 0": 2.8732595443725586, "Epoch 237 Step 1": 2.872032880783081, "Epoch 237 Step 2": 2.8725972175598145, "Epoch 237 Step 3": 2.8871376514434814, "Epoch 237 Step 4": 2.8812620639801025, "Epoch 237 Step 5": 2.8773632049560547, "Epoch 237 Step 6": 2.8898115158081055, "Epoch 237 Step 7": 2.8946733474731445, "Epoch 237 Step 8": 2.8800418376922607, "Epoch 237 Step 9": 2.8753976821899414, "Epoch 237 Step 10": 2.8865535259246826, "Epoch 237 Step 11": 2.89093279838562, "Epoch 237 Step 12": 2.880282402038574, "Epoch 237 Step 13": 2.8817076683044434, "Epoch 237 Step 14": 2.8770506381988525, "Epoch 237 Step 15": 2.8881139755249023, "Epoch 237 Step 16": 2.8730602264404297, "Epoch 237 Step 17": 2.8846161365509033, "Epoch 237 Step 18": 2.8784756660461426, "Epoch 237 Step 19": 2.8822455406188965, "Epoch 237 Step 20": 2.884599208831787, "Epoch 237 Step 21": 2.8709044456481934, "Epoch 237 Step 22": 2.884523391723633, "Epoch 237 Step 23": 2.887216806411743, "Epoch 237 Step 24": 2.8851776123046875, "Epoch 237 Step 25": 2.8896522521972656, "Epoch 237 Step 26": 2.883862257003784, "Epoch 237 Step 27": 2.871856212615967, "Epoch 237 Step 28": 2.8804798126220703, "Epoch 237 Step 29": 2.8767828941345215, "Epoch 237 Step 30": 2.882228136062622, "Epoch 237 Step 31": 2.882214069366455, "Epoch 237 Step 32": 2.890460729598999, "Epoch 237 Step 33": 2.88454270362854, "Epoch 237 Step 34": 2.884558916091919, "Epoch 237 Step 35": 2.8810644149780273, "Epoch 237 Step 36": 2.8747332096099854, "Epoch 237 Step 37": 2.8794729709625244, "Epoch 237 Step 38": 2.892927408218384, "Epoch 237 Step 39": 2.888038158416748, "Epoch 237 Step 40": 2.873833417892456, "Epoch 237 Step 41": 2.890106439590454, "Epoch 237 Step 42": 2.8809659481048584, "Epoch 237 Step 43": 2.874995231628418, "Epoch 237 Step 44": 2.872966766357422, "Epoch 237 Step 45": 2.8817827701568604, "Epoch 237 Step 46": 2.887218475341797, "Epoch 237 Step 47": 2.8799641132354736, "Epoch 237 Step 48": 2.8788790702819824, "Epoch 237 Step 49": 2.878488779067993, "Epoch 237 Step 50": 2.87604022026062, "Epoch 237 Step 51": 2.8873343467712402, "Epoch 237 Step 52": 2.87434983253479, "Epoch 237 Step 53": 2.8911423683166504, "Epoch 237 Step 54": 2.871419668197632, "Epoch 237 Step 55": 2.874159336090088, "Epoch 237 Step 56": 2.8789241313934326, "Epoch 237 Step 57": 2.8674278259277344, "Epoch 237 Step 58": 2.886383295059204, "Epoch 237 Step 59": 2.8804688453674316, "Epoch 237 Step 60": 2.8860082626342773, "Epoch 237 Step 61": 2.892690658569336, "Epoch 237 Step 62": 2.885852336883545, "Epoch 237 Step 63": 2.877988576889038, "Epoch 237 Step 64": 2.884843587875366, "Epoch 237 Step 65": 2.8952691555023193, "Epoch 237 Step 66": 2.8944973945617676, "Epoch 237 Step 67": 2.892697334289551, "Epoch 237 Step 68": 2.8873329162597656, "Epoch 237 Step 69": 2.885503053665161, "Epoch 237 Step 70": 2.8829498291015625, "Epoch 237 Step 71": 2.904693126678467, "Epoch 237 Step 72": 2.899110794067383, "Epoch 237 Step 73": 2.897233486175537, "Epoch 237 Step 74": 2.875520706176758, "Epoch 237 Step 75": 2.8891379833221436, "Epoch 237 Step 76": 2.8932747840881348, "Epoch 237 Step 77": 2.8747940063476562, "Epoch 237 Step 78": 2.8862011432647705, "Epoch 237 Step 79": 2.886507272720337, "Epoch 237 Step 80": 2.8911423683166504, "Epoch 237 Step 81": 2.895716905593872, "Epoch 237 Step 82": 2.8814921379089355, "Epoch 237 Step 83": 2.8925201892852783, "Epoch 237 Step 84": 2.8779265880584717, "Epoch 237 Step 85": 2.884321451187134, "Epoch 237 Step 86": 2.8766891956329346, "Epoch 237 Step 87": 2.892284870147705, "Epoch 237 Step 88": 2.8780643939971924, "Epoch 237 Step 89": 2.882258176803589}