{"Epoch 7 Step 0": 2.8881051540374756, "Epoch 7 Step 1": 2.8812973499298096, "Epoch 7 Step 2": 2.8865647315979004, "Epoch 7 Step 3": 2.8919100761413574, "Epoch 7 Step 4": 2.886892795562744, "Epoch 7 Step 5": 2.880093574523926, "Epoch 7 Step 6": 2.8851654529571533, "Epoch 7 Step 7": 2.895080089569092, "Epoch 7 Step 8": 2.8941407203674316, "Epoch 7 Step 9": 2.8924317359924316, "Epoch 7 Step 10": 2.8876426219940186, "Epoch 7 Step 11": 2.8854281902313232, "Epoch 7 Step 12": 2.8798410892486572, "Epoch 7 Step 13": 2.9050495624542236, "Epoch 7 Step 14": 2.8943653106689453, "Epoch 7 Step 15": 2.897728443145752, "Epoch 7 Step 16": 2.8777332305908203, "Epoch 7 Step 17": 2.8899025917053223, "Epoch 7 Step 18": 2.8916802406311035, "Epoch 7 Step 19": 2.877127170562744, "Epoch 7 Step 20": 2.886687994003296, "Epoch 7 Step 21": 2.887507677078247, "Epoch 7 Step 22": 2.891409397125244, "Epoch 7 Step 23": 2.89508318901062, "Epoch 7 Step 24": 2.8816723823547363, "Epoch 7 Step 25": 2.894559621810913, "Epoch 7 Step 26": 2.8791465759277344, "Epoch 7 Step 27": 2.884690046310425, "Epoch 7 Step 28": 2.877209424972534, "Epoch 7 Step 29": 2.891153335571289, "Epoch 7 Step 30": 2.877781391143799, "Epoch 7 Step 31": 2.882685661315918, "Epoch 7 Step 32": 2.8899519443511963, "Epoch 7 Step 33": 2.8747928142547607, "Epoch 7 Step 34": 2.8735766410827637, "Epoch 7 Step 35": 2.872258424758911, "Epoch 7 Step 36": 2.8887882232666016, "Epoch 7 Step 37": 2.8822319507598877, "Epoch 7 Step 38": 2.876274824142456, "Epoch 7 Step 39": 2.8919670581817627, "Epoch 7 Step 40": 2.8962905406951904, "Epoch 7 Step 41": 2.881568670272827, "Epoch 7 Step 42": 2.8764169216156006, "Epoch 7 Step 43": 2.8878445625305176, "Epoch 7 Step 44": 2.8917834758758545, "Epoch 7 Step 45": 2.8809971809387207, "Epoch 7 Step 46": 2.882868528366089, "Epoch 7 Step 47": 2.878923177719116, "Epoch 7 Step 48": 2.8889658451080322, "Epoch 7 Step 49": 2.8726937770843506, "Epoch 7 Step 50": 2.885226011276245, "Epoch 7 Step 51": 2.8789029121398926, "Epoch 7 Step 52": 2.8825979232788086, "Epoch 7 Step 53": 2.8848824501037598, "Epoch 7 Step 54": 2.870772361755371, "Epoch 7 Step 55": 2.8853683471679688, "Epoch 7 Step 56": 2.886967182159424, "Epoch 7 Step 57": 2.8855159282684326, "Epoch 7 Step 58": 2.8894128799438477, "Epoch 7 Step 59": 2.8839242458343506, "Epoch 7 Step 60": 2.871802806854248, "Epoch 7 Step 61": 2.8798763751983643, "Epoch 7 Step 62": 2.8768420219421387, "Epoch 7 Step 63": 2.883033037185669, "Epoch 7 Step 64": 2.88093900680542, "Epoch 7 Step 65": 2.8913328647613525, "Epoch 7 Step 66": 2.8845677375793457, "Epoch 7 Step 67": 2.8852691650390625, "Epoch 7 Step 68": 2.8821611404418945, "Epoch 7 Step 69": 2.8745477199554443, "Epoch 7 Step 70": 2.878877639770508, "Epoch 7 Step 71": 2.8928186893463135, "Epoch 7 Step 72": 2.888596296310425, "Epoch 7 Step 73": 2.8741185665130615, "Epoch 7 Step 74": 2.8907999992370605, "Epoch 7 Step 75": 2.8809516429901123, "Epoch 7 Step 76": 2.875454902648926, "Epoch 7 Step 77": 2.872403621673584, "Epoch 7 Step 78": 2.8811659812927246, "Epoch 7 Step 79": 2.8869965076446533, "Epoch 7 Step 80": 2.878775119781494, "Epoch 7 Step 81": 2.8785786628723145, "Epoch 7 Step 82": 2.878695011138916, "Epoch 7 Step 83": 2.875502347946167, "Epoch 7 Step 84": 2.8879547119140625, "Epoch 7 Step 85": 2.874519109725952, "Epoch 7 Step 86": 2.889883279800415, "Epoch 7 Step 87": 2.871652603149414, "Epoch 7 Step 88": 2.8740899562835693, "Epoch 7 Step 89": 2.8777787685394287}