{"Epoch 60 Step 0": 2.875284194946289, "Epoch 60 Step 1": 2.8890275955200195, "Epoch 60 Step 2": 2.8945701122283936, "Epoch 60 Step 3": 2.8806300163269043, "Epoch 60 Step 4": 2.8769562244415283, "Epoch 60 Step 5": 2.8862040042877197, "Epoch 60 Step 6": 2.890056610107422, "Epoch 60 Step 7": 2.880319833755493, "Epoch 60 Step 8": 2.8812739849090576, "Epoch 60 Step 9": 2.876877784729004, "Epoch 60 Step 10": 2.8868439197540283, "Epoch 60 Step 11": 2.8722598552703857, "Epoch 60 Step 12": 2.8842265605926514, "Epoch 60 Step 13": 2.8779830932617188, "Epoch 60 Step 14": 2.882150650024414, "Epoch 60 Step 15": 2.8830525875091553, "Epoch 60 Step 16": 2.8696846961975098, "Epoch 60 Step 17": 2.884161949157715, "Epoch 60 Step 18": 2.886291027069092, "Epoch 60 Step 19": 2.8835577964782715, "Epoch 60 Step 20": 2.8884968757629395, "Epoch 60 Step 21": 2.8825528621673584, "Epoch 60 Step 22": 2.8718361854553223, "Epoch 60 Step 23": 2.877894639968872, "Epoch 60 Step 24": 2.8756103515625, "Epoch 60 Step 25": 2.8823022842407227, "Epoch 60 Step 26": 2.8794987201690674, "Epoch 60 Step 27": 2.8879079818725586, "Epoch 60 Step 28": 2.883246898651123, "Epoch 60 Step 29": 2.8843185901641846, "Epoch 60 Step 30": 2.8808586597442627, "Epoch 60 Step 31": 2.873809337615967, "Epoch 60 Step 32": 2.877850294113159, "Epoch 60 Step 33": 2.8912336826324463, "Epoch 60 Step 34": 2.886718988418579, "Epoch 60 Step 35": 2.872509479522705, "Epoch 60 Step 36": 2.888608932495117, "Epoch 60 Step 37": 2.8822853565216064, "Epoch 60 Step 38": 2.8738632202148438, "Epoch 60 Step 39": 2.869342565536499, "Epoch 60 Step 40": 2.880542516708374, "Epoch 60 Step 41": 2.8867642879486084, "Epoch 60 Step 42": 2.8787028789520264, "Epoch 60 Step 43": 2.878197431564331, "Epoch 60 Step 44": 2.8777213096618652, "Epoch 60 Step 45": 2.8752360343933105, "Epoch 60 Step 46": 2.8862552642822266, "Epoch 60 Step 47": 2.8699123859405518, "Epoch 60 Step 48": 2.8893659114837646, "Epoch 60 Step 49": 2.870793342590332, "Epoch 60 Step 50": 2.873164176940918, "Epoch 60 Step 51": 2.878540277481079, "Epoch 60 Step 52": 2.8664069175720215, "Epoch 60 Step 53": 2.8854761123657227, "Epoch 60 Step 54": 2.8801791667938232, "Epoch 60 Step 55": 2.8852744102478027, "Epoch 60 Step 56": 2.8915963172912598, "Epoch 60 Step 57": 2.885305643081665, "Epoch 60 Step 58": 2.8765485286712646, "Epoch 60 Step 59": 2.882596731185913, "Epoch 60 Step 60": 2.8939151763916016, "Epoch 60 Step 61": 2.8926069736480713, "Epoch 60 Step 62": 2.891655921936035, "Epoch 60 Step 63": 2.8867406845092773, "Epoch 60 Step 64": 2.88555908203125, "Epoch 60 Step 65": 2.880075216293335, "Epoch 60 Step 66": 2.902073383331299, "Epoch 60 Step 67": 2.897459030151367, "Epoch 60 Step 68": 2.8915109634399414, "Epoch 60 Step 69": 2.874439001083374, "Epoch 60 Step 70": 2.8894460201263428, "Epoch 60 Step 71": 2.8911054134368896, "Epoch 60 Step 72": 2.8738491535186768, "Epoch 60 Step 73": 2.8850693702697754, "Epoch 60 Step 74": 2.886131763458252, "Epoch 60 Step 75": 2.8905415534973145, "Epoch 60 Step 76": 2.8952014446258545, "Epoch 60 Step 77": 2.8807835578918457, "Epoch 60 Step 78": 2.8921444416046143, "Epoch 60 Step 79": 2.876577615737915, "Epoch 60 Step 80": 2.8836405277252197, "Epoch 60 Step 81": 2.8755877017974854, "Epoch 60 Step 82": 2.8904130458831787, "Epoch 60 Step 83": 2.877077102661133, "Epoch 60 Step 84": 2.8812382221221924, "Epoch 60 Step 85": 2.887956380844116, "Epoch 60 Step 86": 2.872069835662842, "Epoch 60 Step 87": 2.87026309967041, "Epoch 60 Step 88": 2.870511054992676, "Epoch 60 Step 89": 2.887205123901367}