{"Epoch 157 Step 0": 2.8892982006073, "Epoch 157 Step 1": 2.8941292762756348, "Epoch 157 Step 2": 2.8789801597595215, "Epoch 157 Step 3": 2.8921449184417725, "Epoch 157 Step 4": 2.8758373260498047, "Epoch 157 Step 5": 2.883697032928467, "Epoch 157 Step 6": 2.876617670059204, "Epoch 157 Step 7": 2.8901989459991455, "Epoch 157 Step 8": 2.8764705657958984, "Epoch 157 Step 9": 2.880871057510376, "Epoch 157 Step 10": 2.887223720550537, "Epoch 157 Step 11": 2.8718008995056152, "Epoch 157 Step 12": 2.870534896850586, "Epoch 157 Step 13": 2.8698437213897705, "Epoch 157 Step 14": 2.8866467475891113, "Epoch 157 Step 15": 2.88067626953125, "Epoch 157 Step 16": 2.875183582305908, "Epoch 157 Step 17": 2.8904004096984863, "Epoch 157 Step 18": 2.8937761783599854, "Epoch 157 Step 19": 2.878859519958496, "Epoch 157 Step 20": 2.8753018379211426, "Epoch 157 Step 21": 2.8863143920898438, "Epoch 157 Step 22": 2.889601230621338, "Epoch 157 Step 23": 2.879319429397583, "Epoch 157 Step 24": 2.880383014678955, "Epoch 157 Step 25": 2.8753771781921387, "Epoch 157 Step 26": 2.8858139514923096, "Epoch 157 Step 27": 2.8724751472473145, "Epoch 157 Step 28": 2.883784294128418, "Epoch 157 Step 29": 2.877621650695801, "Epoch 157 Step 30": 2.881577730178833, "Epoch 157 Step 31": 2.881812810897827, "Epoch 157 Step 32": 2.868565320968628, "Epoch 157 Step 33": 2.882662057876587, "Epoch 157 Step 34": 2.8864808082580566, "Epoch 157 Step 35": 2.8828847408294678, "Epoch 157 Step 36": 2.8864758014678955, "Epoch 157 Step 37": 2.8827555179595947, "Epoch 157 Step 38": 2.8710803985595703, "Epoch 157 Step 39": 2.878101110458374, "Epoch 157 Step 40": 2.875396251678467, "Epoch 157 Step 41": 2.881000280380249, "Epoch 157 Step 42": 2.8801469802856445, "Epoch 157 Step 43": 2.8880386352539062, "Epoch 157 Step 44": 2.883208990097046, "Epoch 157 Step 45": 2.883897542953491, "Epoch 157 Step 46": 2.8803327083587646, "Epoch 157 Step 47": 2.875424385070801, "Epoch 157 Step 48": 2.8774964809417725, "Epoch 157 Step 49": 2.8905045986175537, "Epoch 157 Step 50": 2.885901927947998, "Epoch 157 Step 51": 2.8736979961395264, "Epoch 157 Step 52": 2.8882663249969482, "Epoch 157 Step 53": 2.8818557262420654, "Epoch 157 Step 54": 2.873354911804199, "Epoch 157 Step 55": 2.870025396347046, "Epoch 157 Step 56": 2.879474401473999, "Epoch 157 Step 57": 2.8853001594543457, "Epoch 157 Step 58": 2.878394603729248, "Epoch 157 Step 59": 2.876425266265869, "Epoch 157 Step 60": 2.8768413066864014, "Epoch 157 Step 61": 2.873192548751831, "Epoch 157 Step 62": 2.885380268096924, "Epoch 157 Step 63": 2.870607852935791, "Epoch 157 Step 64": 2.8888278007507324, "Epoch 157 Step 65": 2.870795965194702, "Epoch 157 Step 66": 2.8717966079711914, "Epoch 157 Step 67": 2.878002166748047, "Epoch 157 Step 68": 2.8668131828308105, "Epoch 157 Step 69": 2.88395094871521, "Epoch 157 Step 70": 2.879133701324463, "Epoch 157 Step 71": 2.882777214050293, "Epoch 157 Step 72": 2.8916244506835938, "Epoch 157 Step 73": 2.885485887527466, "Epoch 157 Step 74": 2.8776960372924805, "Epoch 157 Step 75": 2.8826699256896973, "Epoch 157 Step 76": 2.8948941230773926, "Epoch 157 Step 77": 2.8943042755126953, "Epoch 157 Step 78": 2.89216947555542, "Epoch 157 Step 79": 2.8861544132232666, "Epoch 157 Step 80": 2.8844776153564453, "Epoch 157 Step 81": 2.8818132877349854, "Epoch 157 Step 82": 2.9022555351257324, "Epoch 157 Step 83": 2.8984427452087402, "Epoch 157 Step 84": 2.8957560062408447, "Epoch 157 Step 85": 2.8757681846618652, "Epoch 157 Step 86": 2.8884637355804443, "Epoch 157 Step 87": 2.8918375968933105, "Epoch 157 Step 88": 2.8735716342926025, "Epoch 157 Step 89": 2.883997678756714}