{"Epoch 44 Step 0": 2.869976282119751, "Epoch 44 Step 1": 2.8846209049224854, "Epoch 44 Step 2": 2.8861923217773438, "Epoch 44 Step 3": 2.8827295303344727, "Epoch 44 Step 4": 2.887183427810669, "Epoch 44 Step 5": 2.883007287979126, "Epoch 44 Step 6": 2.8717172145843506, "Epoch 44 Step 7": 2.8783161640167236, "Epoch 44 Step 8": 2.876447916030884, "Epoch 44 Step 9": 2.8818910121917725, "Epoch 44 Step 10": 2.879323720932007, "Epoch 44 Step 11": 2.8885281085968018, "Epoch 44 Step 12": 2.884765863418579, "Epoch 44 Step 13": 2.883967161178589, "Epoch 44 Step 14": 2.8816030025482178, "Epoch 44 Step 15": 2.872986078262329, "Epoch 44 Step 16": 2.8777856826782227, "Epoch 44 Step 17": 2.8916687965393066, "Epoch 44 Step 18": 2.8876562118530273, "Epoch 44 Step 19": 2.8716509342193604, "Epoch 44 Step 20": 2.8886260986328125, "Epoch 44 Step 21": 2.8807339668273926, "Epoch 44 Step 22": 2.87438702583313, "Epoch 44 Step 23": 2.8700785636901855, "Epoch 44 Step 24": 2.880531072616577, "Epoch 44 Step 25": 2.885727643966675, "Epoch 44 Step 26": 2.8793959617614746, "Epoch 44 Step 27": 2.8782315254211426, "Epoch 44 Step 28": 2.8777503967285156, "Epoch 44 Step 29": 2.875096559524536, "Epoch 44 Step 30": 2.886051654815674, "Epoch 44 Step 31": 2.8714537620544434, "Epoch 44 Step 32": 2.8898162841796875, "Epoch 44 Step 33": 2.870706558227539, "Epoch 44 Step 34": 2.872587203979492, "Epoch 44 Step 35": 2.8785009384155273, "Epoch 44 Step 36": 2.866455078125, "Epoch 44 Step 37": 2.884871006011963, "Epoch 44 Step 38": 2.881260633468628, "Epoch 44 Step 39": 2.8845090866088867, "Epoch 44 Step 40": 2.890806198120117, "Epoch 44 Step 41": 2.8851375579833984, "Epoch 44 Step 42": 2.8778390884399414, "Epoch 44 Step 43": 2.883432149887085, "Epoch 44 Step 44": 2.8939924240112305, "Epoch 44 Step 45": 2.8939321041107178, "Epoch 44 Step 46": 2.8912997245788574, "Epoch 44 Step 47": 2.886838912963867, "Epoch 44 Step 48": 2.885765790939331, "Epoch 44 Step 49": 2.8797218799591064, "Epoch 44 Step 50": 2.905559539794922, "Epoch 44 Step 51": 2.8975040912628174, "Epoch 44 Step 52": 2.8942599296569824, "Epoch 44 Step 53": 2.8760910034179688, "Epoch 44 Step 54": 2.889594554901123, "Epoch 44 Step 55": 2.8920061588287354, "Epoch 44 Step 56": 2.874295949935913, "Epoch 44 Step 57": 2.8854191303253174, "Epoch 44 Step 58": 2.88572096824646, "Epoch 44 Step 59": 2.8908510208129883, "Epoch 44 Step 60": 2.8959646224975586, "Epoch 44 Step 61": 2.880734920501709, "Epoch 44 Step 62": 2.892397403717041, "Epoch 44 Step 63": 2.8765857219696045, "Epoch 44 Step 64": 2.8842835426330566, "Epoch 44 Step 65": 2.8755857944488525, "Epoch 44 Step 66": 2.8904764652252197, "Epoch 44 Step 67": 2.876990556716919, "Epoch 44 Step 68": 2.881166458129883, "Epoch 44 Step 69": 2.887723684310913, "Epoch 44 Step 70": 2.8714895248413086, "Epoch 44 Step 71": 2.8705079555511475, "Epoch 44 Step 72": 2.869609832763672, "Epoch 44 Step 73": 2.887481689453125, "Epoch 44 Step 74": 2.880708694458008, "Epoch 44 Step 75": 2.874927043914795, "Epoch 44 Step 76": 2.8892440795898438, "Epoch 44 Step 77": 2.8948886394500732, "Epoch 44 Step 78": 2.8789799213409424, "Epoch 44 Step 79": 2.875718355178833, "Epoch 44 Step 80": 2.8856284618377686, "Epoch 44 Step 81": 2.8899128437042236, "Epoch 44 Step 82": 2.880873680114746, "Epoch 44 Step 83": 2.880345106124878, "Epoch 44 Step 84": 2.876098871231079, "Epoch 44 Step 85": 2.887089490890503, "Epoch 44 Step 86": 2.8725156784057617, "Epoch 44 Step 87": 2.8835465908050537, "Epoch 44 Step 88": 2.8788485527038574, "Epoch 44 Step 89": 2.8822176456451416}