{"Epoch 355 Step 0": 2.888129711151123, "Epoch 355 Step 1": 2.8753273487091064, "Epoch 355 Step 2": 2.8908770084381104, "Epoch 355 Step 3": 2.8714599609375, "Epoch 355 Step 4": 2.874465227127075, "Epoch 355 Step 5": 2.879246234893799, "Epoch 355 Step 6": 2.867666006088257, "Epoch 355 Step 7": 2.887079954147339, "Epoch 355 Step 8": 2.8813834190368652, "Epoch 355 Step 9": 2.887126922607422, "Epoch 355 Step 10": 2.8929507732391357, "Epoch 355 Step 11": 2.88606333732605, "Epoch 355 Step 12": 2.878796339035034, "Epoch 355 Step 13": 2.8848366737365723, "Epoch 355 Step 14": 2.895317792892456, "Epoch 355 Step 15": 2.8938851356506348, "Epoch 355 Step 16": 2.8931682109832764, "Epoch 355 Step 17": 2.8877854347229004, "Epoch 355 Step 18": 2.8859925270080566, "Epoch 355 Step 19": 2.882344961166382, "Epoch 355 Step 20": 2.905120849609375, "Epoch 355 Step 21": 2.9000253677368164, "Epoch 355 Step 22": 2.899402141571045, "Epoch 355 Step 23": 2.8755691051483154, "Epoch 355 Step 24": 2.8881101608276367, "Epoch 355 Step 25": 2.8925833702087402, "Epoch 355 Step 26": 2.8751556873321533, "Epoch 355 Step 27": 2.8864760398864746, "Epoch 355 Step 28": 2.886673927307129, "Epoch 355 Step 29": 2.8914718627929688, "Epoch 355 Step 30": 2.8965296745300293, "Epoch 355 Step 31": 2.8819007873535156, "Epoch 355 Step 32": 2.892720937728882, "Epoch 355 Step 33": 2.8779561519622803, "Epoch 355 Step 34": 2.8847007751464844, "Epoch 355 Step 35": 2.878070831298828, "Epoch 355 Step 36": 2.8920624256134033, "Epoch 355 Step 37": 2.8778932094573975, "Epoch 355 Step 38": 2.8824973106384277, "Epoch 355 Step 39": 2.888444423675537, "Epoch 355 Step 40": 2.8726394176483154, "Epoch 355 Step 41": 2.871870517730713, "Epoch 355 Step 42": 2.8719234466552734, "Epoch 355 Step 43": 2.8889052867889404, "Epoch 355 Step 44": 2.8822591304779053, "Epoch 355 Step 45": 2.8778023719787598, "Epoch 355 Step 46": 2.889349937438965, "Epoch 355 Step 47": 2.8952345848083496, "Epoch 355 Step 48": 2.8806450366973877, "Epoch 355 Step 49": 2.876401901245117, "Epoch 355 Step 50": 2.887566328048706, "Epoch 355 Step 51": 2.8911261558532715, "Epoch 355 Step 52": 2.8810770511627197, "Epoch 355 Step 53": 2.882019281387329, "Epoch 355 Step 54": 2.8775622844696045, "Epoch 355 Step 55": 2.8875086307525635, "Epoch 355 Step 56": 2.8738362789154053, "Epoch 355 Step 57": 2.8852107524871826, "Epoch 355 Step 58": 2.8793599605560303, "Epoch 355 Step 59": 2.8832125663757324, "Epoch 355 Step 60": 2.884744644165039, "Epoch 355 Step 61": 2.871046543121338, "Epoch 355 Step 62": 2.884781837463379, "Epoch 355 Step 63": 2.888073444366455, "Epoch 355 Step 64": 2.8861446380615234, "Epoch 355 Step 65": 2.8893017768859863, "Epoch 355 Step 66": 2.884392023086548, "Epoch 355 Step 67": 2.8724217414855957, "Epoch 355 Step 68": 2.880946636199951, "Epoch 355 Step 69": 2.877434253692627, "Epoch 355 Step 70": 2.88318133354187, "Epoch 355 Step 71": 2.8828725814819336, "Epoch 355 Step 72": 2.8903632164001465, "Epoch 355 Step 73": 2.8849809169769287, "Epoch 355 Step 74": 2.884965419769287, "Epoch 355 Step 75": 2.881039619445801, "Epoch 355 Step 76": 2.875710964202881, "Epoch 355 Step 77": 2.879458427429199, "Epoch 355 Step 78": 2.89389705657959, "Epoch 355 Step 79": 2.887929916381836, "Epoch 355 Step 80": 2.8741884231567383, "Epoch 355 Step 81": 2.8908703327178955, "Epoch 355 Step 82": 2.882636547088623, "Epoch 355 Step 83": 2.876016139984131, "Epoch 355 Step 84": 2.8729774951934814, "Epoch 355 Step 85": 2.8816494941711426, "Epoch 355 Step 86": 2.887791156768799, "Epoch 355 Step 87": 2.8805394172668457, "Epoch 355 Step 88": 2.8786439895629883, "Epoch 355 Step 89": 2.878424882888794}