{"Epoch 595 Step 0": 2.879377841949463, "Epoch 595 Step 1": 2.8859076499938965, "Epoch 595 Step 2": 2.8790388107299805, "Epoch 595 Step 3": 2.891803503036499, "Epoch 595 Step 4": 2.8783581256866455, "Epoch 595 Step 5": 2.8835723400115967, "Epoch 595 Step 6": 2.888200283050537, "Epoch 595 Step 7": 2.873633861541748, "Epoch 595 Step 8": 2.8718059062957764, "Epoch 595 Step 9": 2.8722591400146484, "Epoch 595 Step 10": 2.8886823654174805, "Epoch 595 Step 11": 2.882326364517212, "Epoch 595 Step 12": 2.8776090145111084, "Epoch 595 Step 13": 2.8914382457733154, "Epoch 595 Step 14": 2.8958632946014404, "Epoch 595 Step 15": 2.8803141117095947, "Epoch 595 Step 16": 2.875986337661743, "Epoch 595 Step 17": 2.8877370357513428, "Epoch 595 Step 18": 2.8918349742889404, "Epoch 595 Step 19": 2.8804879188537598, "Epoch 595 Step 20": 2.8817391395568848, "Epoch 595 Step 21": 2.877556324005127, "Epoch 595 Step 22": 2.887354612350464, "Epoch 595 Step 23": 2.8739640712738037, "Epoch 595 Step 24": 2.8853883743286133, "Epoch 595 Step 25": 2.879518747329712, "Epoch 595 Step 26": 2.883735418319702, "Epoch 595 Step 27": 2.885232925415039, "Epoch 595 Step 28": 2.8711254596710205, "Epoch 595 Step 29": 2.8846492767333984, "Epoch 595 Step 30": 2.8881402015686035, "Epoch 595 Step 31": 2.886500597000122, "Epoch 595 Step 32": 2.8891403675079346, "Epoch 595 Step 33": 2.8843495845794678, "Epoch 595 Step 34": 2.8724477291107178, "Epoch 595 Step 35": 2.881443738937378, "Epoch 595 Step 36": 2.877610445022583, "Epoch 595 Step 37": 2.883589506149292, "Epoch 595 Step 38": 2.8830630779266357, "Epoch 595 Step 39": 2.890087604522705, "Epoch 595 Step 40": 2.8845317363739014, "Epoch 595 Step 41": 2.8852250576019287, "Epoch 595 Step 42": 2.8821980953216553, "Epoch 595 Step 43": 2.8775196075439453, "Epoch 595 Step 44": 2.879866361618042, "Epoch 595 Step 45": 2.8936877250671387, "Epoch 595 Step 46": 2.888293504714966, "Epoch 595 Step 47": 2.873408794403076, "Epoch 595 Step 48": 2.8903555870056152, "Epoch 595 Step 49": 2.8828275203704834, "Epoch 595 Step 50": 2.875347375869751, "Epoch 595 Step 51": 2.872880220413208, "Epoch 595 Step 52": 2.88161039352417, "Epoch 595 Step 53": 2.887751579284668, "Epoch 595 Step 54": 2.8793723583221436, "Epoch 595 Step 55": 2.8782730102539062, "Epoch 595 Step 56": 2.878500461578369, "Epoch 595 Step 57": 2.877131462097168, "Epoch 595 Step 58": 2.8880701065063477, "Epoch 595 Step 59": 2.8751490116119385, "Epoch 595 Step 60": 2.8909530639648438, "Epoch 595 Step 61": 2.871320962905884, "Epoch 595 Step 62": 2.874845266342163, "Epoch 595 Step 63": 2.8801329135894775, "Epoch 595 Step 64": 2.868104934692383, "Epoch 595 Step 65": 2.8874287605285645, "Epoch 595 Step 66": 2.881491184234619, "Epoch 595 Step 67": 2.886692762374878, "Epoch 595 Step 68": 2.8932459354400635, "Epoch 595 Step 69": 2.887676239013672, "Epoch 595 Step 70": 2.8787992000579834, "Epoch 595 Step 71": 2.8843653202056885, "Epoch 595 Step 72": 2.895660877227783, "Epoch 595 Step 73": 2.8951973915100098, "Epoch 595 Step 74": 2.8940017223358154, "Epoch 595 Step 75": 2.8881022930145264, "Epoch 595 Step 76": 2.8854339122772217, "Epoch 595 Step 77": 2.880728244781494, "Epoch 595 Step 78": 2.905560255050659, "Epoch 595 Step 79": 2.8986096382141113, "Epoch 595 Step 80": 2.8982620239257812, "Epoch 595 Step 81": 2.8766205310821533, "Epoch 595 Step 82": 2.8899025917053223, "Epoch 595 Step 83": 2.8941714763641357, "Epoch 595 Step 84": 2.8752284049987793, "Epoch 595 Step 85": 2.8868637084960938, "Epoch 595 Step 86": 2.886835813522339, "Epoch 595 Step 87": 2.8911399841308594, "Epoch 595 Step 88": 2.8953053951263428, "Epoch 595 Step 89": 2.880556106567383}