{"Epoch 554 Step 0": 2.885387897491455, "Epoch 554 Step 1": 2.881894111633301, "Epoch 554 Step 2": 2.875337600708008, "Epoch 554 Step 3": 2.8799123764038086, "Epoch 554 Step 4": 2.8935067653656006, "Epoch 554 Step 5": 2.8878581523895264, "Epoch 554 Step 6": 2.874321699142456, "Epoch 554 Step 7": 2.890357255935669, "Epoch 554 Step 8": 2.8823585510253906, "Epoch 554 Step 9": 2.8754916191101074, "Epoch 554 Step 10": 2.8720688819885254, "Epoch 554 Step 11": 2.8822383880615234, "Epoch 554 Step 12": 2.8877203464508057, "Epoch 554 Step 13": 2.880418300628662, "Epoch 554 Step 14": 2.878667116165161, "Epoch 554 Step 15": 2.8783535957336426, "Epoch 554 Step 16": 2.8763396739959717, "Epoch 554 Step 17": 2.8879001140594482, "Epoch 554 Step 18": 2.873589515686035, "Epoch 554 Step 19": 2.8912394046783447, "Epoch 554 Step 20": 2.8718883991241455, "Epoch 554 Step 21": 2.874541759490967, "Epoch 554 Step 22": 2.879431962966919, "Epoch 554 Step 23": 2.8680927753448486, "Epoch 554 Step 24": 2.8869009017944336, "Epoch 554 Step 25": 2.881754159927368, "Epoch 554 Step 26": 2.8869495391845703, "Epoch 554 Step 27": 2.8933703899383545, "Epoch 554 Step 28": 2.886500597000122, "Epoch 554 Step 29": 2.87865948677063, "Epoch 554 Step 30": 2.8850769996643066, "Epoch 554 Step 31": 2.8955159187316895, "Epoch 554 Step 32": 2.8939647674560547, "Epoch 554 Step 33": 2.8930232524871826, "Epoch 554 Step 34": 2.8873651027679443, "Epoch 554 Step 35": 2.886235237121582, "Epoch 554 Step 36": 2.8842179775238037, "Epoch 554 Step 37": 2.9050073623657227, "Epoch 554 Step 38": 2.9003968238830566, "Epoch 554 Step 39": 2.897247791290283, "Epoch 554 Step 40": 2.8766443729400635, "Epoch 554 Step 41": 2.8904483318328857, "Epoch 554 Step 42": 2.893883466720581, "Epoch 554 Step 43": 2.8754775524139404, "Epoch 554 Step 44": 2.8862364292144775, "Epoch 554 Step 45": 2.8870012760162354, "Epoch 554 Step 46": 2.891918659210205, "Epoch 554 Step 47": 2.896056652069092, "Epoch 554 Step 48": 2.8817756175994873, "Epoch 554 Step 49": 2.8928704261779785, "Epoch 554 Step 50": 2.8790230751037598, "Epoch 554 Step 51": 2.885683298110962, "Epoch 554 Step 52": 2.879018545150757, "Epoch 554 Step 53": 2.8924458026885986, "Epoch 554 Step 54": 2.877619504928589, "Epoch 554 Step 55": 2.8826541900634766, "Epoch 554 Step 56": 2.888580560684204, "Epoch 554 Step 57": 2.873631238937378, "Epoch 554 Step 58": 2.871201515197754, "Epoch 554 Step 59": 2.8727688789367676, "Epoch 554 Step 60": 2.888662338256836, "Epoch 554 Step 61": 2.881788492202759, "Epoch 554 Step 62": 2.877523899078369, "Epoch 554 Step 63": 2.8906502723693848, "Epoch 554 Step 64": 2.895297050476074, "Epoch 554 Step 65": 2.88038969039917, "Epoch 554 Step 66": 2.875800371170044, "Epoch 554 Step 67": 2.8877816200256348, "Epoch 554 Step 68": 2.8916192054748535, "Epoch 554 Step 69": 2.8807032108306885, "Epoch 554 Step 70": 2.8817970752716064, "Epoch 554 Step 71": 2.8774614334106445, "Epoch 554 Step 72": 2.8875112533569336, "Epoch 554 Step 73": 2.8735227584838867, "Epoch 554 Step 74": 2.8856544494628906, "Epoch 554 Step 75": 2.879692554473877, "Epoch 554 Step 76": 2.883023977279663, "Epoch 554 Step 77": 2.884875774383545, "Epoch 554 Step 78": 2.8711094856262207, "Epoch 554 Step 79": 2.8849642276763916, "Epoch 554 Step 80": 2.8875632286071777, "Epoch 554 Step 81": 2.885913610458374, "Epoch 554 Step 82": 2.88936710357666, "Epoch 554 Step 83": 2.884884834289551, "Epoch 554 Step 84": 2.8729019165039062, "Epoch 554 Step 85": 2.880857467651367, "Epoch 554 Step 86": 2.87712025642395, "Epoch 554 Step 87": 2.8826675415039062, "Epoch 554 Step 88": 2.883159637451172, "Epoch 554 Step 89": 2.8908560276031494}