{"Epoch 461 Step 0": 2.8759069442749023, "Epoch 461 Step 1": 2.879314422607422, "Epoch 461 Step 2": 2.893735647201538, "Epoch 461 Step 3": 2.8881678581237793, "Epoch 461 Step 4": 2.874295473098755, "Epoch 461 Step 5": 2.891037940979004, "Epoch 461 Step 6": 2.8820383548736572, "Epoch 461 Step 7": 2.8759851455688477, "Epoch 461 Step 8": 2.872666597366333, "Epoch 461 Step 9": 2.882845163345337, "Epoch 461 Step 10": 2.887885808944702, "Epoch 461 Step 11": 2.880922317504883, "Epoch 461 Step 12": 2.8785958290100098, "Epoch 461 Step 13": 2.878354549407959, "Epoch 461 Step 14": 2.876621723175049, "Epoch 461 Step 15": 2.8882033824920654, "Epoch 461 Step 16": 2.874544858932495, "Epoch 461 Step 17": 2.8916409015655518, "Epoch 461 Step 18": 2.8716819286346436, "Epoch 461 Step 19": 2.874607563018799, "Epoch 461 Step 20": 2.8798108100891113, "Epoch 461 Step 21": 2.8679685592651367, "Epoch 461 Step 22": 2.8871333599090576, "Epoch 461 Step 23": 2.8816184997558594, "Epoch 461 Step 24": 2.886906623840332, "Epoch 461 Step 25": 2.893167495727539, "Epoch 461 Step 26": 2.885822296142578, "Epoch 461 Step 27": 2.8783061504364014, "Epoch 461 Step 28": 2.8850226402282715, "Epoch 461 Step 29": 2.89595627784729, "Epoch 461 Step 30": 2.893430471420288, "Epoch 461 Step 31": 2.8938822746276855, "Epoch 461 Step 32": 2.8878250122070312, "Epoch 461 Step 33": 2.885545253753662, "Epoch 461 Step 34": 2.879786729812622, "Epoch 461 Step 35": 2.9035115242004395, "Epoch 461 Step 36": 2.8986473083496094, "Epoch 461 Step 37": 2.898853302001953, "Epoch 461 Step 38": 2.8755955696105957, "Epoch 461 Step 39": 2.888923406600952, "Epoch 461 Step 40": 2.8921031951904297, "Epoch 461 Step 41": 2.8750791549682617, "Epoch 461 Step 42": 2.8866870403289795, "Epoch 461 Step 43": 2.8865647315979004, "Epoch 461 Step 44": 2.891556978225708, "Epoch 461 Step 45": 2.895343780517578, "Epoch 461 Step 46": 2.8813977241516113, "Epoch 461 Step 47": 2.892946243286133, "Epoch 461 Step 48": 2.878319025039673, "Epoch 461 Step 49": 2.8847453594207764, "Epoch 461 Step 50": 2.8783581256866455, "Epoch 461 Step 51": 2.891225576400757, "Epoch 461 Step 52": 2.878025770187378, "Epoch 461 Step 53": 2.8828349113464355, "Epoch 461 Step 54": 2.8885586261749268, "Epoch 461 Step 55": 2.8733267784118652, "Epoch 461 Step 56": 2.8722856044769287, "Epoch 461 Step 57": 2.8716464042663574, "Epoch 461 Step 58": 2.888667345046997, "Epoch 461 Step 59": 2.882821559906006, "Epoch 461 Step 60": 2.8775038719177246, "Epoch 461 Step 61": 2.8897242546081543, "Epoch 461 Step 62": 2.8954708576202393, "Epoch 461 Step 63": 2.880472183227539, "Epoch 461 Step 64": 2.8761441707611084, "Epoch 461 Step 65": 2.8871922492980957, "Epoch 461 Step 66": 2.8913135528564453, "Epoch 461 Step 67": 2.8813040256500244, "Epoch 461 Step 68": 2.8825435638427734, "Epoch 461 Step 69": 2.8780059814453125, "Epoch 461 Step 70": 2.8875949382781982, "Epoch 461 Step 71": 2.8738853931427, "Epoch 461 Step 72": 2.8856046199798584, "Epoch 461 Step 73": 2.8792998790740967, "Epoch 461 Step 74": 2.8830950260162354, "Epoch 461 Step 75": 2.8850486278533936, "Epoch 461 Step 76": 2.871100425720215, "Epoch 461 Step 77": 2.885556697845459, "Epoch 461 Step 78": 2.8876943588256836, "Epoch 461 Step 79": 2.8860626220703125, "Epoch 461 Step 80": 2.889892578125, "Epoch 461 Step 81": 2.8845643997192383, "Epoch 461 Step 82": 2.8721866607666016, "Epoch 461 Step 83": 2.881135940551758, "Epoch 461 Step 84": 2.8769640922546387, "Epoch 461 Step 85": 2.8825151920318604, "Epoch 461 Step 86": 2.8829071521759033, "Epoch 461 Step 87": 2.8905699253082275, "Epoch 461 Step 88": 2.8850715160369873, "Epoch 461 Step 89": 2.885549545288086}