{"Epoch 6 Step 0": 2.882023334503174, "Epoch 6 Step 1": 2.886838674545288, "Epoch 6 Step 2": 2.8920199871063232, "Epoch 6 Step 3": 2.886847496032715, "Epoch 6 Step 4": 2.879687786102295, "Epoch 6 Step 5": 2.8857834339141846, "Epoch 6 Step 6": 2.895228862762451, "Epoch 6 Step 7": 2.8937997817993164, "Epoch 6 Step 8": 2.8924481868743896, "Epoch 6 Step 9": 2.8877451419830322, "Epoch 6 Step 10": 2.884943723678589, "Epoch 6 Step 11": 2.8793928623199463, "Epoch 6 Step 12": 2.904715061187744, "Epoch 6 Step 13": 2.8951714038848877, "Epoch 6 Step 14": 2.8964684009552, "Epoch 6 Step 15": 2.879262685775757, "Epoch 6 Step 16": 2.8913354873657227, "Epoch 6 Step 17": 2.891923189163208, "Epoch 6 Step 18": 2.8770835399627686, "Epoch 6 Step 19": 2.8871114253997803, "Epoch 6 Step 20": 2.887166976928711, "Epoch 6 Step 21": 2.8911075592041016, "Epoch 6 Step 22": 2.894670248031616, "Epoch 6 Step 23": 2.8810219764709473, "Epoch 6 Step 24": 2.8943488597869873, "Epoch 6 Step 25": 2.879565477371216, "Epoch 6 Step 26": 2.8860645294189453, "Epoch 6 Step 27": 2.8778600692749023, "Epoch 6 Step 28": 2.8906400203704834, "Epoch 6 Step 29": 2.87795352935791, "Epoch 6 Step 30": 2.8827528953552246, "Epoch 6 Step 31": 2.8886878490448, "Epoch 6 Step 32": 2.874007225036621, "Epoch 6 Step 33": 2.8737339973449707, "Epoch 6 Step 34": 2.872502326965332, "Epoch 6 Step 35": 2.888780355453491, "Epoch 6 Step 36": 2.882355213165283, "Epoch 6 Step 37": 2.8769257068634033, "Epoch 6 Step 38": 2.89315128326416, "Epoch 6 Step 39": 2.8969311714172363, "Epoch 6 Step 40": 2.8809797763824463, "Epoch 6 Step 41": 2.877352714538574, "Epoch 6 Step 42": 2.887479543685913, "Epoch 6 Step 43": 2.891680955886841, "Epoch 6 Step 44": 2.881709575653076, "Epoch 6 Step 45": 2.884023904800415, "Epoch 6 Step 46": 2.879153251647949, "Epoch 6 Step 47": 2.88895320892334, "Epoch 6 Step 48": 2.8731565475463867, "Epoch 6 Step 49": 2.8854784965515137, "Epoch 6 Step 50": 2.8797385692596436, "Epoch 6 Step 51": 2.8831124305725098, "Epoch 6 Step 52": 2.885460615158081, "Epoch 6 Step 53": 2.8707327842712402, "Epoch 6 Step 54": 2.8854472637176514, "Epoch 6 Step 55": 2.8874621391296387, "Epoch 6 Step 56": 2.885678291320801, "Epoch 6 Step 57": 2.889676332473755, "Epoch 6 Step 58": 2.884108543395996, "Epoch 6 Step 59": 2.872929334640503, "Epoch 6 Step 60": 2.8802082538604736, "Epoch 6 Step 61": 2.877229690551758, "Epoch 6 Step 62": 2.8830947875976562, "Epoch 6 Step 63": 2.8826615810394287, "Epoch 6 Step 64": 2.8918445110321045, "Epoch 6 Step 65": 2.884887218475342, "Epoch 6 Step 66": 2.8863186836242676, "Epoch 6 Step 67": 2.8824784755706787, "Epoch 6 Step 68": 2.875131368637085, "Epoch 6 Step 69": 2.878887414932251, "Epoch 6 Step 70": 2.8934051990509033, "Epoch 6 Step 71": 2.8880348205566406, "Epoch 6 Step 72": 2.8740904331207275, "Epoch 6 Step 73": 2.89087176322937, "Epoch 6 Step 74": 2.8807120323181152, "Epoch 6 Step 75": 2.8754067420959473, "Epoch 6 Step 76": 2.8729915618896484, "Epoch 6 Step 77": 2.8819682598114014, "Epoch 6 Step 78": 2.8873467445373535, "Epoch 6 Step 79": 2.8792049884796143, "Epoch 6 Step 80": 2.879091739654541, "Epoch 6 Step 81": 2.877425193786621, "Epoch 6 Step 82": 2.8759164810180664, "Epoch 6 Step 83": 2.8875255584716797, "Epoch 6 Step 84": 2.8741953372955322, "Epoch 6 Step 85": 2.891144037246704, "Epoch 6 Step 86": 2.8717808723449707, "Epoch 6 Step 87": 2.875080108642578, "Epoch 6 Step 88": 2.879481077194214, "Epoch 6 Step 89": 2.867403984069824}