{"Epoch 555 Step 0": 2.8851828575134277, "Epoch 555 Step 1": 2.8855020999908447, "Epoch 555 Step 2": 2.881505012512207, "Epoch 555 Step 3": 2.8756234645843506, "Epoch 555 Step 4": 2.8791885375976562, "Epoch 555 Step 5": 2.89408016204834, "Epoch 555 Step 6": 2.8883936405181885, "Epoch 555 Step 7": 2.8737738132476807, "Epoch 555 Step 8": 2.890522003173828, "Epoch 555 Step 9": 2.882356882095337, "Epoch 555 Step 10": 2.876096725463867, "Epoch 555 Step 11": 2.873060941696167, "Epoch 555 Step 12": 2.882000684738159, "Epoch 555 Step 13": 2.887470006942749, "Epoch 555 Step 14": 2.880364179611206, "Epoch 555 Step 15": 2.879011392593384, "Epoch 555 Step 16": 2.878453254699707, "Epoch 555 Step 17": 2.8762707710266113, "Epoch 555 Step 18": 2.8878729343414307, "Epoch 555 Step 19": 2.875009298324585, "Epoch 555 Step 20": 2.890786647796631, "Epoch 555 Step 21": 2.8716790676116943, "Epoch 555 Step 22": 2.8748154640197754, "Epoch 555 Step 23": 2.879592180252075, "Epoch 555 Step 24": 2.8681771755218506, "Epoch 555 Step 25": 2.8871920108795166, "Epoch 555 Step 26": 2.8816919326782227, "Epoch 555 Step 27": 2.8868677616119385, "Epoch 555 Step 28": 2.893299102783203, "Epoch 555 Step 29": 2.8861799240112305, "Epoch 555 Step 30": 2.878977060317993, "Epoch 555 Step 31": 2.8854072093963623, "Epoch 555 Step 32": 2.8955209255218506, "Epoch 555 Step 33": 2.894158363342285, "Epoch 555 Step 34": 2.892946720123291, "Epoch 555 Step 35": 2.8882365226745605, "Epoch 555 Step 36": 2.8860371112823486, "Epoch 555 Step 37": 2.883793592453003, "Epoch 555 Step 38": 2.9040839672088623, "Epoch 555 Step 39": 2.900134801864624, "Epoch 555 Step 40": 2.8982319831848145, "Epoch 555 Step 41": 2.875711679458618, "Epoch 555 Step 42": 2.8884923458099365, "Epoch 555 Step 43": 2.8932368755340576, "Epoch 555 Step 44": 2.8750972747802734, "Epoch 555 Step 45": 2.886143445968628, "Epoch 555 Step 46": 2.8869025707244873, "Epoch 555 Step 47": 2.8919618129730225, "Epoch 555 Step 48": 2.895824670791626, "Epoch 555 Step 49": 2.8817546367645264, "Epoch 555 Step 50": 2.8935773372650146, "Epoch 555 Step 51": 2.8781819343566895, "Epoch 555 Step 52": 2.884774923324585, "Epoch 555 Step 53": 2.8782193660736084, "Epoch 555 Step 54": 2.8910579681396484, "Epoch 555 Step 55": 2.8778605461120605, "Epoch 555 Step 56": 2.882765769958496, "Epoch 555 Step 57": 2.888627767562866, "Epoch 555 Step 58": 2.8733794689178467, "Epoch 555 Step 59": 2.871901750564575, "Epoch 555 Step 60": 2.871678352355957, "Epoch 555 Step 61": 2.8885245323181152, "Epoch 555 Step 62": 2.8825924396514893, "Epoch 555 Step 63": 2.877703905105591, "Epoch 555 Step 64": 2.8900973796844482, "Epoch 555 Step 65": 2.895050048828125, "Epoch 555 Step 66": 2.88059139251709, "Epoch 555 Step 67": 2.876500129699707, "Epoch 555 Step 68": 2.8873159885406494, "Epoch 555 Step 69": 2.8916242122650146, "Epoch 555 Step 70": 2.880338668823242, "Epoch 555 Step 71": 2.8817148208618164, "Epoch 555 Step 72": 2.877885580062866, "Epoch 555 Step 73": 2.8876523971557617, "Epoch 555 Step 74": 2.8737282752990723, "Epoch 555 Step 75": 2.8853936195373535, "Epoch 555 Step 76": 2.879415988922119, "Epoch 555 Step 77": 2.8829615116119385, "Epoch 555 Step 78": 2.885047674179077, "Epoch 555 Step 79": 2.871124267578125, "Epoch 555 Step 80": 2.8849384784698486, "Epoch 555 Step 81": 2.887892961502075, "Epoch 555 Step 82": 2.885873794555664, "Epoch 555 Step 83": 2.889861583709717, "Epoch 555 Step 84": 2.884629726409912, "Epoch 555 Step 85": 2.8721158504486084, "Epoch 555 Step 86": 2.8810689449310303, "Epoch 555 Step 87": 2.877277374267578, "Epoch 555 Step 88": 2.882657289505005, "Epoch 555 Step 89": 2.8831589221954346}