{"Epoch 472 Step 0": 2.8897271156311035, "Epoch 472 Step 1": 2.8843417167663574, "Epoch 472 Step 2": 2.87265944480896, "Epoch 472 Step 3": 2.880979299545288, "Epoch 472 Step 4": 2.8772013187408447, "Epoch 472 Step 5": 2.882812976837158, "Epoch 472 Step 6": 2.8832287788391113, "Epoch 472 Step 7": 2.8908891677856445, "Epoch 472 Step 8": 2.88494873046875, "Epoch 472 Step 9": 2.8850908279418945, "Epoch 472 Step 10": 2.881277561187744, "Epoch 472 Step 11": 2.8765830993652344, "Epoch 472 Step 12": 2.8799076080322266, "Epoch 472 Step 13": 2.8938803672790527, "Epoch 472 Step 14": 2.8881099224090576, "Epoch 472 Step 15": 2.8741917610168457, "Epoch 472 Step 16": 2.890606164932251, "Epoch 472 Step 17": 2.8823330402374268, "Epoch 472 Step 18": 2.876002788543701, "Epoch 472 Step 19": 2.871633529663086, "Epoch 472 Step 20": 2.8820321559906006, "Epoch 472 Step 21": 2.887659788131714, "Epoch 472 Step 22": 2.880613327026367, "Epoch 472 Step 23": 2.8788352012634277, "Epoch 472 Step 24": 2.8786356449127197, "Epoch 472 Step 25": 2.876649856567383, "Epoch 472 Step 26": 2.88820219039917, "Epoch 472 Step 27": 2.8747007846832275, "Epoch 472 Step 28": 2.8911490440368652, "Epoch 472 Step 29": 2.8716962337493896, "Epoch 472 Step 30": 2.874694347381592, "Epoch 472 Step 31": 2.880110025405884, "Epoch 472 Step 32": 2.8681726455688477, "Epoch 472 Step 33": 2.887134313583374, "Epoch 472 Step 34": 2.881533145904541, "Epoch 472 Step 35": 2.886784315109253, "Epoch 472 Step 36": 2.893515110015869, "Epoch 472 Step 37": 2.8873040676116943, "Epoch 472 Step 38": 2.878422737121582, "Epoch 472 Step 39": 2.8852436542510986, "Epoch 472 Step 40": 2.8957183361053467, "Epoch 472 Step 41": 2.894242525100708, "Epoch 472 Step 42": 2.89280104637146, "Epoch 472 Step 43": 2.887979030609131, "Epoch 472 Step 44": 2.886897563934326, "Epoch 472 Step 45": 2.8836965560913086, "Epoch 472 Step 46": 2.904621124267578, "Epoch 472 Step 47": 2.900594711303711, "Epoch 472 Step 48": 2.89877986907959, "Epoch 472 Step 49": 2.8755900859832764, "Epoch 472 Step 50": 2.8891232013702393, "Epoch 472 Step 51": 2.893267869949341, "Epoch 472 Step 52": 2.874624490737915, "Epoch 472 Step 53": 2.886516571044922, "Epoch 472 Step 54": 2.887045383453369, "Epoch 472 Step 55": 2.89154314994812, "Epoch 472 Step 56": 2.8955681324005127, "Epoch 472 Step 57": 2.88228178024292, "Epoch 472 Step 58": 2.8931989669799805, "Epoch 472 Step 59": 2.878661632537842, "Epoch 472 Step 60": 2.884752035140991, "Epoch 472 Step 61": 2.8784141540527344, "Epoch 472 Step 62": 2.891537666320801, "Epoch 472 Step 63": 2.877836227416992, "Epoch 472 Step 64": 2.8832802772521973, "Epoch 472 Step 65": 2.8887431621551514, "Epoch 472 Step 66": 2.873248338699341, "Epoch 472 Step 67": 2.871993064880371, "Epoch 472 Step 68": 2.8722097873687744, "Epoch 472 Step 69": 2.8886642456054688, "Epoch 472 Step 70": 2.88287615776062, "Epoch 472 Step 71": 2.87833571434021, "Epoch 472 Step 72": 2.8908517360687256, "Epoch 472 Step 73": 2.8955771923065186, "Epoch 472 Step 74": 2.8806493282318115, "Epoch 472 Step 75": 2.876455068588257, "Epoch 472 Step 76": 2.8867530822753906, "Epoch 472 Step 77": 2.8910553455352783, "Epoch 472 Step 78": 2.880985975265503, "Epoch 472 Step 79": 2.8816981315612793, "Epoch 472 Step 80": 2.8776659965515137, "Epoch 472 Step 81": 2.887415647506714, "Epoch 472 Step 82": 2.8740391731262207, "Epoch 472 Step 83": 2.8854010105133057, "Epoch 472 Step 84": 2.879338502883911, "Epoch 472 Step 85": 2.883249521255493, "Epoch 472 Step 86": 2.8848230838775635, "Epoch 472 Step 87": 2.8714349269866943, "Epoch 472 Step 88": 2.8847527503967285, "Epoch 472 Step 89": 2.887807846069336}