{"Epoch 531 Step 0": 2.8681023120880127, "Epoch 531 Step 1": 2.8871119022369385, "Epoch 531 Step 2": 2.8813700675964355, "Epoch 531 Step 3": 2.8866357803344727, "Epoch 531 Step 4": 2.89309024810791, "Epoch 531 Step 5": 2.8857109546661377, "Epoch 531 Step 6": 2.878288507461548, "Epoch 531 Step 7": 2.8845348358154297, "Epoch 531 Step 8": 2.8956713676452637, "Epoch 531 Step 9": 2.8944895267486572, "Epoch 531 Step 10": 2.893606424331665, "Epoch 531 Step 11": 2.8877923488616943, "Epoch 531 Step 12": 2.8860132694244385, "Epoch 531 Step 13": 2.882533311843872, "Epoch 531 Step 14": 2.905010461807251, "Epoch 531 Step 15": 2.90010929107666, "Epoch 531 Step 16": 2.8982391357421875, "Epoch 531 Step 17": 2.8758420944213867, "Epoch 531 Step 18": 2.8887031078338623, "Epoch 531 Step 19": 2.893345355987549, "Epoch 531 Step 20": 2.8752031326293945, "Epoch 531 Step 21": 2.886098623275757, "Epoch 531 Step 22": 2.8866117000579834, "Epoch 531 Step 23": 2.8911983966827393, "Epoch 531 Step 24": 2.8955769538879395, "Epoch 531 Step 25": 2.881852865219116, "Epoch 531 Step 26": 2.8938112258911133, "Epoch 531 Step 27": 2.8778903484344482, "Epoch 531 Step 28": 2.884624481201172, "Epoch 531 Step 29": 2.8779690265655518, "Epoch 531 Step 30": 2.892219066619873, "Epoch 531 Step 31": 2.8783199787139893, "Epoch 531 Step 32": 2.8822953701019287, "Epoch 531 Step 33": 2.8884851932525635, "Epoch 531 Step 34": 2.8729214668273926, "Epoch 531 Step 35": 2.87199330329895, "Epoch 531 Step 36": 2.871932029724121, "Epoch 531 Step 37": 2.8889963626861572, "Epoch 531 Step 38": 2.8820128440856934, "Epoch 531 Step 39": 2.8779137134552, "Epoch 531 Step 40": 2.8893542289733887, "Epoch 531 Step 41": 2.89507794380188, "Epoch 531 Step 42": 2.880821943283081, "Epoch 531 Step 43": 2.8763363361358643, "Epoch 531 Step 44": 2.887587070465088, "Epoch 531 Step 45": 2.8915984630584717, "Epoch 531 Step 46": 2.8815338611602783, "Epoch 531 Step 47": 2.882174015045166, "Epoch 531 Step 48": 2.8775038719177246, "Epoch 531 Step 49": 2.8875043392181396, "Epoch 531 Step 50": 2.8739466667175293, "Epoch 531 Step 51": 2.885401964187622, "Epoch 531 Step 52": 2.879585027694702, "Epoch 531 Step 53": 2.8829777240753174, "Epoch 531 Step 54": 2.8845250606536865, "Epoch 531 Step 55": 2.8710458278656006, "Epoch 531 Step 56": 2.884892702102661, "Epoch 531 Step 57": 2.8881678581237793, "Epoch 531 Step 58": 2.88608980178833, "Epoch 531 Step 59": 2.8897509574890137, "Epoch 531 Step 60": 2.8845396041870117, "Epoch 531 Step 61": 2.8726184368133545, "Epoch 531 Step 62": 2.880953550338745, "Epoch 531 Step 63": 2.8773767948150635, "Epoch 531 Step 64": 2.8830292224884033, "Epoch 531 Step 65": 2.8831069469451904, "Epoch 531 Step 66": 2.890394449234009, "Epoch 531 Step 67": 2.885114908218384, "Epoch 531 Step 68": 2.88491153717041, "Epoch 531 Step 69": 2.8812992572784424, "Epoch 531 Step 70": 2.875483751296997, "Epoch 531 Step 71": 2.8796114921569824, "Epoch 531 Step 72": 2.8940589427948, "Epoch 531 Step 73": 2.8879668712615967, "Epoch 531 Step 74": 2.873929262161255, "Epoch 531 Step 75": 2.890587091445923, "Epoch 531 Step 76": 2.882296323776245, "Epoch 531 Step 77": 2.875739336013794, "Epoch 531 Step 78": 2.8724591732025146, "Epoch 531 Step 79": 2.8818838596343994, "Epoch 531 Step 80": 2.887716293334961, "Epoch 531 Step 81": 2.880185604095459, "Epoch 531 Step 82": 2.879041910171509, "Epoch 531 Step 83": 2.8786566257476807, "Epoch 531 Step 84": 2.876265525817871, "Epoch 531 Step 85": 2.8879168033599854, "Epoch 531 Step 86": 2.87424898147583, "Epoch 531 Step 87": 2.89101243019104, "Epoch 531 Step 88": 2.8714561462402344, "Epoch 531 Step 89": 2.8746211528778076}