{"Epoch 744 Step 0": 2.884657859802246, "Epoch 744 Step 1": 2.872525691986084, "Epoch 744 Step 2": 2.8811864852905273, "Epoch 744 Step 3": 2.8772552013397217, "Epoch 744 Step 4": 2.8826918601989746, "Epoch 744 Step 5": 2.8829257488250732, "Epoch 744 Step 6": 2.890942096710205, "Epoch 744 Step 7": 2.8852765560150146, "Epoch 744 Step 8": 2.8854713439941406, "Epoch 744 Step 9": 2.881288766860962, "Epoch 744 Step 10": 2.8759043216705322, "Epoch 744 Step 11": 2.8795065879821777, "Epoch 744 Step 12": 2.893951892852783, "Epoch 744 Step 13": 2.8882193565368652, "Epoch 744 Step 14": 2.874660015106201, "Epoch 744 Step 15": 2.890732526779175, "Epoch 744 Step 16": 2.8823468685150146, "Epoch 744 Step 17": 2.876194715499878, "Epoch 744 Step 18": 2.87271785736084, "Epoch 744 Step 19": 2.8820929527282715, "Epoch 744 Step 20": 2.887416124343872, "Epoch 744 Step 21": 2.880647897720337, "Epoch 744 Step 22": 2.8791255950927734, "Epoch 744 Step 23": 2.8784050941467285, "Epoch 744 Step 24": 2.8763186931610107, "Epoch 744 Step 25": 2.8885536193847656, "Epoch 744 Step 26": 2.875046968460083, "Epoch 744 Step 27": 2.891061305999756, "Epoch 744 Step 28": 2.8714802265167236, "Epoch 744 Step 29": 2.874866008758545, "Epoch 744 Step 30": 2.8794069290161133, "Epoch 744 Step 31": 2.8682942390441895, "Epoch 744 Step 32": 2.8868234157562256, "Epoch 744 Step 33": 2.8816046714782715, "Epoch 744 Step 34": 2.887105703353882, "Epoch 744 Step 35": 2.8938088417053223, "Epoch 744 Step 36": 2.8859574794769287, "Epoch 744 Step 37": 2.878355026245117, "Epoch 744 Step 38": 2.8853938579559326, "Epoch 744 Step 39": 2.8959388732910156, "Epoch 744 Step 40": 2.8931148052215576, "Epoch 744 Step 41": 2.892517328262329, "Epoch 744 Step 42": 2.8877079486846924, "Epoch 744 Step 43": 2.8870997428894043, "Epoch 744 Step 44": 2.8836143016815186, "Epoch 744 Step 45": 2.9045674800872803, "Epoch 744 Step 46": 2.9012813568115234, "Epoch 744 Step 47": 2.9003851413726807, "Epoch 744 Step 48": 2.8756155967712402, "Epoch 744 Step 49": 2.889000177383423, "Epoch 744 Step 50": 2.8942463397979736, "Epoch 744 Step 51": 2.87522029876709, "Epoch 744 Step 52": 2.88718843460083, "Epoch 744 Step 53": 2.886500597000122, "Epoch 744 Step 54": 2.8909406661987305, "Epoch 744 Step 55": 2.8951101303100586, "Epoch 744 Step 56": 2.88236665725708, "Epoch 744 Step 57": 2.8924052715301514, "Epoch 744 Step 58": 2.8798177242279053, "Epoch 744 Step 59": 2.8864986896514893, "Epoch 744 Step 60": 2.8785650730133057, "Epoch 744 Step 61": 2.8907477855682373, "Epoch 744 Step 62": 2.8782596588134766, "Epoch 744 Step 63": 2.8846898078918457, "Epoch 744 Step 64": 2.8892264366149902, "Epoch 744 Step 65": 2.8729748725891113, "Epoch 744 Step 66": 2.872110605239868, "Epoch 744 Step 67": 2.870731830596924, "Epoch 744 Step 68": 2.8906240463256836, "Epoch 744 Step 69": 2.884413242340088, "Epoch 744 Step 70": 2.8781657218933105, "Epoch 744 Step 71": 2.890151262283325, "Epoch 744 Step 72": 2.895833730697632, "Epoch 744 Step 73": 2.8823344707489014, "Epoch 744 Step 74": 2.877509117126465, "Epoch 744 Step 75": 2.8867979049682617, "Epoch 744 Step 76": 2.8919312953948975, "Epoch 744 Step 77": 2.880716323852539, "Epoch 744 Step 78": 2.8818745613098145, "Epoch 744 Step 79": 2.8773162364959717, "Epoch 744 Step 80": 2.887751817703247, "Epoch 744 Step 81": 2.8736608028411865, "Epoch 744 Step 82": 2.885401725769043, "Epoch 744 Step 83": 2.8791110515594482, "Epoch 744 Step 84": 2.8835062980651855, "Epoch 744 Step 85": 2.8849220275878906, "Epoch 744 Step 86": 2.871816396713257, "Epoch 744 Step 87": 2.8850739002227783, "Epoch 744 Step 88": 2.88757061958313, "Epoch 744 Step 89": 2.8859472274780273}