{"Epoch 720 Step 0": 2.8766794204711914, "Epoch 720 Step 1": 2.8880045413970947, "Epoch 720 Step 2": 2.8731534481048584, "Epoch 720 Step 3": 2.890819549560547, "Epoch 720 Step 4": 2.8721139430999756, "Epoch 720 Step 5": 2.874692916870117, "Epoch 720 Step 6": 2.879812479019165, "Epoch 720 Step 7": 2.867719888687134, "Epoch 720 Step 8": 2.8869211673736572, "Epoch 720 Step 9": 2.8819570541381836, "Epoch 720 Step 10": 2.8872973918914795, "Epoch 720 Step 11": 2.8937604427337646, "Epoch 720 Step 12": 2.88661789894104, "Epoch 720 Step 13": 2.8792383670806885, "Epoch 720 Step 14": 2.8856074810028076, "Epoch 720 Step 15": 2.895341634750366, "Epoch 720 Step 16": 2.8944358825683594, "Epoch 720 Step 17": 2.893937110900879, "Epoch 720 Step 18": 2.8883581161499023, "Epoch 720 Step 19": 2.8858940601348877, "Epoch 720 Step 20": 2.8833065032958984, "Epoch 720 Step 21": 2.9038612842559814, "Epoch 720 Step 22": 2.899609327316284, "Epoch 720 Step 23": 2.897937536239624, "Epoch 720 Step 24": 2.8764193058013916, "Epoch 720 Step 25": 2.8896055221557617, "Epoch 720 Step 26": 2.893988847732544, "Epoch 720 Step 27": 2.8755767345428467, "Epoch 720 Step 28": 2.886770248413086, "Epoch 720 Step 29": 2.8869314193725586, "Epoch 720 Step 30": 2.8916971683502197, "Epoch 720 Step 31": 2.8956165313720703, "Epoch 720 Step 32": 2.8810300827026367, "Epoch 720 Step 33": 2.8929080963134766, "Epoch 720 Step 34": 2.8782801628112793, "Epoch 720 Step 35": 2.8848350048065186, "Epoch 720 Step 36": 2.878394365310669, "Epoch 720 Step 37": 2.8910372257232666, "Epoch 720 Step 38": 2.877699851989746, "Epoch 720 Step 39": 2.883063793182373, "Epoch 720 Step 40": 2.8885066509246826, "Epoch 720 Step 41": 2.87369966506958, "Epoch 720 Step 42": 2.872141122817993, "Epoch 720 Step 43": 2.8729615211486816, "Epoch 720 Step 44": 2.8885579109191895, "Epoch 720 Step 45": 2.8823983669281006, "Epoch 720 Step 46": 2.877594232559204, "Epoch 720 Step 47": 2.88936710357666, "Epoch 720 Step 48": 2.8954195976257324, "Epoch 720 Step 49": 2.8803658485412598, "Epoch 720 Step 50": 2.8755860328674316, "Epoch 720 Step 51": 2.888660192489624, "Epoch 720 Step 52": 2.892453193664551, "Epoch 720 Step 53": 2.8804428577423096, "Epoch 720 Step 54": 2.8820841312408447, "Epoch 720 Step 55": 2.8782098293304443, "Epoch 720 Step 56": 2.8876497745513916, "Epoch 720 Step 57": 2.873812198638916, "Epoch 720 Step 58": 2.885265588760376, "Epoch 720 Step 59": 2.878877639770508, "Epoch 720 Step 60": 2.8829619884490967, "Epoch 720 Step 61": 2.8855395317077637, "Epoch 720 Step 62": 2.871288776397705, "Epoch 720 Step 63": 2.885493755340576, "Epoch 720 Step 64": 2.887259006500244, "Epoch 720 Step 65": 2.8860244750976562, "Epoch 720 Step 66": 2.890155076980591, "Epoch 720 Step 67": 2.884476900100708, "Epoch 720 Step 68": 2.8720672130584717, "Epoch 720 Step 69": 2.881338596343994, "Epoch 720 Step 70": 2.8769304752349854, "Epoch 720 Step 71": 2.882432699203491, "Epoch 720 Step 72": 2.8830225467681885, "Epoch 720 Step 73": 2.891434669494629, "Epoch 720 Step 74": 2.8849689960479736, "Epoch 720 Step 75": 2.8859472274780273, "Epoch 720 Step 76": 2.881767988204956, "Epoch 720 Step 77": 2.8754146099090576, "Epoch 720 Step 78": 2.879767417907715, "Epoch 720 Step 79": 2.8937721252441406, "Epoch 720 Step 80": 2.8880858421325684, "Epoch 720 Step 81": 2.8733437061309814, "Epoch 720 Step 82": 2.890758752822876, "Epoch 720 Step 83": 2.8819284439086914, "Epoch 720 Step 84": 2.875851631164551, "Epoch 720 Step 85": 2.872905969619751, "Epoch 720 Step 86": 2.8821213245391846, "Epoch 720 Step 87": 2.8875038623809814, "Epoch 720 Step 88": 2.880674123764038, "Epoch 720 Step 89": 2.878810405731201}