{"Epoch 849 Step 0": 2.879770517349243, "Epoch 849 Step 1": 2.8814661502838135, "Epoch 849 Step 2": 2.8777456283569336, "Epoch 849 Step 3": 2.8886306285858154, "Epoch 849 Step 4": 2.873281955718994, "Epoch 849 Step 5": 2.8851287364959717, "Epoch 849 Step 6": 2.879566192626953, "Epoch 849 Step 7": 2.882948875427246, "Epoch 849 Step 8": 2.886467456817627, "Epoch 849 Step 9": 2.8716461658477783, "Epoch 849 Step 10": 2.886195659637451, "Epoch 849 Step 11": 2.8874337673187256, "Epoch 849 Step 12": 2.886113166809082, "Epoch 849 Step 13": 2.889511823654175, "Epoch 849 Step 14": 2.8842525482177734, "Epoch 849 Step 15": 2.87203049659729, "Epoch 849 Step 16": 2.8812644481658936, "Epoch 849 Step 17": 2.8767058849334717, "Epoch 849 Step 18": 2.8824450969696045, "Epoch 849 Step 19": 2.883378505706787, "Epoch 849 Step 20": 2.890737771987915, "Epoch 849 Step 21": 2.885077476501465, "Epoch 849 Step 22": 2.8857831954956055, "Epoch 849 Step 23": 2.8821330070495605, "Epoch 849 Step 24": 2.8752896785736084, "Epoch 849 Step 25": 2.87980580329895, "Epoch 849 Step 26": 2.8937768936157227, "Epoch 849 Step 27": 2.887852668762207, "Epoch 849 Step 28": 2.874300003051758, "Epoch 849 Step 29": 2.891042470932007, "Epoch 849 Step 30": 2.8819758892059326, "Epoch 849 Step 31": 2.8761589527130127, "Epoch 849 Step 32": 2.8736679553985596, "Epoch 849 Step 33": 2.881345510482788, "Epoch 849 Step 34": 2.8871002197265625, "Epoch 849 Step 35": 2.880056381225586, "Epoch 849 Step 36": 2.8782103061676025, "Epoch 849 Step 37": 2.878356695175171, "Epoch 849 Step 38": 2.8769586086273193, "Epoch 849 Step 39": 2.8881146907806396, "Epoch 849 Step 40": 2.8760173320770264, "Epoch 849 Step 41": 2.890913724899292, "Epoch 849 Step 42": 2.871358633041382, "Epoch 849 Step 43": 2.8746700286865234, "Epoch 849 Step 44": 2.8797290325164795, "Epoch 849 Step 45": 2.868211269378662, "Epoch 849 Step 46": 2.8868050575256348, "Epoch 849 Step 47": 2.881176233291626, "Epoch 849 Step 48": 2.8868894577026367, "Epoch 849 Step 49": 2.8925790786743164, "Epoch 849 Step 50": 2.885998010635376, "Epoch 849 Step 51": 2.8787567615509033, "Epoch 849 Step 52": 2.8850889205932617, "Epoch 849 Step 53": 2.895906448364258, "Epoch 849 Step 54": 2.8959221839904785, "Epoch 849 Step 55": 2.895148754119873, "Epoch 849 Step 56": 2.888136625289917, "Epoch 849 Step 57": 2.8857176303863525, "Epoch 849 Step 58": 2.8805480003356934, "Epoch 849 Step 59": 2.9032766819000244, "Epoch 849 Step 60": 2.898489236831665, "Epoch 849 Step 61": 2.8977630138397217, "Epoch 849 Step 62": 2.8765225410461426, "Epoch 849 Step 63": 2.8902313709259033, "Epoch 849 Step 64": 2.8939051628112793, "Epoch 849 Step 65": 2.8752920627593994, "Epoch 849 Step 66": 2.886808156967163, "Epoch 849 Step 67": 2.8868191242218018, "Epoch 849 Step 68": 2.89170503616333, "Epoch 849 Step 69": 2.8961892127990723, "Epoch 849 Step 70": 2.881112575531006, "Epoch 849 Step 71": 2.892008066177368, "Epoch 849 Step 72": 2.8782787322998047, "Epoch 849 Step 73": 2.8852415084838867, "Epoch 849 Step 74": 2.8783602714538574, "Epoch 849 Step 75": 2.8918333053588867, "Epoch 849 Step 76": 2.879240036010742, "Epoch 849 Step 77": 2.882845640182495, "Epoch 849 Step 78": 2.8884427547454834, "Epoch 849 Step 79": 2.8737549781799316, "Epoch 849 Step 80": 2.87221097946167, "Epoch 849 Step 81": 2.8725128173828125, "Epoch 849 Step 82": 2.888692855834961, "Epoch 849 Step 83": 2.8816874027252197, "Epoch 849 Step 84": 2.8780393600463867, "Epoch 849 Step 85": 2.8882126808166504, "Epoch 849 Step 86": 2.89434552192688, "Epoch 849 Step 87": 2.880441427230835, "Epoch 849 Step 88": 2.8762989044189453, "Epoch 849 Step 89": 2.8884618282318115}