{"Epoch 879 Step 0": 2.902538776397705, "Epoch 879 Step 1": 2.875581741333008, "Epoch 879 Step 2": 2.888495445251465, "Epoch 879 Step 3": 2.892683506011963, "Epoch 879 Step 4": 2.8762259483337402, "Epoch 879 Step 5": 2.88647723197937, "Epoch 879 Step 6": 2.8866403102874756, "Epoch 879 Step 7": 2.8909668922424316, "Epoch 879 Step 8": 2.895565986633301, "Epoch 879 Step 9": 2.8815720081329346, "Epoch 879 Step 10": 2.8931593894958496, "Epoch 879 Step 11": 2.878946542739868, "Epoch 879 Step 12": 2.8848683834075928, "Epoch 879 Step 13": 2.8786349296569824, "Epoch 879 Step 14": 2.890730619430542, "Epoch 879 Step 15": 2.8776042461395264, "Epoch 879 Step 16": 2.8822643756866455, "Epoch 879 Step 17": 2.8886032104492188, "Epoch 879 Step 18": 2.8734896183013916, "Epoch 879 Step 19": 2.871753215789795, "Epoch 879 Step 20": 2.872035264968872, "Epoch 879 Step 21": 2.8891444206237793, "Epoch 879 Step 22": 2.881986379623413, "Epoch 879 Step 23": 2.8772144317626953, "Epoch 879 Step 24": 2.890150547027588, "Epoch 879 Step 25": 2.8942370414733887, "Epoch 879 Step 26": 2.881477117538452, "Epoch 879 Step 27": 2.8779351711273193, "Epoch 879 Step 28": 2.8880491256713867, "Epoch 879 Step 29": 2.892040967941284, "Epoch 879 Step 30": 2.8809475898742676, "Epoch 879 Step 31": 2.8815903663635254, "Epoch 879 Step 32": 2.877892017364502, "Epoch 879 Step 33": 2.8890624046325684, "Epoch 879 Step 34": 2.874297618865967, "Epoch 879 Step 35": 2.885554313659668, "Epoch 879 Step 36": 2.8808786869049072, "Epoch 879 Step 37": 2.8832571506500244, "Epoch 879 Step 38": 2.8855581283569336, "Epoch 879 Step 39": 2.871264934539795, "Epoch 879 Step 40": 2.8855361938476562, "Epoch 879 Step 41": 2.888151168823242, "Epoch 879 Step 42": 2.887070655822754, "Epoch 879 Step 43": 2.890676259994507, "Epoch 879 Step 44": 2.884910821914673, "Epoch 879 Step 45": 2.8734421730041504, "Epoch 879 Step 46": 2.8811187744140625, "Epoch 879 Step 47": 2.877798080444336, "Epoch 879 Step 48": 2.8830084800720215, "Epoch 879 Step 49": 2.8828141689300537, "Epoch 879 Step 50": 2.890080213546753, "Epoch 879 Step 51": 2.8850555419921875, "Epoch 879 Step 52": 2.885525703430176, "Epoch 879 Step 53": 2.8817453384399414, "Epoch 879 Step 54": 2.875901699066162, "Epoch 879 Step 55": 2.8795413970947266, "Epoch 879 Step 56": 2.894125461578369, "Epoch 879 Step 57": 2.8881001472473145, "Epoch 879 Step 58": 2.8743503093719482, "Epoch 879 Step 59": 2.8910515308380127, "Epoch 879 Step 60": 2.8816182613372803, "Epoch 879 Step 61": 2.876291513442993, "Epoch 879 Step 62": 2.8729820251464844, "Epoch 879 Step 63": 2.8817858695983887, "Epoch 879 Step 64": 2.8873767852783203, "Epoch 879 Step 65": 2.8801021575927734, "Epoch 879 Step 66": 2.8785133361816406, "Epoch 879 Step 67": 2.8784677982330322, "Epoch 879 Step 68": 2.876677989959717, "Epoch 879 Step 69": 2.888240098953247, "Epoch 879 Step 70": 2.8748273849487305, "Epoch 879 Step 71": 2.891068458557129, "Epoch 879 Step 72": 2.8714635372161865, "Epoch 879 Step 73": 2.8749470710754395, "Epoch 879 Step 74": 2.879443883895874, "Epoch 879 Step 75": 2.868208169937134, "Epoch 879 Step 76": 2.8869142532348633, "Epoch 879 Step 77": 2.881537437438965, "Epoch 879 Step 78": 2.887125253677368, "Epoch 879 Step 79": 2.8938803672790527, "Epoch 879 Step 80": 2.885928153991699, "Epoch 879 Step 81": 2.878722667694092, "Epoch 879 Step 82": 2.885178804397583, "Epoch 879 Step 83": 2.895808458328247, "Epoch 879 Step 84": 2.894130229949951, "Epoch 879 Step 85": 2.8939223289489746, "Epoch 879 Step 86": 2.8881919384002686, "Epoch 879 Step 87": 2.8858354091644287, "Epoch 879 Step 88": 2.880392074584961, "Epoch 879 Step 89": 2.902799367904663}