{"Epoch 539 Step 0": 2.878314971923828, "Epoch 539 Step 1": 2.876542806625366, "Epoch 539 Step 2": 2.8880202770233154, "Epoch 539 Step 3": 2.8742005825042725, "Epoch 539 Step 4": 2.8914496898651123, "Epoch 539 Step 5": 2.87164306640625, "Epoch 539 Step 6": 2.874690294265747, "Epoch 539 Step 7": 2.8794705867767334, "Epoch 539 Step 8": 2.8678386211395264, "Epoch 539 Step 9": 2.8870534896850586, "Epoch 539 Step 10": 2.881805419921875, "Epoch 539 Step 11": 2.8869168758392334, "Epoch 539 Step 12": 2.893089532852173, "Epoch 539 Step 13": 2.886251926422119, "Epoch 539 Step 14": 2.87933611869812, "Epoch 539 Step 15": 2.8852005004882812, "Epoch 539 Step 16": 2.89534068107605, "Epoch 539 Step 17": 2.8941617012023926, "Epoch 539 Step 18": 2.8936872482299805, "Epoch 539 Step 19": 2.888096809387207, "Epoch 539 Step 20": 2.885326385498047, "Epoch 539 Step 21": 2.880847215652466, "Epoch 539 Step 22": 2.904320478439331, "Epoch 539 Step 23": 2.899491310119629, "Epoch 539 Step 24": 2.89825701713562, "Epoch 539 Step 25": 2.8763458728790283, "Epoch 539 Step 26": 2.8892126083374023, "Epoch 539 Step 27": 2.8929572105407715, "Epoch 539 Step 28": 2.875399589538574, "Epoch 539 Step 29": 2.8862903118133545, "Epoch 539 Step 30": 2.8867034912109375, "Epoch 539 Step 31": 2.8914272785186768, "Epoch 539 Step 32": 2.895108461380005, "Epoch 539 Step 33": 2.8810601234436035, "Epoch 539 Step 34": 2.893167734146118, "Epoch 539 Step 35": 2.877863883972168, "Epoch 539 Step 36": 2.8844237327575684, "Epoch 539 Step 37": 2.8778698444366455, "Epoch 539 Step 38": 2.8915560245513916, "Epoch 539 Step 39": 2.878124475479126, "Epoch 539 Step 40": 2.882896900177002, "Epoch 539 Step 41": 2.888631820678711, "Epoch 539 Step 42": 2.8737404346466064, "Epoch 539 Step 43": 2.871673822402954, "Epoch 539 Step 44": 2.8724448680877686, "Epoch 539 Step 45": 2.8885929584503174, "Epoch 539 Step 46": 2.882021903991699, "Epoch 539 Step 47": 2.877196788787842, "Epoch 539 Step 48": 2.8896265029907227, "Epoch 539 Step 49": 2.895163059234619, "Epoch 539 Step 50": 2.880211353302002, "Epoch 539 Step 51": 2.8764872550964355, "Epoch 539 Step 52": 2.8871874809265137, "Epoch 539 Step 53": 2.891340732574463, "Epoch 539 Step 54": 2.881608486175537, "Epoch 539 Step 55": 2.8832592964172363, "Epoch 539 Step 56": 2.8779876232147217, "Epoch 539 Step 57": 2.8876194953918457, "Epoch 539 Step 58": 2.8737354278564453, "Epoch 539 Step 59": 2.8854012489318848, "Epoch 539 Step 60": 2.878933906555176, "Epoch 539 Step 61": 2.8827574253082275, "Epoch 539 Step 62": 2.8844003677368164, "Epoch 539 Step 63": 2.871256113052368, "Epoch 539 Step 64": 2.8851118087768555, "Epoch 539 Step 65": 2.8877437114715576, "Epoch 539 Step 66": 2.885533094406128, "Epoch 539 Step 67": 2.8894519805908203, "Epoch 539 Step 68": 2.8841283321380615, "Epoch 539 Step 69": 2.872394561767578, "Epoch 539 Step 70": 2.881706953048706, "Epoch 539 Step 71": 2.877176523208618, "Epoch 539 Step 72": 2.8825249671936035, "Epoch 539 Step 73": 2.882903575897217, "Epoch 539 Step 74": 2.891228675842285, "Epoch 539 Step 75": 2.884881019592285, "Epoch 539 Step 76": 2.8853185176849365, "Epoch 539 Step 77": 2.8811521530151367, "Epoch 539 Step 78": 2.8755149841308594, "Epoch 539 Step 79": 2.8792197704315186, "Epoch 539 Step 80": 2.8941779136657715, "Epoch 539 Step 81": 2.88844895362854, "Epoch 539 Step 82": 2.8738698959350586, "Epoch 539 Step 83": 2.8908419609069824, "Epoch 539 Step 84": 2.881732702255249, "Epoch 539 Step 85": 2.875586986541748, "Epoch 539 Step 86": 2.8718454837799072, "Epoch 539 Step 87": 2.882596254348755, "Epoch 539 Step 88": 2.8878495693206787, "Epoch 539 Step 89": 2.880742311477661}