{"Epoch 243 Step 0": 2.8841354846954346, "Epoch 243 Step 1": 2.87709641456604, "Epoch 243 Step 2": 2.8918166160583496, "Epoch 243 Step 3": 2.8772592544555664, "Epoch 243 Step 4": 2.8823320865631104, "Epoch 243 Step 5": 2.8879668712615967, "Epoch 243 Step 6": 2.8726351261138916, "Epoch 243 Step 7": 2.8718693256378174, "Epoch 243 Step 8": 2.8718156814575195, "Epoch 243 Step 9": 2.8868424892425537, "Epoch 243 Step 10": 2.8817484378814697, "Epoch 243 Step 11": 2.877044200897217, "Epoch 243 Step 12": 2.8905885219573975, "Epoch 243 Step 13": 2.895440101623535, "Epoch 243 Step 14": 2.8804311752319336, "Epoch 243 Step 15": 2.875438928604126, "Epoch 243 Step 16": 2.8865644931793213, "Epoch 243 Step 17": 2.8907039165496826, "Epoch 243 Step 18": 2.8803505897521973, "Epoch 243 Step 19": 2.8819525241851807, "Epoch 243 Step 20": 2.877265214920044, "Epoch 243 Step 21": 2.887349843978882, "Epoch 243 Step 22": 2.8731484413146973, "Epoch 243 Step 23": 2.884690046310425, "Epoch 243 Step 24": 2.878628730773926, "Epoch 243 Step 25": 2.8826518058776855, "Epoch 243 Step 26": 2.8845765590667725, "Epoch 243 Step 27": 2.8707261085510254, "Epoch 243 Step 28": 2.884279251098633, "Epoch 243 Step 29": 2.8870227336883545, "Epoch 243 Step 30": 2.884401798248291, "Epoch 243 Step 31": 2.889137029647827, "Epoch 243 Step 32": 2.88395619392395, "Epoch 243 Step 33": 2.8717169761657715, "Epoch 243 Step 34": 2.880295991897583, "Epoch 243 Step 35": 2.877021074295044, "Epoch 243 Step 36": 2.882821559906006, "Epoch 243 Step 37": 2.8809638023376465, "Epoch 243 Step 38": 2.890260696411133, "Epoch 243 Step 39": 2.8844382762908936, "Epoch 243 Step 40": 2.8849053382873535, "Epoch 243 Step 41": 2.881910562515259, "Epoch 243 Step 42": 2.8743486404418945, "Epoch 243 Step 43": 2.879110813140869, "Epoch 243 Step 44": 2.8933284282684326, "Epoch 243 Step 45": 2.8880531787872314, "Epoch 243 Step 46": 2.87314510345459, "Epoch 243 Step 47": 2.8901684284210205, "Epoch 243 Step 48": 2.880681037902832, "Epoch 243 Step 49": 2.8751237392425537, "Epoch 243 Step 50": 2.8717706203460693, "Epoch 243 Step 51": 2.881704092025757, "Epoch 243 Step 52": 2.887302875518799, "Epoch 243 Step 53": 2.8801093101501465, "Epoch 243 Step 54": 2.878892183303833, "Epoch 243 Step 55": 2.878755569458008, "Epoch 243 Step 56": 2.8761539459228516, "Epoch 243 Step 57": 2.8878839015960693, "Epoch 243 Step 58": 2.8735554218292236, "Epoch 243 Step 59": 2.89093017578125, "Epoch 243 Step 60": 2.8712873458862305, "Epoch 243 Step 61": 2.8739309310913086, "Epoch 243 Step 62": 2.879072904586792, "Epoch 243 Step 63": 2.8673017024993896, "Epoch 243 Step 64": 2.886861801147461, "Epoch 243 Step 65": 2.8812222480773926, "Epoch 243 Step 66": 2.8864376544952393, "Epoch 243 Step 67": 2.892052412033081, "Epoch 243 Step 68": 2.885836601257324, "Epoch 243 Step 69": 2.8783979415893555, "Epoch 243 Step 70": 2.8852038383483887, "Epoch 243 Step 71": 2.894867181777954, "Epoch 243 Step 72": 2.894059419631958, "Epoch 243 Step 73": 2.891955852508545, "Epoch 243 Step 74": 2.887749195098877, "Epoch 243 Step 75": 2.88771390914917, "Epoch 243 Step 76": 2.8839609622955322, "Epoch 243 Step 77": 2.904196262359619, "Epoch 243 Step 78": 2.9022834300994873, "Epoch 243 Step 79": 2.8990743160247803, "Epoch 243 Step 80": 2.8749239444732666, "Epoch 243 Step 81": 2.8880937099456787, "Epoch 243 Step 82": 2.892469644546509, "Epoch 243 Step 83": 2.874351978302002, "Epoch 243 Step 84": 2.886364698410034, "Epoch 243 Step 85": 2.8868346214294434, "Epoch 243 Step 86": 2.8910648822784424, "Epoch 243 Step 87": 2.895984649658203, "Epoch 243 Step 88": 2.8823318481445312, "Epoch 243 Step 89": 2.89247727394104}