{"Epoch 54 Step 0": 2.889930248260498, "Epoch 54 Step 1": 2.8809611797332764, "Epoch 54 Step 2": 2.881220817565918, "Epoch 54 Step 3": 2.8770699501037598, "Epoch 54 Step 4": 2.886643648147583, "Epoch 54 Step 5": 2.8725311756134033, "Epoch 54 Step 6": 2.8847382068634033, "Epoch 54 Step 7": 2.8788909912109375, "Epoch 54 Step 8": 2.882472038269043, "Epoch 54 Step 9": 2.883728504180908, "Epoch 54 Step 10": 2.87001371383667, "Epoch 54 Step 11": 2.8842074871063232, "Epoch 54 Step 12": 2.8867640495300293, "Epoch 54 Step 13": 2.883596420288086, "Epoch 54 Step 14": 2.888707160949707, "Epoch 54 Step 15": 2.883607864379883, "Epoch 54 Step 16": 2.8718531131744385, "Epoch 54 Step 17": 2.879077434539795, "Epoch 54 Step 18": 2.876350164413452, "Epoch 54 Step 19": 2.882997989654541, "Epoch 54 Step 20": 2.880654811859131, "Epoch 54 Step 21": 2.8885345458984375, "Epoch 54 Step 22": 2.8838601112365723, "Epoch 54 Step 23": 2.8844714164733887, "Epoch 54 Step 24": 2.8805348873138428, "Epoch 54 Step 25": 2.8723983764648438, "Epoch 54 Step 26": 2.878458023071289, "Epoch 54 Step 27": 2.891547441482544, "Epoch 54 Step 28": 2.887455940246582, "Epoch 54 Step 29": 2.8734219074249268, "Epoch 54 Step 30": 2.8901453018188477, "Epoch 54 Step 31": 2.88103985786438, "Epoch 54 Step 32": 2.8744795322418213, "Epoch 54 Step 33": 2.869469404220581, "Epoch 54 Step 34": 2.880873441696167, "Epoch 54 Step 35": 2.8871209621429443, "Epoch 54 Step 36": 2.879209280014038, "Epoch 54 Step 37": 2.8785815238952637, "Epoch 54 Step 38": 2.8774867057800293, "Epoch 54 Step 39": 2.8745789527893066, "Epoch 54 Step 40": 2.8859517574310303, "Epoch 54 Step 41": 2.872897148132324, "Epoch 54 Step 42": 2.8899409770965576, "Epoch 54 Step 43": 2.8704535961151123, "Epoch 54 Step 44": 2.8732597827911377, "Epoch 54 Step 45": 2.8790197372436523, "Epoch 54 Step 46": 2.8664941787719727, "Epoch 54 Step 47": 2.8852832317352295, "Epoch 54 Step 48": 2.88094425201416, "Epoch 54 Step 49": 2.885862112045288, "Epoch 54 Step 50": 2.8913111686706543, "Epoch 54 Step 51": 2.8857760429382324, "Epoch 54 Step 52": 2.877350330352783, "Epoch 54 Step 53": 2.883054494857788, "Epoch 54 Step 54": 2.8937222957611084, "Epoch 54 Step 55": 2.8933207988739014, "Epoch 54 Step 56": 2.89172625541687, "Epoch 54 Step 57": 2.88706374168396, "Epoch 54 Step 58": 2.8857486248016357, "Epoch 54 Step 59": 2.8801584243774414, "Epoch 54 Step 60": 2.903116464614868, "Epoch 54 Step 61": 2.8979506492614746, "Epoch 54 Step 62": 2.8913400173187256, "Epoch 54 Step 63": 2.8749003410339355, "Epoch 54 Step 64": 2.889047622680664, "Epoch 54 Step 65": 2.893126964569092, "Epoch 54 Step 66": 2.8744285106658936, "Epoch 54 Step 67": 2.88632869720459, "Epoch 54 Step 68": 2.8862786293029785, "Epoch 54 Step 69": 2.890942335128784, "Epoch 54 Step 70": 2.8953936100006104, "Epoch 54 Step 71": 2.880352735519409, "Epoch 54 Step 72": 2.8919615745544434, "Epoch 54 Step 73": 2.87660551071167, "Epoch 54 Step 74": 2.8838770389556885, "Epoch 54 Step 75": 2.8755924701690674, "Epoch 54 Step 76": 2.890862226486206, "Epoch 54 Step 77": 2.8773725032806396, "Epoch 54 Step 78": 2.881507158279419, "Epoch 54 Step 79": 2.888913154602051, "Epoch 54 Step 80": 2.8720905780792236, "Epoch 54 Step 81": 2.8708088397979736, "Epoch 54 Step 82": 2.8706562519073486, "Epoch 54 Step 83": 2.887300968170166, "Epoch 54 Step 84": 2.8813419342041016, "Epoch 54 Step 85": 2.8751637935638428, "Epoch 54 Step 86": 2.8899343013763428, "Epoch 54 Step 87": 2.8949971199035645, "Epoch 54 Step 88": 2.879725217819214, "Epoch 54 Step 89": 2.8754947185516357}