{"Epoch 306 Step 0": 2.8842129707336426, "Epoch 306 Step 1": 2.8881595134735107, "Epoch 306 Step 2": 2.8857550621032715, "Epoch 306 Step 3": 2.8899083137512207, "Epoch 306 Step 4": 2.88462495803833, "Epoch 306 Step 5": 2.872375249862671, "Epoch 306 Step 6": 2.880608081817627, "Epoch 306 Step 7": 2.8768694400787354, "Epoch 306 Step 8": 2.8824801445007324, "Epoch 306 Step 9": 2.8834054470062256, "Epoch 306 Step 10": 2.89054012298584, "Epoch 306 Step 11": 2.884953737258911, "Epoch 306 Step 12": 2.8853952884674072, "Epoch 306 Step 13": 2.8815195560455322, "Epoch 306 Step 14": 2.8759050369262695, "Epoch 306 Step 15": 2.879117250442505, "Epoch 306 Step 16": 2.8939907550811768, "Epoch 306 Step 17": 2.8878824710845947, "Epoch 306 Step 18": 2.8740735054016113, "Epoch 306 Step 19": 2.891047716140747, "Epoch 306 Step 20": 2.8823492527008057, "Epoch 306 Step 21": 2.8754496574401855, "Epoch 306 Step 22": 2.8734214305877686, "Epoch 306 Step 23": 2.881830930709839, "Epoch 306 Step 24": 2.8871989250183105, "Epoch 306 Step 25": 2.881042718887329, "Epoch 306 Step 26": 2.8791165351867676, "Epoch 306 Step 27": 2.8785927295684814, "Epoch 306 Step 28": 2.876675844192505, "Epoch 306 Step 29": 2.887779474258423, "Epoch 306 Step 30": 2.8749334812164307, "Epoch 306 Step 31": 2.8907196521759033, "Epoch 306 Step 32": 2.8713202476501465, "Epoch 306 Step 33": 2.874621629714966, "Epoch 306 Step 34": 2.879102945327759, "Epoch 306 Step 35": 2.867715835571289, "Epoch 306 Step 36": 2.887657403945923, "Epoch 306 Step 37": 2.881769895553589, "Epoch 306 Step 38": 2.8869926929473877, "Epoch 306 Step 39": 2.893224000930786, "Epoch 306 Step 40": 2.886655807495117, "Epoch 306 Step 41": 2.8786678314208984, "Epoch 306 Step 42": 2.8844878673553467, "Epoch 306 Step 43": 2.8948450088500977, "Epoch 306 Step 44": 2.895069122314453, "Epoch 306 Step 45": 2.8934006690979004, "Epoch 306 Step 46": 2.8874998092651367, "Epoch 306 Step 47": 2.88606333732605, "Epoch 306 Step 48": 2.886124610900879, "Epoch 306 Step 49": 2.904916763305664, "Epoch 306 Step 50": 2.901254892349243, "Epoch 306 Step 51": 2.8991570472717285, "Epoch 306 Step 52": 2.8755061626434326, "Epoch 306 Step 53": 2.8886799812316895, "Epoch 306 Step 54": 2.8930726051330566, "Epoch 306 Step 55": 2.874955892562866, "Epoch 306 Step 56": 2.8865270614624023, "Epoch 306 Step 57": 2.886847734451294, "Epoch 306 Step 58": 2.8915886878967285, "Epoch 306 Step 59": 2.895613431930542, "Epoch 306 Step 60": 2.881760597229004, "Epoch 306 Step 61": 2.8922343254089355, "Epoch 306 Step 62": 2.879155158996582, "Epoch 306 Step 63": 2.886068344116211, "Epoch 306 Step 64": 2.8785858154296875, "Epoch 306 Step 65": 2.891437292098999, "Epoch 306 Step 66": 2.8779919147491455, "Epoch 306 Step 67": 2.883579730987549, "Epoch 306 Step 68": 2.88870906829834, "Epoch 306 Step 69": 2.8732166290283203, "Epoch 306 Step 70": 2.871973752975464, "Epoch 306 Step 71": 2.872222661972046, "Epoch 306 Step 72": 2.8890597820281982, "Epoch 306 Step 73": 2.8831896781921387, "Epoch 306 Step 74": 2.87778902053833, "Epoch 306 Step 75": 2.8912904262542725, "Epoch 306 Step 76": 2.8952643871307373, "Epoch 306 Step 77": 2.8804826736450195, "Epoch 306 Step 78": 2.87565279006958, "Epoch 306 Step 79": 2.888014078140259, "Epoch 306 Step 80": 2.8915135860443115, "Epoch 306 Step 81": 2.8808987140655518, "Epoch 306 Step 82": 2.8807430267333984, "Epoch 306 Step 83": 2.877017021179199, "Epoch 306 Step 84": 2.8880362510681152, "Epoch 306 Step 85": 2.8739802837371826, "Epoch 306 Step 86": 2.885798931121826, "Epoch 306 Step 87": 2.879256248474121, "Epoch 306 Step 88": 2.882857084274292, "Epoch 306 Step 89": 2.8849756717681885}