{"Epoch 815 Step 0": 2.887600898742676, "Epoch 815 Step 1": 2.880598306655884, "Epoch 815 Step 2": 2.878754138946533, "Epoch 815 Step 3": 2.8782877922058105, "Epoch 815 Step 4": 2.8768787384033203, "Epoch 815 Step 5": 2.8881373405456543, "Epoch 815 Step 6": 2.8742706775665283, "Epoch 815 Step 7": 2.8911845684051514, "Epoch 815 Step 8": 2.8717200756073, "Epoch 815 Step 9": 2.874558925628662, "Epoch 815 Step 10": 2.879972457885742, "Epoch 815 Step 11": 2.868410587310791, "Epoch 815 Step 12": 2.886834144592285, "Epoch 815 Step 13": 2.881671667098999, "Epoch 815 Step 14": 2.886970043182373, "Epoch 815 Step 15": 2.8933703899383545, "Epoch 815 Step 16": 2.8862271308898926, "Epoch 815 Step 17": 2.878727912902832, "Epoch 815 Step 18": 2.8853890895843506, "Epoch 815 Step 19": 2.8953654766082764, "Epoch 815 Step 20": 2.8942058086395264, "Epoch 815 Step 21": 2.894757032394409, "Epoch 815 Step 22": 2.888566255569458, "Epoch 815 Step 23": 2.8854920864105225, "Epoch 815 Step 24": 2.8793177604675293, "Epoch 815 Step 25": 2.9054901599884033, "Epoch 815 Step 26": 2.898637056350708, "Epoch 815 Step 27": 2.9005753993988037, "Epoch 815 Step 28": 2.8760361671447754, "Epoch 815 Step 29": 2.888322591781616, "Epoch 815 Step 30": 2.8920819759368896, "Epoch 815 Step 31": 2.8757565021514893, "Epoch 815 Step 32": 2.8875699043273926, "Epoch 815 Step 33": 2.887420892715454, "Epoch 815 Step 34": 2.8920719623565674, "Epoch 815 Step 35": 2.8953499794006348, "Epoch 815 Step 36": 2.881255865097046, "Epoch 815 Step 37": 2.891650915145874, "Epoch 815 Step 38": 2.8777761459350586, "Epoch 815 Step 39": 2.884566307067871, "Epoch 815 Step 40": 2.8787341117858887, "Epoch 815 Step 41": 2.8904316425323486, "Epoch 815 Step 42": 2.877713441848755, "Epoch 815 Step 43": 2.882625102996826, "Epoch 815 Step 44": 2.888594627380371, "Epoch 815 Step 45": 2.8733508586883545, "Epoch 815 Step 46": 2.8719773292541504, "Epoch 815 Step 47": 2.872199058532715, "Epoch 815 Step 48": 2.8894028663635254, "Epoch 815 Step 49": 2.883066177368164, "Epoch 815 Step 50": 2.877915620803833, "Epoch 815 Step 51": 2.8899571895599365, "Epoch 815 Step 52": 2.896047830581665, "Epoch 815 Step 53": 2.8805429935455322, "Epoch 815 Step 54": 2.8760132789611816, "Epoch 815 Step 55": 2.8872597217559814, "Epoch 815 Step 56": 2.891864776611328, "Epoch 815 Step 57": 2.8804006576538086, "Epoch 815 Step 58": 2.8823859691619873, "Epoch 815 Step 59": 2.878037691116333, "Epoch 815 Step 60": 2.887603521347046, "Epoch 815 Step 61": 2.8737990856170654, "Epoch 815 Step 62": 2.8852241039276123, "Epoch 815 Step 63": 2.879631996154785, "Epoch 815 Step 64": 2.8835694789886475, "Epoch 815 Step 65": 2.885700225830078, "Epoch 815 Step 66": 2.8709793090820312, "Epoch 815 Step 67": 2.885608196258545, "Epoch 815 Step 68": 2.8882791996002197, "Epoch 815 Step 69": 2.8871476650238037, "Epoch 815 Step 70": 2.890892744064331, "Epoch 815 Step 71": 2.8841171264648438, "Epoch 815 Step 72": 2.872262716293335, "Epoch 815 Step 73": 2.8808236122131348, "Epoch 815 Step 74": 2.8780770301818848, "Epoch 815 Step 75": 2.883937120437622, "Epoch 815 Step 76": 2.88295578956604, "Epoch 815 Step 77": 2.8907458782196045, "Epoch 815 Step 78": 2.884862184524536, "Epoch 815 Step 79": 2.8849761486053467, "Epoch 815 Step 80": 2.8812952041625977, "Epoch 815 Step 81": 2.8772363662719727, "Epoch 815 Step 82": 2.879579782485962, "Epoch 815 Step 83": 2.893908977508545, "Epoch 815 Step 84": 2.8879759311676025, "Epoch 815 Step 85": 2.8742024898529053, "Epoch 815 Step 86": 2.890475273132324, "Epoch 815 Step 87": 2.882624864578247, "Epoch 815 Step 88": 2.8757851123809814, "Epoch 815 Step 89": 2.8730037212371826}