{"Epoch 665 Step 0": 2.8774707317352295, "Epoch 665 Step 1": 2.888646364212036, "Epoch 665 Step 2": 2.874189853668213, "Epoch 665 Step 3": 2.885883331298828, "Epoch 665 Step 4": 2.879848003387451, "Epoch 665 Step 5": 2.8830456733703613, "Epoch 665 Step 6": 2.8855724334716797, "Epoch 665 Step 7": 2.8712282180786133, "Epoch 665 Step 8": 2.885129451751709, "Epoch 665 Step 9": 2.8878257274627686, "Epoch 665 Step 10": 2.885964870452881, "Epoch 665 Step 11": 2.8895840644836426, "Epoch 665 Step 12": 2.884807586669922, "Epoch 665 Step 13": 2.8725991249084473, "Epoch 665 Step 14": 2.8809006214141846, "Epoch 665 Step 15": 2.8772449493408203, "Epoch 665 Step 16": 2.8826472759246826, "Epoch 665 Step 17": 2.8830840587615967, "Epoch 665 Step 18": 2.890577793121338, "Epoch 665 Step 19": 2.884880781173706, "Epoch 665 Step 20": 2.885105848312378, "Epoch 665 Step 21": 2.8812308311462402, "Epoch 665 Step 22": 2.875576972961426, "Epoch 665 Step 23": 2.8793556690216064, "Epoch 665 Step 24": 2.8939461708068848, "Epoch 665 Step 25": 2.8880245685577393, "Epoch 665 Step 26": 2.8740248680114746, "Epoch 665 Step 27": 2.8907618522644043, "Epoch 665 Step 28": 2.882073163986206, "Epoch 665 Step 29": 2.875858783721924, "Epoch 665 Step 30": 2.8736913204193115, "Epoch 665 Step 31": 2.8815293312072754, "Epoch 665 Step 32": 2.887491226196289, "Epoch 665 Step 33": 2.8802647590637207, "Epoch 665 Step 34": 2.8792858123779297, "Epoch 665 Step 35": 2.8787147998809814, "Epoch 665 Step 36": 2.8761417865753174, "Epoch 665 Step 37": 2.888134479522705, "Epoch 665 Step 38": 2.87471866607666, "Epoch 665 Step 39": 2.8906500339508057, "Epoch 665 Step 40": 2.8713724613189697, "Epoch 665 Step 41": 2.874382495880127, "Epoch 665 Step 42": 2.879364252090454, "Epoch 665 Step 43": 2.8680989742279053, "Epoch 665 Step 44": 2.887033224105835, "Epoch 665 Step 45": 2.8812923431396484, "Epoch 665 Step 46": 2.88688063621521, "Epoch 665 Step 47": 2.8928439617156982, "Epoch 665 Step 48": 2.8859076499938965, "Epoch 665 Step 49": 2.8786354064941406, "Epoch 665 Step 50": 2.8853344917297363, "Epoch 665 Step 51": 2.895310878753662, "Epoch 665 Step 52": 2.8938255310058594, "Epoch 665 Step 53": 2.892578363418579, "Epoch 665 Step 54": 2.8878297805786133, "Epoch 665 Step 55": 2.8866078853607178, "Epoch 665 Step 56": 2.883402109146118, "Epoch 665 Step 57": 2.904449939727783, "Epoch 665 Step 58": 2.9008185863494873, "Epoch 665 Step 59": 2.8987622261047363, "Epoch 665 Step 60": 2.8755242824554443, "Epoch 665 Step 61": 2.8884880542755127, "Epoch 665 Step 62": 2.893009901046753, "Epoch 665 Step 63": 2.8747220039367676, "Epoch 665 Step 64": 2.8865232467651367, "Epoch 665 Step 65": 2.886859893798828, "Epoch 665 Step 66": 2.8912878036499023, "Epoch 665 Step 67": 2.8956189155578613, "Epoch 665 Step 68": 2.8819797039031982, "Epoch 665 Step 69": 2.8937864303588867, "Epoch 665 Step 70": 2.878448486328125, "Epoch 665 Step 71": 2.8848981857299805, "Epoch 665 Step 72": 2.877685308456421, "Epoch 665 Step 73": 2.8915188312530518, "Epoch 665 Step 74": 2.877842903137207, "Epoch 665 Step 75": 2.8828577995300293, "Epoch 665 Step 76": 2.888744831085205, "Epoch 665 Step 77": 2.873387336730957, "Epoch 665 Step 78": 2.8721444606781006, "Epoch 665 Step 79": 2.8718929290771484, "Epoch 665 Step 80": 2.888371706008911, "Epoch 665 Step 81": 2.8815345764160156, "Epoch 665 Step 82": 2.8779220581054688, "Epoch 665 Step 83": 2.8894290924072266, "Epoch 665 Step 84": 2.89505934715271, "Epoch 665 Step 85": 2.8802902698516846, "Epoch 665 Step 86": 2.8762264251708984, "Epoch 665 Step 87": 2.8874011039733887, "Epoch 665 Step 88": 2.8918869495391846, "Epoch 665 Step 89": 2.8808088302612305}