{"Epoch 33 Step 0": 2.8892905712127686, "Epoch 33 Step 1": 2.8841495513916016, "Epoch 33 Step 2": 2.883779764175415, "Epoch 33 Step 3": 2.881058692932129, "Epoch 33 Step 4": 2.87359881401062, "Epoch 33 Step 5": 2.8786373138427734, "Epoch 33 Step 6": 2.892310380935669, "Epoch 33 Step 7": 2.887186050415039, "Epoch 33 Step 8": 2.8725812435150146, "Epoch 33 Step 9": 2.8893063068389893, "Epoch 33 Step 10": 2.881788492202759, "Epoch 33 Step 11": 2.8744874000549316, "Epoch 33 Step 12": 2.869433641433716, "Epoch 33 Step 13": 2.8815600872039795, "Epoch 33 Step 14": 2.8866825103759766, "Epoch 33 Step 15": 2.8792977333068848, "Epoch 33 Step 16": 2.8780555725097656, "Epoch 33 Step 17": 2.877901077270508, "Epoch 33 Step 18": 2.8754992485046387, "Epoch 33 Step 19": 2.8864905834198, "Epoch 33 Step 20": 2.872957468032837, "Epoch 33 Step 21": 2.889418125152588, "Epoch 33 Step 22": 2.871114492416382, "Epoch 33 Step 23": 2.873326063156128, "Epoch 33 Step 24": 2.8777551651000977, "Epoch 33 Step 25": 2.866446018218994, "Epoch 33 Step 26": 2.886000633239746, "Epoch 33 Step 27": 2.880903482437134, "Epoch 33 Step 28": 2.8852128982543945, "Epoch 33 Step 29": 2.8913207054138184, "Epoch 33 Step 30": 2.884805679321289, "Epoch 33 Step 31": 2.877685308456421, "Epoch 33 Step 32": 2.8832552433013916, "Epoch 33 Step 33": 2.893043279647827, "Epoch 33 Step 34": 2.89306378364563, "Epoch 33 Step 35": 2.891433000564575, "Epoch 33 Step 36": 2.887232542037964, "Epoch 33 Step 37": 2.8861961364746094, "Epoch 33 Step 38": 2.8814878463745117, "Epoch 33 Step 39": 2.9041976928710938, "Epoch 33 Step 40": 2.8973562717437744, "Epoch 33 Step 41": 2.8935251235961914, "Epoch 33 Step 42": 2.874206066131592, "Epoch 33 Step 43": 2.8882675170898438, "Epoch 33 Step 44": 2.891808271408081, "Epoch 33 Step 45": 2.8746726512908936, "Epoch 33 Step 46": 2.885753631591797, "Epoch 33 Step 47": 2.8858842849731445, "Epoch 33 Step 48": 2.8901400566101074, "Epoch 33 Step 49": 2.894550323486328, "Epoch 33 Step 50": 2.880423069000244, "Epoch 33 Step 51": 2.893932342529297, "Epoch 33 Step 52": 2.87619948387146, "Epoch 33 Step 53": 2.8839828968048096, "Epoch 33 Step 54": 2.876309394836426, "Epoch 33 Step 55": 2.890254259109497, "Epoch 33 Step 56": 2.876800298690796, "Epoch 33 Step 57": 2.882309913635254, "Epoch 33 Step 58": 2.8878157138824463, "Epoch 33 Step 59": 2.8718278408050537, "Epoch 33 Step 60": 2.871182441711426, "Epoch 33 Step 61": 2.871103525161743, "Epoch 33 Step 62": 2.8876829147338867, "Epoch 33 Step 63": 2.8804268836975098, "Epoch 33 Step 64": 2.8752710819244385, "Epoch 33 Step 65": 2.8897037506103516, "Epoch 33 Step 66": 2.895199775695801, "Epoch 33 Step 67": 2.8797974586486816, "Epoch 33 Step 68": 2.8749663829803467, "Epoch 33 Step 69": 2.8865439891815186, "Epoch 33 Step 70": 2.890854597091675, "Epoch 33 Step 71": 2.880246877670288, "Epoch 33 Step 72": 2.8812615871429443, "Epoch 33 Step 73": 2.877504348754883, "Epoch 33 Step 74": 2.886092185974121, "Epoch 33 Step 75": 2.8725996017456055, "Epoch 33 Step 76": 2.884678363800049, "Epoch 33 Step 77": 2.8783657550811768, "Epoch 33 Step 78": 2.8823015689849854, "Epoch 33 Step 79": 2.8838794231414795, "Epoch 33 Step 80": 2.869520425796509, "Epoch 33 Step 81": 2.8843846321105957, "Epoch 33 Step 82": 2.887233257293701, "Epoch 33 Step 83": 2.885324478149414, "Epoch 33 Step 84": 2.889147996902466, "Epoch 33 Step 85": 2.8834333419799805, "Epoch 33 Step 86": 2.8715319633483887, "Epoch 33 Step 87": 2.879293918609619, "Epoch 33 Step 88": 2.876286745071411, "Epoch 33 Step 89": 2.882899522781372}