{"Epoch 98 Step 0": 2.8769633769989014, "Epoch 98 Step 1": 2.8781020641326904, "Epoch 98 Step 2": 2.8751251697540283, "Epoch 98 Step 3": 2.885239362716675, "Epoch 98 Step 4": 2.870054244995117, "Epoch 98 Step 5": 2.889427423477173, "Epoch 98 Step 6": 2.8712821006774902, "Epoch 98 Step 7": 2.873258113861084, "Epoch 98 Step 8": 2.879054069519043, "Epoch 98 Step 9": 2.8657548427581787, "Epoch 98 Step 10": 2.884559392929077, "Epoch 98 Step 11": 2.880661725997925, "Epoch 98 Step 12": 2.884376287460327, "Epoch 98 Step 13": 2.8912694454193115, "Epoch 98 Step 14": 2.8848202228546143, "Epoch 98 Step 15": 2.8771228790283203, "Epoch 98 Step 16": 2.8829972743988037, "Epoch 98 Step 17": 2.895641803741455, "Epoch 98 Step 18": 2.892139196395874, "Epoch 98 Step 19": 2.8911356925964355, "Epoch 98 Step 20": 2.8857505321502686, "Epoch 98 Step 21": 2.884653329849243, "Epoch 98 Step 22": 2.8826582431793213, "Epoch 98 Step 23": 2.9029428958892822, "Epoch 98 Step 24": 2.8996033668518066, "Epoch 98 Step 25": 2.8957479000091553, "Epoch 98 Step 26": 2.8761067390441895, "Epoch 98 Step 27": 2.8888022899627686, "Epoch 98 Step 28": 2.891709804534912, "Epoch 98 Step 29": 2.8733701705932617, "Epoch 98 Step 30": 2.8847012519836426, "Epoch 98 Step 31": 2.8879342079162598, "Epoch 98 Step 32": 2.8914151191711426, "Epoch 98 Step 33": 2.8948729038238525, "Epoch 98 Step 34": 2.879878282546997, "Epoch 98 Step 35": 2.891141653060913, "Epoch 98 Step 36": 2.8768646717071533, "Epoch 98 Step 37": 2.8857078552246094, "Epoch 98 Step 38": 2.8769471645355225, "Epoch 98 Step 39": 2.8904616832733154, "Epoch 98 Step 40": 2.874563455581665, "Epoch 98 Step 41": 2.8818533420562744, "Epoch 98 Step 42": 2.8875160217285156, "Epoch 98 Step 43": 2.872079610824585, "Epoch 98 Step 44": 2.8700168132781982, "Epoch 98 Step 45": 2.872312307357788, "Epoch 98 Step 46": 2.8872714042663574, "Epoch 98 Step 47": 2.8815619945526123, "Epoch 98 Step 48": 2.876044750213623, "Epoch 98 Step 49": 2.8885984420776367, "Epoch 98 Step 50": 2.8936123847961426, "Epoch 98 Step 51": 2.878392219543457, "Epoch 98 Step 52": 2.8756847381591797, "Epoch 98 Step 53": 2.8860390186309814, "Epoch 98 Step 54": 2.8908169269561768, "Epoch 98 Step 55": 2.87955904006958, "Epoch 98 Step 56": 2.88051176071167, "Epoch 98 Step 57": 2.875952959060669, "Epoch 98 Step 58": 2.8856403827667236, "Epoch 98 Step 59": 2.87202525138855, "Epoch 98 Step 60": 2.8842310905456543, "Epoch 98 Step 61": 2.8776519298553467, "Epoch 98 Step 62": 2.8819007873535156, "Epoch 98 Step 63": 2.8830244541168213, "Epoch 98 Step 64": 2.869290351867676, "Epoch 98 Step 65": 2.8827767372131348, "Epoch 98 Step 66": 2.88641619682312, "Epoch 98 Step 67": 2.8835790157318115, "Epoch 98 Step 68": 2.887464761734009, "Epoch 98 Step 69": 2.882429599761963, "Epoch 98 Step 70": 2.8710758686065674, "Epoch 98 Step 71": 2.879476547241211, "Epoch 98 Step 72": 2.874967336654663, "Epoch 98 Step 73": 2.8819830417633057, "Epoch 98 Step 74": 2.8819565773010254, "Epoch 98 Step 75": 2.8897945880889893, "Epoch 98 Step 76": 2.8842482566833496, "Epoch 98 Step 77": 2.883979558944702, "Epoch 98 Step 78": 2.8802740573883057, "Epoch 98 Step 79": 2.875704765319824, "Epoch 98 Step 80": 2.8780717849731445, "Epoch 98 Step 81": 2.891420602798462, "Epoch 98 Step 82": 2.8864521980285645, "Epoch 98 Step 83": 2.8723268508911133, "Epoch 98 Step 84": 2.8886091709136963, "Epoch 98 Step 85": 2.8806159496307373, "Epoch 98 Step 86": 2.8733370304107666, "Epoch 98 Step 87": 2.870023250579834, "Epoch 98 Step 88": 2.8806631565093994, "Epoch 98 Step 89": 2.8859174251556396}