{"Epoch 346 Step 0": 2.8869574069976807, "Epoch 346 Step 1": 2.8931949138641357, "Epoch 346 Step 2": 2.886096239089966, "Epoch 346 Step 3": 2.878253221511841, "Epoch 346 Step 4": 2.8855714797973633, "Epoch 346 Step 5": 2.895594358444214, "Epoch 346 Step 6": 2.8938028812408447, "Epoch 346 Step 7": 2.8926937580108643, "Epoch 346 Step 8": 2.8880765438079834, "Epoch 346 Step 9": 2.8861939907073975, "Epoch 346 Step 10": 2.883803606033325, "Epoch 346 Step 11": 2.904646873474121, "Epoch 346 Step 12": 2.8998770713806152, "Epoch 346 Step 13": 2.8975892066955566, "Epoch 346 Step 14": 2.8755743503570557, "Epoch 346 Step 15": 2.8897483348846436, "Epoch 346 Step 16": 2.8935673236846924, "Epoch 346 Step 17": 2.8752150535583496, "Epoch 346 Step 18": 2.886483669281006, "Epoch 346 Step 19": 2.8866918087005615, "Epoch 346 Step 20": 2.8917157649993896, "Epoch 346 Step 21": 2.89579439163208, "Epoch 346 Step 22": 2.881612777709961, "Epoch 346 Step 23": 2.8933253288269043, "Epoch 346 Step 24": 2.8782553672790527, "Epoch 346 Step 25": 2.8847031593322754, "Epoch 346 Step 26": 2.8779971599578857, "Epoch 346 Step 27": 2.89166522026062, "Epoch 346 Step 28": 2.878019332885742, "Epoch 346 Step 29": 2.8828656673431396, "Epoch 346 Step 30": 2.888568162918091, "Epoch 346 Step 31": 2.873466730117798, "Epoch 346 Step 32": 2.871835708618164, "Epoch 346 Step 33": 2.872476816177368, "Epoch 346 Step 34": 2.8881635665893555, "Epoch 346 Step 35": 2.881558418273926, "Epoch 346 Step 36": 2.87800931930542, "Epoch 346 Step 37": 2.8899800777435303, "Epoch 346 Step 38": 2.895383358001709, "Epoch 346 Step 39": 2.8806183338165283, "Epoch 346 Step 40": 2.8758130073547363, "Epoch 346 Step 41": 2.887181520462036, "Epoch 346 Step 42": 2.8915607929229736, "Epoch 346 Step 43": 2.8810272216796875, "Epoch 346 Step 44": 2.8819589614868164, "Epoch 346 Step 45": 2.8776559829711914, "Epoch 346 Step 46": 2.8877055644989014, "Epoch 346 Step 47": 2.8737785816192627, "Epoch 346 Step 48": 2.885244369506836, "Epoch 346 Step 49": 2.8794400691986084, "Epoch 346 Step 50": 2.882913112640381, "Epoch 346 Step 51": 2.884866714477539, "Epoch 346 Step 52": 2.8713388442993164, "Epoch 346 Step 53": 2.8848304748535156, "Epoch 346 Step 54": 2.8876519203186035, "Epoch 346 Step 55": 2.8858320713043213, "Epoch 346 Step 56": 2.889126777648926, "Epoch 346 Step 57": 2.8843371868133545, "Epoch 346 Step 58": 2.872459650039673, "Epoch 346 Step 59": 2.8812849521636963, "Epoch 346 Step 60": 2.8770952224731445, "Epoch 346 Step 61": 2.8826966285705566, "Epoch 346 Step 62": 2.882946491241455, "Epoch 346 Step 63": 2.891118049621582, "Epoch 346 Step 64": 2.8850293159484863, "Epoch 346 Step 65": 2.885223150253296, "Epoch 346 Step 66": 2.881277084350586, "Epoch 346 Step 67": 2.875218391418457, "Epoch 346 Step 68": 2.87925386428833, "Epoch 346 Step 69": 2.8940155506134033, "Epoch 346 Step 70": 2.888054370880127, "Epoch 346 Step 71": 2.8739373683929443, "Epoch 346 Step 72": 2.8907604217529297, "Epoch 346 Step 73": 2.8823890686035156, "Epoch 346 Step 74": 2.8763163089752197, "Epoch 346 Step 75": 2.8730342388153076, "Epoch 346 Step 76": 2.8820693492889404, "Epoch 346 Step 77": 2.887756109237671, "Epoch 346 Step 78": 2.880892753601074, "Epoch 346 Step 79": 2.8789634704589844, "Epoch 346 Step 80": 2.87833833694458, "Epoch 346 Step 81": 2.8765053749084473, "Epoch 346 Step 82": 2.8874571323394775, "Epoch 346 Step 83": 2.8754384517669678, "Epoch 346 Step 84": 2.89107346534729, "Epoch 346 Step 85": 2.8715100288391113, "Epoch 346 Step 86": 2.874483823776245, "Epoch 346 Step 87": 2.8800275325775146, "Epoch 346 Step 88": 2.8681418895721436, "Epoch 346 Step 89": 2.8868319988250732}