{"Epoch 690 Step 0": 2.8909571170806885, "Epoch 690 Step 1": 2.895251750946045, "Epoch 690 Step 2": 2.8815696239471436, "Epoch 690 Step 3": 2.8925588130950928, "Epoch 690 Step 4": 2.8783481121063232, "Epoch 690 Step 5": 2.8852810859680176, "Epoch 690 Step 6": 2.8786206245422363, "Epoch 690 Step 7": 2.8919708728790283, "Epoch 690 Step 8": 2.8774101734161377, "Epoch 690 Step 9": 2.882733106613159, "Epoch 690 Step 10": 2.888279914855957, "Epoch 690 Step 11": 2.873544692993164, "Epoch 690 Step 12": 2.8720791339874268, "Epoch 690 Step 13": 2.8729021549224854, "Epoch 690 Step 14": 2.8882858753204346, "Epoch 690 Step 15": 2.8819992542266846, "Epoch 690 Step 16": 2.876971960067749, "Epoch 690 Step 17": 2.8908843994140625, "Epoch 690 Step 18": 2.896198272705078, "Epoch 690 Step 19": 2.881132125854492, "Epoch 690 Step 20": 2.8757495880126953, "Epoch 690 Step 21": 2.889216899871826, "Epoch 690 Step 22": 2.8930716514587402, "Epoch 690 Step 23": 2.880641222000122, "Epoch 690 Step 24": 2.88126277923584, "Epoch 690 Step 25": 2.8782739639282227, "Epoch 690 Step 26": 2.8877596855163574, "Epoch 690 Step 27": 2.8739547729492188, "Epoch 690 Step 28": 2.885385513305664, "Epoch 690 Step 29": 2.8792803287506104, "Epoch 690 Step 30": 2.8827247619628906, "Epoch 690 Step 31": 2.8850457668304443, "Epoch 690 Step 32": 2.8712213039398193, "Epoch 690 Step 33": 2.885570764541626, "Epoch 690 Step 34": 2.888319730758667, "Epoch 690 Step 35": 2.8862903118133545, "Epoch 690 Step 36": 2.8903777599334717, "Epoch 690 Step 37": 2.884408712387085, "Epoch 690 Step 38": 2.872619152069092, "Epoch 690 Step 39": 2.8810248374938965, "Epoch 690 Step 40": 2.8775949478149414, "Epoch 690 Step 41": 2.88348388671875, "Epoch 690 Step 42": 2.88311505317688, "Epoch 690 Step 43": 2.8912792205810547, "Epoch 690 Step 44": 2.885018825531006, "Epoch 690 Step 45": 2.88478422164917, "Epoch 690 Step 46": 2.8813886642456055, "Epoch 690 Step 47": 2.8764328956604004, "Epoch 690 Step 48": 2.87923264503479, "Epoch 690 Step 49": 2.8936543464660645, "Epoch 690 Step 50": 2.8882083892822266, "Epoch 690 Step 51": 2.8743443489074707, "Epoch 690 Step 52": 2.8905460834503174, "Epoch 690 Step 53": 2.8822004795074463, "Epoch 690 Step 54": 2.8755180835723877, "Epoch 690 Step 55": 2.872884750366211, "Epoch 690 Step 56": 2.882216215133667, "Epoch 690 Step 57": 2.8880534172058105, "Epoch 690 Step 58": 2.880509376525879, "Epoch 690 Step 59": 2.879192590713501, "Epoch 690 Step 60": 2.8781790733337402, "Epoch 690 Step 61": 2.876431465148926, "Epoch 690 Step 62": 2.887838125228882, "Epoch 690 Step 63": 2.8747270107269287, "Epoch 690 Step 64": 2.891263723373413, "Epoch 690 Step 65": 2.8712377548217773, "Epoch 690 Step 66": 2.8750381469726562, "Epoch 690 Step 67": 2.879507064819336, "Epoch 690 Step 68": 2.868237257003784, "Epoch 690 Step 69": 2.886788845062256, "Epoch 690 Step 70": 2.8813600540161133, "Epoch 690 Step 71": 2.8869810104370117, "Epoch 690 Step 72": 2.8932509422302246, "Epoch 690 Step 73": 2.8865725994110107, "Epoch 690 Step 74": 2.8786509037017822, "Epoch 690 Step 75": 2.8849356174468994, "Epoch 690 Step 76": 2.8956034183502197, "Epoch 690 Step 77": 2.8938488960266113, "Epoch 690 Step 78": 2.892979145050049, "Epoch 690 Step 79": 2.888249397277832, "Epoch 690 Step 80": 2.8867831230163574, "Epoch 690 Step 81": 2.8840644359588623, "Epoch 690 Step 82": 2.903822422027588, "Epoch 690 Step 83": 2.9006378650665283, "Epoch 690 Step 84": 2.8972554206848145, "Epoch 690 Step 85": 2.8762338161468506, "Epoch 690 Step 86": 2.889714241027832, "Epoch 690 Step 87": 2.893385887145996, "Epoch 690 Step 88": 2.875235080718994, "Epoch 690 Step 89": 2.8863794803619385}