{"Epoch 872 Step 0": 2.8912103176116943, "Epoch 872 Step 1": 2.8964297771453857, "Epoch 872 Step 2": 2.8830552101135254, "Epoch 872 Step 3": 2.8935961723327637, "Epoch 872 Step 4": 2.8780322074890137, "Epoch 872 Step 5": 2.885014533996582, "Epoch 872 Step 6": 2.8785407543182373, "Epoch 872 Step 7": 2.8940484523773193, "Epoch 872 Step 8": 2.8806495666503906, "Epoch 872 Step 9": 2.8843777179718018, "Epoch 872 Step 10": 2.8906455039978027, "Epoch 872 Step 11": 2.87430739402771, "Epoch 872 Step 12": 2.8720662593841553, "Epoch 872 Step 13": 2.871412754058838, "Epoch 872 Step 14": 2.88838791847229, "Epoch 872 Step 15": 2.8811604976654053, "Epoch 872 Step 16": 2.8783178329467773, "Epoch 872 Step 17": 2.8902366161346436, "Epoch 872 Step 18": 2.894411087036133, "Epoch 872 Step 19": 2.8808860778808594, "Epoch 872 Step 20": 2.8768064975738525, "Epoch 872 Step 21": 2.887888193130493, "Epoch 872 Step 22": 2.8920483589172363, "Epoch 872 Step 23": 2.8827009201049805, "Epoch 872 Step 24": 2.8829989433288574, "Epoch 872 Step 25": 2.8785245418548584, "Epoch 872 Step 26": 2.8877980709075928, "Epoch 872 Step 27": 2.8738226890563965, "Epoch 872 Step 28": 2.885585069656372, "Epoch 872 Step 29": 2.879303455352783, "Epoch 872 Step 30": 2.882662534713745, "Epoch 872 Step 31": 2.8846702575683594, "Epoch 872 Step 32": 2.8717706203460693, "Epoch 872 Step 33": 2.8852460384368896, "Epoch 872 Step 34": 2.8875181674957275, "Epoch 872 Step 35": 2.885683298110962, "Epoch 872 Step 36": 2.889885663986206, "Epoch 872 Step 37": 2.8846917152404785, "Epoch 872 Step 38": 2.872258424758911, "Epoch 872 Step 39": 2.8811028003692627, "Epoch 872 Step 40": 2.876826047897339, "Epoch 872 Step 41": 2.882160186767578, "Epoch 872 Step 42": 2.883159637451172, "Epoch 872 Step 43": 2.890897750854492, "Epoch 872 Step 44": 2.8845036029815674, "Epoch 872 Step 45": 2.8852131366729736, "Epoch 872 Step 46": 2.8816213607788086, "Epoch 872 Step 47": 2.875513792037964, "Epoch 872 Step 48": 2.8793911933898926, "Epoch 872 Step 49": 2.893897533416748, "Epoch 872 Step 50": 2.8880717754364014, "Epoch 872 Step 51": 2.874011754989624, "Epoch 872 Step 52": 2.8903939723968506, "Epoch 872 Step 53": 2.882370710372925, "Epoch 872 Step 54": 2.8761801719665527, "Epoch 872 Step 55": 2.8727450370788574, "Epoch 872 Step 56": 2.881716251373291, "Epoch 872 Step 57": 2.8873448371887207, "Epoch 872 Step 58": 2.8804514408111572, "Epoch 872 Step 59": 2.8789029121398926, "Epoch 872 Step 60": 2.878610849380493, "Epoch 872 Step 61": 2.8762834072113037, "Epoch 872 Step 62": 2.8879458904266357, "Epoch 872 Step 63": 2.8761284351348877, "Epoch 872 Step 64": 2.891921043395996, "Epoch 872 Step 65": 2.871128797531128, "Epoch 872 Step 66": 2.8749167919158936, "Epoch 872 Step 67": 2.8786909580230713, "Epoch 872 Step 68": 2.867743730545044, "Epoch 872 Step 69": 2.88724684715271, "Epoch 872 Step 70": 2.8815395832061768, "Epoch 872 Step 71": 2.8873066902160645, "Epoch 872 Step 72": 2.892772912979126, "Epoch 872 Step 73": 2.8863399028778076, "Epoch 872 Step 74": 2.8791255950927734, "Epoch 872 Step 75": 2.8855466842651367, "Epoch 872 Step 76": 2.895035982131958, "Epoch 872 Step 77": 2.8915629386901855, "Epoch 872 Step 78": 2.8911571502685547, "Epoch 872 Step 79": 2.887805700302124, "Epoch 872 Step 80": 2.8868494033813477, "Epoch 872 Step 81": 2.88425350189209, "Epoch 872 Step 82": 2.9051895141601562, "Epoch 872 Step 83": 2.9015743732452393, "Epoch 872 Step 84": 2.8963992595672607, "Epoch 872 Step 85": 2.8761794567108154, "Epoch 872 Step 86": 2.889690637588501, "Epoch 872 Step 87": 2.8950629234313965, "Epoch 872 Step 88": 2.8752686977386475, "Epoch 872 Step 89": 2.8859949111938477}