{"Epoch 419 Step 0": 2.886023759841919, "Epoch 419 Step 1": 2.8875648975372314, "Epoch 419 Step 2": 2.8922200202941895, "Epoch 419 Step 3": 2.8965260982513428, "Epoch 419 Step 4": 2.882349967956543, "Epoch 419 Step 5": 2.8920581340789795, "Epoch 419 Step 6": 2.8792202472686768, "Epoch 419 Step 7": 2.8861749172210693, "Epoch 419 Step 8": 2.8784191608428955, "Epoch 419 Step 9": 2.8915345668792725, "Epoch 419 Step 10": 2.8782262802124023, "Epoch 419 Step 11": 2.884535074234009, "Epoch 419 Step 12": 2.888615846633911, "Epoch 419 Step 13": 2.873307228088379, "Epoch 419 Step 14": 2.8724820613861084, "Epoch 419 Step 15": 2.872304916381836, "Epoch 419 Step 16": 2.8893826007843018, "Epoch 419 Step 17": 2.8838248252868652, "Epoch 419 Step 18": 2.8781447410583496, "Epoch 419 Step 19": 2.891228199005127, "Epoch 419 Step 20": 2.896165370941162, "Epoch 419 Step 21": 2.8813600540161133, "Epoch 419 Step 22": 2.8756237030029297, "Epoch 419 Step 23": 2.8873205184936523, "Epoch 419 Step 24": 2.8914730548858643, "Epoch 419 Step 25": 2.880866050720215, "Epoch 419 Step 26": 2.8813676834106445, "Epoch 419 Step 27": 2.8776586055755615, "Epoch 419 Step 28": 2.887686252593994, "Epoch 419 Step 29": 2.8735640048980713, "Epoch 419 Step 30": 2.8854966163635254, "Epoch 419 Step 31": 2.879253387451172, "Epoch 419 Step 32": 2.882873058319092, "Epoch 419 Step 33": 2.8846189975738525, "Epoch 419 Step 34": 2.8718008995056152, "Epoch 419 Step 35": 2.8849403858184814, "Epoch 419 Step 36": 2.88771915435791, "Epoch 419 Step 37": 2.8853938579559326, "Epoch 419 Step 38": 2.8891358375549316, "Epoch 419 Step 39": 2.8842883110046387, "Epoch 419 Step 40": 2.8726871013641357, "Epoch 419 Step 41": 2.881397247314453, "Epoch 419 Step 42": 2.877211809158325, "Epoch 419 Step 43": 2.8826918601989746, "Epoch 419 Step 44": 2.883232593536377, "Epoch 419 Step 45": 2.8909008502960205, "Epoch 419 Step 46": 2.8849308490753174, "Epoch 419 Step 47": 2.8852953910827637, "Epoch 419 Step 48": 2.8814735412597656, "Epoch 419 Step 49": 2.875105857849121, "Epoch 419 Step 50": 2.880007743835449, "Epoch 419 Step 51": 2.8937323093414307, "Epoch 419 Step 52": 2.8875086307525635, "Epoch 419 Step 53": 2.874298095703125, "Epoch 419 Step 54": 2.890259027481079, "Epoch 419 Step 55": 2.8821799755096436, "Epoch 419 Step 56": 2.875343084335327, "Epoch 419 Step 57": 2.8722896575927734, "Epoch 419 Step 58": 2.8826231956481934, "Epoch 419 Step 59": 2.8876845836639404, "Epoch 419 Step 60": 2.8802340030670166, "Epoch 419 Step 61": 2.8789453506469727, "Epoch 419 Step 62": 2.878145933151245, "Epoch 419 Step 63": 2.8762807846069336, "Epoch 419 Step 64": 2.8877439498901367, "Epoch 419 Step 65": 2.8744418621063232, "Epoch 419 Step 66": 2.891084909439087, "Epoch 419 Step 67": 2.8707876205444336, "Epoch 419 Step 68": 2.8742194175720215, "Epoch 419 Step 69": 2.8794026374816895, "Epoch 419 Step 70": 2.8677635192871094, "Epoch 419 Step 71": 2.8872647285461426, "Epoch 419 Step 72": 2.8817026615142822, "Epoch 419 Step 73": 2.8869142532348633, "Epoch 419 Step 74": 2.8930881023406982, "Epoch 419 Step 75": 2.8863236904144287, "Epoch 419 Step 76": 2.8792381286621094, "Epoch 419 Step 77": 2.885622501373291, "Epoch 419 Step 78": 2.8950676918029785, "Epoch 419 Step 79": 2.8943772315979004, "Epoch 419 Step 80": 2.8932836055755615, "Epoch 419 Step 81": 2.8879611492156982, "Epoch 419 Step 82": 2.886091709136963, "Epoch 419 Step 83": 2.883568048477173, "Epoch 419 Step 84": 2.9049830436706543, "Epoch 419 Step 85": 2.900333881378174, "Epoch 419 Step 86": 2.8982059955596924, "Epoch 419 Step 87": 2.875563621520996, "Epoch 419 Step 88": 2.889270067214966, "Epoch 419 Step 89": 2.8934335708618164}