{"Epoch 414 Step 0": 2.892610549926758, "Epoch 414 Step 1": 2.878143548965454, "Epoch 414 Step 2": 2.8852076530456543, "Epoch 414 Step 3": 2.8786444664001465, "Epoch 414 Step 4": 2.8920557498931885, "Epoch 414 Step 5": 2.878019094467163, "Epoch 414 Step 6": 2.8826968669891357, "Epoch 414 Step 7": 2.8884520530700684, "Epoch 414 Step 8": 2.872816801071167, "Epoch 414 Step 9": 2.871903657913208, "Epoch 414 Step 10": 2.872023105621338, "Epoch 414 Step 11": 2.8888297080993652, "Epoch 414 Step 12": 2.882486581802368, "Epoch 414 Step 13": 2.877964735031128, "Epoch 414 Step 14": 2.8890562057495117, "Epoch 414 Step 15": 2.895280361175537, "Epoch 414 Step 16": 2.880089044570923, "Epoch 414 Step 17": 2.875873327255249, "Epoch 414 Step 18": 2.8873114585876465, "Epoch 414 Step 19": 2.8910281658172607, "Epoch 414 Step 20": 2.880885601043701, "Epoch 414 Step 21": 2.8820793628692627, "Epoch 414 Step 22": 2.8775765895843506, "Epoch 414 Step 23": 2.8877851963043213, "Epoch 414 Step 24": 2.8739700317382812, "Epoch 414 Step 25": 2.8851895332336426, "Epoch 414 Step 26": 2.879399538040161, "Epoch 414 Step 27": 2.8827357292175293, "Epoch 414 Step 28": 2.8840830326080322, "Epoch 414 Step 29": 2.8710062503814697, "Epoch 414 Step 30": 2.8847815990448, "Epoch 414 Step 31": 2.8880434036254883, "Epoch 414 Step 32": 2.885772705078125, "Epoch 414 Step 33": 2.8892321586608887, "Epoch 414 Step 34": 2.884148597717285, "Epoch 414 Step 35": 2.8723747730255127, "Epoch 414 Step 36": 2.881013870239258, "Epoch 414 Step 37": 2.8774759769439697, "Epoch 414 Step 38": 2.8827974796295166, "Epoch 414 Step 39": 2.8832907676696777, "Epoch 414 Step 40": 2.890638828277588, "Epoch 414 Step 41": 2.88501238822937, "Epoch 414 Step 42": 2.884528398513794, "Epoch 414 Step 43": 2.8809046745300293, "Epoch 414 Step 44": 2.8755369186401367, "Epoch 414 Step 45": 2.879876136779785, "Epoch 414 Step 46": 2.8936455249786377, "Epoch 414 Step 47": 2.887639045715332, "Epoch 414 Step 48": 2.8741204738616943, "Epoch 414 Step 49": 2.890416145324707, "Epoch 414 Step 50": 2.8817100524902344, "Epoch 414 Step 51": 2.8759827613830566, "Epoch 414 Step 52": 2.8726840019226074, "Epoch 414 Step 53": 2.881654977798462, "Epoch 414 Step 54": 2.8872783184051514, "Epoch 414 Step 55": 2.8805503845214844, "Epoch 414 Step 56": 2.8788273334503174, "Epoch 414 Step 57": 2.8785574436187744, "Epoch 414 Step 58": 2.8761305809020996, "Epoch 414 Step 59": 2.8877456188201904, "Epoch 414 Step 60": 2.8746209144592285, "Epoch 414 Step 61": 2.891197919845581, "Epoch 414 Step 62": 2.871035099029541, "Epoch 414 Step 63": 2.8742969036102295, "Epoch 414 Step 64": 2.8795111179351807, "Epoch 414 Step 65": 2.8680520057678223, "Epoch 414 Step 66": 2.887647867202759, "Epoch 414 Step 67": 2.8815419673919678, "Epoch 414 Step 68": 2.8861892223358154, "Epoch 414 Step 69": 2.8928279876708984, "Epoch 414 Step 70": 2.8863205909729004, "Epoch 414 Step 71": 2.8791139125823975, "Epoch 414 Step 72": 2.8843941688537598, "Epoch 414 Step 73": 2.8953328132629395, "Epoch 414 Step 74": 2.895064353942871, "Epoch 414 Step 75": 2.8933944702148438, "Epoch 414 Step 76": 2.886892080307007, "Epoch 414 Step 77": 2.8858444690704346, "Epoch 414 Step 78": 2.884068250656128, "Epoch 414 Step 79": 2.905280590057373, "Epoch 414 Step 80": 2.9010679721832275, "Epoch 414 Step 81": 2.898134469985962, "Epoch 414 Step 82": 2.876291275024414, "Epoch 414 Step 83": 2.889113187789917, "Epoch 414 Step 84": 2.893709182739258, "Epoch 414 Step 85": 2.875309467315674, "Epoch 414 Step 86": 2.886737108230591, "Epoch 414 Step 87": 2.887115955352783, "Epoch 414 Step 88": 2.8920748233795166, "Epoch 414 Step 89": 2.8963284492492676}