{"Epoch 215 Step 0": 2.8840174674987793, "Epoch 215 Step 1": 2.8870701789855957, "Epoch 215 Step 2": 2.884786605834961, "Epoch 215 Step 3": 2.8889153003692627, "Epoch 215 Step 4": 2.8840107917785645, "Epoch 215 Step 5": 2.8720223903656006, "Epoch 215 Step 6": 2.8796324729919434, "Epoch 215 Step 7": 2.876368522644043, "Epoch 215 Step 8": 2.882310628890991, "Epoch 215 Step 9": 2.8816330432891846, "Epoch 215 Step 10": 2.8903746604919434, "Epoch 215 Step 11": 2.885003089904785, "Epoch 215 Step 12": 2.8856780529022217, "Epoch 215 Step 13": 2.8810975551605225, "Epoch 215 Step 14": 2.8742454051971436, "Epoch 215 Step 15": 2.878967761993408, "Epoch 215 Step 16": 2.8924593925476074, "Epoch 215 Step 17": 2.8874294757843018, "Epoch 215 Step 18": 2.873586416244507, "Epoch 215 Step 19": 2.889634609222412, "Epoch 215 Step 20": 2.8809974193573, "Epoch 215 Step 21": 2.875105142593384, "Epoch 215 Step 22": 2.8726918697357178, "Epoch 215 Step 23": 2.881371259689331, "Epoch 215 Step 24": 2.8877758979797363, "Epoch 215 Step 25": 2.8789355754852295, "Epoch 215 Step 26": 2.878523349761963, "Epoch 215 Step 27": 2.8785924911499023, "Epoch 215 Step 28": 2.8758018016815186, "Epoch 215 Step 29": 2.8871073722839355, "Epoch 215 Step 30": 2.8732259273529053, "Epoch 215 Step 31": 2.8904218673706055, "Epoch 215 Step 32": 2.8708584308624268, "Epoch 215 Step 33": 2.8735296726226807, "Epoch 215 Step 34": 2.8788657188415527, "Epoch 215 Step 35": 2.8677234649658203, "Epoch 215 Step 36": 2.886641502380371, "Epoch 215 Step 37": 2.8810763359069824, "Epoch 215 Step 38": 2.8859167098999023, "Epoch 215 Step 39": 2.8917324542999268, "Epoch 215 Step 40": 2.885742425918579, "Epoch 215 Step 41": 2.8772501945495605, "Epoch 215 Step 42": 2.8836281299591064, "Epoch 215 Step 43": 2.8946774005889893, "Epoch 215 Step 44": 2.8942110538482666, "Epoch 215 Step 45": 2.8925697803497314, "Epoch 215 Step 46": 2.887650966644287, "Epoch 215 Step 47": 2.8864316940307617, "Epoch 215 Step 48": 2.882875919342041, "Epoch 215 Step 49": 2.903904914855957, "Epoch 215 Step 50": 2.9012625217437744, "Epoch 215 Step 51": 2.899405002593994, "Epoch 215 Step 52": 2.875046968460083, "Epoch 215 Step 53": 2.8876094818115234, "Epoch 215 Step 54": 2.892871856689453, "Epoch 215 Step 55": 2.874758243560791, "Epoch 215 Step 56": 2.886129379272461, "Epoch 215 Step 57": 2.8866569995880127, "Epoch 215 Step 58": 2.8910882472991943, "Epoch 215 Step 59": 2.895275354385376, "Epoch 215 Step 60": 2.8815972805023193, "Epoch 215 Step 61": 2.89255690574646, "Epoch 215 Step 62": 2.8782289028167725, "Epoch 215 Step 63": 2.8855631351470947, "Epoch 215 Step 64": 2.8759799003601074, "Epoch 215 Step 65": 2.8918843269348145, "Epoch 215 Step 66": 2.8778884410858154, "Epoch 215 Step 67": 2.882906675338745, "Epoch 215 Step 68": 2.888061046600342, "Epoch 215 Step 69": 2.8727898597717285, "Epoch 215 Step 70": 2.8720715045928955, "Epoch 215 Step 71": 2.87154221534729, "Epoch 215 Step 72": 2.887603759765625, "Epoch 215 Step 73": 2.8819243907928467, "Epoch 215 Step 74": 2.87753963470459, "Epoch 215 Step 75": 2.890543222427368, "Epoch 215 Step 76": 2.8947861194610596, "Epoch 215 Step 77": 2.8800055980682373, "Epoch 215 Step 78": 2.876224994659424, "Epoch 215 Step 79": 2.8867549896240234, "Epoch 215 Step 80": 2.8906726837158203, "Epoch 215 Step 81": 2.8791821002960205, "Epoch 215 Step 82": 2.880566358566284, "Epoch 215 Step 83": 2.876955509185791, "Epoch 215 Step 84": 2.887024164199829, "Epoch 215 Step 85": 2.8735451698303223, "Epoch 215 Step 86": 2.884425163269043, "Epoch 215 Step 87": 2.879136323928833, "Epoch 215 Step 88": 2.8821215629577637, "Epoch 215 Step 89": 2.8838322162628174}