{"Epoch 696 Step 0": 2.8764607906341553, "Epoch 696 Step 1": 2.891819953918457, "Epoch 696 Step 2": 2.894528865814209, "Epoch 696 Step 3": 2.876610279083252, "Epoch 696 Step 4": 2.8868188858032227, "Epoch 696 Step 5": 2.8867623805999756, "Epoch 696 Step 6": 2.891737222671509, "Epoch 696 Step 7": 2.8951494693756104, "Epoch 696 Step 8": 2.88070011138916, "Epoch 696 Step 9": 2.89231014251709, "Epoch 696 Step 10": 2.878164291381836, "Epoch 696 Step 11": 2.8848514556884766, "Epoch 696 Step 12": 2.877896547317505, "Epoch 696 Step 13": 2.891396999359131, "Epoch 696 Step 14": 2.878194570541382, "Epoch 696 Step 15": 2.8835718631744385, "Epoch 696 Step 16": 2.889232873916626, "Epoch 696 Step 17": 2.875048875808716, "Epoch 696 Step 18": 2.8724935054779053, "Epoch 696 Step 19": 2.8732879161834717, "Epoch 696 Step 20": 2.889019727706909, "Epoch 696 Step 21": 2.882189989089966, "Epoch 696 Step 22": 2.8777294158935547, "Epoch 696 Step 23": 2.888904333114624, "Epoch 696 Step 24": 2.8949122428894043, "Epoch 696 Step 25": 2.880802631378174, "Epoch 696 Step 26": 2.8758716583251953, "Epoch 696 Step 27": 2.8873772621154785, "Epoch 696 Step 28": 2.8913357257843018, "Epoch 696 Step 29": 2.8810012340545654, "Epoch 696 Step 30": 2.8831474781036377, "Epoch 696 Step 31": 2.878446340560913, "Epoch 696 Step 32": 2.887810468673706, "Epoch 696 Step 33": 2.873462677001953, "Epoch 696 Step 34": 2.885272741317749, "Epoch 696 Step 35": 2.879470109939575, "Epoch 696 Step 36": 2.8830652236938477, "Epoch 696 Step 37": 2.8847503662109375, "Epoch 696 Step 38": 2.871425151824951, "Epoch 696 Step 39": 2.8852853775024414, "Epoch 696 Step 40": 2.8873424530029297, "Epoch 696 Step 41": 2.8861186504364014, "Epoch 696 Step 42": 2.8894405364990234, "Epoch 696 Step 43": 2.8846471309661865, "Epoch 696 Step 44": 2.8727920055389404, "Epoch 696 Step 45": 2.8811140060424805, "Epoch 696 Step 46": 2.87758207321167, "Epoch 696 Step 47": 2.8829116821289062, "Epoch 696 Step 48": 2.883540630340576, "Epoch 696 Step 49": 2.890258312225342, "Epoch 696 Step 50": 2.884742021560669, "Epoch 696 Step 51": 2.8849940299987793, "Epoch 696 Step 52": 2.8808021545410156, "Epoch 696 Step 53": 2.875593423843384, "Epoch 696 Step 54": 2.8794922828674316, "Epoch 696 Step 55": 2.8948309421539307, "Epoch 696 Step 56": 2.8883416652679443, "Epoch 696 Step 57": 2.8739569187164307, "Epoch 696 Step 58": 2.8908936977386475, "Epoch 696 Step 59": 2.882166624069214, "Epoch 696 Step 60": 2.8758625984191895, "Epoch 696 Step 61": 2.8722286224365234, "Epoch 696 Step 62": 2.882023811340332, "Epoch 696 Step 63": 2.8879342079162598, "Epoch 696 Step 64": 2.8800809383392334, "Epoch 696 Step 65": 2.878626823425293, "Epoch 696 Step 66": 2.8788042068481445, "Epoch 696 Step 67": 2.877140998840332, "Epoch 696 Step 68": 2.8891637325286865, "Epoch 696 Step 69": 2.875518321990967, "Epoch 696 Step 70": 2.891066551208496, "Epoch 696 Step 71": 2.8714959621429443, "Epoch 696 Step 72": 2.874818801879883, "Epoch 696 Step 73": 2.8798584938049316, "Epoch 696 Step 74": 2.868464946746826, "Epoch 696 Step 75": 2.8869619369506836, "Epoch 696 Step 76": 2.881556510925293, "Epoch 696 Step 77": 2.886805295944214, "Epoch 696 Step 78": 2.892908811569214, "Epoch 696 Step 79": 2.8867881298065186, "Epoch 696 Step 80": 2.878997802734375, "Epoch 696 Step 81": 2.8851542472839355, "Epoch 696 Step 82": 2.895857095718384, "Epoch 696 Step 83": 2.893422842025757, "Epoch 696 Step 84": 2.8928463459014893, "Epoch 696 Step 85": 2.8882157802581787, "Epoch 696 Step 86": 2.8889284133911133, "Epoch 696 Step 87": 2.882575511932373, "Epoch 696 Step 88": 2.9036407470703125, "Epoch 696 Step 89": 2.89992094039917}