{"Epoch 494 Step 0": 2.8882837295532227, "Epoch 494 Step 1": 2.88179349899292, "Epoch 494 Step 2": 2.8776066303253174, "Epoch 494 Step 3": 2.8915388584136963, "Epoch 494 Step 4": 2.895864963531494, "Epoch 494 Step 5": 2.880317449569702, "Epoch 494 Step 6": 2.876145362854004, "Epoch 494 Step 7": 2.8873097896575928, "Epoch 494 Step 8": 2.8912553787231445, "Epoch 494 Step 9": 2.8809409141540527, "Epoch 494 Step 10": 2.8823153972625732, "Epoch 494 Step 11": 2.87782621383667, "Epoch 494 Step 12": 2.8876450061798096, "Epoch 494 Step 13": 2.8735029697418213, "Epoch 494 Step 14": 2.885392665863037, "Epoch 494 Step 15": 2.879188299179077, "Epoch 494 Step 16": 2.8833274841308594, "Epoch 494 Step 17": 2.884549379348755, "Epoch 494 Step 18": 2.870899200439453, "Epoch 494 Step 19": 2.885098695755005, "Epoch 494 Step 20": 2.8878989219665527, "Epoch 494 Step 21": 2.885845899581909, "Epoch 494 Step 22": 2.8892433643341064, "Epoch 494 Step 23": 2.8845908641815186, "Epoch 494 Step 24": 2.872655153274536, "Epoch 494 Step 25": 2.881373882293701, "Epoch 494 Step 26": 2.877131700515747, "Epoch 494 Step 27": 2.8825764656066895, "Epoch 494 Step 28": 2.8831496238708496, "Epoch 494 Step 29": 2.890784502029419, "Epoch 494 Step 30": 2.8846704959869385, "Epoch 494 Step 31": 2.8849399089813232, "Epoch 494 Step 32": 2.881329298019409, "Epoch 494 Step 33": 2.875541925430298, "Epoch 494 Step 34": 2.8794844150543213, "Epoch 494 Step 35": 2.8940985202789307, "Epoch 494 Step 36": 2.8882155418395996, "Epoch 494 Step 37": 2.873565912246704, "Epoch 494 Step 38": 2.890385866165161, "Epoch 494 Step 39": 2.8827929496765137, "Epoch 494 Step 40": 2.8757710456848145, "Epoch 494 Step 41": 2.8726017475128174, "Epoch 494 Step 42": 2.8827083110809326, "Epoch 494 Step 43": 2.8878982067108154, "Epoch 494 Step 44": 2.880751371383667, "Epoch 494 Step 45": 2.879199504852295, "Epoch 494 Step 46": 2.878258228302002, "Epoch 494 Step 47": 2.8763859272003174, "Epoch 494 Step 48": 2.8876090049743652, "Epoch 494 Step 49": 2.8742668628692627, "Epoch 494 Step 50": 2.89117169380188, "Epoch 494 Step 51": 2.871699810028076, "Epoch 494 Step 52": 2.8746769428253174, "Epoch 494 Step 53": 2.8796565532684326, "Epoch 494 Step 54": 2.8680083751678467, "Epoch 494 Step 55": 2.8868532180786133, "Epoch 494 Step 56": 2.8819656372070312, "Epoch 494 Step 57": 2.8871867656707764, "Epoch 494 Step 58": 2.89369535446167, "Epoch 494 Step 59": 2.886094570159912, "Epoch 494 Step 60": 2.8786520957946777, "Epoch 494 Step 61": 2.885535955429077, "Epoch 494 Step 62": 2.8955249786376953, "Epoch 494 Step 63": 2.893655300140381, "Epoch 494 Step 64": 2.892895460128784, "Epoch 494 Step 65": 2.8876423835754395, "Epoch 494 Step 66": 2.8860766887664795, "Epoch 494 Step 67": 2.883481740951538, "Epoch 494 Step 68": 2.9045140743255615, "Epoch 494 Step 69": 2.8994617462158203, "Epoch 494 Step 70": 2.897916316986084, "Epoch 494 Step 71": 2.8753161430358887, "Epoch 494 Step 72": 2.8888864517211914, "Epoch 494 Step 73": 2.8932113647460938, "Epoch 494 Step 74": 2.875079870223999, "Epoch 494 Step 75": 2.8861067295074463, "Epoch 494 Step 76": 2.886776924133301, "Epoch 494 Step 77": 2.8914365768432617, "Epoch 494 Step 78": 2.8959100246429443, "Epoch 494 Step 79": 2.881941556930542, "Epoch 494 Step 80": 2.8941352367401123, "Epoch 494 Step 81": 2.878342628479004, "Epoch 494 Step 82": 2.8848159313201904, "Epoch 494 Step 83": 2.8783650398254395, "Epoch 494 Step 84": 2.8919970989227295, "Epoch 494 Step 85": 2.8783068656921387, "Epoch 494 Step 86": 2.88297963142395, "Epoch 494 Step 87": 2.8887743949890137, "Epoch 494 Step 88": 2.8739657402038574, "Epoch 494 Step 89": 2.8715474605560303}