{"Epoch 458 Step 0": 2.888079881668091, "Epoch 458 Step 1": 2.873910903930664, "Epoch 458 Step 2": 2.890759229660034, "Epoch 458 Step 3": 2.881885290145874, "Epoch 458 Step 4": 2.875863552093506, "Epoch 458 Step 5": 2.872302532196045, "Epoch 458 Step 6": 2.8821046352386475, "Epoch 458 Step 7": 2.887603521347046, "Epoch 458 Step 8": 2.880401611328125, "Epoch 458 Step 9": 2.8789303302764893, "Epoch 458 Step 10": 2.8786232471466064, "Epoch 458 Step 11": 2.876739263534546, "Epoch 458 Step 12": 2.8886091709136963, "Epoch 458 Step 13": 2.8747997283935547, "Epoch 458 Step 14": 2.891432046890259, "Epoch 458 Step 15": 2.8714981079101562, "Epoch 458 Step 16": 2.874422788619995, "Epoch 458 Step 17": 2.880207061767578, "Epoch 458 Step 18": 2.8678812980651855, "Epoch 458 Step 19": 2.8871536254882812, "Epoch 458 Step 20": 2.88171648979187, "Epoch 458 Step 21": 2.8867785930633545, "Epoch 458 Step 22": 2.892853021621704, "Epoch 458 Step 23": 2.886037826538086, "Epoch 458 Step 24": 2.879098892211914, "Epoch 458 Step 25": 2.8850972652435303, "Epoch 458 Step 26": 2.895625591278076, "Epoch 458 Step 27": 2.8939852714538574, "Epoch 458 Step 28": 2.8930716514587402, "Epoch 458 Step 29": 2.88820219039917, "Epoch 458 Step 30": 2.887214183807373, "Epoch 458 Step 31": 2.8819351196289062, "Epoch 458 Step 32": 2.9044361114501953, "Epoch 458 Step 33": 2.9009335041046143, "Epoch 458 Step 34": 2.9003970623016357, "Epoch 458 Step 35": 2.8751838207244873, "Epoch 458 Step 36": 2.8882925510406494, "Epoch 458 Step 37": 2.892718553543091, "Epoch 458 Step 38": 2.874652147293091, "Epoch 458 Step 39": 2.88642954826355, "Epoch 458 Step 40": 2.886418104171753, "Epoch 458 Step 41": 2.891228437423706, "Epoch 458 Step 42": 2.895301103591919, "Epoch 458 Step 43": 2.88244891166687, "Epoch 458 Step 44": 2.893052577972412, "Epoch 458 Step 45": 2.8779022693634033, "Epoch 458 Step 46": 2.8847498893737793, "Epoch 458 Step 47": 2.877758502960205, "Epoch 458 Step 48": 2.8924341201782227, "Epoch 458 Step 49": 2.8785624504089355, "Epoch 458 Step 50": 2.882894992828369, "Epoch 458 Step 51": 2.88836669921875, "Epoch 458 Step 52": 2.8731555938720703, "Epoch 458 Step 53": 2.8722400665283203, "Epoch 458 Step 54": 2.87246036529541, "Epoch 458 Step 55": 2.889192581176758, "Epoch 458 Step 56": 2.88270902633667, "Epoch 458 Step 57": 2.878026008605957, "Epoch 458 Step 58": 2.8902950286865234, "Epoch 458 Step 59": 2.8958022594451904, "Epoch 458 Step 60": 2.8806545734405518, "Epoch 458 Step 61": 2.8759751319885254, "Epoch 458 Step 62": 2.887523651123047, "Epoch 458 Step 63": 2.8916122913360596, "Epoch 458 Step 64": 2.8806676864624023, "Epoch 458 Step 65": 2.882107734680176, "Epoch 458 Step 66": 2.8775782585144043, "Epoch 458 Step 67": 2.887537717819214, "Epoch 458 Step 68": 2.87406063079834, "Epoch 458 Step 69": 2.885843515396118, "Epoch 458 Step 70": 2.8800089359283447, "Epoch 458 Step 71": 2.8834118843078613, "Epoch 458 Step 72": 2.8851709365844727, "Epoch 458 Step 73": 2.8710176944732666, "Epoch 458 Step 74": 2.8848090171813965, "Epoch 458 Step 75": 2.8884336948394775, "Epoch 458 Step 76": 2.8861491680145264, "Epoch 458 Step 77": 2.889408826828003, "Epoch 458 Step 78": 2.8843798637390137, "Epoch 458 Step 79": 2.8732218742370605, "Epoch 458 Step 80": 2.88152813911438, "Epoch 458 Step 81": 2.8775298595428467, "Epoch 458 Step 82": 2.88297176361084, "Epoch 458 Step 83": 2.883413553237915, "Epoch 458 Step 84": 2.89072322845459, "Epoch 458 Step 85": 2.884967803955078, "Epoch 458 Step 86": 2.8850932121276855, "Epoch 458 Step 87": 2.8813064098358154, "Epoch 458 Step 88": 2.8753650188446045, "Epoch 458 Step 89": 2.8796749114990234}