{"Epoch 27 Step 0": 2.8926074504852295, "Epoch 27 Step 1": 2.887293815612793, "Epoch 27 Step 2": 2.873352289199829, "Epoch 27 Step 3": 2.888888120651245, "Epoch 27 Step 4": 2.8802971839904785, "Epoch 27 Step 5": 2.8756797313690186, "Epoch 27 Step 6": 2.8702549934387207, "Epoch 27 Step 7": 2.8816521167755127, "Epoch 27 Step 8": 2.8870174884796143, "Epoch 27 Step 9": 2.878837823867798, "Epoch 27 Step 10": 2.8786189556121826, "Epoch 27 Step 11": 2.8782730102539062, "Epoch 27 Step 12": 2.8752288818359375, "Epoch 27 Step 13": 2.88686203956604, "Epoch 27 Step 14": 2.8739025592803955, "Epoch 27 Step 15": 2.8905246257781982, "Epoch 27 Step 16": 2.871476173400879, "Epoch 27 Step 17": 2.873415946960449, "Epoch 27 Step 18": 2.878244638442993, "Epoch 27 Step 19": 2.8669850826263428, "Epoch 27 Step 20": 2.8859472274780273, "Epoch 27 Step 21": 2.881181001663208, "Epoch 27 Step 22": 2.885143756866455, "Epoch 27 Step 23": 2.891908884048462, "Epoch 27 Step 24": 2.88450288772583, "Epoch 27 Step 25": 2.8779940605163574, "Epoch 27 Step 26": 2.8845598697662354, "Epoch 27 Step 27": 2.8936357498168945, "Epoch 27 Step 28": 2.894195556640625, "Epoch 27 Step 29": 2.8917365074157715, "Epoch 27 Step 30": 2.8875274658203125, "Epoch 27 Step 31": 2.886467218399048, "Epoch 27 Step 32": 2.8820245265960693, "Epoch 27 Step 33": 2.9040255546569824, "Epoch 27 Step 34": 2.898402214050293, "Epoch 27 Step 35": 2.8956050872802734, "Epoch 27 Step 36": 2.876873254776001, "Epoch 27 Step 37": 2.889892578125, "Epoch 27 Step 38": 2.8935673236846924, "Epoch 27 Step 39": 2.875260591506958, "Epoch 27 Step 40": 2.886270523071289, "Epoch 27 Step 41": 2.8869824409484863, "Epoch 27 Step 42": 2.8911542892456055, "Epoch 27 Step 43": 2.895545482635498, "Epoch 27 Step 44": 2.8804967403411865, "Epoch 27 Step 45": 2.8926219940185547, "Epoch 27 Step 46": 2.877336025238037, "Epoch 27 Step 47": 2.8839211463928223, "Epoch 27 Step 48": 2.877138376235962, "Epoch 27 Step 49": 2.8904685974121094, "Epoch 27 Step 50": 2.877206563949585, "Epoch 27 Step 51": 2.882187604904175, "Epoch 27 Step 52": 2.88818621635437, "Epoch 27 Step 53": 2.8725154399871826, "Epoch 27 Step 54": 2.8715333938598633, "Epoch 27 Step 55": 2.8723881244659424, "Epoch 27 Step 56": 2.8876616954803467, "Epoch 27 Step 57": 2.880870819091797, "Epoch 27 Step 58": 2.8763771057128906, "Epoch 27 Step 59": 2.8910930156707764, "Epoch 27 Step 60": 2.895050287246704, "Epoch 27 Step 61": 2.8792166709899902, "Epoch 27 Step 62": 2.8751609325408936, "Epoch 27 Step 63": 2.886976718902588, "Epoch 27 Step 64": 2.89011812210083, "Epoch 27 Step 65": 2.8804187774658203, "Epoch 27 Step 66": 2.8823535442352295, "Epoch 27 Step 67": 2.8775227069854736, "Epoch 27 Step 68": 2.8868024349212646, "Epoch 27 Step 69": 2.872933864593506, "Epoch 27 Step 70": 2.8843300342559814, "Epoch 27 Step 71": 2.8785037994384766, "Epoch 27 Step 72": 2.8821911811828613, "Epoch 27 Step 73": 2.884035348892212, "Epoch 27 Step 74": 2.86958384513855, "Epoch 27 Step 75": 2.8840222358703613, "Epoch 27 Step 76": 2.8875505924224854, "Epoch 27 Step 77": 2.8846378326416016, "Epoch 27 Step 78": 2.8888397216796875, "Epoch 27 Step 79": 2.8828580379486084, "Epoch 27 Step 80": 2.8718929290771484, "Epoch 27 Step 81": 2.881075143814087, "Epoch 27 Step 82": 2.877755641937256, "Epoch 27 Step 83": 2.882244348526001, "Epoch 27 Step 84": 2.881368398666382, "Epoch 27 Step 85": 2.8909366130828857, "Epoch 27 Step 86": 2.884629487991333, "Epoch 27 Step 87": 2.8838632106781006, "Epoch 27 Step 88": 2.880239725112915, "Epoch 27 Step 89": 2.8731679916381836}