{"Epoch 113 Step 0": 2.88449764251709, "Epoch 113 Step 1": 2.8835344314575195, "Epoch 113 Step 2": 2.8799407482147217, "Epoch 113 Step 3": 2.873391628265381, "Epoch 113 Step 4": 2.876861810684204, "Epoch 113 Step 5": 2.8917250633239746, "Epoch 113 Step 6": 2.8872697353363037, "Epoch 113 Step 7": 2.8716719150543213, "Epoch 113 Step 8": 2.8880982398986816, "Epoch 113 Step 9": 2.8811824321746826, "Epoch 113 Step 10": 2.8737435340881348, "Epoch 113 Step 11": 2.8675670623779297, "Epoch 113 Step 12": 2.8808112144470215, "Epoch 113 Step 13": 2.885132074356079, "Epoch 113 Step 14": 2.878037452697754, "Epoch 113 Step 15": 2.877666473388672, "Epoch 113 Step 16": 2.87811279296875, "Epoch 113 Step 17": 2.874791383743286, "Epoch 113 Step 18": 2.885680675506592, "Epoch 113 Step 19": 2.8708105087280273, "Epoch 113 Step 20": 2.889472246170044, "Epoch 113 Step 21": 2.870248317718506, "Epoch 113 Step 22": 2.871967077255249, "Epoch 113 Step 23": 2.87804913520813, "Epoch 113 Step 24": 2.8667492866516113, "Epoch 113 Step 25": 2.885033369064331, "Epoch 113 Step 26": 2.8796770572662354, "Epoch 113 Step 27": 2.883300304412842, "Epoch 113 Step 28": 2.8901755809783936, "Epoch 113 Step 29": 2.884286880493164, "Epoch 113 Step 30": 2.8768701553344727, "Epoch 113 Step 31": 2.882842540740967, "Epoch 113 Step 32": 2.8923633098602295, "Epoch 113 Step 33": 2.89212703704834, "Epoch 113 Step 34": 2.890286684036255, "Epoch 113 Step 35": 2.886941909790039, "Epoch 113 Step 36": 2.8859567642211914, "Epoch 113 Step 37": 2.8831214904785156, "Epoch 113 Step 38": 2.901397466659546, "Epoch 113 Step 39": 2.8989691734313965, "Epoch 113 Step 40": 2.8962385654449463, "Epoch 113 Step 41": 2.8750789165496826, "Epoch 113 Step 42": 2.8888676166534424, "Epoch 113 Step 43": 2.8912642002105713, "Epoch 113 Step 44": 2.872842788696289, "Epoch 113 Step 45": 2.8854873180389404, "Epoch 113 Step 46": 2.8866562843322754, "Epoch 113 Step 47": 2.8915672302246094, "Epoch 113 Step 48": 2.894841432571411, "Epoch 113 Step 49": 2.88057804107666, "Epoch 113 Step 50": 2.892242193222046, "Epoch 113 Step 51": 2.876856803894043, "Epoch 113 Step 52": 2.8851349353790283, "Epoch 113 Step 53": 2.8772008419036865, "Epoch 113 Step 54": 2.890491008758545, "Epoch 113 Step 55": 2.875903367996216, "Epoch 113 Step 56": 2.881243944168091, "Epoch 113 Step 57": 2.887145757675171, "Epoch 113 Step 58": 2.8722286224365234, "Epoch 113 Step 59": 2.87052059173584, "Epoch 113 Step 60": 2.8709449768066406, "Epoch 113 Step 61": 2.886265993118286, "Epoch 113 Step 62": 2.8806443214416504, "Epoch 113 Step 63": 2.8750858306884766, "Epoch 113 Step 64": 2.888380765914917, "Epoch 113 Step 65": 2.8935999870300293, "Epoch 113 Step 66": 2.8785130977630615, "Epoch 113 Step 67": 2.874451160430908, "Epoch 113 Step 68": 2.8851382732391357, "Epoch 113 Step 69": 2.889796733856201, "Epoch 113 Step 70": 2.8788938522338867, "Epoch 113 Step 71": 2.879849433898926, "Epoch 113 Step 72": 2.8767101764678955, "Epoch 113 Step 73": 2.886195182800293, "Epoch 113 Step 74": 2.8720600605010986, "Epoch 113 Step 75": 2.882866382598877, "Epoch 113 Step 76": 2.876790761947632, "Epoch 113 Step 77": 2.881401300430298, "Epoch 113 Step 78": 2.8827128410339355, "Epoch 113 Step 79": 2.869448661804199, "Epoch 113 Step 80": 2.8822121620178223, "Epoch 113 Step 81": 2.8857831954956055, "Epoch 113 Step 82": 2.8824987411499023, "Epoch 113 Step 83": 2.8878531455993652, "Epoch 113 Step 84": 2.8810253143310547, "Epoch 113 Step 85": 2.869694471359253, "Epoch 113 Step 86": 2.8782782554626465, "Epoch 113 Step 87": 2.8760101795196533, "Epoch 113 Step 88": 2.881840467453003, "Epoch 113 Step 89": 2.880162239074707}