{"Epoch 334 Step 0": 2.8855161666870117, "Epoch 334 Step 1": 2.878278970718384, "Epoch 334 Step 2": 2.8916313648223877, "Epoch 334 Step 3": 2.8777077198028564, "Epoch 334 Step 4": 2.882831335067749, "Epoch 334 Step 5": 2.8885996341705322, "Epoch 334 Step 6": 2.873248815536499, "Epoch 334 Step 7": 2.8723056316375732, "Epoch 334 Step 8": 2.872741460800171, "Epoch 334 Step 9": 2.888416290283203, "Epoch 334 Step 10": 2.8824870586395264, "Epoch 334 Step 11": 2.8781275749206543, "Epoch 334 Step 12": 2.8888368606567383, "Epoch 334 Step 13": 2.894473075866699, "Epoch 334 Step 14": 2.879784107208252, "Epoch 334 Step 15": 2.8757951259613037, "Epoch 334 Step 16": 2.8883306980133057, "Epoch 334 Step 17": 2.892096757888794, "Epoch 334 Step 18": 2.8805036544799805, "Epoch 334 Step 19": 2.881182909011841, "Epoch 334 Step 20": 2.8773512840270996, "Epoch 334 Step 21": 2.887526273727417, "Epoch 334 Step 22": 2.873987913131714, "Epoch 334 Step 23": 2.8851547241210938, "Epoch 334 Step 24": 2.8793513774871826, "Epoch 334 Step 25": 2.8829708099365234, "Epoch 334 Step 26": 2.8845720291137695, "Epoch 334 Step 27": 2.8710319995880127, "Epoch 334 Step 28": 2.8852105140686035, "Epoch 334 Step 29": 2.887066125869751, "Epoch 334 Step 30": 2.8860061168670654, "Epoch 334 Step 31": 2.889427661895752, "Epoch 334 Step 32": 2.8846828937530518, "Epoch 334 Step 33": 2.872506618499756, "Epoch 334 Step 34": 2.8804619312286377, "Epoch 334 Step 35": 2.8765218257904053, "Epoch 334 Step 36": 2.882585287094116, "Epoch 334 Step 37": 2.882843017578125, "Epoch 334 Step 38": 2.8904170989990234, "Epoch 334 Step 39": 2.885226011276245, "Epoch 334 Step 40": 2.8853981494903564, "Epoch 334 Step 41": 2.881385326385498, "Epoch 334 Step 42": 2.875269651412964, "Epoch 334 Step 43": 2.8793373107910156, "Epoch 334 Step 44": 2.8937888145446777, "Epoch 334 Step 45": 2.888089418411255, "Epoch 334 Step 46": 2.87431001663208, "Epoch 334 Step 47": 2.890902042388916, "Epoch 334 Step 48": 2.88210129737854, "Epoch 334 Step 49": 2.8761494159698486, "Epoch 334 Step 50": 2.8728299140930176, "Epoch 334 Step 51": 2.881410837173462, "Epoch 334 Step 52": 2.8875973224639893, "Epoch 334 Step 53": 2.8799259662628174, "Epoch 334 Step 54": 2.878661632537842, "Epoch 334 Step 55": 2.8787879943847656, "Epoch 334 Step 56": 2.8764188289642334, "Epoch 334 Step 57": 2.887845993041992, "Epoch 334 Step 58": 2.875515937805176, "Epoch 334 Step 59": 2.890882730484009, "Epoch 334 Step 60": 2.8708853721618652, "Epoch 334 Step 61": 2.8746938705444336, "Epoch 334 Step 62": 2.879427433013916, "Epoch 334 Step 63": 2.8678488731384277, "Epoch 334 Step 64": 2.887287139892578, "Epoch 334 Step 65": 2.8813018798828125, "Epoch 334 Step 66": 2.8866517543792725, "Epoch 334 Step 67": 2.8930437564849854, "Epoch 334 Step 68": 2.8862459659576416, "Epoch 334 Step 69": 2.878329277038574, "Epoch 334 Step 70": 2.8851635456085205, "Epoch 334 Step 71": 2.8955271244049072, "Epoch 334 Step 72": 2.8938467502593994, "Epoch 334 Step 73": 2.8922150135040283, "Epoch 334 Step 74": 2.888343095779419, "Epoch 334 Step 75": 2.886500358581543, "Epoch 334 Step 76": 2.8844728469848633, "Epoch 334 Step 77": 2.90498423576355, "Epoch 334 Step 78": 2.90061616897583, "Epoch 334 Step 79": 2.899946451187134, "Epoch 334 Step 80": 2.874906301498413, "Epoch 334 Step 81": 2.887965679168701, "Epoch 334 Step 82": 2.892589569091797, "Epoch 334 Step 83": 2.8751180171966553, "Epoch 334 Step 84": 2.8862390518188477, "Epoch 334 Step 85": 2.886674404144287, "Epoch 334 Step 86": 2.8914594650268555, "Epoch 334 Step 87": 2.895615577697754, "Epoch 334 Step 88": 2.881903886795044, "Epoch 334 Step 89": 2.892486333847046}