{"Epoch 87 Step 0": 2.880474328994751, "Epoch 87 Step 1": 2.8822438716888428, "Epoch 87 Step 2": 2.8907968997955322, "Epoch 87 Step 3": 2.884514808654785, "Epoch 87 Step 4": 2.876901865005493, "Epoch 87 Step 5": 2.882035493850708, "Epoch 87 Step 6": 2.8939080238342285, "Epoch 87 Step 7": 2.894073963165283, "Epoch 87 Step 8": 2.892106771469116, "Epoch 87 Step 9": 2.8864989280700684, "Epoch 87 Step 10": 2.885317087173462, "Epoch 87 Step 11": 2.881779909133911, "Epoch 87 Step 12": 2.9023795127868652, "Epoch 87 Step 13": 2.898380756378174, "Epoch 87 Step 14": 2.896846055984497, "Epoch 87 Step 15": 2.8741343021392822, "Epoch 87 Step 16": 2.887679100036621, "Epoch 87 Step 17": 2.8913605213165283, "Epoch 87 Step 18": 2.8731637001037598, "Epoch 87 Step 19": 2.8846657276153564, "Epoch 87 Step 20": 2.8859963417053223, "Epoch 87 Step 21": 2.88966965675354, "Epoch 87 Step 22": 2.8953261375427246, "Epoch 87 Step 23": 2.8802027702331543, "Epoch 87 Step 24": 2.8908040523529053, "Epoch 87 Step 25": 2.876488447189331, "Epoch 87 Step 26": 2.8846523761749268, "Epoch 87 Step 27": 2.876579761505127, "Epoch 87 Step 28": 2.8906965255737305, "Epoch 87 Step 29": 2.8748269081115723, "Epoch 87 Step 30": 2.880521535873413, "Epoch 87 Step 31": 2.8873443603515625, "Epoch 87 Step 32": 2.871833324432373, "Epoch 87 Step 33": 2.8696067333221436, "Epoch 87 Step 34": 2.869424819946289, "Epoch 87 Step 35": 2.885451555252075, "Epoch 87 Step 36": 2.8801450729370117, "Epoch 87 Step 37": 2.8756940364837646, "Epoch 87 Step 38": 2.888587474822998, "Epoch 87 Step 39": 2.8928277492523193, "Epoch 87 Step 40": 2.8780593872070312, "Epoch 87 Step 41": 2.873511552810669, "Epoch 87 Step 42": 2.8858988285064697, "Epoch 87 Step 43": 2.8897242546081543, "Epoch 87 Step 44": 2.8784854412078857, "Epoch 87 Step 45": 2.8799145221710205, "Epoch 87 Step 46": 2.8749866485595703, "Epoch 87 Step 47": 2.8855512142181396, "Epoch 87 Step 48": 2.8713700771331787, "Epoch 87 Step 49": 2.8834128379821777, "Epoch 87 Step 50": 2.876894474029541, "Epoch 87 Step 51": 2.8810479640960693, "Epoch 87 Step 52": 2.883009195327759, "Epoch 87 Step 53": 2.867706060409546, "Epoch 87 Step 54": 2.8827311992645264, "Epoch 87 Step 55": 2.885612726211548, "Epoch 87 Step 56": 2.8824479579925537, "Epoch 87 Step 57": 2.8866465091705322, "Epoch 87 Step 58": 2.8831565380096436, "Epoch 87 Step 59": 2.8716890811920166, "Epoch 87 Step 60": 2.8777658939361572, "Epoch 87 Step 61": 2.8756089210510254, "Epoch 87 Step 62": 2.882282018661499, "Epoch 87 Step 63": 2.8794076442718506, "Epoch 87 Step 64": 2.8879802227020264, "Epoch 87 Step 65": 2.883087396621704, "Epoch 87 Step 66": 2.8833963871002197, "Epoch 87 Step 67": 2.879573106765747, "Epoch 87 Step 68": 2.8739871978759766, "Epoch 87 Step 69": 2.8779008388519287, "Epoch 87 Step 70": 2.8912453651428223, "Epoch 87 Step 71": 2.886219024658203, "Epoch 87 Step 72": 2.8721892833709717, "Epoch 87 Step 73": 2.8874452114105225, "Epoch 87 Step 74": 2.8809099197387695, "Epoch 87 Step 75": 2.8736002445220947, "Epoch 87 Step 76": 2.868051528930664, "Epoch 87 Step 77": 2.880354642868042, "Epoch 87 Step 78": 2.8855741024017334, "Epoch 87 Step 79": 2.8785746097564697, "Epoch 87 Step 80": 2.877129316329956, "Epoch 87 Step 81": 2.877254009246826, "Epoch 87 Step 82": 2.875113010406494, "Epoch 87 Step 83": 2.8849143981933594, "Epoch 87 Step 84": 2.869506359100342, "Epoch 87 Step 85": 2.888295888900757, "Epoch 87 Step 86": 2.870753526687622, "Epoch 87 Step 87": 2.8718807697296143, "Epoch 87 Step 88": 2.877713680267334, "Epoch 87 Step 89": 2.866436719894409}