{"Epoch 480 Step 0": 2.8854455947875977, "Epoch 480 Step 1": 2.8793492317199707, "Epoch 480 Step 2": 2.883206844329834, "Epoch 480 Step 3": 2.884801149368286, "Epoch 480 Step 4": 2.871333360671997, "Epoch 480 Step 5": 2.885378837585449, "Epoch 480 Step 6": 2.8875396251678467, "Epoch 480 Step 7": 2.8858771324157715, "Epoch 480 Step 8": 2.88917875289917, "Epoch 480 Step 9": 2.88435959815979, "Epoch 480 Step 10": 2.872816562652588, "Epoch 480 Step 11": 2.8807239532470703, "Epoch 480 Step 12": 2.8774240016937256, "Epoch 480 Step 13": 2.883101224899292, "Epoch 480 Step 14": 2.8828494548797607, "Epoch 480 Step 15": 2.8906409740448, "Epoch 480 Step 16": 2.884777545928955, "Epoch 480 Step 17": 2.8847219944000244, "Epoch 480 Step 18": 2.880794048309326, "Epoch 480 Step 19": 2.8760666847229004, "Epoch 480 Step 20": 2.8795015811920166, "Epoch 480 Step 21": 2.8942739963531494, "Epoch 480 Step 22": 2.8881869316101074, "Epoch 480 Step 23": 2.8738486766815186, "Epoch 480 Step 24": 2.8906309604644775, "Epoch 480 Step 25": 2.8821585178375244, "Epoch 480 Step 26": 2.875934362411499, "Epoch 480 Step 27": 2.8731610774993896, "Epoch 480 Step 28": 2.8819854259490967, "Epoch 480 Step 29": 2.8874151706695557, "Epoch 480 Step 30": 2.879819869995117, "Epoch 480 Step 31": 2.8787760734558105, "Epoch 480 Step 32": 2.8782856464385986, "Epoch 480 Step 33": 2.876319408416748, "Epoch 480 Step 34": 2.888068437576294, "Epoch 480 Step 35": 2.8756041526794434, "Epoch 480 Step 36": 2.8907716274261475, "Epoch 480 Step 37": 2.871812343597412, "Epoch 480 Step 38": 2.874905586242676, "Epoch 480 Step 39": 2.879408597946167, "Epoch 480 Step 40": 2.868128538131714, "Epoch 480 Step 41": 2.8872997760772705, "Epoch 480 Step 42": 2.8816146850585938, "Epoch 480 Step 43": 2.886904716491699, "Epoch 480 Step 44": 2.8932695388793945, "Epoch 480 Step 45": 2.886141777038574, "Epoch 480 Step 46": 2.8784995079040527, "Epoch 480 Step 47": 2.885035276412964, "Epoch 480 Step 48": 2.8954081535339355, "Epoch 480 Step 49": 2.893686532974243, "Epoch 480 Step 50": 2.892923593521118, "Epoch 480 Step 51": 2.887970209121704, "Epoch 480 Step 52": 2.8866069316864014, "Epoch 480 Step 53": 2.8820888996124268, "Epoch 480 Step 54": 2.903745412826538, "Epoch 480 Step 55": 2.8998513221740723, "Epoch 480 Step 56": 2.898249387741089, "Epoch 480 Step 57": 2.8757665157318115, "Epoch 480 Step 58": 2.8892688751220703, "Epoch 480 Step 59": 2.8930978775024414, "Epoch 480 Step 60": 2.875068426132202, "Epoch 480 Step 61": 2.886772871017456, "Epoch 480 Step 62": 2.886704206466675, "Epoch 480 Step 63": 2.8912997245788574, "Epoch 480 Step 64": 2.8950700759887695, "Epoch 480 Step 65": 2.8811333179473877, "Epoch 480 Step 66": 2.8928050994873047, "Epoch 480 Step 67": 2.878648519515991, "Epoch 480 Step 68": 2.885175943374634, "Epoch 480 Step 69": 2.87764048576355, "Epoch 480 Step 70": 2.891138792037964, "Epoch 480 Step 71": 2.8780529499053955, "Epoch 480 Step 72": 2.8830084800720215, "Epoch 480 Step 73": 2.8887953758239746, "Epoch 480 Step 74": 2.87398624420166, "Epoch 480 Step 75": 2.8724253177642822, "Epoch 480 Step 76": 2.872267007827759, "Epoch 480 Step 77": 2.8883321285247803, "Epoch 480 Step 78": 2.881868362426758, "Epoch 480 Step 79": 2.877361536026001, "Epoch 480 Step 80": 2.890674352645874, "Epoch 480 Step 81": 2.8951194286346436, "Epoch 480 Step 82": 2.8803396224975586, "Epoch 480 Step 83": 2.8760907649993896, "Epoch 480 Step 84": 2.8872172832489014, "Epoch 480 Step 85": 2.8913755416870117, "Epoch 480 Step 86": 2.880911350250244, "Epoch 480 Step 87": 2.8824281692504883, "Epoch 480 Step 88": 2.8780863285064697, "Epoch 480 Step 89": 2.887519121170044}