{"Epoch 52 Step 0": 2.8818280696868896, "Epoch 52 Step 1": 2.8772475719451904, "Epoch 52 Step 2": 2.8863742351531982, "Epoch 52 Step 3": 2.8733294010162354, "Epoch 52 Step 4": 2.8849048614501953, "Epoch 52 Step 5": 2.8788743019104004, "Epoch 52 Step 6": 2.882781505584717, "Epoch 52 Step 7": 2.884253740310669, "Epoch 52 Step 8": 2.870126247406006, "Epoch 52 Step 9": 2.884779214859009, "Epoch 52 Step 10": 2.886930465698242, "Epoch 52 Step 11": 2.8849966526031494, "Epoch 52 Step 12": 2.8889737129211426, "Epoch 52 Step 13": 2.8832030296325684, "Epoch 52 Step 14": 2.87202787399292, "Epoch 52 Step 15": 2.8795392513275146, "Epoch 52 Step 16": 2.876474380493164, "Epoch 52 Step 17": 2.8827707767486572, "Epoch 52 Step 18": 2.881014823913574, "Epoch 52 Step 19": 2.8888111114501953, "Epoch 52 Step 20": 2.8835911750793457, "Epoch 52 Step 21": 2.884841203689575, "Epoch 52 Step 22": 2.880906820297241, "Epoch 52 Step 23": 2.8730075359344482, "Epoch 52 Step 24": 2.8782105445861816, "Epoch 52 Step 25": 2.8917994499206543, "Epoch 52 Step 26": 2.887118339538574, "Epoch 52 Step 27": 2.873070001602173, "Epoch 52 Step 28": 2.8894691467285156, "Epoch 52 Step 29": 2.880902051925659, "Epoch 52 Step 30": 2.874329090118408, "Epoch 52 Step 31": 2.870593309402466, "Epoch 52 Step 32": 2.881507635116577, "Epoch 52 Step 33": 2.8869035243988037, "Epoch 52 Step 34": 2.8781590461730957, "Epoch 52 Step 35": 2.877614736557007, "Epoch 52 Step 36": 2.8776469230651855, "Epoch 52 Step 37": 2.8756868839263916, "Epoch 52 Step 38": 2.8858706951141357, "Epoch 52 Step 39": 2.873610258102417, "Epoch 52 Step 40": 2.8908114433288574, "Epoch 52 Step 41": 2.870356798171997, "Epoch 52 Step 42": 2.8731234073638916, "Epoch 52 Step 43": 2.87892484664917, "Epoch 52 Step 44": 2.8662307262420654, "Epoch 52 Step 45": 2.88604474067688, "Epoch 52 Step 46": 2.8803296089172363, "Epoch 52 Step 47": 2.8853461742401123, "Epoch 52 Step 48": 2.891486167907715, "Epoch 52 Step 49": 2.8846988677978516, "Epoch 52 Step 50": 2.8779118061065674, "Epoch 52 Step 51": 2.883488655090332, "Epoch 52 Step 52": 2.893110513687134, "Epoch 52 Step 53": 2.893873691558838, "Epoch 52 Step 54": 2.892158269882202, "Epoch 52 Step 55": 2.8872148990631104, "Epoch 52 Step 56": 2.8853015899658203, "Epoch 52 Step 57": 2.8786678314208984, "Epoch 52 Step 58": 2.90309476852417, "Epoch 52 Step 59": 2.8963093757629395, "Epoch 52 Step 60": 2.8936376571655273, "Epoch 52 Step 61": 2.8743841648101807, "Epoch 52 Step 62": 2.8881633281707764, "Epoch 52 Step 63": 2.8915116786956787, "Epoch 52 Step 64": 2.874403476715088, "Epoch 52 Step 65": 2.8858914375305176, "Epoch 52 Step 66": 2.8862485885620117, "Epoch 52 Step 67": 2.8905587196350098, "Epoch 52 Step 68": 2.8947408199310303, "Epoch 52 Step 69": 2.8804218769073486, "Epoch 52 Step 70": 2.891228199005127, "Epoch 52 Step 71": 2.8759047985076904, "Epoch 52 Step 72": 2.8849871158599854, "Epoch 52 Step 73": 2.8753042221069336, "Epoch 52 Step 74": 2.8909707069396973, "Epoch 52 Step 75": 2.875913619995117, "Epoch 52 Step 76": 2.8816397190093994, "Epoch 52 Step 77": 2.8878707885742188, "Epoch 52 Step 78": 2.8716394901275635, "Epoch 52 Step 79": 2.8715598583221436, "Epoch 52 Step 80": 2.8705291748046875, "Epoch 52 Step 81": 2.887371778488159, "Epoch 52 Step 82": 2.881314277648926, "Epoch 52 Step 83": 2.8749797344207764, "Epoch 52 Step 84": 2.889281749725342, "Epoch 52 Step 85": 2.895387887954712, "Epoch 52 Step 86": 2.8797800540924072, "Epoch 52 Step 87": 2.8749518394470215, "Epoch 52 Step 88": 2.885840654373169, "Epoch 52 Step 89": 2.890162467956543}