{"Epoch 161 Step 0": 2.8919668197631836, "Epoch 161 Step 1": 2.8727335929870605, "Epoch 161 Step 2": 2.884572982788086, "Epoch 161 Step 3": 2.8859524726867676, "Epoch 161 Step 4": 2.890202760696411, "Epoch 161 Step 5": 2.894463300704956, "Epoch 161 Step 6": 2.8796982765197754, "Epoch 161 Step 7": 2.891176462173462, "Epoch 161 Step 8": 2.876380205154419, "Epoch 161 Step 9": 2.884518623352051, "Epoch 161 Step 10": 2.876722812652588, "Epoch 161 Step 11": 2.890615463256836, "Epoch 161 Step 12": 2.875666618347168, "Epoch 161 Step 13": 2.880913019180298, "Epoch 161 Step 14": 2.886204242706299, "Epoch 161 Step 15": 2.8711233139038086, "Epoch 161 Step 16": 2.8693978786468506, "Epoch 161 Step 17": 2.8695156574249268, "Epoch 161 Step 18": 2.8860559463500977, "Epoch 161 Step 19": 2.8803577423095703, "Epoch 161 Step 20": 2.874577045440674, "Epoch 161 Step 21": 2.88877534866333, "Epoch 161 Step 22": 2.8936424255371094, "Epoch 161 Step 23": 2.878859758377075, "Epoch 161 Step 24": 2.8745882511138916, "Epoch 161 Step 25": 2.8858346939086914, "Epoch 161 Step 26": 2.890047073364258, "Epoch 161 Step 27": 2.8806395530700684, "Epoch 161 Step 28": 2.880917549133301, "Epoch 161 Step 29": 2.8756566047668457, "Epoch 161 Step 30": 2.8859364986419678, "Epoch 161 Step 31": 2.8719282150268555, "Epoch 161 Step 32": 2.8833987712860107, "Epoch 161 Step 33": 2.8769938945770264, "Epoch 161 Step 34": 2.8819007873535156, "Epoch 161 Step 35": 2.8828701972961426, "Epoch 161 Step 36": 2.868582248687744, "Epoch 161 Step 37": 2.882885694503784, "Epoch 161 Step 38": 2.885735511779785, "Epoch 161 Step 39": 2.8822174072265625, "Epoch 161 Step 40": 2.886451244354248, "Epoch 161 Step 41": 2.8819420337677, "Epoch 161 Step 42": 2.870781660079956, "Epoch 161 Step 43": 2.878361940383911, "Epoch 161 Step 44": 2.875833749771118, "Epoch 161 Step 45": 2.882188320159912, "Epoch 161 Step 46": 2.880089282989502, "Epoch 161 Step 47": 2.887647867202759, "Epoch 161 Step 48": 2.8838396072387695, "Epoch 161 Step 49": 2.8841495513916016, "Epoch 161 Step 50": 2.879781484603882, "Epoch 161 Step 51": 2.874504566192627, "Epoch 161 Step 52": 2.8772497177124023, "Epoch 161 Step 53": 2.890352964401245, "Epoch 161 Step 54": 2.8854901790618896, "Epoch 161 Step 55": 2.8734147548675537, "Epoch 161 Step 56": 2.8879597187042236, "Epoch 161 Step 57": 2.8805739879608154, "Epoch 161 Step 58": 2.8734493255615234, "Epoch 161 Step 59": 2.869629383087158, "Epoch 161 Step 60": 2.880448818206787, "Epoch 161 Step 61": 2.8860132694244385, "Epoch 161 Step 62": 2.878037452697754, "Epoch 161 Step 63": 2.877429723739624, "Epoch 161 Step 64": 2.877073049545288, "Epoch 161 Step 65": 2.873490333557129, "Epoch 161 Step 66": 2.884521484375, "Epoch 161 Step 67": 2.8705568313598633, "Epoch 161 Step 68": 2.888888359069824, "Epoch 161 Step 69": 2.8702690601348877, "Epoch 161 Step 70": 2.8716790676116943, "Epoch 161 Step 71": 2.8777482509613037, "Epoch 161 Step 72": 2.866485595703125, "Epoch 161 Step 73": 2.8846476078033447, "Epoch 161 Step 74": 2.879159688949585, "Epoch 161 Step 75": 2.882920980453491, "Epoch 161 Step 76": 2.8906424045562744, "Epoch 161 Step 77": 2.886054515838623, "Epoch 161 Step 78": 2.877469062805176, "Epoch 161 Step 79": 2.8814544677734375, "Epoch 161 Step 80": 2.8942275047302246, "Epoch 161 Step 81": 2.894765615463257, "Epoch 161 Step 82": 2.8916869163513184, "Epoch 161 Step 83": 2.8871443271636963, "Epoch 161 Step 84": 2.8857147693634033, "Epoch 161 Step 85": 2.881479263305664, "Epoch 161 Step 86": 2.902010917663574, "Epoch 161 Step 87": 2.90043568611145, "Epoch 161 Step 88": 2.895901679992676, "Epoch 161 Step 89": 2.874375820159912}