{"Epoch 10 Step 0": 2.8101797103881836, "Epoch 10 Step 1": 2.84989857673645, "Epoch 10 Step 2": 2.8150634765625, "Epoch 10 Step 3": 2.8529632091522217, "Epoch 10 Step 4": 2.8832154273986816, "Epoch 10 Step 5": 2.875347852706909, "Epoch 10 Step 6": 2.8827693462371826, "Epoch 10 Step 7": 2.877420425415039, "Epoch 10 Step 8": 2.7993085384368896, "Epoch 10 Step 9": 2.757181406021118, "Epoch 10 Step 10": 2.8606481552124023, "Epoch 10 Step 11": 2.8873119354248047, "Epoch 10 Step 12": 2.8749444484710693, "Epoch 10 Step 13": 2.8516838550567627, "Epoch 10 Step 14": 2.857786178588867, "Epoch 10 Step 15": 2.872274160385132, "Epoch 10 Step 16": 2.87730073928833, "Epoch 10 Step 17": 2.8810973167419434, "Epoch 10 Step 18": 2.8634846210479736, "Epoch 10 Step 19": 2.8819472789764404, "Epoch 10 Step 20": 2.8783392906188965, "Epoch 10 Step 21": 2.8373849391937256, "Epoch 10 Step 22": 2.846235513687134, "Epoch 10 Step 23": 2.858795166015625, "Epoch 10 Step 24": 2.8599603176116943, "Epoch 10 Step 25": 2.8743438720703125, "Epoch 10 Step 26": 2.8678698539733887, "Epoch 10 Step 27": 2.873737096786499, "Epoch 10 Step 28": 2.8762543201446533, "Epoch 10 Step 29": 2.86885142326355, "Epoch 10 Step 30": 2.8871099948883057, "Epoch 10 Step 31": 2.863905191421509, "Epoch 10 Step 32": 2.876866102218628, "Epoch 10 Step 33": 2.8859739303588867, "Epoch 10 Step 34": 2.879842519760132, "Epoch 10 Step 35": 2.8742055892944336, "Epoch 10 Step 36": 2.8743534088134766, "Epoch 10 Step 37": 2.8585221767425537, "Epoch 10 Step 38": 2.839519739151001, "Epoch 10 Step 39": 2.8651676177978516, "Epoch 10 Step 40": 2.8749587535858154, "Epoch 10 Step 41": 2.8405096530914307, "Epoch 10 Step 42": 2.8638925552368164, "Epoch 10 Step 43": 2.8647544384002686, "Epoch 10 Step 44": 2.8520147800445557, "Epoch 10 Step 45": 2.8822011947631836, "Epoch 10 Step 46": 2.856106996536255, "Epoch 10 Step 47": 2.873774290084839, "Epoch 10 Step 48": 2.855862855911255, "Epoch 10 Step 49": 2.869074821472168, "Epoch 10 Step 50": 2.824495792388916, "Epoch 10 Step 51": 2.8836886882781982, "Epoch 10 Step 52": 2.846315622329712, "Epoch 10 Step 53": 2.8843936920166016, "Epoch 10 Step 54": 2.8670132160186768, "Epoch 10 Step 55": 2.8459200859069824, "Epoch 10 Step 56": 2.8440802097320557, "Epoch 10 Step 57": 2.8656649589538574, "Epoch 10 Step 58": 2.853113889694214, "Epoch 10 Step 59": 2.849855899810791, "Epoch 10 Step 60": 2.883680820465088, "Epoch 10 Step 61": 2.86871337890625, "Epoch 10 Step 62": 2.8587334156036377, "Epoch 10 Step 63": 2.8427155017852783, "Epoch 10 Step 64": 2.8591127395629883, "Epoch 10 Step 65": 2.8589048385620117, "Epoch 10 Step 66": 2.8348028659820557, "Epoch 10 Step 67": 2.8503198623657227, "Epoch 10 Step 68": 2.8510115146636963, "Epoch 10 Step 69": 2.845390558242798, "Epoch 10 Step 70": 2.8402671813964844, "Epoch 10 Step 71": 2.872748851776123, "Epoch 10 Step 72": 2.846060276031494, "Epoch 10 Step 73": 2.8794639110565186, "Epoch 10 Step 74": 2.862426519393921, "Epoch 10 Step 75": 2.838958978652954, "Epoch 10 Step 76": 2.877267599105835, "Epoch 10 Step 77": 2.854602575302124, "Epoch 10 Step 78": 2.8647279739379883, "Epoch 10 Step 79": 2.8655149936676025, "Epoch 10 Step 80": 2.8354218006134033, "Epoch 10 Step 81": 2.876791477203369, "Epoch 10 Step 82": 2.8593170642852783, "Epoch 10 Step 83": 2.876650333404541, "Epoch 10 Step 84": 2.871864080429077, "Epoch 10 Step 85": 2.8956618309020996, "Epoch 10 Step 86": 2.8804104328155518, "Epoch 10 Step 87": 2.836484670639038, "Epoch 10 Step 88": 2.874619245529175, "Epoch 10 Step 89": 2.859490394592285, "Epoch 10 Step 90": 2.848820209503174, "Epoch 10 Step 91": 2.858137607574463, "Epoch 10 Step 92": 2.855140447616577, "Epoch 10 Step 93": 2.877312183380127, "Epoch 10 Step 94": 2.8615214824676514, "Epoch 10 Step 95": 2.8791916370391846, "Epoch 10 Step 96": 2.880467414855957, "Epoch 10 Step 97": 2.879707098007202, "Epoch 10 Step 98": 2.8561723232269287, "Epoch 10 Step 99": 2.867058277130127, "Epoch 10 Step 100": 2.8623769283294678, "Epoch 10 Step 101": 2.8581113815307617, "Epoch 10 Step 102": 2.8673791885375977, "Epoch 10 Step 103": 2.8456857204437256, "Epoch 10 Step 104": 2.87011456489563, "Epoch 10 Step 105": 2.873720407485962, "Epoch 10 Step 106": 2.8157269954681396, "Epoch 10 Step 107": 2.857264280319214, "Epoch 10 Step 108": 2.85135817527771, "Epoch 10 Step 109": 2.8647029399871826, "Epoch 10 Step 110": 2.87268328666687, "Epoch 10 Step 111": 2.846813678741455, "Epoch 10 Step 112": 2.865135908126831, "Epoch 10 Step 113": 2.818713665008545, "Epoch 10 Step 114": 2.853653907775879, "Epoch 10 Step 115": 2.8760154247283936, "Epoch 10 Step 116": 2.866685152053833, "Epoch 10 Step 117": 2.860680103302002, "Epoch 10 Step 118": 2.852083921432495, "Epoch 10 Step 119": 2.868070602416992, "Epoch 10 Step 120": 2.8532776832580566, "Epoch 10 Step 121": 2.8620524406433105, "Epoch 10 Step 122": 2.8734679222106934, "Epoch 10 Step 123": 2.861494779586792, "Epoch 10 Step 124": 2.8590567111968994, "Epoch 10 Step 125": 2.8612515926361084, "Epoch 10 Step 126": 2.8384623527526855, "Epoch 10 Step 127": 2.8402864933013916, "Epoch 10 Step 128": 2.833293914794922, "Epoch 10 Step 129": 2.8697867393493652, "Epoch 10 Step 130": 2.869103193283081, "Epoch 10 Step 131": 2.8626506328582764, "Epoch 10 Step 132": 2.860990524291992, "Epoch 10 Step 133": 2.8534603118896484, "Epoch 10 Step 134": 2.872591733932495, "Epoch 10 Step 135": 2.8930277824401855, "Epoch 10 Step 136": 2.8121237754821777, "Epoch 10 Step 137": 2.8629848957061768, "Epoch 10 Step 138": 2.85371732711792, "Epoch 10 Step 139": 2.880955696105957, "Epoch 10 Step 140": 2.8599233627319336, "Epoch 10 Step 141": 2.88057541847229, "Epoch 10 Step 142": 2.8524169921875, "Epoch 10 Step 143": 2.8417654037475586, "Epoch 10 Step 144": 2.8566908836364746, "Epoch 10 Step 145": 2.8684089183807373, "Epoch 10 Step 146": 2.8519372940063477, "Epoch 10 Step 147": 2.880066394805908, "Epoch 10 Step 148": 2.863818883895874, "Epoch 10 Step 149": 2.826843500137329, "Epoch 10 Step 150": 2.85137939453125, "Epoch 10 Step 151": 2.8549070358276367, "Epoch 10 Step 152": 2.8569581508636475, "Epoch 10 Step 153": 2.872169256210327, "Epoch 10 Step 154": 2.8660218715667725, "Epoch 10 Step 155": 2.8681623935699463, "Epoch 10 Step 156": 2.8181633949279785, "Epoch 10 Step 157": 2.8642520904541016, "Epoch 10 Step 158": 2.8569259643554688, "Epoch 10 Step 159": 2.865692377090454, "Epoch 10 Step 160": 2.864152193069458, "Epoch 10 Step 161": 2.8749020099639893, "Epoch 10 Step 162": 2.8739748001098633, "Epoch 10 Step 163": 2.8533360958099365, "Epoch 10 Step 164": 2.879899024963379, "Epoch 10 Step 165": 2.876612424850464, "Epoch 10 Step 166": 2.865133047103882, "Epoch 10 Step 167": 2.860138177871704, "Epoch 10 Step 168": 2.870140790939331, "Epoch 10 Step 169": 2.859039306640625, "Epoch 10 Step 170": 2.8614861965179443, "Epoch 10 Step 171": 2.839851140975952, "Epoch 10 Step 172": 2.8270528316497803, "Epoch 10 Step 173": 2.8692243099212646, "Epoch 10 Step 174": 2.8523471355438232, "Epoch 10 Step 175": 2.8504364490509033, "Epoch 10 Step 176": 2.863929271697998, "Epoch 10 Step 177": 2.8952176570892334, "Epoch 10 Step 178": 2.844999074935913, "Epoch 10 Step 179": 2.871857166290283, "Epoch 10 Step 180": 2.866668462753296, "Epoch 10 Step 181": 2.8724498748779297, "Epoch 10 Step 182": 2.850168466567993, "Epoch 10 Step 183": 2.861207962036133, "Epoch 10 Step 184": 2.8377065658569336, "Epoch 10 Step 185": 2.8531198501586914, "Epoch 10 Step 186": 2.8597893714904785, "Epoch 10 Step 187": 2.8468782901763916, "Epoch 10 Step 188": 2.888530969619751, "Epoch 10 Step 189": 2.8605215549468994, "Epoch 10 Step 190": 2.8525476455688477, "Epoch 10 Step 191": 2.868140459060669, "Epoch 10 Step 192": 2.8665850162506104, "Epoch 10 Step 193": 2.8554065227508545, "Epoch 10 Step 194": 2.8455796241760254, "Epoch 10 Step 195": 2.833298921585083, "Epoch 10 Step 196": 2.8227012157440186, "Epoch 10 Step 197": 2.8780362606048584, "Epoch 10 Step 198": 2.854421615600586, "Epoch 10 Step 199": 2.884235143661499,