{"Epoch 55 Step 0": 2.886796236038208, "Epoch 55 Step 1": 2.8900156021118164, "Epoch 55 Step 2": 2.880359172821045, "Epoch 55 Step 3": 2.881126880645752, "Epoch 55 Step 4": 2.877209424972534, "Epoch 55 Step 5": 2.886303663253784, "Epoch 55 Step 6": 2.8722269535064697, "Epoch 55 Step 7": 2.8843531608581543, "Epoch 55 Step 8": 2.8788723945617676, "Epoch 55 Step 9": 2.8826606273651123, "Epoch 55 Step 10": 2.8837454319000244, "Epoch 55 Step 11": 2.8692307472229004, "Epoch 55 Step 12": 2.8845999240875244, "Epoch 55 Step 13": 2.8862392902374268, "Epoch 55 Step 14": 2.883732795715332, "Epoch 55 Step 15": 2.8881325721740723, "Epoch 55 Step 16": 2.8836872577667236, "Epoch 55 Step 17": 2.872145652770996, "Epoch 55 Step 18": 2.8785338401794434, "Epoch 55 Step 19": 2.876513719558716, "Epoch 55 Step 20": 2.8828980922698975, "Epoch 55 Step 21": 2.8808772563934326, "Epoch 55 Step 22": 2.8880443572998047, "Epoch 55 Step 23": 2.884085178375244, "Epoch 55 Step 24": 2.88442325592041, "Epoch 55 Step 25": 2.8811473846435547, "Epoch 55 Step 26": 2.8735830783843994, "Epoch 55 Step 27": 2.8780789375305176, "Epoch 55 Step 28": 2.892625331878662, "Epoch 55 Step 29": 2.8876898288726807, "Epoch 55 Step 30": 2.8730216026306152, "Epoch 55 Step 31": 2.889399290084839, "Epoch 55 Step 32": 2.8817691802978516, "Epoch 55 Step 33": 2.874046802520752, "Epoch 55 Step 34": 2.870419979095459, "Epoch 55 Step 35": 2.8815791606903076, "Epoch 55 Step 36": 2.887861490249634, "Epoch 55 Step 37": 2.878465414047241, "Epoch 55 Step 38": 2.878404140472412, "Epoch 55 Step 39": 2.8774898052215576, "Epoch 55 Step 40": 2.8752517700195312, "Epoch 55 Step 41": 2.8859267234802246, "Epoch 55 Step 42": 2.8725578784942627, "Epoch 55 Step 43": 2.8898682594299316, "Epoch 55 Step 44": 2.8707222938537598, "Epoch 55 Step 45": 2.873439073562622, "Epoch 55 Step 46": 2.8789048194885254, "Epoch 55 Step 47": 2.865868330001831, "Epoch 55 Step 48": 2.8864216804504395, "Epoch 55 Step 49": 2.880898952484131, "Epoch 55 Step 50": 2.8858847618103027, "Epoch 55 Step 51": 2.891524076461792, "Epoch 55 Step 52": 2.8856043815612793, "Epoch 55 Step 53": 2.877746343612671, "Epoch 55 Step 54": 2.884099245071411, "Epoch 55 Step 55": 2.894207715988159, "Epoch 55 Step 56": 2.8922643661499023, "Epoch 55 Step 57": 2.8910937309265137, "Epoch 55 Step 58": 2.887033224105835, "Epoch 55 Step 59": 2.8856217861175537, "Epoch 55 Step 60": 2.88006854057312, "Epoch 55 Step 61": 2.902639627456665, "Epoch 55 Step 62": 2.896735191345215, "Epoch 55 Step 63": 2.8914458751678467, "Epoch 55 Step 64": 2.8744349479675293, "Epoch 55 Step 65": 2.888315439224243, "Epoch 55 Step 66": 2.8922231197357178, "Epoch 55 Step 67": 2.875274181365967, "Epoch 55 Step 68": 2.8867979049682617, "Epoch 55 Step 69": 2.887299060821533, "Epoch 55 Step 70": 2.8917648792266846, "Epoch 55 Step 71": 2.8948845863342285, "Epoch 55 Step 72": 2.880260467529297, "Epoch 55 Step 73": 2.8926515579223633, "Epoch 55 Step 74": 2.876939296722412, "Epoch 55 Step 75": 2.8840994834899902, "Epoch 55 Step 76": 2.876591920852661, "Epoch 55 Step 77": 2.89070725440979, "Epoch 55 Step 78": 2.8770270347595215, "Epoch 55 Step 79": 2.881671667098999, "Epoch 55 Step 80": 2.8884849548339844, "Epoch 55 Step 81": 2.8722519874572754, "Epoch 55 Step 82": 2.8714511394500732, "Epoch 55 Step 83": 2.8712806701660156, "Epoch 55 Step 84": 2.8874478340148926, "Epoch 55 Step 85": 2.881997585296631, "Epoch 55 Step 86": 2.875617742538452, "Epoch 55 Step 87": 2.8902463912963867, "Epoch 55 Step 88": 2.895340919494629, "Epoch 55 Step 89": 2.879978656768799}