{"Epoch 19 Step 0": 2.8869338035583496, "Epoch 19 Step 1": 2.8786461353302, "Epoch 19 Step 2": 2.8775646686553955, "Epoch 19 Step 3": 2.878878116607666, "Epoch 19 Step 4": 2.8752658367156982, "Epoch 19 Step 5": 2.8865976333618164, "Epoch 19 Step 6": 2.872515916824341, "Epoch 19 Step 7": 2.8899879455566406, "Epoch 19 Step 8": 2.87089467048645, "Epoch 19 Step 9": 2.872945785522461, "Epoch 19 Step 10": 2.878047227859497, "Epoch 19 Step 11": 2.865757942199707, "Epoch 19 Step 12": 2.8863918781280518, "Epoch 19 Step 13": 2.8809096813201904, "Epoch 19 Step 14": 2.8859522342681885, "Epoch 19 Step 15": 2.891571521759033, "Epoch 19 Step 16": 2.883538246154785, "Epoch 19 Step 17": 2.8779354095458984, "Epoch 19 Step 18": 2.882908582687378, "Epoch 19 Step 19": 2.8933284282684326, "Epoch 19 Step 20": 2.893782138824463, "Epoch 19 Step 21": 2.891585111618042, "Epoch 19 Step 22": 2.887531280517578, "Epoch 19 Step 23": 2.885345458984375, "Epoch 19 Step 24": 2.880199432373047, "Epoch 19 Step 25": 2.9050333499908447, "Epoch 19 Step 26": 2.897554397583008, "Epoch 19 Step 27": 2.895024538040161, "Epoch 19 Step 28": 2.8771045207977295, "Epoch 19 Step 29": 2.8894684314727783, "Epoch 19 Step 30": 2.8925094604492188, "Epoch 19 Step 31": 2.876110076904297, "Epoch 19 Step 32": 2.885875701904297, "Epoch 19 Step 33": 2.8864877223968506, "Epoch 19 Step 34": 2.8898062705993652, "Epoch 19 Step 35": 2.8945412635803223, "Epoch 19 Step 36": 2.879807710647583, "Epoch 19 Step 37": 2.8927791118621826, "Epoch 19 Step 38": 2.8769586086273193, "Epoch 19 Step 39": 2.8838930130004883, "Epoch 19 Step 40": 2.876828908920288, "Epoch 19 Step 41": 2.8891446590423584, "Epoch 19 Step 42": 2.876969814300537, "Epoch 19 Step 43": 2.881513833999634, "Epoch 19 Step 44": 2.888627767562866, "Epoch 19 Step 45": 2.8720569610595703, "Epoch 19 Step 46": 2.871042013168335, "Epoch 19 Step 47": 2.871185302734375, "Epoch 19 Step 48": 2.887540340423584, "Epoch 19 Step 49": 2.8809926509857178, "Epoch 19 Step 50": 2.8758351802825928, "Epoch 19 Step 51": 2.890244722366333, "Epoch 19 Step 52": 2.8940701484680176, "Epoch 19 Step 53": 2.878739595413208, "Epoch 19 Step 54": 2.876406669616699, "Epoch 19 Step 55": 2.8865530490875244, "Epoch 19 Step 56": 2.890467882156372, "Epoch 19 Step 57": 2.881399154663086, "Epoch 19 Step 58": 2.8808987140655518, "Epoch 19 Step 59": 2.8758106231689453, "Epoch 19 Step 60": 2.8865668773651123, "Epoch 19 Step 61": 2.8722119331359863, "Epoch 19 Step 62": 2.8842170238494873, "Epoch 19 Step 63": 2.878202438354492, "Epoch 19 Step 64": 2.881927251815796, "Epoch 19 Step 65": 2.883610725402832, "Epoch 19 Step 66": 2.8698859214782715, "Epoch 19 Step 67": 2.884943723678589, "Epoch 19 Step 68": 2.8868374824523926, "Epoch 19 Step 69": 2.8832759857177734, "Epoch 19 Step 70": 2.88783860206604, "Epoch 19 Step 71": 2.883065700531006, "Epoch 19 Step 72": 2.8716073036193848, "Epoch 19 Step 73": 2.8784821033477783, "Epoch 19 Step 74": 2.87567138671875, "Epoch 19 Step 75": 2.881532669067383, "Epoch 19 Step 76": 2.8810224533081055, "Epoch 19 Step 77": 2.8900773525238037, "Epoch 19 Step 78": 2.8840744495391846, "Epoch 19 Step 79": 2.8834214210510254, "Epoch 19 Step 80": 2.8806674480438232, "Epoch 19 Step 81": 2.8734374046325684, "Epoch 19 Step 82": 2.877413272857666, "Epoch 19 Step 83": 2.8917832374572754, "Epoch 19 Step 84": 2.8875603675842285, "Epoch 19 Step 85": 2.8735339641571045, "Epoch 19 Step 86": 2.8893237113952637, "Epoch 19 Step 87": 2.881065845489502, "Epoch 19 Step 88": 2.874314785003662, "Epoch 19 Step 89": 2.8691718578338623}