{"Epoch 546 Step 0": 2.8822247982025146, "Epoch 546 Step 1": 2.8757615089416504, "Epoch 546 Step 2": 2.8719377517700195, "Epoch 546 Step 3": 2.8821074962615967, "Epoch 546 Step 4": 2.88808012008667, "Epoch 546 Step 5": 2.8804447650909424, "Epoch 546 Step 6": 2.8787617683410645, "Epoch 546 Step 7": 2.8786144256591797, "Epoch 546 Step 8": 2.876627206802368, "Epoch 546 Step 9": 2.887554168701172, "Epoch 546 Step 10": 2.874347686767578, "Epoch 546 Step 11": 2.890988349914551, "Epoch 546 Step 12": 2.8713417053222656, "Epoch 546 Step 13": 2.874619245529175, "Epoch 546 Step 14": 2.8796370029449463, "Epoch 546 Step 15": 2.8680527210235596, "Epoch 546 Step 16": 2.886880397796631, "Epoch 546 Step 17": 2.8814549446105957, "Epoch 546 Step 18": 2.8869380950927734, "Epoch 546 Step 19": 2.893292188644409, "Epoch 546 Step 20": 2.88623309135437, "Epoch 546 Step 21": 2.878239154815674, "Epoch 546 Step 22": 2.8850584030151367, "Epoch 546 Step 23": 2.8956103324890137, "Epoch 546 Step 24": 2.894259452819824, "Epoch 546 Step 25": 2.8924295902252197, "Epoch 546 Step 26": 2.8881213665008545, "Epoch 546 Step 27": 2.8870062828063965, "Epoch 546 Step 28": 2.88503098487854, "Epoch 546 Step 29": 2.9049181938171387, "Epoch 546 Step 30": 2.9018547534942627, "Epoch 546 Step 31": 2.899074077606201, "Epoch 546 Step 32": 2.8753244876861572, "Epoch 546 Step 33": 2.8893470764160156, "Epoch 546 Step 34": 2.8929336071014404, "Epoch 546 Step 35": 2.8755123615264893, "Epoch 546 Step 36": 2.8863470554351807, "Epoch 546 Step 37": 2.8868257999420166, "Epoch 546 Step 38": 2.891826629638672, "Epoch 546 Step 39": 2.8961751461029053, "Epoch 546 Step 40": 2.8817834854125977, "Epoch 546 Step 41": 2.8932621479034424, "Epoch 546 Step 42": 2.8790242671966553, "Epoch 546 Step 43": 2.8857829570770264, "Epoch 546 Step 44": 2.8788414001464844, "Epoch 546 Step 45": 2.892251968383789, "Epoch 546 Step 46": 2.877964735031128, "Epoch 546 Step 47": 2.8835151195526123, "Epoch 546 Step 48": 2.8884856700897217, "Epoch 546 Step 49": 2.8734867572784424, "Epoch 546 Step 50": 2.871265411376953, "Epoch 546 Step 51": 2.8727095127105713, "Epoch 546 Step 52": 2.8886241912841797, "Epoch 546 Step 53": 2.88262677192688, "Epoch 546 Step 54": 2.8777358531951904, "Epoch 546 Step 55": 2.889514684677124, "Epoch 546 Step 56": 2.895385265350342, "Epoch 546 Step 57": 2.8805150985717773, "Epoch 546 Step 58": 2.8763887882232666, "Epoch 546 Step 59": 2.8876841068267822, "Epoch 546 Step 60": 2.8916640281677246, "Epoch 546 Step 61": 2.8807754516601562, "Epoch 546 Step 62": 2.8816676139831543, "Epoch 546 Step 63": 2.8776235580444336, "Epoch 546 Step 64": 2.887373685836792, "Epoch 546 Step 65": 2.874274253845215, "Epoch 546 Step 66": 2.8853297233581543, "Epoch 546 Step 67": 2.8798086643218994, "Epoch 546 Step 68": 2.8832926750183105, "Epoch 546 Step 69": 2.8849258422851562, "Epoch 546 Step 70": 2.871107578277588, "Epoch 546 Step 71": 2.8847427368164062, "Epoch 546 Step 72": 2.888221025466919, "Epoch 546 Step 73": 2.8861656188964844, "Epoch 546 Step 74": 2.8893516063690186, "Epoch 546 Step 75": 2.884650468826294, "Epoch 546 Step 76": 2.8724544048309326, "Epoch 546 Step 77": 2.8807010650634766, "Epoch 546 Step 78": 2.8773791790008545, "Epoch 546 Step 79": 2.8832108974456787, "Epoch 546 Step 80": 2.883007526397705, "Epoch 546 Step 81": 2.890458822250366, "Epoch 546 Step 82": 2.8852553367614746, "Epoch 546 Step 83": 2.8853600025177, "Epoch 546 Step 84": 2.8815419673919678, "Epoch 546 Step 85": 2.875465154647827, "Epoch 546 Step 86": 2.879251718521118, "Epoch 546 Step 87": 2.8941397666931152, "Epoch 546 Step 88": 2.888277292251587, "Epoch 546 Step 89": 2.8739914894104004}