{"Epoch 834 Step 0": 2.872220039367676, "Epoch 834 Step 1": 2.8816261291503906, "Epoch 834 Step 2": 2.8771190643310547, "Epoch 834 Step 3": 2.883136034011841, "Epoch 834 Step 4": 2.8828024864196777, "Epoch 834 Step 5": 2.8906450271606445, "Epoch 834 Step 6": 2.8852391242980957, "Epoch 834 Step 7": 2.8859331607818604, "Epoch 834 Step 8": 2.8819713592529297, "Epoch 834 Step 9": 2.8751721382141113, "Epoch 834 Step 10": 2.879835605621338, "Epoch 834 Step 11": 2.894083023071289, "Epoch 834 Step 12": 2.888181447982788, "Epoch 834 Step 13": 2.8742825984954834, "Epoch 834 Step 14": 2.890716314315796, "Epoch 834 Step 15": 2.882190227508545, "Epoch 834 Step 16": 2.875462055206299, "Epoch 834 Step 17": 2.8722167015075684, "Epoch 834 Step 18": 2.8826448917388916, "Epoch 834 Step 19": 2.888232946395874, "Epoch 834 Step 20": 2.8801960945129395, "Epoch 834 Step 21": 2.878551721572876, "Epoch 834 Step 22": 2.878359794616699, "Epoch 834 Step 23": 2.876880645751953, "Epoch 834 Step 24": 2.8877992630004883, "Epoch 834 Step 25": 2.874725103378296, "Epoch 834 Step 26": 2.890873670578003, "Epoch 834 Step 27": 2.87130069732666, "Epoch 834 Step 28": 2.8746397495269775, "Epoch 834 Step 29": 2.87955379486084, "Epoch 834 Step 30": 2.86787748336792, "Epoch 834 Step 31": 2.88735294342041, "Epoch 834 Step 32": 2.881883382797241, "Epoch 834 Step 33": 2.886950969696045, "Epoch 834 Step 34": 2.8936100006103516, "Epoch 834 Step 35": 2.8863911628723145, "Epoch 834 Step 36": 2.8787193298339844, "Epoch 834 Step 37": 2.885162115097046, "Epoch 834 Step 38": 2.8950226306915283, "Epoch 834 Step 39": 2.8938722610473633, "Epoch 834 Step 40": 2.893232822418213, "Epoch 834 Step 41": 2.888129472732544, "Epoch 834 Step 42": 2.886289596557617, "Epoch 834 Step 43": 2.8829684257507324, "Epoch 834 Step 44": 2.9046759605407715, "Epoch 834 Step 45": 2.90051531791687, "Epoch 834 Step 46": 2.8988540172576904, "Epoch 834 Step 47": 2.875060796737671, "Epoch 834 Step 48": 2.8886399269104004, "Epoch 834 Step 49": 2.893096446990967, "Epoch 834 Step 50": 2.8750252723693848, "Epoch 834 Step 51": 2.8867790699005127, "Epoch 834 Step 52": 2.8867502212524414, "Epoch 834 Step 53": 2.891143560409546, "Epoch 834 Step 54": 2.8952786922454834, "Epoch 834 Step 55": 2.8817028999328613, "Epoch 834 Step 56": 2.893564462661743, "Epoch 834 Step 57": 2.877925157546997, "Epoch 834 Step 58": 2.8850808143615723, "Epoch 834 Step 59": 2.877837657928467, "Epoch 834 Step 60": 2.891533374786377, "Epoch 834 Step 61": 2.8781676292419434, "Epoch 834 Step 62": 2.8830151557922363, "Epoch 834 Step 63": 2.8885343074798584, "Epoch 834 Step 64": 2.873964548110962, "Epoch 834 Step 65": 2.872598886489868, "Epoch 834 Step 66": 2.872471332550049, "Epoch 834 Step 67": 2.8881471157073975, "Epoch 834 Step 68": 2.8822035789489746, "Epoch 834 Step 69": 2.877380132675171, "Epoch 834 Step 70": 2.888733148574829, "Epoch 834 Step 71": 2.894080400466919, "Epoch 834 Step 72": 2.8802297115325928, "Epoch 834 Step 73": 2.875800848007202, "Epoch 834 Step 74": 2.888155698776245, "Epoch 834 Step 75": 2.8919026851654053, "Epoch 834 Step 76": 2.880972385406494, "Epoch 834 Step 77": 2.8820481300354004, "Epoch 834 Step 78": 2.878486156463623, "Epoch 834 Step 79": 2.887455940246582, "Epoch 834 Step 80": 2.873966932296753, "Epoch 834 Step 81": 2.885728359222412, "Epoch 834 Step 82": 2.8794655799865723, "Epoch 834 Step 83": 2.882625102996826, "Epoch 834 Step 84": 2.884751081466675, "Epoch 834 Step 85": 2.871168375015259, "Epoch 834 Step 86": 2.8850960731506348, "Epoch 834 Step 87": 2.88787579536438, "Epoch 834 Step 88": 2.8859474658966064, "Epoch 834 Step 89": 2.889754056930542}