{"Epoch 254 Step 0": 2.876978635787964, "Epoch 254 Step 1": 2.8893134593963623, "Epoch 254 Step 2": 2.893435001373291, "Epoch 254 Step 3": 2.8748462200164795, "Epoch 254 Step 4": 2.8864874839782715, "Epoch 254 Step 5": 2.8866360187530518, "Epoch 254 Step 6": 2.89109468460083, "Epoch 254 Step 7": 2.8952817916870117, "Epoch 254 Step 8": 2.881415367126465, "Epoch 254 Step 9": 2.8924365043640137, "Epoch 254 Step 10": 2.878547430038452, "Epoch 254 Step 11": 2.884683847427368, "Epoch 254 Step 12": 2.8780908584594727, "Epoch 254 Step 13": 2.8915960788726807, "Epoch 254 Step 14": 2.877656936645508, "Epoch 254 Step 15": 2.8819851875305176, "Epoch 254 Step 16": 2.8886168003082275, "Epoch 254 Step 17": 2.8743414878845215, "Epoch 254 Step 18": 2.8715813159942627, "Epoch 254 Step 19": 2.872870445251465, "Epoch 254 Step 20": 2.8878400325775146, "Epoch 254 Step 21": 2.8818111419677734, "Epoch 254 Step 22": 2.8767383098602295, "Epoch 254 Step 23": 2.8892714977264404, "Epoch 254 Step 24": 2.8950252532958984, "Epoch 254 Step 25": 2.879507541656494, "Epoch 254 Step 26": 2.8759944438934326, "Epoch 254 Step 27": 2.8872549533843994, "Epoch 254 Step 28": 2.890726089477539, "Epoch 254 Step 29": 2.8802895545959473, "Epoch 254 Step 30": 2.8817806243896484, "Epoch 254 Step 31": 2.8775060176849365, "Epoch 254 Step 32": 2.8876194953918457, "Epoch 254 Step 33": 2.874105453491211, "Epoch 254 Step 34": 2.8849940299987793, "Epoch 254 Step 35": 2.878380060195923, "Epoch 254 Step 36": 2.8826956748962402, "Epoch 254 Step 37": 2.8843767642974854, "Epoch 254 Step 38": 2.8707854747772217, "Epoch 254 Step 39": 2.8846278190612793, "Epoch 254 Step 40": 2.887509822845459, "Epoch 254 Step 41": 2.884411334991455, "Epoch 254 Step 42": 2.889204502105713, "Epoch 254 Step 43": 2.883509874343872, "Epoch 254 Step 44": 2.871537923812866, "Epoch 254 Step 45": 2.8805463314056396, "Epoch 254 Step 46": 2.8766584396362305, "Epoch 254 Step 47": 2.882026195526123, "Epoch 254 Step 48": 2.8826420307159424, "Epoch 254 Step 49": 2.8903844356536865, "Epoch 254 Step 50": 2.884719133377075, "Epoch 254 Step 51": 2.8842225074768066, "Epoch 254 Step 52": 2.8811004161834717, "Epoch 254 Step 53": 2.874696731567383, "Epoch 254 Step 54": 2.8793272972106934, "Epoch 254 Step 55": 2.8934662342071533, "Epoch 254 Step 56": 2.8885085582733154, "Epoch 254 Step 57": 2.873744010925293, "Epoch 254 Step 58": 2.8900840282440186, "Epoch 254 Step 59": 2.8813424110412598, "Epoch 254 Step 60": 2.8741331100463867, "Epoch 254 Step 61": 2.8712844848632812, "Epoch 254 Step 62": 2.8824756145477295, "Epoch 254 Step 63": 2.8877336978912354, "Epoch 254 Step 64": 2.8808555603027344, "Epoch 254 Step 65": 2.878885507583618, "Epoch 254 Step 66": 2.8785312175750732, "Epoch 254 Step 67": 2.8754608631134033, "Epoch 254 Step 68": 2.8877158164978027, "Epoch 254 Step 69": 2.8737494945526123, "Epoch 254 Step 70": 2.890707492828369, "Epoch 254 Step 71": 2.8713436126708984, "Epoch 254 Step 72": 2.8739500045776367, "Epoch 254 Step 73": 2.8790154457092285, "Epoch 254 Step 74": 2.867788791656494, "Epoch 254 Step 75": 2.8865509033203125, "Epoch 254 Step 76": 2.8807578086853027, "Epoch 254 Step 77": 2.8864426612854004, "Epoch 254 Step 78": 2.892613172531128, "Epoch 254 Step 79": 2.8859477043151855, "Epoch 254 Step 80": 2.8778138160705566, "Epoch 254 Step 81": 2.8846871852874756, "Epoch 254 Step 82": 2.8944101333618164, "Epoch 254 Step 83": 2.89335298538208, "Epoch 254 Step 84": 2.891883134841919, "Epoch 254 Step 85": 2.8866405487060547, "Epoch 254 Step 86": 2.887235164642334, "Epoch 254 Step 87": 2.885368824005127, "Epoch 254 Step 88": 2.9034788608551025, "Epoch 254 Step 89": 2.901827335357666}