{"Epoch 594 Step 0": 2.8846030235290527, "Epoch 594 Step 1": 2.8777596950531006, "Epoch 594 Step 2": 2.8915038108825684, "Epoch 594 Step 3": 2.878190040588379, "Epoch 594 Step 4": 2.8825504779815674, "Epoch 594 Step 5": 2.8884594440460205, "Epoch 594 Step 6": 2.873292922973633, "Epoch 594 Step 7": 2.8726251125335693, "Epoch 594 Step 8": 2.8721532821655273, "Epoch 594 Step 9": 2.8888325691223145, "Epoch 594 Step 10": 2.8821887969970703, "Epoch 594 Step 11": 2.877248764038086, "Epoch 594 Step 12": 2.890570640563965, "Epoch 594 Step 13": 2.8953497409820557, "Epoch 594 Step 14": 2.8805148601531982, "Epoch 594 Step 15": 2.8758506774902344, "Epoch 594 Step 16": 2.887237787246704, "Epoch 594 Step 17": 2.8916213512420654, "Epoch 594 Step 18": 2.8803091049194336, "Epoch 594 Step 19": 2.8821609020233154, "Epoch 594 Step 20": 2.87795352935791, "Epoch 594 Step 21": 2.887582540512085, "Epoch 594 Step 22": 2.8735151290893555, "Epoch 594 Step 23": 2.885329246520996, "Epoch 594 Step 24": 2.8792076110839844, "Epoch 594 Step 25": 2.8831493854522705, "Epoch 594 Step 26": 2.8852367401123047, "Epoch 594 Step 27": 2.8710553646087646, "Epoch 594 Step 28": 2.8850433826446533, "Epoch 594 Step 29": 2.888007164001465, "Epoch 594 Step 30": 2.8858489990234375, "Epoch 594 Step 31": 2.8895387649536133, "Epoch 594 Step 32": 2.884528398513794, "Epoch 594 Step 33": 2.8724324703216553, "Epoch 594 Step 34": 2.8812646865844727, "Epoch 594 Step 35": 2.877063512802124, "Epoch 594 Step 36": 2.8826260566711426, "Epoch 594 Step 37": 2.8828940391540527, "Epoch 594 Step 38": 2.8900444507598877, "Epoch 594 Step 39": 2.8846664428710938, "Epoch 594 Step 40": 2.8852038383483887, "Epoch 594 Step 41": 2.881610631942749, "Epoch 594 Step 42": 2.8752615451812744, "Epoch 594 Step 43": 2.8799989223480225, "Epoch 594 Step 44": 2.893622398376465, "Epoch 594 Step 45": 2.8877952098846436, "Epoch 594 Step 46": 2.873882532119751, "Epoch 594 Step 47": 2.8903002738952637, "Epoch 594 Step 48": 2.8827695846557617, "Epoch 594 Step 49": 2.875669240951538, "Epoch 594 Step 50": 2.872063159942627, "Epoch 594 Step 51": 2.88177227973938, "Epoch 594 Step 52": 2.887726306915283, "Epoch 594 Step 53": 2.8807904720306396, "Epoch 594 Step 54": 2.8789424896240234, "Epoch 594 Step 55": 2.8786609172821045, "Epoch 594 Step 56": 2.8763203620910645, "Epoch 594 Step 57": 2.887669086456299, "Epoch 594 Step 58": 2.8746936321258545, "Epoch 594 Step 59": 2.8906495571136475, "Epoch 594 Step 60": 2.871539354324341, "Epoch 594 Step 61": 2.8745648860931396, "Epoch 594 Step 62": 2.879213333129883, "Epoch 594 Step 63": 2.8680689334869385, "Epoch 594 Step 64": 2.887122869491577, "Epoch 594 Step 65": 2.8818447589874268, "Epoch 594 Step 66": 2.887153387069702, "Epoch 594 Step 67": 2.8932628631591797, "Epoch 594 Step 68": 2.8862626552581787, "Epoch 594 Step 69": 2.878758430480957, "Epoch 594 Step 70": 2.8851125240325928, "Epoch 594 Step 71": 2.8955817222595215, "Epoch 594 Step 72": 2.894956350326538, "Epoch 594 Step 73": 2.8928139209747314, "Epoch 594 Step 74": 2.8874993324279785, "Epoch 594 Step 75": 2.887047290802002, "Epoch 594 Step 76": 2.885438919067383, "Epoch 594 Step 77": 2.9042229652404785, "Epoch 594 Step 78": 2.9024791717529297, "Epoch 594 Step 79": 2.8999459743499756, "Epoch 594 Step 80": 2.8761119842529297, "Epoch 594 Step 81": 2.8884215354919434, "Epoch 594 Step 82": 2.892096996307373, "Epoch 594 Step 83": 2.8746438026428223, "Epoch 594 Step 84": 2.886781930923462, "Epoch 594 Step 85": 2.8870320320129395, "Epoch 594 Step 86": 2.8917150497436523, "Epoch 594 Step 87": 2.89574933052063, "Epoch 594 Step 88": 2.8818371295928955, "Epoch 594 Step 89": 2.8935012817382812}