{"Epoch 29 Step 0": 2.857590913772583, "Epoch 29 Step 1": 2.853428363800049, "Epoch 29 Step 2": 2.8186938762664795, "Epoch 29 Step 3": 2.849607467651367, "Epoch 29 Step 4": 2.8710107803344727, "Epoch 29 Step 5": 2.84588623046875, "Epoch 29 Step 6": 2.847604513168335, "Epoch 29 Step 7": 2.886948823928833, "Epoch 29 Step 8": 2.8625130653381348, "Epoch 29 Step 9": 2.877891778945923, "Epoch 29 Step 10": 2.879143714904785, "Epoch 29 Step 11": 2.8659675121307373, "Epoch 29 Step 12": 2.8462774753570557, "Epoch 29 Step 13": 2.87347674369812, "Epoch 29 Step 14": 2.874664306640625, "Epoch 29 Step 15": 2.8669345378875732, "Epoch 29 Step 16": 2.864680051803589, "Epoch 29 Step 17": 2.876131772994995, "Epoch 29 Step 18": 2.885236978530884, "Epoch 29 Step 19": 2.801626443862915, "Epoch 29 Step 20": 2.848501682281494, "Epoch 29 Step 21": 2.802058219909668, "Epoch 29 Step 22": 2.843294143676758, "Epoch 29 Step 23": 2.8796842098236084, "Epoch 29 Step 24": 2.8690595626831055, "Epoch 29 Step 25": 2.882070779800415, "Epoch 29 Step 26": 2.866488456726074, "Epoch 29 Step 27": 2.7758066654205322, "Epoch 29 Step 28": 2.731299877166748, "Epoch 29 Step 29": 2.8162734508514404, "Epoch 29 Step 30": 2.8832449913024902, "Epoch 29 Step 31": 2.8741655349731445, "Epoch 29 Step 32": 2.8576881885528564, "Epoch 29 Step 33": 2.8615665435791016, "Epoch 29 Step 34": 2.875056743621826, "Epoch 29 Step 35": 2.8749818801879883, "Epoch 29 Step 36": 2.8773252964019775, "Epoch 29 Step 37": 2.868100643157959, "Epoch 29 Step 38": 2.8827426433563232, "Epoch 29 Step 39": 2.8791749477386475, "Epoch 29 Step 40": 2.837305784225464, "Epoch 29 Step 41": 2.8473927974700928, "Epoch 29 Step 42": 2.8571815490722656, "Epoch 29 Step 43": 2.859598398208618, "Epoch 29 Step 44": 2.8745923042297363, "Epoch 29 Step 45": 2.8678646087646484, "Epoch 29 Step 46": 2.8746843338012695, "Epoch 29 Step 47": 2.875762939453125, "Epoch 29 Step 48": 2.8660802841186523, "Epoch 29 Step 49": 2.885204553604126, "Epoch 29 Step 50": 2.8631370067596436, "Epoch 29 Step 51": 2.8719940185546875, "Epoch 29 Step 52": 2.8825314044952393, "Epoch 29 Step 53": 2.875086784362793, "Epoch 29 Step 54": 2.871725082397461, "Epoch 29 Step 55": 2.8749098777770996, "Epoch 29 Step 56": 2.8592734336853027, "Epoch 29 Step 57": 2.8368189334869385, "Epoch 29 Step 58": 2.8626837730407715, "Epoch 29 Step 59": 2.871129274368286, "Epoch 29 Step 60": 2.8410253524780273, "Epoch 29 Step 61": 2.8600730895996094, "Epoch 29 Step 62": 2.861341953277588, "Epoch 29 Step 63": 2.8512301445007324, "Epoch 29 Step 64": 2.8798046112060547, "Epoch 29 Step 65": 2.8524675369262695, "Epoch 29 Step 66": 2.869236469268799, "Epoch 29 Step 67": 2.854362726211548, "Epoch 29 Step 68": 2.868605375289917, "Epoch 29 Step 69": 2.8224246501922607, "Epoch 29 Step 70": 2.881175994873047, "Epoch 29 Step 71": 2.846322774887085, "Epoch 29 Step 72": 2.877359390258789, "Epoch 29 Step 73": 2.864776611328125, "Epoch 29 Step 74": 2.844820737838745, "Epoch 29 Step 75": 2.8431663513183594, "Epoch 29 Step 76": 2.8626081943511963, "Epoch 29 Step 77": 2.85032320022583, "Epoch 29 Step 78": 2.8399710655212402, "Epoch 29 Step 79": 2.8782432079315186, "Epoch 29 Step 80": 2.8688132762908936, "Epoch 29 Step 81": 2.860015392303467, "Epoch 29 Step 82": 2.841949701309204, "Epoch 29 Step 83": 2.855674982070923, "Epoch 29 Step 84": 2.857107162475586, "Epoch 29 Step 85": 2.8326902389526367, "Epoch 29 Step 86": 2.8484559059143066, "Epoch 29 Step 87": 2.8499205112457275, "Epoch 29 Step 88": 2.843189239501953, "Epoch 29 Step 89": 2.8353137969970703, "Epoch 29 Step 90": 2.8704745769500732, "Epoch 29 Step 91": 2.8392844200134277, "Epoch 29 Step 92": 2.8755362033843994, "Epoch 29 Step 93": 2.8589508533477783, "Epoch 29 Step 94": 2.8375961780548096, "Epoch 29 Step 95": 2.872915744781494, "Epoch 29 Step 96": 2.8472349643707275, "Epoch 29 Step 97": 2.857948064804077, "Epoch 29 Step 98": 2.8626039028167725, "Epoch 29 Step 99": 2.830359697341919, "Epoch 29 Step 100": 2.874732255935669, "Epoch 29 Step 101": 2.8525519371032715, "Epoch 29 Step 102": 2.874856472015381, "Epoch 29 Step 103": 2.8697569370269775, "Epoch 29 Step 104": 2.8933982849121094, "Epoch 29 Step 105": 2.8790347576141357, "Epoch 29 Step 106": 2.8319242000579834, "Epoch 29 Step 107": 2.872269868850708, "Epoch 29 Step 108": 2.8580129146575928, "Epoch 29 Step 109": 2.8432817459106445, "Epoch 29 Step 110": 2.857632875442505, "Epoch 29 Step 111": 2.8563010692596436, "Epoch 29 Step 112": 2.874709129333496, "Epoch 29 Step 113": 2.8586974143981934, "Epoch 29 Step 114": 2.873832941055298, "Epoch 29 Step 115": 2.875023603439331, "Epoch 29 Step 116": 2.8779802322387695, "Epoch 29 Step 117": 2.8531746864318848, "Epoch 29 Step 118": 2.865633487701416, "Epoch 29 Step 119": 2.8624255657196045, "Epoch 29 Step 120": 2.8529374599456787, "Epoch 29 Step 121": 2.865126609802246, "Epoch 29 Step 122": 2.8397350311279297, "Epoch 29 Step 123": 2.8658180236816406, "Epoch 29 Step 124": 2.871922492980957, "Epoch 29 Step 125": 2.8125457763671875, "Epoch 29 Step 126": 2.8532228469848633, "Epoch 29 Step 127": 2.848473310470581, "Epoch 29 Step 128": 2.863515853881836, "Epoch 29 Step 129": 2.872394323348999, "Epoch 29 Step 130": 2.84317684173584, "Epoch 29 Step 131": 2.8639204502105713, "Epoch 29 Step 132": 2.8150649070739746, "Epoch 29 Step 133": 2.847557306289673, "Epoch 29 Step 134": 2.8721442222595215, "Epoch 29 Step 135": 2.864356756210327, "Epoch 29 Step 136": 2.8586416244506836, "Epoch 29 Step 137": 2.8452978134155273, "Epoch 29 Step 138": 2.86330246925354, "Epoch 29 Step 139": 2.852113962173462, "Epoch 29 Step 140": 2.860194444656372, "Epoch 29 Step 141": 2.8650929927825928, "Epoch 29 Step 142": 2.8608109951019287, "Epoch 29 Step 143": 2.8549585342407227, "Epoch 29 Step 144": 2.858853816986084, "Epoch 29 Step 145": 2.8347251415252686, "Epoch 29 Step 146": 2.8408777713775635, "Epoch 29 Step 147": 2.832035779953003, "Epoch 29 Step 148": 2.8660783767700195, "Epoch 29 Step 149": 2.8677282333374023, "Epoch 29 Step 150": 2.8613784313201904, "Epoch 29 Step 151": 2.859586238861084, "Epoch 29 Step 152": 2.8519835472106934, "Epoch 29 Step 153": 2.8694186210632324, "Epoch 29 Step 154": 2.8887033462524414, "Epoch 29 Step 155": 2.8102028369903564, "Epoch 29 Step 156": 2.8574984073638916, "Epoch 29 Step 157": 2.850273370742798, "Epoch 29 Step 158": 2.874471664428711, "Epoch 29 Step 159": 2.8586015701293945, "Epoch 29 Step 160": 2.878098487854004, "Epoch 29 Step 161": 2.8507466316223145, "Epoch 29 Step 162": 2.838991641998291, "Epoch 29 Step 163": 2.8528153896331787, "Epoch 29 Step 164": 2.8636021614074707, "Epoch 29 Step 165": 2.8504397869110107, "Epoch 29 Step 166": 2.8725180625915527, "Epoch 29 Step 167": 2.858463764190674, "Epoch 29 Step 168": 2.8240816593170166, "Epoch 29 Step 169": 2.850292921066284, "Epoch 29 Step 170": 2.853926420211792, "Epoch 29 Step 171": 2.854275941848755, "Epoch 29 Step 172": 2.8680126667022705, "Epoch 29 Step 173": 2.8637564182281494, "Epoch 29 Step 174": 2.8641738891601562, "Epoch 29 Step 175": 2.815739154815674, "Epoch 29 Step 176": 2.8622963428497314, "Epoch 29 Step 177": 2.856571674346924, "Epoch 29 Step 178": 2.8618853092193604, "Epoch 29 Step 179": 2.862865686416626, "Epoch 29 Step 180": 2.870788097381592, "Epoch 29 Step 181": 2.8681628704071045, "Epoch 29 Step 182": 2.8530125617980957, "Epoch 29 Step 183": 2.877044916152954, "Epoch 29 Step 184": 2.8760228157043457, "Epoch 29 Step 185": 2.8639557361602783, "Epoch 29 Step 186": 2.8599467277526855, "Epoch 29 Step 187": 2.8684840202331543, "Epoch 29 Step 188": 2.859395742416382, "Epoch 29 Step 189": 2.8569042682647705, "Epoch 29 Step 190": 2.8398213386535645, "Epoch 29 Step 191": 2.8183655738830566, "Epoch 29 Step 192": 2.8677399158477783, "Epoch 29 Step 193": 2.8479974269866943, "Epoch 29 Step 194": 2.8482279777526855, "Epoch 29 Step 195": 2.861229658126831, "Epoch 29 Step 196": 2.89100980758667, "Epoch 29 Step 197": 2.8412926197052, "Epoch 29 Step 198": 2.871685266494751, "Epoch 29 Step 199": 2.859907627105713,