{"Epoch 73 Step 0": 2.8921563625335693, "Epoch 73 Step 1": 2.8770391941070557, "Epoch 73 Step 2": 2.8848867416381836, "Epoch 73 Step 3": 2.876866340637207, "Epoch 73 Step 4": 2.8909189701080322, "Epoch 73 Step 5": 2.876347780227661, "Epoch 73 Step 6": 2.8820998668670654, "Epoch 73 Step 7": 2.8882253170013428, "Epoch 73 Step 8": 2.8725428581237793, "Epoch 73 Step 9": 2.870563268661499, "Epoch 73 Step 10": 2.8716018199920654, "Epoch 73 Step 11": 2.8872289657592773, "Epoch 73 Step 12": 2.8815248012542725, "Epoch 73 Step 13": 2.876451253890991, "Epoch 73 Step 14": 2.889157772064209, "Epoch 73 Step 15": 2.892977237701416, "Epoch 73 Step 16": 2.8791847229003906, "Epoch 73 Step 17": 2.8754665851593018, "Epoch 73 Step 18": 2.8855597972869873, "Epoch 73 Step 19": 2.889758825302124, "Epoch 73 Step 20": 2.880188465118408, "Epoch 73 Step 21": 2.880077362060547, "Epoch 73 Step 22": 2.875945806503296, "Epoch 73 Step 23": 2.887094259262085, "Epoch 73 Step 24": 2.8728830814361572, "Epoch 73 Step 25": 2.883735418319702, "Epoch 73 Step 26": 2.878340244293213, "Epoch 73 Step 27": 2.8814666271209717, "Epoch 73 Step 28": 2.8833889961242676, "Epoch 73 Step 29": 2.8690404891967773, "Epoch 73 Step 30": 2.8842973709106445, "Epoch 73 Step 31": 2.8857665061950684, "Epoch 73 Step 32": 2.883307695388794, "Epoch 73 Step 33": 2.8879055976867676, "Epoch 73 Step 34": 2.883078098297119, "Epoch 73 Step 35": 2.8716166019439697, "Epoch 73 Step 36": 2.878833532333374, "Epoch 73 Step 37": 2.8760712146759033, "Epoch 73 Step 38": 2.8818814754486084, "Epoch 73 Step 39": 2.8805325031280518, "Epoch 73 Step 40": 2.888648509979248, "Epoch 73 Step 41": 2.883389472961426, "Epoch 73 Step 42": 2.883901834487915, "Epoch 73 Step 43": 2.8800578117370605, "Epoch 73 Step 44": 2.8744893074035645, "Epoch 73 Step 45": 2.8774688243865967, "Epoch 73 Step 46": 2.892103433609009, "Epoch 73 Step 47": 2.8868448734283447, "Epoch 73 Step 48": 2.873518228530884, "Epoch 73 Step 49": 2.888685703277588, "Epoch 73 Step 50": 2.8816206455230713, "Epoch 73 Step 51": 2.873969316482544, "Epoch 73 Step 52": 2.868333339691162, "Epoch 73 Step 53": 2.880748987197876, "Epoch 73 Step 54": 2.886488676071167, "Epoch 73 Step 55": 2.8789145946502686, "Epoch 73 Step 56": 2.8776395320892334, "Epoch 73 Step 57": 2.8781120777130127, "Epoch 73 Step 58": 2.875593662261963, "Epoch 73 Step 59": 2.886502504348755, "Epoch 73 Step 60": 2.8725316524505615, "Epoch 73 Step 61": 2.8900530338287354, "Epoch 73 Step 62": 2.8711469173431396, "Epoch 73 Step 63": 2.872765302658081, "Epoch 73 Step 64": 2.8785042762756348, "Epoch 73 Step 65": 2.866386651992798, "Epoch 73 Step 66": 2.8858482837677, "Epoch 73 Step 67": 2.880563497543335, "Epoch 73 Step 68": 2.88474702835083, "Epoch 73 Step 69": 2.8919663429260254, "Epoch 73 Step 70": 2.885373592376709, "Epoch 73 Step 71": 2.877129554748535, "Epoch 73 Step 72": 2.883737087249756, "Epoch 73 Step 73": 2.8935546875, "Epoch 73 Step 74": 2.893430471420288, "Epoch 73 Step 75": 2.8917744159698486, "Epoch 73 Step 76": 2.8865084648132324, "Epoch 73 Step 77": 2.885202646255493, "Epoch 73 Step 78": 2.8819475173950195, "Epoch 73 Step 79": 2.9041357040405273, "Epoch 73 Step 80": 2.8982975482940674, "Epoch 73 Step 81": 2.8938488960266113, "Epoch 73 Step 82": 2.8757388591766357, "Epoch 73 Step 83": 2.889904260635376, "Epoch 73 Step 84": 2.8918774127960205, "Epoch 73 Step 85": 2.8738667964935303, "Epoch 73 Step 86": 2.8856101036071777, "Epoch 73 Step 87": 2.886228322982788, "Epoch 73 Step 88": 2.8905296325683594, "Epoch 73 Step 89": 2.895538806915283}