{"Epoch 284 Step 0": 2.870407819747925, "Epoch 284 Step 1": 2.8813087940216064, "Epoch 284 Step 2": 2.887299060821533, "Epoch 284 Step 3": 2.8800768852233887, "Epoch 284 Step 4": 2.878516912460327, "Epoch 284 Step 5": 2.8783161640167236, "Epoch 284 Step 6": 2.8755338191986084, "Epoch 284 Step 7": 2.8874266147613525, "Epoch 284 Step 8": 2.873713731765747, "Epoch 284 Step 9": 2.890247344970703, "Epoch 284 Step 10": 2.8710744380950928, "Epoch 284 Step 11": 2.8740599155426025, "Epoch 284 Step 12": 2.8787765502929688, "Epoch 284 Step 13": 2.8674278259277344, "Epoch 284 Step 14": 2.886796474456787, "Epoch 284 Step 15": 2.880594253540039, "Epoch 284 Step 16": 2.885880708694458, "Epoch 284 Step 17": 2.892642021179199, "Epoch 284 Step 18": 2.885877847671509, "Epoch 284 Step 19": 2.8778889179229736, "Epoch 284 Step 20": 2.88439679145813, "Epoch 284 Step 21": 2.8948144912719727, "Epoch 284 Step 22": 2.8934314250946045, "Epoch 284 Step 23": 2.891667604446411, "Epoch 284 Step 24": 2.8863773345947266, "Epoch 284 Step 25": 2.8862595558166504, "Epoch 284 Step 26": 2.8845882415771484, "Epoch 284 Step 27": 2.903069019317627, "Epoch 284 Step 28": 2.901599645614624, "Epoch 284 Step 29": 2.8963053226470947, "Epoch 284 Step 30": 2.8769049644470215, "Epoch 284 Step 31": 2.890221118927002, "Epoch 284 Step 32": 2.8929026126861572, "Epoch 284 Step 33": 2.87479305267334, "Epoch 284 Step 34": 2.8867833614349365, "Epoch 284 Step 35": 2.8877980709075928, "Epoch 284 Step 36": 2.8928136825561523, "Epoch 284 Step 37": 2.896458148956299, "Epoch 284 Step 38": 2.881340265274048, "Epoch 284 Step 39": 2.8922135829925537, "Epoch 284 Step 40": 2.8792848587036133, "Epoch 284 Step 41": 2.885249614715576, "Epoch 284 Step 42": 2.8777496814727783, "Epoch 284 Step 43": 2.892507553100586, "Epoch 284 Step 44": 2.8774948120117188, "Epoch 284 Step 45": 2.8821871280670166, "Epoch 284 Step 46": 2.8881442546844482, "Epoch 284 Step 47": 2.8729751110076904, "Epoch 284 Step 48": 2.871354341506958, "Epoch 284 Step 49": 2.8721930980682373, "Epoch 284 Step 50": 2.8875234127044678, "Epoch 284 Step 51": 2.8812873363494873, "Epoch 284 Step 52": 2.8769209384918213, "Epoch 284 Step 53": 2.8895938396453857, "Epoch 284 Step 54": 2.894695520401001, "Epoch 284 Step 55": 2.8796491622924805, "Epoch 284 Step 56": 2.8751933574676514, "Epoch 284 Step 57": 2.887540340423584, "Epoch 284 Step 58": 2.891052007675171, "Epoch 284 Step 59": 2.879986047744751, "Epoch 284 Step 60": 2.8809757232666016, "Epoch 284 Step 61": 2.876939535140991, "Epoch 284 Step 62": 2.887824535369873, "Epoch 284 Step 63": 2.872954845428467, "Epoch 284 Step 64": 2.8850996494293213, "Epoch 284 Step 65": 2.879373550415039, "Epoch 284 Step 66": 2.8828377723693848, "Epoch 284 Step 67": 2.884361505508423, "Epoch 284 Step 68": 2.870319366455078, "Epoch 284 Step 69": 2.8836257457733154, "Epoch 284 Step 70": 2.8871169090270996, "Epoch 284 Step 71": 2.8849356174468994, "Epoch 284 Step 72": 2.888078212738037, "Epoch 284 Step 73": 2.8834431171417236, "Epoch 284 Step 74": 2.872751235961914, "Epoch 284 Step 75": 2.8798255920410156, "Epoch 284 Step 76": 2.8768832683563232, "Epoch 284 Step 77": 2.8822176456451416, "Epoch 284 Step 78": 2.882219076156616, "Epoch 284 Step 79": 2.8893980979919434, "Epoch 284 Step 80": 2.884932279586792, "Epoch 284 Step 81": 2.885427474975586, "Epoch 284 Step 82": 2.881368398666382, "Epoch 284 Step 83": 2.874804973602295, "Epoch 284 Step 84": 2.878169298171997, "Epoch 284 Step 85": 2.892713785171509, "Epoch 284 Step 86": 2.887375831604004, "Epoch 284 Step 87": 2.874519109725952, "Epoch 284 Step 88": 2.890230178833008, "Epoch 284 Step 89": 2.8812928199768066}