{"Epoch 742 Step 0": 2.881291627883911, "Epoch 742 Step 1": 2.8775486946105957, "Epoch 742 Step 2": 2.883056879043579, "Epoch 742 Step 3": 2.882866382598877, "Epoch 742 Step 4": 2.890875816345215, "Epoch 742 Step 5": 2.8849806785583496, "Epoch 742 Step 6": 2.8855092525482178, "Epoch 742 Step 7": 2.8812618255615234, "Epoch 742 Step 8": 2.875565528869629, "Epoch 742 Step 9": 2.879559278488159, "Epoch 742 Step 10": 2.8941783905029297, "Epoch 742 Step 11": 2.8880443572998047, "Epoch 742 Step 12": 2.874328136444092, "Epoch 742 Step 13": 2.8905739784240723, "Epoch 742 Step 14": 2.882209062576294, "Epoch 742 Step 15": 2.8763670921325684, "Epoch 742 Step 16": 2.873229742050171, "Epoch 742 Step 17": 2.8820884227752686, "Epoch 742 Step 18": 2.887723684310913, "Epoch 742 Step 19": 2.8802852630615234, "Epoch 742 Step 20": 2.8791019916534424, "Epoch 742 Step 21": 2.878384590148926, "Epoch 742 Step 22": 2.8759899139404297, "Epoch 742 Step 23": 2.887752056121826, "Epoch 742 Step 24": 2.8750507831573486, "Epoch 742 Step 25": 2.8915317058563232, "Epoch 742 Step 26": 2.87107515335083, "Epoch 742 Step 27": 2.8746752738952637, "Epoch 742 Step 28": 2.879716634750366, "Epoch 742 Step 29": 2.868088483810425, "Epoch 742 Step 30": 2.887423515319824, "Epoch 742 Step 31": 2.881504535675049, "Epoch 742 Step 32": 2.8868818283081055, "Epoch 742 Step 33": 2.8934149742126465, "Epoch 742 Step 34": 2.886378765106201, "Epoch 742 Step 35": 2.878782272338867, "Epoch 742 Step 36": 2.885300636291504, "Epoch 742 Step 37": 2.8957581520080566, "Epoch 742 Step 38": 2.8929731845855713, "Epoch 742 Step 39": 2.891669511795044, "Epoch 742 Step 40": 2.8882086277008057, "Epoch 742 Step 41": 2.8875792026519775, "Epoch 742 Step 42": 2.8906238079071045, "Epoch 742 Step 43": 2.9065873622894287, "Epoch 742 Step 44": 2.899200439453125, "Epoch 742 Step 45": 2.899930477142334, "Epoch 742 Step 46": 2.875056266784668, "Epoch 742 Step 47": 2.8884403705596924, "Epoch 742 Step 48": 2.8930842876434326, "Epoch 742 Step 49": 2.874964714050293, "Epoch 742 Step 50": 2.88662052154541, "Epoch 742 Step 51": 2.8870670795440674, "Epoch 742 Step 52": 2.8916726112365723, "Epoch 742 Step 53": 2.8951566219329834, "Epoch 742 Step 54": 2.8811893463134766, "Epoch 742 Step 55": 2.893080711364746, "Epoch 742 Step 56": 2.877889394760132, "Epoch 742 Step 57": 2.884547710418701, "Epoch 742 Step 58": 2.8776397705078125, "Epoch 742 Step 59": 2.8910741806030273, "Epoch 742 Step 60": 2.8781607151031494, "Epoch 742 Step 61": 2.8832321166992188, "Epoch 742 Step 62": 2.888615608215332, "Epoch 742 Step 63": 2.8735501766204834, "Epoch 742 Step 64": 2.8726918697357178, "Epoch 742 Step 65": 2.872446298599243, "Epoch 742 Step 66": 2.888305902481079, "Epoch 742 Step 67": 2.8814401626586914, "Epoch 742 Step 68": 2.87738037109375, "Epoch 742 Step 69": 2.891541004180908, "Epoch 742 Step 70": 2.895142078399658, "Epoch 742 Step 71": 2.8806312084198, "Epoch 742 Step 72": 2.8757245540618896, "Epoch 742 Step 73": 2.8876893520355225, "Epoch 742 Step 74": 2.8924076557159424, "Epoch 742 Step 75": 2.8798372745513916, "Epoch 742 Step 76": 2.88210391998291, "Epoch 742 Step 77": 2.878236770629883, "Epoch 742 Step 78": 2.8877642154693604, "Epoch 742 Step 79": 2.873617172241211, "Epoch 742 Step 80": 2.8852951526641846, "Epoch 742 Step 81": 2.8792970180511475, "Epoch 742 Step 82": 2.8829381465911865, "Epoch 742 Step 83": 2.8851606845855713, "Epoch 742 Step 84": 2.8710134029388428, "Epoch 742 Step 85": 2.8852100372314453, "Epoch 742 Step 86": 2.887505292892456, "Epoch 742 Step 87": 2.886120080947876, "Epoch 742 Step 88": 2.8895835876464844, "Epoch 742 Step 89": 2.8848347663879395}