{"Epoch 429 Step 0": 2.888259172439575, "Epoch 429 Step 1": 2.885817766189575, "Epoch 429 Step 2": 2.8822221755981445, "Epoch 429 Step 3": 2.904087781906128, "Epoch 429 Step 4": 2.8987624645233154, "Epoch 429 Step 5": 2.8994932174682617, "Epoch 429 Step 6": 2.875115394592285, "Epoch 429 Step 7": 2.888195037841797, "Epoch 429 Step 8": 2.8922648429870605, "Epoch 429 Step 9": 2.875532388687134, "Epoch 429 Step 10": 2.8863465785980225, "Epoch 429 Step 11": 2.8865439891815186, "Epoch 429 Step 12": 2.8911077976226807, "Epoch 429 Step 13": 2.895418643951416, "Epoch 429 Step 14": 2.881788730621338, "Epoch 429 Step 15": 2.8932998180389404, "Epoch 429 Step 16": 2.8778932094573975, "Epoch 429 Step 17": 2.8842215538024902, "Epoch 429 Step 18": 2.8777472972869873, "Epoch 429 Step 19": 2.8911662101745605, "Epoch 429 Step 20": 2.8782429695129395, "Epoch 429 Step 21": 2.882711887359619, "Epoch 429 Step 22": 2.8886184692382812, "Epoch 429 Step 23": 2.873302936553955, "Epoch 429 Step 24": 2.8719592094421387, "Epoch 429 Step 25": 2.871809720993042, "Epoch 429 Step 26": 2.888638973236084, "Epoch 429 Step 27": 2.8824658393859863, "Epoch 429 Step 28": 2.877377510070801, "Epoch 429 Step 29": 2.89088773727417, "Epoch 429 Step 30": 2.895728349685669, "Epoch 429 Step 31": 2.880885124206543, "Epoch 429 Step 32": 2.8761260509490967, "Epoch 429 Step 33": 2.887010335922241, "Epoch 429 Step 34": 2.8910133838653564, "Epoch 429 Step 35": 2.8815574645996094, "Epoch 429 Step 36": 2.8829703330993652, "Epoch 429 Step 37": 2.8778233528137207, "Epoch 429 Step 38": 2.887760639190674, "Epoch 429 Step 39": 2.873598575592041, "Epoch 429 Step 40": 2.885392904281616, "Epoch 429 Step 41": 2.879120349884033, "Epoch 429 Step 42": 2.883652448654175, "Epoch 429 Step 43": 2.884901285171509, "Epoch 429 Step 44": 2.871138095855713, "Epoch 429 Step 45": 2.8846445083618164, "Epoch 429 Step 46": 2.8880701065063477, "Epoch 429 Step 47": 2.8859622478485107, "Epoch 429 Step 48": 2.8894190788269043, "Epoch 429 Step 49": 2.8845574855804443, "Epoch 429 Step 50": 2.8726611137390137, "Epoch 429 Step 51": 2.8817577362060547, "Epoch 429 Step 52": 2.8774163722991943, "Epoch 429 Step 53": 2.882737398147583, "Epoch 429 Step 54": 2.883411407470703, "Epoch 429 Step 55": 2.890512704849243, "Epoch 429 Step 56": 2.8850088119506836, "Epoch 429 Step 57": 2.88503360748291, "Epoch 429 Step 58": 2.8810055255889893, "Epoch 429 Step 59": 2.8748879432678223, "Epoch 429 Step 60": 2.879702091217041, "Epoch 429 Step 61": 2.894054889678955, "Epoch 429 Step 62": 2.887955904006958, "Epoch 429 Step 63": 2.874732732772827, "Epoch 429 Step 64": 2.8907363414764404, "Epoch 429 Step 65": 2.881796360015869, "Epoch 429 Step 66": 2.8758556842803955, "Epoch 429 Step 67": 2.8727290630340576, "Epoch 429 Step 68": 2.8820743560791016, "Epoch 429 Step 69": 2.8878719806671143, "Epoch 429 Step 70": 2.8811402320861816, "Epoch 429 Step 71": 2.879042387008667, "Epoch 429 Step 72": 2.8787851333618164, "Epoch 429 Step 73": 2.876236915588379, "Epoch 429 Step 74": 2.8879647254943848, "Epoch 429 Step 75": 2.8746249675750732, "Epoch 429 Step 76": 2.891444206237793, "Epoch 429 Step 77": 2.8717870712280273, "Epoch 429 Step 78": 2.874674081802368, "Epoch 429 Step 79": 2.879619598388672, "Epoch 429 Step 80": 2.868253231048584, "Epoch 429 Step 81": 2.887057065963745, "Epoch 429 Step 82": 2.8814127445220947, "Epoch 429 Step 83": 2.886660099029541, "Epoch 429 Step 84": 2.8935916423797607, "Epoch 429 Step 85": 2.886625289916992, "Epoch 429 Step 86": 2.878164052963257, "Epoch 429 Step 87": 2.8850390911102295, "Epoch 429 Step 88": 2.895482063293457, "Epoch 429 Step 89": 2.8939082622528076}