{"Epoch 311 Step 0": 2.8850746154785156, "Epoch 311 Step 1": 2.879077911376953, "Epoch 311 Step 2": 2.8826816082000732, "Epoch 311 Step 3": 2.8844900131225586, "Epoch 311 Step 4": 2.8711583614349365, "Epoch 311 Step 5": 2.8849730491638184, "Epoch 311 Step 6": 2.887523651123047, "Epoch 311 Step 7": 2.8854222297668457, "Epoch 311 Step 8": 2.8897621631622314, "Epoch 311 Step 9": 2.88445782661438, "Epoch 311 Step 10": 2.8723437786102295, "Epoch 311 Step 11": 2.880389928817749, "Epoch 311 Step 12": 2.8770689964294434, "Epoch 311 Step 13": 2.882580280303955, "Epoch 311 Step 14": 2.8827877044677734, "Epoch 311 Step 15": 2.890540599822998, "Epoch 311 Step 16": 2.884500026702881, "Epoch 311 Step 17": 2.884876012802124, "Epoch 311 Step 18": 2.8809845447540283, "Epoch 311 Step 19": 2.8757762908935547, "Epoch 311 Step 20": 2.8795270919799805, "Epoch 311 Step 21": 2.893733263015747, "Epoch 311 Step 22": 2.8878376483917236, "Epoch 311 Step 23": 2.8737871646881104, "Epoch 311 Step 24": 2.8907294273376465, "Epoch 311 Step 25": 2.8822898864746094, "Epoch 311 Step 26": 2.875760555267334, "Epoch 311 Step 27": 2.8721091747283936, "Epoch 311 Step 28": 2.8817083835601807, "Epoch 311 Step 29": 2.8873977661132812, "Epoch 311 Step 30": 2.8801703453063965, "Epoch 311 Step 31": 2.8792126178741455, "Epoch 311 Step 32": 2.87823224067688, "Epoch 311 Step 33": 2.87644362449646, "Epoch 311 Step 34": 2.8870344161987305, "Epoch 311 Step 35": 2.874173164367676, "Epoch 311 Step 36": 2.8907909393310547, "Epoch 311 Step 37": 2.8713254928588867, "Epoch 311 Step 38": 2.8744571208953857, "Epoch 311 Step 39": 2.8794662952423096, "Epoch 311 Step 40": 2.867868661880493, "Epoch 311 Step 41": 2.8869147300720215, "Epoch 311 Step 42": 2.8815507888793945, "Epoch 311 Step 43": 2.8868913650512695, "Epoch 311 Step 44": 2.8932623863220215, "Epoch 311 Step 45": 2.8861539363861084, "Epoch 311 Step 46": 2.878303289413452, "Epoch 311 Step 47": 2.8850388526916504, "Epoch 311 Step 48": 2.8950469493865967, "Epoch 311 Step 49": 2.89450740814209, "Epoch 311 Step 50": 2.8927559852600098, "Epoch 311 Step 51": 2.888000726699829, "Epoch 311 Step 52": 2.8868441581726074, "Epoch 311 Step 53": 2.8852579593658447, "Epoch 311 Step 54": 2.9051010608673096, "Epoch 311 Step 55": 2.903095006942749, "Epoch 311 Step 56": 2.8979249000549316, "Epoch 311 Step 57": 2.8758490085601807, "Epoch 311 Step 58": 2.8898138999938965, "Epoch 311 Step 59": 2.8933379650115967, "Epoch 311 Step 60": 2.8743879795074463, "Epoch 311 Step 61": 2.886211633682251, "Epoch 311 Step 62": 2.8870811462402344, "Epoch 311 Step 63": 2.8920907974243164, "Epoch 311 Step 64": 2.8961760997772217, "Epoch 311 Step 65": 2.8818774223327637, "Epoch 311 Step 66": 2.8928446769714355, "Epoch 311 Step 67": 2.8798532485961914, "Epoch 311 Step 68": 2.8863518238067627, "Epoch 311 Step 69": 2.878788471221924, "Epoch 311 Step 70": 2.8922171592712402, "Epoch 311 Step 71": 2.8782918453216553, "Epoch 311 Step 72": 2.882899522781372, "Epoch 311 Step 73": 2.8883237838745117, "Epoch 311 Step 74": 2.8739819526672363, "Epoch 311 Step 75": 2.871878147125244, "Epoch 311 Step 76": 2.872833013534546, "Epoch 311 Step 77": 2.888228178024292, "Epoch 311 Step 78": 2.8816659450531006, "Epoch 311 Step 79": 2.8773601055145264, "Epoch 311 Step 80": 2.8914361000061035, "Epoch 311 Step 81": 2.8959994316101074, "Epoch 311 Step 82": 2.8803658485412598, "Epoch 311 Step 83": 2.875547170639038, "Epoch 311 Step 84": 2.887430191040039, "Epoch 311 Step 85": 2.8914196491241455, "Epoch 311 Step 86": 2.8803799152374268, "Epoch 311 Step 87": 2.88152813911438, "Epoch 311 Step 88": 2.8770453929901123, "Epoch 311 Step 89": 2.887988567352295}