{"Epoch 39 Step 0": 2.8831846714019775, "Epoch 39 Step 1": 2.8722715377807617, "Epoch 39 Step 2": 2.878389358520508, "Epoch 39 Step 3": 2.877183675765991, "Epoch 39 Step 4": 2.882431745529175, "Epoch 39 Step 5": 2.8795785903930664, "Epoch 39 Step 6": 2.888944149017334, "Epoch 39 Step 7": 2.8840019702911377, "Epoch 39 Step 8": 2.884061813354492, "Epoch 39 Step 9": 2.880899429321289, "Epoch 39 Step 10": 2.8729002475738525, "Epoch 39 Step 11": 2.877411127090454, "Epoch 39 Step 12": 2.8917601108551025, "Epoch 39 Step 13": 2.887038469314575, "Epoch 39 Step 14": 2.872304677963257, "Epoch 39 Step 15": 2.8884024620056152, "Epoch 39 Step 16": 2.880479574203491, "Epoch 39 Step 17": 2.8743178844451904, "Epoch 39 Step 18": 2.8698909282684326, "Epoch 39 Step 19": 2.88154673576355, "Epoch 39 Step 20": 2.8856072425842285, "Epoch 39 Step 21": 2.878795623779297, "Epoch 39 Step 22": 2.877744197845459, "Epoch 39 Step 23": 2.8771800994873047, "Epoch 39 Step 24": 2.874769926071167, "Epoch 39 Step 25": 2.886486291885376, "Epoch 39 Step 26": 2.8715333938598633, "Epoch 39 Step 27": 2.8893966674804688, "Epoch 39 Step 28": 2.871075391769409, "Epoch 39 Step 29": 2.8729591369628906, "Epoch 39 Step 30": 2.87791109085083, "Epoch 39 Step 31": 2.867313861846924, "Epoch 39 Step 32": 2.88503098487854, "Epoch 39 Step 33": 2.8802490234375, "Epoch 39 Step 34": 2.8846356868743896, "Epoch 39 Step 35": 2.8918333053588867, "Epoch 39 Step 36": 2.8855323791503906, "Epoch 39 Step 37": 2.877220630645752, "Epoch 39 Step 38": 2.8836019039154053, "Epoch 39 Step 39": 2.8943676948547363, "Epoch 39 Step 40": 2.894240140914917, "Epoch 39 Step 41": 2.891815185546875, "Epoch 39 Step 42": 2.8879377841949463, "Epoch 39 Step 43": 2.885772705078125, "Epoch 39 Step 44": 2.880600929260254, "Epoch 39 Step 45": 2.904031991958618, "Epoch 39 Step 46": 2.898102283477783, "Epoch 39 Step 47": 2.894538640975952, "Epoch 39 Step 48": 2.8756654262542725, "Epoch 39 Step 49": 2.889172315597534, "Epoch 39 Step 50": 2.8923091888427734, "Epoch 39 Step 51": 2.873990058898926, "Epoch 39 Step 52": 2.8851211071014404, "Epoch 39 Step 53": 2.885505437850952, "Epoch 39 Step 54": 2.890618324279785, "Epoch 39 Step 55": 2.894953727722168, "Epoch 39 Step 56": 2.8798420429229736, "Epoch 39 Step 57": 2.89193058013916, "Epoch 39 Step 58": 2.8755881786346436, "Epoch 39 Step 59": 2.8843629360198975, "Epoch 39 Step 60": 2.8744633197784424, "Epoch 39 Step 61": 2.890002727508545, "Epoch 39 Step 62": 2.8758935928344727, "Epoch 39 Step 63": 2.881530523300171, "Epoch 39 Step 64": 2.888495445251465, "Epoch 39 Step 65": 2.87127423286438, "Epoch 39 Step 66": 2.871029853820801, "Epoch 39 Step 67": 2.8713626861572266, "Epoch 39 Step 68": 2.8875839710235596, "Epoch 39 Step 69": 2.8821427822113037, "Epoch 39 Step 70": 2.8759868144989014, "Epoch 39 Step 71": 2.889927625656128, "Epoch 39 Step 72": 2.894240617752075, "Epoch 39 Step 73": 2.879193067550659, "Epoch 39 Step 74": 2.875929355621338, "Epoch 39 Step 75": 2.885683298110962, "Epoch 39 Step 76": 2.889552116394043, "Epoch 39 Step 77": 2.880354404449463, "Epoch 39 Step 78": 2.881880521774292, "Epoch 39 Step 79": 2.8756041526794434, "Epoch 39 Step 80": 2.886286497116089, "Epoch 39 Step 81": 2.872634172439575, "Epoch 39 Step 82": 2.8849267959594727, "Epoch 39 Step 83": 2.877997875213623, "Epoch 39 Step 84": 2.8820908069610596, "Epoch 39 Step 85": 2.8831048011779785, "Epoch 39 Step 86": 2.8696749210357666, "Epoch 39 Step 87": 2.884485960006714, "Epoch 39 Step 88": 2.8865954875946045, "Epoch 39 Step 89": 2.882432699203491}