{"Epoch 348 Step 0": 2.8869872093200684, "Epoch 348 Step 1": 2.8810911178588867, "Epoch 348 Step 2": 2.8868532180786133, "Epoch 348 Step 3": 2.892893075942993, "Epoch 348 Step 4": 2.886622667312622, "Epoch 348 Step 5": 2.8781251907348633, "Epoch 348 Step 6": 2.8845431804656982, "Epoch 348 Step 7": 2.8955230712890625, "Epoch 348 Step 8": 2.8944718837738037, "Epoch 348 Step 9": 2.8930888175964355, "Epoch 348 Step 10": 2.887585401535034, "Epoch 348 Step 11": 2.8863377571105957, "Epoch 348 Step 12": 2.883958578109741, "Epoch 348 Step 13": 2.9057209491729736, "Epoch 348 Step 14": 2.90006685256958, "Epoch 348 Step 15": 2.897566318511963, "Epoch 348 Step 16": 2.876945734024048, "Epoch 348 Step 17": 2.889812707901001, "Epoch 348 Step 18": 2.8930583000183105, "Epoch 348 Step 19": 2.8752074241638184, "Epoch 348 Step 20": 2.8866991996765137, "Epoch 348 Step 21": 2.8874804973602295, "Epoch 348 Step 22": 2.8923723697662354, "Epoch 348 Step 23": 2.8960540294647217, "Epoch 348 Step 24": 2.882319211959839, "Epoch 348 Step 25": 2.892904043197632, "Epoch 348 Step 26": 2.87947154045105, "Epoch 348 Step 27": 2.885709762573242, "Epoch 348 Step 28": 2.877955198287964, "Epoch 348 Step 29": 2.8918991088867188, "Epoch 348 Step 30": 2.8777573108673096, "Epoch 348 Step 31": 2.8832123279571533, "Epoch 348 Step 32": 2.889072895050049, "Epoch 348 Step 33": 2.8732521533966064, "Epoch 348 Step 34": 2.8716936111450195, "Epoch 348 Step 35": 2.8724803924560547, "Epoch 348 Step 36": 2.8885278701782227, "Epoch 348 Step 37": 2.8825128078460693, "Epoch 348 Step 38": 2.878264904022217, "Epoch 348 Step 39": 2.889685869216919, "Epoch 348 Step 40": 2.8951549530029297, "Epoch 348 Step 41": 2.8806262016296387, "Epoch 348 Step 42": 2.8760950565338135, "Epoch 348 Step 43": 2.8873331546783447, "Epoch 348 Step 44": 2.8914828300476074, "Epoch 348 Step 45": 2.8810651302337646, "Epoch 348 Step 46": 2.8818254470825195, "Epoch 348 Step 47": 2.8774831295013428, "Epoch 348 Step 48": 2.887949228286743, "Epoch 348 Step 49": 2.873839855194092, "Epoch 348 Step 50": 2.885345697402954, "Epoch 348 Step 51": 2.879403591156006, "Epoch 348 Step 52": 2.8828659057617188, "Epoch 348 Step 53": 2.884777069091797, "Epoch 348 Step 54": 2.8712501525878906, "Epoch 348 Step 55": 2.884829521179199, "Epoch 348 Step 56": 2.8875532150268555, "Epoch 348 Step 57": 2.885838031768799, "Epoch 348 Step 58": 2.8892533779144287, "Epoch 348 Step 59": 2.8845090866088867, "Epoch 348 Step 60": 2.872576951980591, "Epoch 348 Step 61": 2.881073236465454, "Epoch 348 Step 62": 2.8772597312927246, "Epoch 348 Step 63": 2.8827970027923584, "Epoch 348 Step 64": 2.8829236030578613, "Epoch 348 Step 65": 2.8902201652526855, "Epoch 348 Step 66": 2.8850314617156982, "Epoch 348 Step 67": 2.8853211402893066, "Epoch 348 Step 68": 2.8815057277679443, "Epoch 348 Step 69": 2.8755288124084473, "Epoch 348 Step 70": 2.879366874694824, "Epoch 348 Step 71": 2.893893003463745, "Epoch 348 Step 72": 2.8879692554473877, "Epoch 348 Step 73": 2.874453067779541, "Epoch 348 Step 74": 2.8906750679016113, "Epoch 348 Step 75": 2.882197380065918, "Epoch 348 Step 76": 2.8758437633514404, "Epoch 348 Step 77": 2.8727879524230957, "Epoch 348 Step 78": 2.8817577362060547, "Epoch 348 Step 79": 2.8875699043273926, "Epoch 348 Step 80": 2.880525827407837, "Epoch 348 Step 81": 2.878690242767334, "Epoch 348 Step 82": 2.8786609172821045, "Epoch 348 Step 83": 2.876133918762207, "Epoch 348 Step 84": 2.887437343597412, "Epoch 348 Step 85": 2.875502586364746, "Epoch 348 Step 86": 2.8911895751953125, "Epoch 348 Step 87": 2.8714420795440674, "Epoch 348 Step 88": 2.8752923011779785, "Epoch 348 Step 89": 2.8791046142578125}