{"Epoch 39 Step 0": 2.844348907470703, "Epoch 39 Step 1": 2.844205856323242, "Epoch 39 Step 2": 2.871195077896118, "Epoch 39 Step 3": 2.8634700775146484, "Epoch 39 Step 4": 2.862771511077881, "Epoch 39 Step 5": 2.865569591522217, "Epoch 39 Step 6": 2.866046905517578, "Epoch 39 Step 7": 2.8562729358673096, "Epoch 39 Step 8": 2.8631982803344727, "Epoch 39 Step 9": 2.8598995208740234, "Epoch 39 Step 10": 2.8507463932037354, "Epoch 39 Step 11": 2.8488411903381348, "Epoch 39 Step 12": 2.813955783843994, "Epoch 39 Step 13": 2.848917245864868, "Epoch 39 Step 14": 2.8694140911102295, "Epoch 39 Step 15": 2.8384547233581543, "Epoch 39 Step 16": 2.833897590637207, "Epoch 39 Step 17": 2.8845160007476807, "Epoch 39 Step 18": 2.856666088104248, "Epoch 39 Step 19": 2.8762056827545166, "Epoch 39 Step 20": 2.8799233436584473, "Epoch 39 Step 21": 2.864515542984009, "Epoch 39 Step 22": 2.8430604934692383, "Epoch 39 Step 23": 2.8765769004821777, "Epoch 39 Step 24": 2.8737845420837402, "Epoch 39 Step 25": 2.867392063140869, "Epoch 39 Step 26": 2.863802194595337, "Epoch 39 Step 27": 2.8769748210906982, "Epoch 39 Step 28": 2.885401964187622, "Epoch 39 Step 29": 2.803532361984253, "Epoch 39 Step 30": 2.8454437255859375, "Epoch 39 Step 31": 2.773681402206421, "Epoch 39 Step 32": 2.8275187015533447, "Epoch 39 Step 33": 2.876077890396118, "Epoch 39 Step 34": 2.8686041831970215, "Epoch 39 Step 35": 2.8819780349731445, "Epoch 39 Step 36": 2.8681399822235107, "Epoch 39 Step 37": 2.737805128097534, "Epoch 39 Step 38": 2.6751301288604736, "Epoch 39 Step 39": 2.8082096576690674, "Epoch 39 Step 40": 2.879896402359009, "Epoch 39 Step 41": 2.86909818649292, "Epoch 39 Step 42": 2.8502538204193115, "Epoch 39 Step 43": 2.859954595565796, "Epoch 39 Step 44": 2.8750033378601074, "Epoch 39 Step 45": 2.8744211196899414, "Epoch 39 Step 46": 2.878734588623047, "Epoch 39 Step 47": 2.8642382621765137, "Epoch 39 Step 48": 2.87933349609375, "Epoch 39 Step 49": 2.879271984100342, "Epoch 39 Step 50": 2.8391828536987305, "Epoch 39 Step 51": 2.8486177921295166, "Epoch 39 Step 52": 2.8574106693267822, "Epoch 39 Step 53": 2.860285997390747, "Epoch 39 Step 54": 2.8746261596679688, "Epoch 39 Step 55": 2.867658853530884, "Epoch 39 Step 56": 2.8719215393066406, "Epoch 39 Step 57": 2.8733294010162354, "Epoch 39 Step 58": 2.866957187652588, "Epoch 39 Step 59": 2.88748836517334, "Epoch 39 Step 60": 2.863286018371582, "Epoch 39 Step 61": 2.871922016143799, "Epoch 39 Step 62": 2.882988929748535, "Epoch 39 Step 63": 2.877187490463257, "Epoch 39 Step 64": 2.8720927238464355, "Epoch 39 Step 65": 2.875135898590088, "Epoch 39 Step 66": 2.8570494651794434, "Epoch 39 Step 67": 2.835935354232788, "Epoch 39 Step 68": 2.8624682426452637, "Epoch 39 Step 69": 2.872483968734741, "Epoch 39 Step 70": 2.834143877029419, "Epoch 39 Step 71": 2.8574371337890625, "Epoch 39 Step 72": 2.8621253967285156, "Epoch 39 Step 73": 2.8492183685302734, "Epoch 39 Step 74": 2.8821024894714355, "Epoch 39 Step 75": 2.853069305419922, "Epoch 39 Step 76": 2.8715603351593018, "Epoch 39 Step 77": 2.853221893310547, "Epoch 39 Step 78": 2.8695380687713623, "Epoch 39 Step 79": 2.821460485458374, "Epoch 39 Step 80": 2.8828113079071045, "Epoch 39 Step 81": 2.847149133682251, "Epoch 39 Step 82": 2.878276824951172, "Epoch 39 Step 83": 2.8652775287628174, "Epoch 39 Step 84": 2.8462986946105957, "Epoch 39 Step 85": 2.841499090194702, "Epoch 39 Step 86": 2.8624463081359863, "Epoch 39 Step 87": 2.8554701805114746, "Epoch 39 Step 88": 2.8381950855255127, "Epoch 39 Step 89": 2.877110004425049, "Epoch 39 Step 90": 2.866483211517334, "Epoch 39 Step 91": 2.860409736633301, "Epoch 39 Step 92": 2.8408780097961426, "Epoch 39 Step 93": 2.8563685417175293, "Epoch 39 Step 94": 2.858793020248413, "Epoch 39 Step 95": 2.829509973526001, "Epoch 39 Step 96": 2.848548650741577, "Epoch 39 Step 97": 2.8493666648864746, "Epoch 39 Step 98": 2.8441457748413086, "Epoch 39 Step 99": 2.8353183269500732, "Epoch 39 Step 100": 2.868927001953125, "Epoch 39 Step 101": 2.8431341648101807, "Epoch 39 Step 102": 2.878483295440674, "Epoch 39 Step 103": 2.858883857727051, "Epoch 39 Step 104": 2.837547779083252, "Epoch 39 Step 105": 2.874171495437622, "Epoch 39 Step 106": 2.8488311767578125, "Epoch 39 Step 107": 2.8577980995178223, "Epoch 39 Step 108": 2.8629531860351562, "Epoch 39 Step 109": 2.8289034366607666, "Epoch 39 Step 110": 2.8742780685424805, "Epoch 39 Step 111": 2.852940797805786, "Epoch 39 Step 112": 2.8729677200317383, "Epoch 39 Step 113": 2.8704965114593506, "Epoch 39 Step 114": 2.8908467292785645, "Epoch 39 Step 115": 2.878361701965332, "Epoch 39 Step 116": 2.8344528675079346, "Epoch 39 Step 117": 2.8709397315979004, "Epoch 39 Step 118": 2.855611562728882, "Epoch 39 Step 119": 2.8458597660064697, "Epoch 39 Step 120": 2.8537704944610596, "Epoch 39 Step 121": 2.856252670288086, "Epoch 39 Step 122": 2.8743338584899902, "Epoch 39 Step 123": 2.8588085174560547, "Epoch 39 Step 124": 2.8762454986572266, "Epoch 39 Step 125": 2.8738770484924316, "Epoch 39 Step 126": 2.8783910274505615, "Epoch 39 Step 127": 2.851677179336548, "Epoch 39 Step 128": 2.8704214096069336, "Epoch 39 Step 129": 2.8610620498657227, "Epoch 39 Step 130": 2.853886365890503, "Epoch 39 Step 131": 2.864698648452759, "Epoch 39 Step 132": 2.838554859161377, "Epoch 39 Step 133": 2.866264581680298, "Epoch 39 Step 134": 2.871492624282837, "Epoch 39 Step 135": 2.810499668121338, "Epoch 39 Step 136": 2.8513383865356445, "Epoch 39 Step 137": 2.8495984077453613, "Epoch 39 Step 138": 2.8641164302825928, "Epoch 39 Step 139": 2.8729348182678223, "Epoch 39 Step 140": 2.8420305252075195, "Epoch 39 Step 141": 2.867570400238037, "Epoch 39 Step 142": 2.8132011890411377, "Epoch 39 Step 143": 2.8488965034484863, "Epoch 39 Step 144": 2.8707263469696045, "Epoch 39 Step 145": 2.8653104305267334, "Epoch 39 Step 146": 2.857530117034912, "Epoch 39 Step 147": 2.8463430404663086, "Epoch 39 Step 148": 2.863614320755005, "Epoch 39 Step 149": 2.8509202003479004, "Epoch 39 Step 150": 2.8624343872070312, "Epoch 39 Step 151": 2.8622422218322754, "Epoch 39 Step 152": 2.8625972270965576, "Epoch 39 Step 153": 2.8546462059020996, "Epoch 39 Step 154": 2.856612205505371, "Epoch 39 Step 155": 2.832411050796509, "Epoch 39 Step 156": 2.8381481170654297, "Epoch 39 Step 157": 2.8324453830718994, "Epoch 39 Step 158": 2.8647241592407227, "Epoch 39 Step 159": 2.867767333984375, "Epoch 39 Step 160": 2.8619418144226074, "Epoch 39 Step 161": 2.8582632541656494, "Epoch 39 Step 162": 2.8524694442749023, "Epoch 39 Step 163": 2.866154193878174, "Epoch 39 Step 164": 2.886934995651245, "Epoch 39 Step 165": 2.8081891536712646, "Epoch 39 Step 166": 2.858299732208252, "Epoch 39 Step 167": 2.8520748615264893, "Epoch 39 Step 168": 2.8744704723358154, "Epoch 39 Step 169": 2.8579635620117188, "Epoch 39 Step 170": 2.8760316371917725, "Epoch 39 Step 171": 2.849649667739868, "Epoch 39 Step 172": 2.840651273727417, "Epoch 39 Step 173": 2.8485636711120605, "Epoch 39 Step 174": 2.865354537963867, "Epoch 39 Step 175": 2.850088119506836, "Epoch 39 Step 176": 2.8721842765808105, "Epoch 39 Step 177": 2.8569183349609375, "Epoch 39 Step 178": 2.8224403858184814, "Epoch 39 Step 179": 2.8494434356689453, "Epoch 39 Step 180": 2.851271629333496, "Epoch 39 Step 181": 2.84562611579895, "Epoch 39 Step 182": 2.8677592277526855, "Epoch 39 Step 183": 2.8663172721862793, "Epoch 39 Step 184": 2.866971015930176, "Epoch 39 Step 185": 2.8082025051116943, "Epoch 39 Step 186": 2.8623719215393066, "Epoch 39 Step 187": 2.8557164669036865, "Epoch 39 Step 188": 2.860457181930542, "Epoch 39 Step 189": 2.8611221313476562, "Epoch 39 Step 190": 2.8732621669769287, "Epoch 39 Step 191": 2.8680126667022705, "Epoch 39 Step 192": 2.8501222133636475, "Epoch 39 Step 193": 2.877871513366699, "Epoch 39 Step 194": 2.8732213973999023, "Epoch 39 Step 195": 2.8641092777252197, "Epoch 39 Step 196": 2.8590283393859863, "Epoch 39 Step 197": 2.866896152496338, "Epoch 39 Step 198": 2.8574604988098145,