{"Epoch 660 Step 0": 2.8828752040863037, "Epoch 660 Step 1": 2.8846588134765625, "Epoch 660 Step 2": 2.8714311122894287, "Epoch 660 Step 3": 2.8853211402893066, "Epoch 660 Step 4": 2.887465238571167, "Epoch 660 Step 5": 2.8862111568450928, "Epoch 660 Step 6": 2.8899497985839844, "Epoch 660 Step 7": 2.884308338165283, "Epoch 660 Step 8": 2.871765375137329, "Epoch 660 Step 9": 2.88100528717041, "Epoch 660 Step 10": 2.87697696685791, "Epoch 660 Step 11": 2.8830223083496094, "Epoch 660 Step 12": 2.882850170135498, "Epoch 660 Step 13": 2.8909313678741455, "Epoch 660 Step 14": 2.8845832347869873, "Epoch 660 Step 15": 2.8849031925201416, "Epoch 660 Step 16": 2.8817174434661865, "Epoch 660 Step 17": 2.87603759765625, "Epoch 660 Step 18": 2.879564046859741, "Epoch 660 Step 19": 2.893207550048828, "Epoch 660 Step 20": 2.887725830078125, "Epoch 660 Step 21": 2.873906135559082, "Epoch 660 Step 22": 2.89048433303833, "Epoch 660 Step 23": 2.8819832801818848, "Epoch 660 Step 24": 2.8751797676086426, "Epoch 660 Step 25": 2.8717920780181885, "Epoch 660 Step 26": 2.8824760913848877, "Epoch 660 Step 27": 2.887888193130493, "Epoch 660 Step 28": 2.879969835281372, "Epoch 660 Step 29": 2.878441333770752, "Epoch 660 Step 30": 2.8782215118408203, "Epoch 660 Step 31": 2.87652587890625, "Epoch 660 Step 32": 2.8878891468048096, "Epoch 660 Step 33": 2.8749189376831055, "Epoch 660 Step 34": 2.891155242919922, "Epoch 660 Step 35": 2.8708770275115967, "Epoch 660 Step 36": 2.874450922012329, "Epoch 660 Step 37": 2.8795664310455322, "Epoch 660 Step 38": 2.8680410385131836, "Epoch 660 Step 39": 2.887080430984497, "Epoch 660 Step 40": 2.881382703781128, "Epoch 660 Step 41": 2.886979579925537, "Epoch 660 Step 42": 2.8925461769104004, "Epoch 660 Step 43": 2.8865041732788086, "Epoch 660 Step 44": 2.8783605098724365, "Epoch 660 Step 45": 2.8843541145324707, "Epoch 660 Step 46": 2.895777940750122, "Epoch 660 Step 47": 2.8951499462127686, "Epoch 660 Step 48": 2.89532732963562, "Epoch 660 Step 49": 2.8883893489837646, "Epoch 660 Step 50": 2.8853201866149902, "Epoch 660 Step 51": 2.8774657249450684, "Epoch 660 Step 52": 2.9027390480041504, "Epoch 660 Step 53": 2.896566390991211, "Epoch 660 Step 54": 2.9003655910491943, "Epoch 660 Step 55": 2.8783199787139893, "Epoch 660 Step 56": 2.8895370960235596, "Epoch 660 Step 57": 2.8914291858673096, "Epoch 660 Step 58": 2.8746321201324463, "Epoch 660 Step 59": 2.8869569301605225, "Epoch 660 Step 60": 2.887103319168091, "Epoch 660 Step 61": 2.8917925357818604, "Epoch 660 Step 62": 2.8958258628845215, "Epoch 660 Step 63": 2.880720376968384, "Epoch 660 Step 64": 2.8917429447174072, "Epoch 660 Step 65": 2.878221273422241, "Epoch 660 Step 66": 2.884934902191162, "Epoch 660 Step 67": 2.8780581951141357, "Epoch 660 Step 68": 2.890510082244873, "Epoch 660 Step 69": 2.877918004989624, "Epoch 660 Step 70": 2.883000612258911, "Epoch 660 Step 71": 2.888906717300415, "Epoch 660 Step 72": 2.8740949630737305, "Epoch 660 Step 73": 2.872061252593994, "Epoch 660 Step 74": 2.8721988201141357, "Epoch 660 Step 75": 2.888544797897339, "Epoch 660 Step 76": 2.8818507194519043, "Epoch 660 Step 77": 2.877535581588745, "Epoch 660 Step 78": 2.8895859718322754, "Epoch 660 Step 79": 2.8948593139648438, "Epoch 660 Step 80": 2.8800652027130127, "Epoch 660 Step 81": 2.87628436088562, "Epoch 660 Step 82": 2.887415885925293, "Epoch 660 Step 83": 2.891227960586548, "Epoch 660 Step 84": 2.881340265274048, "Epoch 660 Step 85": 2.882762908935547, "Epoch 660 Step 86": 2.8778254985809326, "Epoch 660 Step 87": 2.8874740600585938, "Epoch 660 Step 88": 2.8742311000823975, "Epoch 660 Step 89": 2.8856406211853027}