{"Epoch 285 Step 0": 2.87556529045105, "Epoch 285 Step 1": 2.87048077583313, "Epoch 285 Step 2": 2.880587339401245, "Epoch 285 Step 3": 2.88664174079895, "Epoch 285 Step 4": 2.8795688152313232, "Epoch 285 Step 5": 2.8783438205718994, "Epoch 285 Step 6": 2.8788154125213623, "Epoch 285 Step 7": 2.8762059211730957, "Epoch 285 Step 8": 2.8872530460357666, "Epoch 285 Step 9": 2.8741354942321777, "Epoch 285 Step 10": 2.89052152633667, "Epoch 285 Step 11": 2.871556520462036, "Epoch 285 Step 12": 2.8740220069885254, "Epoch 285 Step 13": 2.8795814514160156, "Epoch 285 Step 14": 2.8669536113739014, "Epoch 285 Step 15": 2.8871002197265625, "Epoch 285 Step 16": 2.881129741668701, "Epoch 285 Step 17": 2.8866374492645264, "Epoch 285 Step 18": 2.892366647720337, "Epoch 285 Step 19": 2.886216878890991, "Epoch 285 Step 20": 2.87850284576416, "Epoch 285 Step 21": 2.8841116428375244, "Epoch 285 Step 22": 2.894930601119995, "Epoch 285 Step 23": 2.894524574279785, "Epoch 285 Step 24": 2.893101215362549, "Epoch 285 Step 25": 2.887263298034668, "Epoch 285 Step 26": 2.8866450786590576, "Epoch 285 Step 27": 2.8848676681518555, "Epoch 285 Step 28": 2.9044177532196045, "Epoch 285 Step 29": 2.9008986949920654, "Epoch 285 Step 30": 2.8977034091949463, "Epoch 285 Step 31": 2.8752033710479736, "Epoch 285 Step 32": 2.8889052867889404, "Epoch 285 Step 33": 2.8930299282073975, "Epoch 285 Step 34": 2.874948024749756, "Epoch 285 Step 35": 2.886382579803467, "Epoch 285 Step 36": 2.8868508338928223, "Epoch 285 Step 37": 2.891676902770996, "Epoch 285 Step 38": 2.8958048820495605, "Epoch 285 Step 39": 2.881380081176758, "Epoch 285 Step 40": 2.8924038410186768, "Epoch 285 Step 41": 2.8788154125213623, "Epoch 285 Step 42": 2.885181188583374, "Epoch 285 Step 43": 2.877545118331909, "Epoch 285 Step 44": 2.891097068786621, "Epoch 285 Step 45": 2.8770811557769775, "Epoch 285 Step 46": 2.88252329826355, "Epoch 285 Step 47": 2.888235569000244, "Epoch 285 Step 48": 2.8725600242614746, "Epoch 285 Step 49": 2.8706278800964355, "Epoch 285 Step 50": 2.8714287281036377, "Epoch 285 Step 51": 2.887810707092285, "Epoch 285 Step 52": 2.8824901580810547, "Epoch 285 Step 53": 2.8771705627441406, "Epoch 285 Step 54": 2.888153076171875, "Epoch 285 Step 55": 2.894988775253296, "Epoch 285 Step 56": 2.880362033843994, "Epoch 285 Step 57": 2.8763608932495117, "Epoch 285 Step 58": 2.8869645595550537, "Epoch 285 Step 59": 2.8905951976776123, "Epoch 285 Step 60": 2.8805992603302, "Epoch 285 Step 61": 2.8814940452575684, "Epoch 285 Step 62": 2.877443313598633, "Epoch 285 Step 63": 2.8872907161712646, "Epoch 285 Step 64": 2.8731298446655273, "Epoch 285 Step 65": 2.8850953578948975, "Epoch 285 Step 66": 2.879168748855591, "Epoch 285 Step 67": 2.8827717304229736, "Epoch 285 Step 68": 2.8850502967834473, "Epoch 285 Step 69": 2.8701586723327637, "Epoch 285 Step 70": 2.8838701248168945, "Epoch 285 Step 71": 2.887284517288208, "Epoch 285 Step 72": 2.8851051330566406, "Epoch 285 Step 73": 2.8888111114501953, "Epoch 285 Step 74": 2.883636236190796, "Epoch 285 Step 75": 2.8728110790252686, "Epoch 285 Step 76": 2.8796348571777344, "Epoch 285 Step 77": 2.8771963119506836, "Epoch 285 Step 78": 2.8832216262817383, "Epoch 285 Step 79": 2.882230043411255, "Epoch 285 Step 80": 2.8895468711853027, "Epoch 285 Step 81": 2.8848540782928467, "Epoch 285 Step 82": 2.8842082023620605, "Epoch 285 Step 83": 2.8808207511901855, "Epoch 285 Step 84": 2.874985694885254, "Epoch 285 Step 85": 2.878279447555542, "Epoch 285 Step 86": 2.893256187438965, "Epoch 285 Step 87": 2.8880815505981445, "Epoch 285 Step 88": 2.8732595443725586, "Epoch 285 Step 89": 2.8900725841522217}