{"Epoch 143 Step 0": 2.884786367416382, "Epoch 143 Step 1": 2.879711866378784, "Epoch 143 Step 2": 2.8746285438537598, "Epoch 143 Step 3": 2.889052629470825, "Epoch 143 Step 4": 2.892420768737793, "Epoch 143 Step 5": 2.877631187438965, "Epoch 143 Step 6": 2.875530481338501, "Epoch 143 Step 7": 2.884632110595703, "Epoch 143 Step 8": 2.8898398876190186, "Epoch 143 Step 9": 2.8761000633239746, "Epoch 143 Step 10": 2.877744197845459, "Epoch 143 Step 11": 2.8746821880340576, "Epoch 143 Step 12": 2.887378692626953, "Epoch 143 Step 13": 2.871893882751465, "Epoch 143 Step 14": 2.881167411804199, "Epoch 143 Step 15": 2.876387119293213, "Epoch 143 Step 16": 2.879819869995117, "Epoch 143 Step 17": 2.881653308868408, "Epoch 143 Step 18": 2.8665778636932373, "Epoch 143 Step 19": 2.88183856010437, "Epoch 143 Step 20": 2.884518623352051, "Epoch 143 Step 21": 2.881685256958008, "Epoch 143 Step 22": 2.885805368423462, "Epoch 143 Step 23": 2.8785154819488525, "Epoch 143 Step 24": 2.8695967197418213, "Epoch 143 Step 25": 2.877502202987671, "Epoch 143 Step 26": 2.876014232635498, "Epoch 143 Step 27": 2.8808469772338867, "Epoch 143 Step 28": 2.880772590637207, "Epoch 143 Step 29": 2.88866925239563, "Epoch 143 Step 30": 2.882948398590088, "Epoch 143 Step 31": 2.8822553157806396, "Epoch 143 Step 32": 2.8798062801361084, "Epoch 143 Step 33": 2.8723762035369873, "Epoch 143 Step 34": 2.8755717277526855, "Epoch 143 Step 35": 2.89068341255188, "Epoch 143 Step 36": 2.8852641582489014, "Epoch 143 Step 37": 2.87023663520813, "Epoch 143 Step 38": 2.886770725250244, "Epoch 143 Step 39": 2.8783609867095947, "Epoch 143 Step 40": 2.872230052947998, "Epoch 143 Step 41": 2.86816143989563, "Epoch 143 Step 42": 2.8808367252349854, "Epoch 143 Step 43": 2.8860256671905518, "Epoch 143 Step 44": 2.877682685852051, "Epoch 143 Step 45": 2.875896692276001, "Epoch 143 Step 46": 2.877760171890259, "Epoch 143 Step 47": 2.874730348587036, "Epoch 143 Step 48": 2.884160280227661, "Epoch 143 Step 49": 2.8695857524871826, "Epoch 143 Step 50": 2.8903346061706543, "Epoch 143 Step 51": 2.870527505874634, "Epoch 143 Step 52": 2.872119665145874, "Epoch 143 Step 53": 2.8781189918518066, "Epoch 143 Step 54": 2.865483045578003, "Epoch 143 Step 55": 2.885502338409424, "Epoch 143 Step 56": 2.878918170928955, "Epoch 143 Step 57": 2.8811066150665283, "Epoch 143 Step 58": 2.8909125328063965, "Epoch 143 Step 59": 2.8842568397521973, "Epoch 143 Step 60": 2.877885580062866, "Epoch 143 Step 61": 2.8810646533966064, "Epoch 143 Step 62": 2.892040252685547, "Epoch 143 Step 63": 2.894620180130005, "Epoch 143 Step 64": 2.891756534576416, "Epoch 143 Step 65": 2.885053873062134, "Epoch 143 Step 66": 2.8856582641601562, "Epoch 143 Step 67": 2.8807926177978516, "Epoch 143 Step 68": 2.901575803756714, "Epoch 143 Step 69": 2.8996336460113525, "Epoch 143 Step 70": 2.8936948776245117, "Epoch 143 Step 71": 2.8771557807922363, "Epoch 143 Step 72": 2.8893938064575195, "Epoch 143 Step 73": 2.8901705741882324, "Epoch 143 Step 74": 2.87300443649292, "Epoch 143 Step 75": 2.8879034519195557, "Epoch 143 Step 76": 2.8898565769195557, "Epoch 143 Step 77": 2.890068769454956, "Epoch 143 Step 78": 2.8933465480804443, "Epoch 143 Step 79": 2.879171848297119, "Epoch 143 Step 80": 2.8882274627685547, "Epoch 143 Step 81": 2.8785715103149414, "Epoch 143 Step 82": 2.885385751724243, "Epoch 143 Step 83": 2.8772401809692383, "Epoch 143 Step 84": 2.8888235092163086, "Epoch 143 Step 85": 2.875324010848999, "Epoch 143 Step 86": 2.8825128078460693, "Epoch 143 Step 87": 2.888396978378296, "Epoch 143 Step 88": 2.87207293510437, "Epoch 143 Step 89": 2.8718926906585693}