{"Epoch 413 Step 0": 2.878816604614258, "Epoch 413 Step 1": 2.8846895694732666, "Epoch 413 Step 2": 2.8776988983154297, "Epoch 413 Step 3": 2.8918745517730713, "Epoch 413 Step 4": 2.8778769969940186, "Epoch 413 Step 5": 2.883100748062134, "Epoch 413 Step 6": 2.889320135116577, "Epoch 413 Step 7": 2.8738315105438232, "Epoch 413 Step 8": 2.8715853691101074, "Epoch 413 Step 9": 2.8717868328094482, "Epoch 413 Step 10": 2.888293981552124, "Epoch 413 Step 11": 2.881697177886963, "Epoch 413 Step 12": 2.877368927001953, "Epoch 413 Step 13": 2.890630006790161, "Epoch 413 Step 14": 2.895068883895874, "Epoch 413 Step 15": 2.8800570964813232, "Epoch 413 Step 16": 2.8758490085601807, "Epoch 413 Step 17": 2.886958599090576, "Epoch 413 Step 18": 2.8908658027648926, "Epoch 413 Step 19": 2.8813421726226807, "Epoch 413 Step 20": 2.882504940032959, "Epoch 413 Step 21": 2.8777360916137695, "Epoch 413 Step 22": 2.887848377227783, "Epoch 413 Step 23": 2.873885154724121, "Epoch 413 Step 24": 2.885240316390991, "Epoch 413 Step 25": 2.878405809402466, "Epoch 413 Step 26": 2.882894277572632, "Epoch 413 Step 27": 2.884617805480957, "Epoch 413 Step 28": 2.871396541595459, "Epoch 413 Step 29": 2.8846068382263184, "Epoch 413 Step 30": 2.8873472213745117, "Epoch 413 Step 31": 2.88521409034729, "Epoch 413 Step 32": 2.8888754844665527, "Epoch 413 Step 33": 2.8839197158813477, "Epoch 413 Step 34": 2.873004674911499, "Epoch 413 Step 35": 2.8812484741210938, "Epoch 413 Step 36": 2.877375602722168, "Epoch 413 Step 37": 2.8820478916168213, "Epoch 413 Step 38": 2.8839192390441895, "Epoch 413 Step 39": 2.891314744949341, "Epoch 413 Step 40": 2.8851876258850098, "Epoch 413 Step 41": 2.8847320079803467, "Epoch 413 Step 42": 2.880735158920288, "Epoch 413 Step 43": 2.8753485679626465, "Epoch 413 Step 44": 2.8791258335113525, "Epoch 413 Step 45": 2.894012212753296, "Epoch 413 Step 46": 2.888146162033081, "Epoch 413 Step 47": 2.874553918838501, "Epoch 413 Step 48": 2.8902342319488525, "Epoch 413 Step 49": 2.881807804107666, "Epoch 413 Step 50": 2.875621795654297, "Epoch 413 Step 51": 2.871615171432495, "Epoch 413 Step 52": 2.8826327323913574, "Epoch 413 Step 53": 2.8879570960998535, "Epoch 413 Step 54": 2.8806777000427246, "Epoch 413 Step 55": 2.8788368701934814, "Epoch 413 Step 56": 2.878303050994873, "Epoch 413 Step 57": 2.8761563301086426, "Epoch 413 Step 58": 2.887561082839966, "Epoch 413 Step 59": 2.87420654296875, "Epoch 413 Step 60": 2.89133358001709, "Epoch 413 Step 61": 2.8712539672851562, "Epoch 413 Step 62": 2.874422311782837, "Epoch 413 Step 63": 2.879680633544922, "Epoch 413 Step 64": 2.8681554794311523, "Epoch 413 Step 65": 2.886807680130005, "Epoch 413 Step 66": 2.8816020488739014, "Epoch 413 Step 67": 2.886399507522583, "Epoch 413 Step 68": 2.8931987285614014, "Epoch 413 Step 69": 2.8860535621643066, "Epoch 413 Step 70": 2.8780577182769775, "Epoch 413 Step 71": 2.884584426879883, "Epoch 413 Step 72": 2.8952906131744385, "Epoch 413 Step 73": 2.894364356994629, "Epoch 413 Step 74": 2.8927478790283203, "Epoch 413 Step 75": 2.8882827758789062, "Epoch 413 Step 76": 2.8868002891540527, "Epoch 413 Step 77": 2.884568452835083, "Epoch 413 Step 78": 2.9043092727661133, "Epoch 413 Step 79": 2.9016811847686768, "Epoch 413 Step 80": 2.898674726486206, "Epoch 413 Step 81": 2.8754003047943115, "Epoch 413 Step 82": 2.888720750808716, "Epoch 413 Step 83": 2.89337158203125, "Epoch 413 Step 84": 2.875180244445801, "Epoch 413 Step 85": 2.886260509490967, "Epoch 413 Step 86": 2.8865966796875, "Epoch 413 Step 87": 2.891679525375366, "Epoch 413 Step 88": 2.896204710006714, "Epoch 413 Step 89": 2.882047176361084}