{"Epoch 811 Step 0": 2.876224994659424, "Epoch 811 Step 1": 2.887770891189575, "Epoch 811 Step 2": 2.875120162963867, "Epoch 811 Step 3": 2.8915865421295166, "Epoch 811 Step 4": 2.871237277984619, "Epoch 811 Step 5": 2.874315023422241, "Epoch 811 Step 6": 2.8790602684020996, "Epoch 811 Step 7": 2.8677117824554443, "Epoch 811 Step 8": 2.887115955352783, "Epoch 811 Step 9": 2.8815674781799316, "Epoch 811 Step 10": 2.8871448040008545, "Epoch 811 Step 11": 2.8932600021362305, "Epoch 811 Step 12": 2.8863749504089355, "Epoch 811 Step 13": 2.8784523010253906, "Epoch 811 Step 14": 2.8842508792877197, "Epoch 811 Step 15": 2.894961357116699, "Epoch 811 Step 16": 2.8958427906036377, "Epoch 811 Step 17": 2.8950867652893066, "Epoch 811 Step 18": 2.8883752822875977, "Epoch 811 Step 19": 2.8854620456695557, "Epoch 811 Step 20": 2.8792271614074707, "Epoch 811 Step 21": 2.901609182357788, "Epoch 811 Step 22": 2.898759603500366, "Epoch 811 Step 23": 2.898165702819824, "Epoch 811 Step 24": 2.8769967555999756, "Epoch 811 Step 25": 2.8898582458496094, "Epoch 811 Step 26": 2.892432689666748, "Epoch 811 Step 27": 2.875657558441162, "Epoch 811 Step 28": 2.8867387771606445, "Epoch 811 Step 29": 2.8868026733398438, "Epoch 811 Step 30": 2.891739845275879, "Epoch 811 Step 31": 2.8954238891601562, "Epoch 811 Step 32": 2.8810324668884277, "Epoch 811 Step 33": 2.8923838138580322, "Epoch 811 Step 34": 2.878679037094116, "Epoch 811 Step 35": 2.884842872619629, "Epoch 811 Step 36": 2.878181219100952, "Epoch 811 Step 37": 2.8916385173797607, "Epoch 811 Step 38": 2.878577947616577, "Epoch 811 Step 39": 2.883533000946045, "Epoch 811 Step 40": 2.8889951705932617, "Epoch 811 Step 41": 2.8739430904388428, "Epoch 811 Step 42": 2.8720452785491943, "Epoch 811 Step 43": 2.8726894855499268, "Epoch 811 Step 44": 2.8882927894592285, "Epoch 811 Step 45": 2.8819172382354736, "Epoch 811 Step 46": 2.8773138523101807, "Epoch 811 Step 47": 2.888533592224121, "Epoch 811 Step 48": 2.894620656967163, "Epoch 811 Step 49": 2.8805699348449707, "Epoch 811 Step 50": 2.876471757888794, "Epoch 811 Step 51": 2.887474298477173, "Epoch 811 Step 52": 2.8915138244628906, "Epoch 811 Step 53": 2.8814382553100586, "Epoch 811 Step 54": 2.8832485675811768, "Epoch 811 Step 55": 2.8783440589904785, "Epoch 811 Step 56": 2.8885581493377686, "Epoch 811 Step 57": 2.8740105628967285, "Epoch 811 Step 58": 2.8855462074279785, "Epoch 811 Step 59": 2.8792777061462402, "Epoch 811 Step 60": 2.882735252380371, "Epoch 811 Step 61": 2.884763717651367, "Epoch 811 Step 62": 2.871525287628174, "Epoch 811 Step 63": 2.885647773742676, "Epoch 811 Step 64": 2.887632369995117, "Epoch 811 Step 65": 2.8858470916748047, "Epoch 811 Step 66": 2.8896889686584473, "Epoch 811 Step 67": 2.884050130844116, "Epoch 811 Step 68": 2.8725011348724365, "Epoch 811 Step 69": 2.881889820098877, "Epoch 811 Step 70": 2.8780195713043213, "Epoch 811 Step 71": 2.8830902576446533, "Epoch 811 Step 72": 2.883251905441284, "Epoch 811 Step 73": 2.8913819789886475, "Epoch 811 Step 74": 2.8842713832855225, "Epoch 811 Step 75": 2.8847901821136475, "Epoch 811 Step 76": 2.880645275115967, "Epoch 811 Step 77": 2.8757736682891846, "Epoch 811 Step 78": 2.8794403076171875, "Epoch 811 Step 79": 2.894432783126831, "Epoch 811 Step 80": 2.888291358947754, "Epoch 811 Step 81": 2.8736343383789062, "Epoch 811 Step 82": 2.890214443206787, "Epoch 811 Step 83": 2.882204055786133, "Epoch 811 Step 84": 2.8755099773406982, "Epoch 811 Step 85": 2.872713804244995, "Epoch 811 Step 86": 2.8825557231903076, "Epoch 811 Step 87": 2.8875370025634766, "Epoch 811 Step 88": 2.8807425498962402, "Epoch 811 Step 89": 2.8790252208709717}