{"Epoch 868 Step 0": 2.8782405853271484, "Epoch 868 Step 1": 2.885557174682617, "Epoch 868 Step 2": 2.8786232471466064, "Epoch 868 Step 3": 2.8923392295837402, "Epoch 868 Step 4": 2.8779425621032715, "Epoch 868 Step 5": 2.8826184272766113, "Epoch 868 Step 6": 2.8886730670928955, "Epoch 868 Step 7": 2.873351812362671, "Epoch 868 Step 8": 2.8727073669433594, "Epoch 868 Step 9": 2.8730523586273193, "Epoch 868 Step 10": 2.8885159492492676, "Epoch 868 Step 11": 2.8824844360351562, "Epoch 868 Step 12": 2.8785197734832764, "Epoch 868 Step 13": 2.8888609409332275, "Epoch 868 Step 14": 2.895411491394043, "Epoch 868 Step 15": 2.880178928375244, "Epoch 868 Step 16": 2.8758466243743896, "Epoch 868 Step 17": 2.888077735900879, "Epoch 868 Step 18": 2.8921797275543213, "Epoch 868 Step 19": 2.8805229663848877, "Epoch 868 Step 20": 2.8813600540161133, "Epoch 868 Step 21": 2.8775014877319336, "Epoch 868 Step 22": 2.8879923820495605, "Epoch 868 Step 23": 2.8737876415252686, "Epoch 868 Step 24": 2.8853442668914795, "Epoch 868 Step 25": 2.8798577785491943, "Epoch 868 Step 26": 2.883647918701172, "Epoch 868 Step 27": 2.885688543319702, "Epoch 868 Step 28": 2.8713860511779785, "Epoch 868 Step 29": 2.886310338973999, "Epoch 868 Step 30": 2.8875391483306885, "Epoch 868 Step 31": 2.8859832286834717, "Epoch 868 Step 32": 2.8896045684814453, "Epoch 868 Step 33": 2.884648084640503, "Epoch 868 Step 34": 2.8728435039520264, "Epoch 868 Step 35": 2.8810653686523438, "Epoch 868 Step 36": 2.8771440982818604, "Epoch 868 Step 37": 2.8832550048828125, "Epoch 868 Step 38": 2.8827390670776367, "Epoch 868 Step 39": 2.8905327320098877, "Epoch 868 Step 40": 2.885331392288208, "Epoch 868 Step 41": 2.8860018253326416, "Epoch 868 Step 42": 2.8822314739227295, "Epoch 868 Step 43": 2.875361919403076, "Epoch 868 Step 44": 2.8796534538269043, "Epoch 868 Step 45": 2.894313335418701, "Epoch 868 Step 46": 2.8886702060699463, "Epoch 868 Step 47": 2.8735742568969727, "Epoch 868 Step 48": 2.8908770084381104, "Epoch 868 Step 49": 2.88246750831604, "Epoch 868 Step 50": 2.8764374256134033, "Epoch 868 Step 51": 2.8732521533966064, "Epoch 868 Step 52": 2.881509304046631, "Epoch 868 Step 53": 2.8873088359832764, "Epoch 868 Step 54": 2.8800008296966553, "Epoch 868 Step 55": 2.8791682720184326, "Epoch 868 Step 56": 2.878695487976074, "Epoch 868 Step 57": 2.8767499923706055, "Epoch 868 Step 58": 2.8879904747009277, "Epoch 868 Step 59": 2.8747050762176514, "Epoch 868 Step 60": 2.890746593475342, "Epoch 868 Step 61": 2.8714916706085205, "Epoch 868 Step 62": 2.874500274658203, "Epoch 868 Step 63": 2.8792879581451416, "Epoch 868 Step 64": 2.8676745891571045, "Epoch 868 Step 65": 2.8871335983276367, "Epoch 868 Step 66": 2.881526470184326, "Epoch 868 Step 67": 2.88710355758667, "Epoch 868 Step 68": 2.8932642936706543, "Epoch 868 Step 69": 2.886338233947754, "Epoch 868 Step 70": 2.8785948753356934, "Epoch 868 Step 71": 2.8847336769104004, "Epoch 868 Step 72": 2.8954532146453857, "Epoch 868 Step 73": 2.893465518951416, "Epoch 868 Step 74": 2.8928585052490234, "Epoch 868 Step 75": 2.8877758979797363, "Epoch 868 Step 76": 2.88612699508667, "Epoch 868 Step 77": 2.8835432529449463, "Epoch 868 Step 78": 2.91150164604187, "Epoch 868 Step 79": 2.8967745304107666, "Epoch 868 Step 80": 2.9024155139923096, "Epoch 868 Step 81": 2.8767001628875732, "Epoch 868 Step 82": 2.888775587081909, "Epoch 868 Step 83": 2.893007755279541, "Epoch 868 Step 84": 2.8754327297210693, "Epoch 868 Step 85": 2.887195110321045, "Epoch 868 Step 86": 2.887147903442383, "Epoch 868 Step 87": 2.892177104949951, "Epoch 868 Step 88": 2.8966267108917236, "Epoch 868 Step 89": 2.882035970687866}