{"Epoch 460 Step 0": 2.8799827098846436, "Epoch 460 Step 1": 2.893754482269287, "Epoch 460 Step 2": 2.887728214263916, "Epoch 460 Step 3": 2.874067783355713, "Epoch 460 Step 4": 2.8908801078796387, "Epoch 460 Step 5": 2.8820462226867676, "Epoch 460 Step 6": 2.8761074542999268, "Epoch 460 Step 7": 2.8727385997772217, "Epoch 460 Step 8": 2.8815088272094727, "Epoch 460 Step 9": 2.887704610824585, "Epoch 460 Step 10": 2.8797454833984375, "Epoch 460 Step 11": 2.878194808959961, "Epoch 460 Step 12": 2.878981590270996, "Epoch 460 Step 13": 2.8766016960144043, "Epoch 460 Step 14": 2.8881168365478516, "Epoch 460 Step 15": 2.8748939037323, "Epoch 460 Step 16": 2.891047716140747, "Epoch 460 Step 17": 2.8714187145233154, "Epoch 460 Step 18": 2.874444007873535, "Epoch 460 Step 19": 2.8802719116210938, "Epoch 460 Step 20": 2.868328094482422, "Epoch 460 Step 21": 2.8869969844818115, "Epoch 460 Step 22": 2.881225824356079, "Epoch 460 Step 23": 2.886841297149658, "Epoch 460 Step 24": 2.8929314613342285, "Epoch 460 Step 25": 2.886286973953247, "Epoch 460 Step 26": 2.8783230781555176, "Epoch 460 Step 27": 2.88470458984375, "Epoch 460 Step 28": 2.895998954772949, "Epoch 460 Step 29": 2.894686222076416, "Epoch 460 Step 30": 2.893444776535034, "Epoch 460 Step 31": 2.8880088329315186, "Epoch 460 Step 32": 2.886044979095459, "Epoch 460 Step 33": 2.88071346282959, "Epoch 460 Step 34": 2.90440034866333, "Epoch 460 Step 35": 2.9000301361083984, "Epoch 460 Step 36": 2.8995590209960938, "Epoch 460 Step 37": 2.8759422302246094, "Epoch 460 Step 38": 2.888956069946289, "Epoch 460 Step 39": 2.89302921295166, "Epoch 460 Step 40": 2.8758065700531006, "Epoch 460 Step 41": 2.886807918548584, "Epoch 460 Step 42": 2.887113332748413, "Epoch 460 Step 43": 2.8912875652313232, "Epoch 460 Step 44": 2.895094871520996, "Epoch 460 Step 45": 2.8807451725006104, "Epoch 460 Step 46": 2.8913533687591553, "Epoch 460 Step 47": 2.8783457279205322, "Epoch 460 Step 48": 2.8851795196533203, "Epoch 460 Step 49": 2.878483295440674, "Epoch 460 Step 50": 2.8908395767211914, "Epoch 460 Step 51": 2.877704620361328, "Epoch 460 Step 52": 2.882793664932251, "Epoch 460 Step 53": 2.888456106185913, "Epoch 460 Step 54": 2.874091625213623, "Epoch 460 Step 55": 2.871809244155884, "Epoch 460 Step 56": 2.872917413711548, "Epoch 460 Step 57": 2.888697385787964, "Epoch 460 Step 58": 2.8816373348236084, "Epoch 460 Step 59": 2.87739634513855, "Epoch 460 Step 60": 2.8904271125793457, "Epoch 460 Step 61": 2.8948261737823486, "Epoch 460 Step 62": 2.8806138038635254, "Epoch 460 Step 63": 2.877537488937378, "Epoch 460 Step 64": 2.8869502544403076, "Epoch 460 Step 65": 2.8916068077087402, "Epoch 460 Step 66": 2.8804001808166504, "Epoch 460 Step 67": 2.882434368133545, "Epoch 460 Step 68": 2.8783810138702393, "Epoch 460 Step 69": 2.8875892162323, "Epoch 460 Step 70": 2.8737988471984863, "Epoch 460 Step 71": 2.8851757049560547, "Epoch 460 Step 72": 2.879605293273926, "Epoch 460 Step 73": 2.8829433917999268, "Epoch 460 Step 74": 2.8851821422576904, "Epoch 460 Step 75": 2.871020793914795, "Epoch 460 Step 76": 2.8854546546936035, "Epoch 460 Step 77": 2.8875114917755127, "Epoch 460 Step 78": 2.8863658905029297, "Epoch 460 Step 79": 2.8898398876190186, "Epoch 460 Step 80": 2.8843533992767334, "Epoch 460 Step 81": 2.872802495956421, "Epoch 460 Step 82": 2.880894422531128, "Epoch 460 Step 83": 2.8769683837890625, "Epoch 460 Step 84": 2.8825433254241943, "Epoch 460 Step 85": 2.8829240798950195, "Epoch 460 Step 86": 2.890761137008667, "Epoch 460 Step 87": 2.885157585144043, "Epoch 460 Step 88": 2.8854117393493652, "Epoch 460 Step 89": 2.8811724185943604}