{"Epoch 132 Step 0": 2.8750572204589844, "Epoch 132 Step 1": 2.8866806030273438, "Epoch 132 Step 2": 2.8711183071136475, "Epoch 132 Step 3": 2.883244037628174, "Epoch 132 Step 4": 2.8777785301208496, "Epoch 132 Step 5": 2.881958484649658, "Epoch 132 Step 6": 2.883258819580078, "Epoch 132 Step 7": 2.868785858154297, "Epoch 132 Step 8": 2.8823537826538086, "Epoch 132 Step 9": 2.8858160972595215, "Epoch 132 Step 10": 2.8840856552124023, "Epoch 132 Step 11": 2.8870022296905518, "Epoch 132 Step 12": 2.8829236030578613, "Epoch 132 Step 13": 2.870786666870117, "Epoch 132 Step 14": 2.878525972366333, "Epoch 132 Step 15": 2.8756041526794434, "Epoch 132 Step 16": 2.8822810649871826, "Epoch 132 Step 17": 2.8805716037750244, "Epoch 132 Step 18": 2.8885092735290527, "Epoch 132 Step 19": 2.8840596675872803, "Epoch 132 Step 20": 2.884716749191284, "Epoch 132 Step 21": 2.8805718421936035, "Epoch 132 Step 22": 2.8739278316497803, "Epoch 132 Step 23": 2.8774683475494385, "Epoch 132 Step 24": 2.891860246658325, "Epoch 132 Step 25": 2.8864121437072754, "Epoch 132 Step 26": 2.8723623752593994, "Epoch 132 Step 27": 2.888411521911621, "Epoch 132 Step 28": 2.8804924488067627, "Epoch 132 Step 29": 2.8735201358795166, "Epoch 132 Step 30": 2.868345022201538, "Epoch 132 Step 31": 2.881770372390747, "Epoch 132 Step 32": 2.8862850666046143, "Epoch 132 Step 33": 2.878249168395996, "Epoch 132 Step 34": 2.877619743347168, "Epoch 132 Step 35": 2.877580165863037, "Epoch 132 Step 36": 2.8742356300354004, "Epoch 132 Step 37": 2.8845150470733643, "Epoch 132 Step 38": 2.8717846870422363, "Epoch 132 Step 39": 2.889366865158081, "Epoch 132 Step 40": 2.87037992477417, "Epoch 132 Step 41": 2.872513771057129, "Epoch 132 Step 42": 2.8784892559051514, "Epoch 132 Step 43": 2.8653557300567627, "Epoch 132 Step 44": 2.884895086288452, "Epoch 132 Step 45": 2.880249500274658, "Epoch 132 Step 46": 2.8833134174346924, "Epoch 132 Step 47": 2.8900928497314453, "Epoch 132 Step 48": 2.88480806350708, "Epoch 132 Step 49": 2.8770458698272705, "Epoch 132 Step 50": 2.8829498291015625, "Epoch 132 Step 51": 2.8939263820648193, "Epoch 132 Step 52": 2.8932430744171143, "Epoch 132 Step 53": 2.8916704654693604, "Epoch 132 Step 54": 2.8863463401794434, "Epoch 132 Step 55": 2.885439872741699, "Epoch 132 Step 56": 2.8814172744750977, "Epoch 132 Step 57": 2.9018404483795166, "Epoch 132 Step 58": 2.8992819786071777, "Epoch 132 Step 59": 2.893907070159912, "Epoch 132 Step 60": 2.87553071975708, "Epoch 132 Step 61": 2.889270067214966, "Epoch 132 Step 62": 2.891258478164673, "Epoch 132 Step 63": 2.8729536533355713, "Epoch 132 Step 64": 2.8854458332061768, "Epoch 132 Step 65": 2.8860862255096436, "Epoch 132 Step 66": 2.8910083770751953, "Epoch 132 Step 67": 2.894134759902954, "Epoch 132 Step 68": 2.880185842514038, "Epoch 132 Step 69": 2.890230655670166, "Epoch 132 Step 70": 2.8774688243865967, "Epoch 132 Step 71": 2.8853752613067627, "Epoch 132 Step 72": 2.876786470413208, "Epoch 132 Step 73": 2.890220880508423, "Epoch 132 Step 74": 2.876358985900879, "Epoch 132 Step 75": 2.881351947784424, "Epoch 132 Step 76": 2.887031316757202, "Epoch 132 Step 77": 2.8709609508514404, "Epoch 132 Step 78": 2.869635581970215, "Epoch 132 Step 79": 2.870997667312622, "Epoch 132 Step 80": 2.8864634037017822, "Epoch 132 Step 81": 2.8802056312561035, "Epoch 132 Step 82": 2.8757002353668213, "Epoch 132 Step 83": 2.888441324234009, "Epoch 132 Step 84": 2.893294095993042, "Epoch 132 Step 85": 2.878774642944336, "Epoch 132 Step 86": 2.874994993209839, "Epoch 132 Step 87": 2.8854074478149414, "Epoch 132 Step 88": 2.8905797004699707, "Epoch 132 Step 89": 2.878427028656006}