{"Epoch 224 Step 0": 2.88224458694458, "Epoch 224 Step 1": 2.876950740814209, "Epoch 224 Step 2": 2.887335777282715, "Epoch 224 Step 3": 2.873340606689453, "Epoch 224 Step 4": 2.8852646350860596, "Epoch 224 Step 5": 2.878730535507202, "Epoch 224 Step 6": 2.88269305229187, "Epoch 224 Step 7": 2.8842811584472656, "Epoch 224 Step 8": 2.871271848678589, "Epoch 224 Step 9": 2.8840906620025635, "Epoch 224 Step 10": 2.8876380920410156, "Epoch 224 Step 11": 2.885162353515625, "Epoch 224 Step 12": 2.889000654220581, "Epoch 224 Step 13": 2.884148359298706, "Epoch 224 Step 14": 2.8721768856048584, "Epoch 224 Step 15": 2.8804144859313965, "Epoch 224 Step 16": 2.8767502307891846, "Epoch 224 Step 17": 2.882838249206543, "Epoch 224 Step 18": 2.8828141689300537, "Epoch 224 Step 19": 2.890737533569336, "Epoch 224 Step 20": 2.8849639892578125, "Epoch 224 Step 21": 2.884681224822998, "Epoch 224 Step 22": 2.8804898262023926, "Epoch 224 Step 23": 2.8748204708099365, "Epoch 224 Step 24": 2.8790557384490967, "Epoch 224 Step 25": 2.893061637878418, "Epoch 224 Step 26": 2.8874459266662598, "Epoch 224 Step 27": 2.8737680912017822, "Epoch 224 Step 28": 2.8903799057006836, "Epoch 224 Step 29": 2.881500482559204, "Epoch 224 Step 30": 2.8756535053253174, "Epoch 224 Step 31": 2.872662305831909, "Epoch 224 Step 32": 2.882228374481201, "Epoch 224 Step 33": 2.887436628341675, "Epoch 224 Step 34": 2.8800528049468994, "Epoch 224 Step 35": 2.878265857696533, "Epoch 224 Step 36": 2.878187656402588, "Epoch 224 Step 37": 2.8759853839874268, "Epoch 224 Step 38": 2.8873026371002197, "Epoch 224 Step 39": 2.8748419284820557, "Epoch 224 Step 40": 2.891813039779663, "Epoch 224 Step 41": 2.871332883834839, "Epoch 224 Step 42": 2.874119281768799, "Epoch 224 Step 43": 2.878760814666748, "Epoch 224 Step 44": 2.8676679134368896, "Epoch 224 Step 45": 2.886085033416748, "Epoch 224 Step 46": 2.8811089992523193, "Epoch 224 Step 47": 2.8859364986419678, "Epoch 224 Step 48": 2.8929531574249268, "Epoch 224 Step 49": 2.886117458343506, "Epoch 224 Step 50": 2.877368450164795, "Epoch 224 Step 51": 2.8846261501312256, "Epoch 224 Step 52": 2.895174741744995, "Epoch 224 Step 53": 2.893683910369873, "Epoch 224 Step 54": 2.8928678035736084, "Epoch 224 Step 55": 2.8864996433258057, "Epoch 224 Step 56": 2.8852779865264893, "Epoch 224 Step 57": 2.8824870586395264, "Epoch 224 Step 58": 2.9042677879333496, "Epoch 224 Step 59": 2.898380994796753, "Epoch 224 Step 60": 2.895260810852051, "Epoch 224 Step 61": 2.876330852508545, "Epoch 224 Step 62": 2.8899734020233154, "Epoch 224 Step 63": 2.892855405807495, "Epoch 224 Step 64": 2.8745105266571045, "Epoch 224 Step 65": 2.886354923248291, "Epoch 224 Step 66": 2.887352705001831, "Epoch 224 Step 67": 2.891868829727173, "Epoch 224 Step 68": 2.8954567909240723, "Epoch 224 Step 69": 2.881932258605957, "Epoch 224 Step 70": 2.892770528793335, "Epoch 224 Step 71": 2.8778579235076904, "Epoch 224 Step 72": 2.884708881378174, "Epoch 224 Step 73": 2.876868963241577, "Epoch 224 Step 74": 2.8910274505615234, "Epoch 224 Step 75": 2.8772454261779785, "Epoch 224 Step 76": 2.882488965988159, "Epoch 224 Step 77": 2.888179302215576, "Epoch 224 Step 78": 2.8723652362823486, "Epoch 224 Step 79": 2.871523141860962, "Epoch 224 Step 80": 2.872525930404663, "Epoch 224 Step 81": 2.88783597946167, "Epoch 224 Step 82": 2.8816795349121094, "Epoch 224 Step 83": 2.877703905105591, "Epoch 224 Step 84": 2.8900930881500244, "Epoch 224 Step 85": 2.8950984477996826, "Epoch 224 Step 86": 2.8806469440460205, "Epoch 224 Step 87": 2.8760735988616943, "Epoch 224 Step 88": 2.886357545852661, "Epoch 224 Step 89": 2.891062021255493}