{"Epoch 502 Step 0": 2.8784725666046143, "Epoch 502 Step 1": 2.890376567840576, "Epoch 502 Step 2": 2.877224922180176, "Epoch 502 Step 3": 2.883070945739746, "Epoch 502 Step 4": 2.888819932937622, "Epoch 502 Step 5": 2.874234676361084, "Epoch 502 Step 6": 2.872570514678955, "Epoch 502 Step 7": 2.8723464012145996, "Epoch 502 Step 8": 2.888664484024048, "Epoch 502 Step 9": 2.8825342655181885, "Epoch 502 Step 10": 2.877429246902466, "Epoch 502 Step 11": 2.889260768890381, "Epoch 502 Step 12": 2.89449405670166, "Epoch 502 Step 13": 2.8798067569732666, "Epoch 502 Step 14": 2.877312183380127, "Epoch 502 Step 15": 2.887873649597168, "Epoch 502 Step 16": 2.8916540145874023, "Epoch 502 Step 17": 2.8814046382904053, "Epoch 502 Step 18": 2.882277011871338, "Epoch 502 Step 19": 2.87772798538208, "Epoch 502 Step 20": 2.8873562812805176, "Epoch 502 Step 21": 2.8744778633117676, "Epoch 502 Step 22": 2.8855059146881104, "Epoch 502 Step 23": 2.879277467727661, "Epoch 502 Step 24": 2.88273024559021, "Epoch 502 Step 25": 2.8843839168548584, "Epoch 502 Step 26": 2.8711676597595215, "Epoch 502 Step 27": 2.8849267959594727, "Epoch 502 Step 28": 2.8879482746124268, "Epoch 502 Step 29": 2.885857105255127, "Epoch 502 Step 30": 2.8894925117492676, "Epoch 502 Step 31": 2.884289503097534, "Epoch 502 Step 32": 2.8723394870758057, "Epoch 502 Step 33": 2.8813393115997314, "Epoch 502 Step 34": 2.8770642280578613, "Epoch 502 Step 35": 2.8824572563171387, "Epoch 502 Step 36": 2.8833863735198975, "Epoch 502 Step 37": 2.891261577606201, "Epoch 502 Step 38": 2.8847134113311768, "Epoch 502 Step 39": 2.884970188140869, "Epoch 502 Step 40": 2.8809919357299805, "Epoch 502 Step 41": 2.8754875659942627, "Epoch 502 Step 42": 2.8792500495910645, "Epoch 502 Step 43": 2.8943233489990234, "Epoch 502 Step 44": 2.888251781463623, "Epoch 502 Step 45": 2.873870372772217, "Epoch 502 Step 46": 2.8905892372131348, "Epoch 502 Step 47": 2.882141590118408, "Epoch 502 Step 48": 2.875465154647827, "Epoch 502 Step 49": 2.872058391571045, "Epoch 502 Step 50": 2.882781982421875, "Epoch 502 Step 51": 2.8881828784942627, "Epoch 502 Step 52": 2.8806777000427246, "Epoch 502 Step 53": 2.879056930541992, "Epoch 502 Step 54": 2.8785321712493896, "Epoch 502 Step 55": 2.876328706741333, "Epoch 502 Step 56": 2.8879950046539307, "Epoch 502 Step 57": 2.8738129138946533, "Epoch 502 Step 58": 2.8909900188446045, "Epoch 502 Step 59": 2.871803045272827, "Epoch 502 Step 60": 2.8743996620178223, "Epoch 502 Step 61": 2.8800811767578125, "Epoch 502 Step 62": 2.8681228160858154, "Epoch 502 Step 63": 2.886861562728882, "Epoch 502 Step 64": 2.8815441131591797, "Epoch 502 Step 65": 2.8871474266052246, "Epoch 502 Step 66": 2.8935625553131104, "Epoch 502 Step 67": 2.88598370552063, "Epoch 502 Step 68": 2.878371238708496, "Epoch 502 Step 69": 2.88496470451355, "Epoch 502 Step 70": 2.8958821296691895, "Epoch 502 Step 71": 2.893686056137085, "Epoch 502 Step 72": 2.8926141262054443, "Epoch 502 Step 73": 2.8878471851348877, "Epoch 502 Step 74": 2.887345790863037, "Epoch 502 Step 75": 2.8836002349853516, "Epoch 502 Step 76": 2.9035274982452393, "Epoch 502 Step 77": 2.9033515453338623, "Epoch 502 Step 78": 2.899998426437378, "Epoch 502 Step 79": 2.875960111618042, "Epoch 502 Step 80": 2.888850450515747, "Epoch 502 Step 81": 2.8932852745056152, "Epoch 502 Step 82": 2.875124931335449, "Epoch 502 Step 83": 2.8864760398864746, "Epoch 502 Step 84": 2.8867862224578857, "Epoch 502 Step 85": 2.890786647796631, "Epoch 502 Step 86": 2.8951845169067383, "Epoch 502 Step 87": 2.8820180892944336, "Epoch 502 Step 88": 2.8927273750305176, "Epoch 502 Step 89": 2.878293991088867}