{"Epoch 657 Step 0": 2.8851475715637207, "Epoch 657 Step 1": 2.8879547119140625, "Epoch 657 Step 2": 2.886259078979492, "Epoch 657 Step 3": 2.890315294265747, "Epoch 657 Step 4": 2.884597063064575, "Epoch 657 Step 5": 2.8724472522735596, "Epoch 657 Step 6": 2.881227970123291, "Epoch 657 Step 7": 2.8774991035461426, "Epoch 657 Step 8": 2.8832457065582275, "Epoch 657 Step 9": 2.8831281661987305, "Epoch 657 Step 10": 2.890570878982544, "Epoch 657 Step 11": 2.8849120140075684, "Epoch 657 Step 12": 2.8847928047180176, "Epoch 657 Step 13": 2.8812198638916016, "Epoch 657 Step 14": 2.8767571449279785, "Epoch 657 Step 15": 2.8796162605285645, "Epoch 657 Step 16": 2.8936655521392822, "Epoch 657 Step 17": 2.888007879257202, "Epoch 657 Step 18": 2.8740739822387695, "Epoch 657 Step 19": 2.890512704849243, "Epoch 657 Step 20": 2.8827128410339355, "Epoch 657 Step 21": 2.875326633453369, "Epoch 657 Step 22": 2.8732197284698486, "Epoch 657 Step 23": 2.8822553157806396, "Epoch 657 Step 24": 2.8879168033599854, "Epoch 657 Step 25": 2.880255937576294, "Epoch 657 Step 26": 2.8787121772766113, "Epoch 657 Step 27": 2.878284454345703, "Epoch 657 Step 28": 2.8760979175567627, "Epoch 657 Step 29": 2.887712240219116, "Epoch 657 Step 30": 2.874608039855957, "Epoch 657 Step 31": 2.890928268432617, "Epoch 657 Step 32": 2.8713936805725098, "Epoch 657 Step 33": 2.8750433921813965, "Epoch 657 Step 34": 2.8799636363983154, "Epoch 657 Step 35": 2.8688716888427734, "Epoch 657 Step 36": 2.8870997428894043, "Epoch 657 Step 37": 2.881342887878418, "Epoch 657 Step 38": 2.8867735862731934, "Epoch 657 Step 39": 2.8926990032196045, "Epoch 657 Step 40": 2.8865692615509033, "Epoch 657 Step 41": 2.878664493560791, "Epoch 657 Step 42": 2.8848822116851807, "Epoch 657 Step 43": 2.895559549331665, "Epoch 657 Step 44": 2.894117593765259, "Epoch 657 Step 45": 2.8930857181549072, "Epoch 657 Step 46": 2.8874242305755615, "Epoch 657 Step 47": 2.8862626552581787, "Epoch 657 Step 48": 2.883399248123169, "Epoch 657 Step 49": 2.904431104660034, "Epoch 657 Step 50": 2.8989999294281006, "Epoch 657 Step 51": 2.899183750152588, "Epoch 657 Step 52": 2.8749334812164307, "Epoch 657 Step 53": 2.8885884284973145, "Epoch 657 Step 54": 2.892932891845703, "Epoch 657 Step 55": 2.8756113052368164, "Epoch 657 Step 56": 2.886474609375, "Epoch 657 Step 57": 2.8866963386535645, "Epoch 657 Step 58": 2.891212224960327, "Epoch 657 Step 59": 2.8951127529144287, "Epoch 657 Step 60": 2.8807895183563232, "Epoch 657 Step 61": 2.892592191696167, "Epoch 657 Step 62": 2.878141164779663, "Epoch 657 Step 63": 2.884671449661255, "Epoch 657 Step 64": 2.878117322921753, "Epoch 657 Step 65": 2.8909432888031006, "Epoch 657 Step 66": 2.877765417098999, "Epoch 657 Step 67": 2.8830246925354004, "Epoch 657 Step 68": 2.8888583183288574, "Epoch 657 Step 69": 2.8738372325897217, "Epoch 657 Step 70": 2.872112274169922, "Epoch 657 Step 71": 2.8719892501831055, "Epoch 657 Step 72": 2.8885159492492676, "Epoch 657 Step 73": 2.8821606636047363, "Epoch 657 Step 74": 2.8773303031921387, "Epoch 657 Step 75": 2.889622926712036, "Epoch 657 Step 76": 2.8949649333953857, "Epoch 657 Step 77": 2.8802006244659424, "Epoch 657 Step 78": 2.8761138916015625, "Epoch 657 Step 79": 2.8875234127044678, "Epoch 657 Step 80": 2.8917360305786133, "Epoch 657 Step 81": 2.8810291290283203, "Epoch 657 Step 82": 2.8829939365386963, "Epoch 657 Step 83": 2.8779704570770264, "Epoch 657 Step 84": 2.8876733779907227, "Epoch 657 Step 85": 2.8736209869384766, "Epoch 657 Step 86": 2.8854289054870605, "Epoch 657 Step 87": 2.879086494445801, "Epoch 657 Step 88": 2.8826897144317627, "Epoch 657 Step 89": 2.8847711086273193}