{"Epoch 674 Step 0": 2.8779778480529785, "Epoch 674 Step 1": 2.8900198936462402, "Epoch 674 Step 2": 2.89601993560791, "Epoch 674 Step 3": 2.880983352661133, "Epoch 674 Step 4": 2.8764336109161377, "Epoch 674 Step 5": 2.886944055557251, "Epoch 674 Step 6": 2.892003297805786, "Epoch 674 Step 7": 2.8804171085357666, "Epoch 674 Step 8": 2.881718635559082, "Epoch 674 Step 9": 2.8777711391448975, "Epoch 674 Step 10": 2.887559175491333, "Epoch 674 Step 11": 2.87331485748291, "Epoch 674 Step 12": 2.8852217197418213, "Epoch 674 Step 13": 2.879275321960449, "Epoch 674 Step 14": 2.8835527896881104, "Epoch 674 Step 15": 2.88517165184021, "Epoch 674 Step 16": 2.8709168434143066, "Epoch 674 Step 17": 2.8852992057800293, "Epoch 674 Step 18": 2.887718677520752, "Epoch 674 Step 19": 2.886262893676758, "Epoch 674 Step 20": 2.889455795288086, "Epoch 674 Step 21": 2.8844172954559326, "Epoch 674 Step 22": 2.872450828552246, "Epoch 674 Step 23": 2.881483316421509, "Epoch 674 Step 24": 2.876927375793457, "Epoch 674 Step 25": 2.8825137615203857, "Epoch 674 Step 26": 2.8833515644073486, "Epoch 674 Step 27": 2.8904953002929688, "Epoch 674 Step 28": 2.8849103450775146, "Epoch 674 Step 29": 2.8853931427001953, "Epoch 674 Step 30": 2.8815815448760986, "Epoch 674 Step 31": 2.8748061656951904, "Epoch 674 Step 32": 2.8798248767852783, "Epoch 674 Step 33": 2.8939859867095947, "Epoch 674 Step 34": 2.887794256210327, "Epoch 674 Step 35": 2.873960018157959, "Epoch 674 Step 36": 2.8907310962677, "Epoch 674 Step 37": 2.8824450969696045, "Epoch 674 Step 38": 2.875683546066284, "Epoch 674 Step 39": 2.8724863529205322, "Epoch 674 Step 40": 2.8820221424102783, "Epoch 674 Step 41": 2.8878250122070312, "Epoch 674 Step 42": 2.880002975463867, "Epoch 674 Step 43": 2.8783135414123535, "Epoch 674 Step 44": 2.8782100677490234, "Epoch 674 Step 45": 2.8769607543945312, "Epoch 674 Step 46": 2.887249231338501, "Epoch 674 Step 47": 2.875155448913574, "Epoch 674 Step 48": 2.8912570476531982, "Epoch 674 Step 49": 2.8712563514709473, "Epoch 674 Step 50": 2.8745224475860596, "Epoch 674 Step 51": 2.879627227783203, "Epoch 674 Step 52": 2.867663621902466, "Epoch 674 Step 53": 2.8873274326324463, "Epoch 674 Step 54": 2.881843328475952, "Epoch 674 Step 55": 2.8868839740753174, "Epoch 674 Step 56": 2.8931233882904053, "Epoch 674 Step 57": 2.8862228393554688, "Epoch 674 Step 58": 2.878786087036133, "Epoch 674 Step 59": 2.8851194381713867, "Epoch 674 Step 60": 2.895043134689331, "Epoch 674 Step 61": 2.8940651416778564, "Epoch 674 Step 62": 2.8934993743896484, "Epoch 674 Step 63": 2.8880116939544678, "Epoch 674 Step 64": 2.8858041763305664, "Epoch 674 Step 65": 2.8830809593200684, "Epoch 674 Step 66": 2.905172348022461, "Epoch 674 Step 67": 2.898678779602051, "Epoch 674 Step 68": 2.898162364959717, "Epoch 674 Step 69": 2.875319719314575, "Epoch 674 Step 70": 2.8888022899627686, "Epoch 674 Step 71": 2.8928472995758057, "Epoch 674 Step 72": 2.8752188682556152, "Epoch 674 Step 73": 2.8865747451782227, "Epoch 674 Step 74": 2.8866307735443115, "Epoch 674 Step 75": 2.891083240509033, "Epoch 674 Step 76": 2.895616292953491, "Epoch 674 Step 77": 2.881742477416992, "Epoch 674 Step 78": 2.8938605785369873, "Epoch 674 Step 79": 2.878453016281128, "Epoch 674 Step 80": 2.884617805480957, "Epoch 674 Step 81": 2.8781168460845947, "Epoch 674 Step 82": 2.8911490440368652, "Epoch 674 Step 83": 2.877578020095825, "Epoch 674 Step 84": 2.882758378982544, "Epoch 674 Step 85": 2.8887462615966797, "Epoch 674 Step 86": 2.8733441829681396, "Epoch 674 Step 87": 2.871929407119751, "Epoch 674 Step 88": 2.8722221851348877, "Epoch 674 Step 89": 2.8881163597106934}