{"Epoch 511 Step 0": 2.8749871253967285, "Epoch 511 Step 1": 2.8861875534057617, "Epoch 511 Step 2": 2.8868517875671387, "Epoch 511 Step 3": 2.8916287422180176, "Epoch 511 Step 4": 2.8961198329925537, "Epoch 511 Step 5": 2.8824286460876465, "Epoch 511 Step 6": 2.8931705951690674, "Epoch 511 Step 7": 2.878153085708618, "Epoch 511 Step 8": 2.885512351989746, "Epoch 511 Step 9": 2.8780484199523926, "Epoch 511 Step 10": 2.892526626586914, "Epoch 511 Step 11": 2.878199815750122, "Epoch 511 Step 12": 2.8827462196350098, "Epoch 511 Step 13": 2.888298273086548, "Epoch 511 Step 14": 2.8730013370513916, "Epoch 511 Step 15": 2.8717496395111084, "Epoch 511 Step 16": 2.8723888397216797, "Epoch 511 Step 17": 2.888291120529175, "Epoch 511 Step 18": 2.8824827671051025, "Epoch 511 Step 19": 2.878614664077759, "Epoch 511 Step 20": 2.890742301940918, "Epoch 511 Step 21": 2.8960092067718506, "Epoch 511 Step 22": 2.880528450012207, "Epoch 511 Step 23": 2.8761377334594727, "Epoch 511 Step 24": 2.8870458602905273, "Epoch 511 Step 25": 2.891655683517456, "Epoch 511 Step 26": 2.880600690841675, "Epoch 511 Step 27": 2.882023572921753, "Epoch 511 Step 28": 2.8779478073120117, "Epoch 511 Step 29": 2.887576103210449, "Epoch 511 Step 30": 2.8739609718322754, "Epoch 511 Step 31": 2.885500907897949, "Epoch 511 Step 32": 2.879485845565796, "Epoch 511 Step 33": 2.88301944732666, "Epoch 511 Step 34": 2.884880781173706, "Epoch 511 Step 35": 2.871344804763794, "Epoch 511 Step 36": 2.8846800327301025, "Epoch 511 Step 37": 2.8882341384887695, "Epoch 511 Step 38": 2.8859851360321045, "Epoch 511 Step 39": 2.8898515701293945, "Epoch 511 Step 40": 2.884446620941162, "Epoch 511 Step 41": 2.8722941875457764, "Epoch 511 Step 42": 2.881159782409668, "Epoch 511 Step 43": 2.877594232559204, "Epoch 511 Step 44": 2.883333444595337, "Epoch 511 Step 45": 2.883077621459961, "Epoch 511 Step 46": 2.890545129776001, "Epoch 511 Step 47": 2.8849010467529297, "Epoch 511 Step 48": 2.884718656539917, "Epoch 511 Step 49": 2.881385326385498, "Epoch 511 Step 50": 2.8758583068847656, "Epoch 511 Step 51": 2.8797316551208496, "Epoch 511 Step 52": 2.8938844203948975, "Epoch 511 Step 53": 2.887821674346924, "Epoch 511 Step 54": 2.87384295463562, "Epoch 511 Step 55": 2.890202522277832, "Epoch 511 Step 56": 2.883064031600952, "Epoch 511 Step 57": 2.875319719314575, "Epoch 511 Step 58": 2.8727309703826904, "Epoch 511 Step 59": 2.8827965259552, "Epoch 511 Step 60": 2.8881092071533203, "Epoch 511 Step 61": 2.8803205490112305, "Epoch 511 Step 62": 2.8786771297454834, "Epoch 511 Step 63": 2.878185510635376, "Epoch 511 Step 64": 2.8759536743164062, "Epoch 511 Step 65": 2.8874638080596924, "Epoch 511 Step 66": 2.874556541442871, "Epoch 511 Step 67": 2.891350746154785, "Epoch 511 Step 68": 2.871713161468506, "Epoch 511 Step 69": 2.8747129440307617, "Epoch 511 Step 70": 2.879580020904541, "Epoch 511 Step 71": 2.8682515621185303, "Epoch 511 Step 72": 2.8867685794830322, "Epoch 511 Step 73": 2.8814659118652344, "Epoch 511 Step 74": 2.8873000144958496, "Epoch 511 Step 75": 2.893798351287842, "Epoch 511 Step 76": 2.8865134716033936, "Epoch 511 Step 77": 2.8781588077545166, "Epoch 511 Step 78": 2.884852647781372, "Epoch 511 Step 79": 2.8950252532958984, "Epoch 511 Step 80": 2.8942344188690186, "Epoch 511 Step 81": 2.8934102058410645, "Epoch 511 Step 82": 2.887840986251831, "Epoch 511 Step 83": 2.8863415718078613, "Epoch 511 Step 84": 2.883497714996338, "Epoch 511 Step 85": 2.903773069381714, "Epoch 511 Step 86": 2.9006779193878174, "Epoch 511 Step 87": 2.89785099029541, "Epoch 511 Step 88": 2.875760316848755, "Epoch 511 Step 89": 2.888977289199829}