{"Epoch 42 Step 0": 2.8865134716033936, "Epoch 42 Step 1": 2.8832485675811768, "Epoch 42 Step 2": 2.886843681335449, "Epoch 42 Step 3": 2.882904529571533, "Epoch 42 Step 4": 2.8712847232818604, "Epoch 42 Step 5": 2.878340005874634, "Epoch 42 Step 6": 2.876211166381836, "Epoch 42 Step 7": 2.882248878479004, "Epoch 42 Step 8": 2.8796749114990234, "Epoch 42 Step 9": 2.8884494304656982, "Epoch 42 Step 10": 2.884714365005493, "Epoch 42 Step 11": 2.8836934566497803, "Epoch 42 Step 12": 2.881007194519043, "Epoch 42 Step 13": 2.873598575592041, "Epoch 42 Step 14": 2.878162145614624, "Epoch 42 Step 15": 2.891253709793091, "Epoch 42 Step 16": 2.8871591091156006, "Epoch 42 Step 17": 2.872816324234009, "Epoch 42 Step 18": 2.888995885848999, "Epoch 42 Step 19": 2.880521059036255, "Epoch 42 Step 20": 2.8745546340942383, "Epoch 42 Step 21": 2.8699252605438232, "Epoch 42 Step 22": 2.8804662227630615, "Epoch 42 Step 23": 2.8866591453552246, "Epoch 42 Step 24": 2.8790078163146973, "Epoch 42 Step 25": 2.878891706466675, "Epoch 42 Step 26": 2.877781391143799, "Epoch 42 Step 27": 2.8747856616973877, "Epoch 42 Step 28": 2.886181116104126, "Epoch 42 Step 29": 2.871730089187622, "Epoch 42 Step 30": 2.888615608215332, "Epoch 42 Step 31": 2.8713672161102295, "Epoch 42 Step 32": 2.8729965686798096, "Epoch 42 Step 33": 2.8789188861846924, "Epoch 42 Step 34": 2.867077589035034, "Epoch 42 Step 35": 2.8851284980773926, "Epoch 42 Step 36": 2.8807804584503174, "Epoch 42 Step 37": 2.884714365005493, "Epoch 42 Step 38": 2.891503095626831, "Epoch 42 Step 39": 2.8857409954071045, "Epoch 42 Step 40": 2.8770580291748047, "Epoch 42 Step 41": 2.8826842308044434, "Epoch 42 Step 42": 2.8941996097564697, "Epoch 42 Step 43": 2.894199848175049, "Epoch 42 Step 44": 2.892271041870117, "Epoch 42 Step 45": 2.8877248764038086, "Epoch 42 Step 46": 2.8847715854644775, "Epoch 42 Step 47": 2.878000259399414, "Epoch 42 Step 48": 2.9031119346618652, "Epoch 42 Step 49": 2.8963348865509033, "Epoch 42 Step 50": 2.8955440521240234, "Epoch 42 Step 51": 2.876429319381714, "Epoch 42 Step 52": 2.889024496078491, "Epoch 42 Step 53": 2.891833543777466, "Epoch 42 Step 54": 2.874239683151245, "Epoch 42 Step 55": 2.8852264881134033, "Epoch 42 Step 56": 2.885613441467285, "Epoch 42 Step 57": 2.8905136585235596, "Epoch 42 Step 58": 2.8951165676116943, "Epoch 42 Step 59": 2.8800692558288574, "Epoch 42 Step 60": 2.8915767669677734, "Epoch 42 Step 61": 2.8764216899871826, "Epoch 42 Step 62": 2.8843250274658203, "Epoch 42 Step 63": 2.875231981277466, "Epoch 42 Step 64": 2.890350818634033, "Epoch 42 Step 65": 2.876812219619751, "Epoch 42 Step 66": 2.881256341934204, "Epoch 42 Step 67": 2.8877217769622803, "Epoch 42 Step 68": 2.871596574783325, "Epoch 42 Step 69": 2.870838165283203, "Epoch 42 Step 70": 2.8703343868255615, "Epoch 42 Step 71": 2.8880598545074463, "Epoch 42 Step 72": 2.881411075592041, "Epoch 42 Step 73": 2.8759264945983887, "Epoch 42 Step 74": 2.8886024951934814, "Epoch 42 Step 75": 2.8942630290985107, "Epoch 42 Step 76": 2.879997968673706, "Epoch 42 Step 77": 2.876842975616455, "Epoch 42 Step 78": 2.8864221572875977, "Epoch 42 Step 79": 2.8894639015197754, "Epoch 42 Step 80": 2.8807547092437744, "Epoch 42 Step 81": 2.880995750427246, "Epoch 42 Step 82": 2.876692533493042, "Epoch 42 Step 83": 2.887220621109009, "Epoch 42 Step 84": 2.872877836227417, "Epoch 42 Step 85": 2.8842363357543945, "Epoch 42 Step 86": 2.8781039714813232, "Epoch 42 Step 87": 2.8821794986724854, "Epoch 42 Step 88": 2.8837571144104004, "Epoch 42 Step 89": 2.8696255683898926}