{"Epoch 659 Step 0": 2.884693145751953, "Epoch 659 Step 1": 2.8713693618774414, "Epoch 659 Step 2": 2.885424852371216, "Epoch 659 Step 3": 2.8878331184387207, "Epoch 659 Step 4": 2.885613203048706, "Epoch 659 Step 5": 2.8894176483154297, "Epoch 659 Step 6": 2.8848774433135986, "Epoch 659 Step 7": 2.8726108074188232, "Epoch 659 Step 8": 2.88095760345459, "Epoch 659 Step 9": 2.8769259452819824, "Epoch 659 Step 10": 2.8827686309814453, "Epoch 659 Step 11": 2.8831136226654053, "Epoch 659 Step 12": 2.8905680179595947, "Epoch 659 Step 13": 2.884871482849121, "Epoch 659 Step 14": 2.8853321075439453, "Epoch 659 Step 15": 2.881646156311035, "Epoch 659 Step 16": 2.875934362411499, "Epoch 659 Step 17": 2.8792724609375, "Epoch 659 Step 18": 2.8942646980285645, "Epoch 659 Step 19": 2.8881900310516357, "Epoch 659 Step 20": 2.873664140701294, "Epoch 659 Step 21": 2.8905365467071533, "Epoch 659 Step 22": 2.882079839706421, "Epoch 659 Step 23": 2.87556529045105, "Epoch 659 Step 24": 2.8733203411102295, "Epoch 659 Step 25": 2.8815948963165283, "Epoch 659 Step 26": 2.8877243995666504, "Epoch 659 Step 27": 2.880401849746704, "Epoch 659 Step 28": 2.878811836242676, "Epoch 659 Step 29": 2.878567934036255, "Epoch 659 Step 30": 2.8765251636505127, "Epoch 659 Step 31": 2.887971878051758, "Epoch 659 Step 32": 2.874499559402466, "Epoch 659 Step 33": 2.890403985977173, "Epoch 659 Step 34": 2.8712692260742188, "Epoch 659 Step 35": 2.8743200302124023, "Epoch 659 Step 36": 2.8794498443603516, "Epoch 659 Step 37": 2.8676366806030273, "Epoch 659 Step 38": 2.88734769821167, "Epoch 659 Step 39": 2.8820881843566895, "Epoch 659 Step 40": 2.887446165084839, "Epoch 659 Step 41": 2.8937644958496094, "Epoch 659 Step 42": 2.885798454284668, "Epoch 659 Step 43": 2.8787238597869873, "Epoch 659 Step 44": 2.8852624893188477, "Epoch 659 Step 45": 2.895023822784424, "Epoch 659 Step 46": 2.8937134742736816, "Epoch 659 Step 47": 2.8923301696777344, "Epoch 659 Step 48": 2.8890609741210938, "Epoch 659 Step 49": 2.8879435062408447, "Epoch 659 Step 50": 2.8840415477752686, "Epoch 659 Step 51": 2.9045233726501465, "Epoch 659 Step 52": 2.9024038314819336, "Epoch 659 Step 53": 2.9007909297943115, "Epoch 659 Step 54": 2.8756558895111084, "Epoch 659 Step 55": 2.8877789974212646, "Epoch 659 Step 56": 2.8925979137420654, "Epoch 659 Step 57": 2.8747379779815674, "Epoch 659 Step 58": 2.8862032890319824, "Epoch 659 Step 59": 2.8863987922668457, "Epoch 659 Step 60": 2.891096591949463, "Epoch 659 Step 61": 2.895172595977783, "Epoch 659 Step 62": 2.8821861743927, "Epoch 659 Step 63": 2.893655300140381, "Epoch 659 Step 64": 2.8781354427337646, "Epoch 659 Step 65": 2.8851332664489746, "Epoch 659 Step 66": 2.8785717487335205, "Epoch 659 Step 67": 2.891864061355591, "Epoch 659 Step 68": 2.8777716159820557, "Epoch 659 Step 69": 2.8834948539733887, "Epoch 659 Step 70": 2.8883702754974365, "Epoch 659 Step 71": 2.873291254043579, "Epoch 659 Step 72": 2.87190842628479, "Epoch 659 Step 73": 2.872539520263672, "Epoch 659 Step 74": 2.888444662094116, "Epoch 659 Step 75": 2.882420301437378, "Epoch 659 Step 76": 2.8772132396698, "Epoch 659 Step 77": 2.889843463897705, "Epoch 659 Step 78": 2.8949434757232666, "Epoch 659 Step 79": 2.88006591796875, "Epoch 659 Step 80": 2.875772476196289, "Epoch 659 Step 81": 2.8878393173217773, "Epoch 659 Step 82": 2.8919882774353027, "Epoch 659 Step 83": 2.8802261352539062, "Epoch 659 Step 84": 2.8814697265625, "Epoch 659 Step 85": 2.8776590824127197, "Epoch 659 Step 86": 2.8874711990356445, "Epoch 659 Step 87": 2.873511791229248, "Epoch 659 Step 88": 2.8851587772369385, "Epoch 659 Step 89": 2.879347562789917}