{"Epoch 176 Step 0": 2.8910014629364014, "Epoch 176 Step 1": 2.8844079971313477, "Epoch 176 Step 2": 2.8778531551361084, "Epoch 176 Step 3": 2.883610963821411, "Epoch 176 Step 4": 2.8944363594055176, "Epoch 176 Step 5": 2.8933608531951904, "Epoch 176 Step 6": 2.8917784690856934, "Epoch 176 Step 7": 2.8872148990631104, "Epoch 176 Step 8": 2.8856077194213867, "Epoch 176 Step 9": 2.8829948902130127, "Epoch 176 Step 10": 2.90267276763916, "Epoch 176 Step 11": 2.898608684539795, "Epoch 176 Step 12": 2.8973042964935303, "Epoch 176 Step 13": 2.874164581298828, "Epoch 176 Step 14": 2.8866748809814453, "Epoch 176 Step 15": 2.8911826610565186, "Epoch 176 Step 16": 2.873518466949463, "Epoch 176 Step 17": 2.8847362995147705, "Epoch 176 Step 18": 2.886281728744507, "Epoch 176 Step 19": 2.8906900882720947, "Epoch 176 Step 20": 2.8951339721679688, "Epoch 176 Step 21": 2.8802483081817627, "Epoch 176 Step 22": 2.891885757446289, "Epoch 176 Step 23": 2.876688003540039, "Epoch 176 Step 24": 2.8842360973358154, "Epoch 176 Step 25": 2.8771259784698486, "Epoch 176 Step 26": 2.889934778213501, "Epoch 176 Step 27": 2.875925302505493, "Epoch 176 Step 28": 2.8810782432556152, "Epoch 176 Step 29": 2.887448787689209, "Epoch 176 Step 30": 2.8725953102111816, "Epoch 176 Step 31": 2.8701248168945312, "Epoch 176 Step 32": 2.870706558227539, "Epoch 176 Step 33": 2.8866798877716064, "Epoch 176 Step 34": 2.880802631378174, "Epoch 176 Step 35": 2.8768820762634277, "Epoch 176 Step 36": 2.889281749725342, "Epoch 176 Step 37": 2.8927533626556396, "Epoch 176 Step 38": 2.878741979598999, "Epoch 176 Step 39": 2.8746724128723145, "Epoch 176 Step 40": 2.8852293491363525, "Epoch 176 Step 41": 2.8897814750671387, "Epoch 176 Step 42": 2.8793728351593018, "Epoch 176 Step 43": 2.8814592361450195, "Epoch 176 Step 44": 2.875638723373413, "Epoch 176 Step 45": 2.886507272720337, "Epoch 176 Step 46": 2.872152805328369, "Epoch 176 Step 47": 2.883963108062744, "Epoch 176 Step 48": 2.8771562576293945, "Epoch 176 Step 49": 2.8820929527282715, "Epoch 176 Step 50": 2.882798433303833, "Epoch 176 Step 51": 2.868680953979492, "Epoch 176 Step 52": 2.88315486907959, "Epoch 176 Step 53": 2.8862783908843994, "Epoch 176 Step 54": 2.8837387561798096, "Epoch 176 Step 55": 2.887160062789917, "Epoch 176 Step 56": 2.882662296295166, "Epoch 176 Step 57": 2.871225118637085, "Epoch 176 Step 58": 2.8797285556793213, "Epoch 176 Step 59": 2.875372886657715, "Epoch 176 Step 60": 2.881819725036621, "Epoch 176 Step 61": 2.8808481693267822, "Epoch 176 Step 62": 2.8901212215423584, "Epoch 176 Step 63": 2.884868621826172, "Epoch 176 Step 64": 2.883624315261841, "Epoch 176 Step 65": 2.8801541328430176, "Epoch 176 Step 66": 2.874601364135742, "Epoch 176 Step 67": 2.877251386642456, "Epoch 176 Step 68": 2.891331672668457, "Epoch 176 Step 69": 2.8871283531188965, "Epoch 176 Step 70": 2.8716461658477783, "Epoch 176 Step 71": 2.8884825706481934, "Epoch 176 Step 72": 2.8809006214141846, "Epoch 176 Step 73": 2.8744564056396484, "Epoch 176 Step 74": 2.870887517929077, "Epoch 176 Step 75": 2.880774736404419, "Epoch 176 Step 76": 2.8868284225463867, "Epoch 176 Step 77": 2.879176378250122, "Epoch 176 Step 78": 2.8776721954345703, "Epoch 176 Step 79": 2.877441167831421, "Epoch 176 Step 80": 2.8754544258117676, "Epoch 176 Step 81": 2.8851518630981445, "Epoch 176 Step 82": 2.8715484142303467, "Epoch 176 Step 83": 2.8892626762390137, "Epoch 176 Step 84": 2.8720481395721436, "Epoch 176 Step 85": 2.872514247894287, "Epoch 176 Step 86": 2.878038167953491, "Epoch 176 Step 87": 2.867579698562622, "Epoch 176 Step 88": 2.8860409259796143, "Epoch 176 Step 89": 2.8805088996887207}