{"Epoch 588 Step 0": 2.873821258544922, "Epoch 588 Step 1": 2.8717596530914307, "Epoch 588 Step 2": 2.8717145919799805, "Epoch 588 Step 3": 2.8886666297912598, "Epoch 588 Step 4": 2.8821065425872803, "Epoch 588 Step 5": 2.877295970916748, "Epoch 588 Step 6": 2.889601707458496, "Epoch 588 Step 7": 2.8951632976531982, "Epoch 588 Step 8": 2.8809523582458496, "Epoch 588 Step 9": 2.8763620853424072, "Epoch 588 Step 10": 2.887289524078369, "Epoch 588 Step 11": 2.8917431831359863, "Epoch 588 Step 12": 2.881103277206421, "Epoch 588 Step 13": 2.882293462753296, "Epoch 588 Step 14": 2.8776769638061523, "Epoch 588 Step 15": 2.8876633644104004, "Epoch 588 Step 16": 2.873910427093506, "Epoch 588 Step 17": 2.8857946395874023, "Epoch 588 Step 18": 2.879326105117798, "Epoch 588 Step 19": 2.883009910583496, "Epoch 588 Step 20": 2.8845202922821045, "Epoch 588 Step 21": 2.870800733566284, "Epoch 588 Step 22": 2.8849294185638428, "Epoch 588 Step 23": 2.8880395889282227, "Epoch 588 Step 24": 2.8857522010803223, "Epoch 588 Step 25": 2.889305591583252, "Epoch 588 Step 26": 2.8843181133270264, "Epoch 588 Step 27": 2.8726134300231934, "Epoch 588 Step 28": 2.8807194232940674, "Epoch 588 Step 29": 2.8769137859344482, "Epoch 588 Step 30": 2.8825278282165527, "Epoch 588 Step 31": 2.882831335067749, "Epoch 588 Step 32": 2.890838146209717, "Epoch 588 Step 33": 2.884612560272217, "Epoch 588 Step 34": 2.8848907947540283, "Epoch 588 Step 35": 2.881038188934326, "Epoch 588 Step 36": 2.875584602355957, "Epoch 588 Step 37": 2.8789052963256836, "Epoch 588 Step 38": 2.894103527069092, "Epoch 588 Step 39": 2.8880813121795654, "Epoch 588 Step 40": 2.873595952987671, "Epoch 588 Step 41": 2.890618324279785, "Epoch 588 Step 42": 2.8817622661590576, "Epoch 588 Step 43": 2.875420331954956, "Epoch 588 Step 44": 2.8719918727874756, "Epoch 588 Step 45": 2.8825175762176514, "Epoch 588 Step 46": 2.8874735832214355, "Epoch 588 Step 47": 2.8799424171447754, "Epoch 588 Step 48": 2.878601312637329, "Epoch 588 Step 49": 2.8783891201019287, "Epoch 588 Step 50": 2.8768486976623535, "Epoch 588 Step 51": 2.8874447345733643, "Epoch 588 Step 52": 2.8744170665740967, "Epoch 588 Step 53": 2.891209840774536, "Epoch 588 Step 54": 2.87129282951355, "Epoch 588 Step 55": 2.8741283416748047, "Epoch 588 Step 56": 2.879795551300049, "Epoch 588 Step 57": 2.867337703704834, "Epoch 588 Step 58": 2.887521505355835, "Epoch 588 Step 59": 2.8816802501678467, "Epoch 588 Step 60": 2.8868985176086426, "Epoch 588 Step 61": 2.892749071121216, "Epoch 588 Step 62": 2.886228561401367, "Epoch 588 Step 63": 2.8790225982666016, "Epoch 588 Step 64": 2.8845901489257812, "Epoch 588 Step 65": 2.8956210613250732, "Epoch 588 Step 66": 2.893864631652832, "Epoch 588 Step 67": 2.892937660217285, "Epoch 588 Step 68": 2.8874878883361816, "Epoch 588 Step 69": 2.8859317302703857, "Epoch 588 Step 70": 2.8835623264312744, "Epoch 588 Step 71": 2.9053263664245605, "Epoch 588 Step 72": 2.8996036052703857, "Epoch 588 Step 73": 2.898556709289551, "Epoch 588 Step 74": 2.8753926753997803, "Epoch 588 Step 75": 2.889089822769165, "Epoch 588 Step 76": 2.8929779529571533, "Epoch 588 Step 77": 2.874861240386963, "Epoch 588 Step 78": 2.8865766525268555, "Epoch 588 Step 79": 2.8867111206054688, "Epoch 588 Step 80": 2.891293525695801, "Epoch 588 Step 81": 2.8958075046539307, "Epoch 588 Step 82": 2.8815290927886963, "Epoch 588 Step 83": 2.892904043197632, "Epoch 588 Step 84": 2.878408670425415, "Epoch 588 Step 85": 2.8849849700927734, "Epoch 588 Step 86": 2.878039836883545, "Epoch 588 Step 87": 2.8915891647338867, "Epoch 588 Step 88": 2.8780951499938965, "Epoch 588 Step 89": 2.8829329013824463}