{"Epoch 654 Step 0": 2.890002489089966, "Epoch 654 Step 1": 2.884453058242798, "Epoch 654 Step 2": 2.8721582889556885, "Epoch 654 Step 3": 2.88116192817688, "Epoch 654 Step 4": 2.8769288063049316, "Epoch 654 Step 5": 2.882505178451538, "Epoch 654 Step 6": 2.8829219341278076, "Epoch 654 Step 7": 2.8909122943878174, "Epoch 654 Step 8": 2.884840726852417, "Epoch 654 Step 9": 2.885422706604004, "Epoch 654 Step 10": 2.881267786026001, "Epoch 654 Step 11": 2.8751206398010254, "Epoch 654 Step 12": 2.879770278930664, "Epoch 654 Step 13": 2.894078493118286, "Epoch 654 Step 14": 2.888033151626587, "Epoch 654 Step 15": 2.874040126800537, "Epoch 654 Step 16": 2.890580177307129, "Epoch 654 Step 17": 2.881749153137207, "Epoch 654 Step 18": 2.8757283687591553, "Epoch 654 Step 19": 2.872025966644287, "Epoch 654 Step 20": 2.8829641342163086, "Epoch 654 Step 21": 2.888018846511841, "Epoch 654 Step 22": 2.8807461261749268, "Epoch 654 Step 23": 2.879194498062134, "Epoch 654 Step 24": 2.878108024597168, "Epoch 654 Step 25": 2.8761837482452393, "Epoch 654 Step 26": 2.888129234313965, "Epoch 654 Step 27": 2.8739330768585205, "Epoch 654 Step 28": 2.891399621963501, "Epoch 654 Step 29": 2.871748685836792, "Epoch 654 Step 30": 2.8750624656677246, "Epoch 654 Step 31": 2.8798859119415283, "Epoch 654 Step 32": 2.8688859939575195, "Epoch 654 Step 33": 2.886352777481079, "Epoch 654 Step 34": 2.8812501430511475, "Epoch 654 Step 35": 2.886967420578003, "Epoch 654 Step 36": 2.8932549953460693, "Epoch 654 Step 37": 2.8859939575195312, "Epoch 654 Step 38": 2.878185272216797, "Epoch 654 Step 39": 2.8853228092193604, "Epoch 654 Step 40": 2.896334648132324, "Epoch 654 Step 41": 2.894416570663452, "Epoch 654 Step 42": 2.892681360244751, "Epoch 654 Step 43": 2.8876290321350098, "Epoch 654 Step 44": 2.8866002559661865, "Epoch 654 Step 45": 2.884782314300537, "Epoch 654 Step 46": 2.9040544033050537, "Epoch 654 Step 47": 2.9004476070404053, "Epoch 654 Step 48": 2.8969085216522217, "Epoch 654 Step 49": 2.8759119510650635, "Epoch 654 Step 50": 2.889390468597412, "Epoch 654 Step 51": 2.893923759460449, "Epoch 654 Step 52": 2.87477970123291, "Epoch 654 Step 53": 2.8864614963531494, "Epoch 654 Step 54": 2.8871238231658936, "Epoch 654 Step 55": 2.8921103477478027, "Epoch 654 Step 56": 2.8958628177642822, "Epoch 654 Step 57": 2.881953716278076, "Epoch 654 Step 58": 2.8933470249176025, "Epoch 654 Step 59": 2.8784515857696533, "Epoch 654 Step 60": 2.885100841522217, "Epoch 654 Step 61": 2.878556251525879, "Epoch 654 Step 62": 2.892000436782837, "Epoch 654 Step 63": 2.878139019012451, "Epoch 654 Step 64": 2.8826799392700195, "Epoch 654 Step 65": 2.8885509967803955, "Epoch 654 Step 66": 2.873347043991089, "Epoch 654 Step 67": 2.871680736541748, "Epoch 654 Step 68": 2.872378349304199, "Epoch 654 Step 69": 2.8883447647094727, "Epoch 654 Step 70": 2.8819775581359863, "Epoch 654 Step 71": 2.8777687549591064, "Epoch 654 Step 72": 2.8905599117279053, "Epoch 654 Step 73": 2.895850419998169, "Epoch 654 Step 74": 2.88049578666687, "Epoch 654 Step 75": 2.8757123947143555, "Epoch 654 Step 76": 2.887518882751465, "Epoch 654 Step 77": 2.8914635181427, "Epoch 654 Step 78": 2.881466865539551, "Epoch 654 Step 79": 2.882314443588257, "Epoch 654 Step 80": 2.877558469772339, "Epoch 654 Step 81": 2.887692451477051, "Epoch 654 Step 82": 2.873751163482666, "Epoch 654 Step 83": 2.885504722595215, "Epoch 654 Step 84": 2.8792972564697266, "Epoch 654 Step 85": 2.8836660385131836, "Epoch 654 Step 86": 2.884828805923462, "Epoch 654 Step 87": 2.871264934539795, "Epoch 654 Step 88": 2.8850419521331787, "Epoch 654 Step 89": 2.8877439498901367}