{"Epoch 775 Step 0": 2.87833571434021, "Epoch 775 Step 1": 2.8920066356658936, "Epoch 775 Step 2": 2.8777012825012207, "Epoch 775 Step 3": 2.8830132484436035, "Epoch 775 Step 4": 2.888760566711426, "Epoch 775 Step 5": 2.8732340335845947, "Epoch 775 Step 6": 2.8715221881866455, "Epoch 775 Step 7": 2.872514009475708, "Epoch 775 Step 8": 2.8883814811706543, "Epoch 775 Step 9": 2.882143259048462, "Epoch 775 Step 10": 2.8783974647521973, "Epoch 775 Step 11": 2.890009641647339, "Epoch 775 Step 12": 2.8948681354522705, "Epoch 775 Step 13": 2.880091428756714, "Epoch 775 Step 14": 2.8772361278533936, "Epoch 775 Step 15": 2.8876023292541504, "Epoch 775 Step 16": 2.8914687633514404, "Epoch 775 Step 17": 2.8808319568634033, "Epoch 775 Step 18": 2.881561517715454, "Epoch 775 Step 19": 2.877657651901245, "Epoch 775 Step 20": 2.8875460624694824, "Epoch 775 Step 21": 2.8745226860046387, "Epoch 775 Step 22": 2.8851335048675537, "Epoch 775 Step 23": 2.8795430660247803, "Epoch 775 Step 24": 2.882722854614258, "Epoch 775 Step 25": 2.884617805480957, "Epoch 775 Step 26": 2.871495246887207, "Epoch 775 Step 27": 2.8848514556884766, "Epoch 775 Step 28": 2.8875839710235596, "Epoch 775 Step 29": 2.886422872543335, "Epoch 775 Step 30": 2.889857292175293, "Epoch 775 Step 31": 2.8845458030700684, "Epoch 775 Step 32": 2.8722870349884033, "Epoch 775 Step 33": 2.8807287216186523, "Epoch 775 Step 34": 2.877187728881836, "Epoch 775 Step 35": 2.8830654621124268, "Epoch 775 Step 36": 2.8823721408843994, "Epoch 775 Step 37": 2.8902275562286377, "Epoch 775 Step 38": 2.885050058364868, "Epoch 775 Step 39": 2.885809898376465, "Epoch 775 Step 40": 2.881744146347046, "Epoch 775 Step 41": 2.8761332035064697, "Epoch 775 Step 42": 2.87947678565979, "Epoch 775 Step 43": 2.893789291381836, "Epoch 775 Step 44": 2.8879318237304688, "Epoch 775 Step 45": 2.87361478805542, "Epoch 775 Step 46": 2.8904526233673096, "Epoch 775 Step 47": 2.882451295852661, "Epoch 775 Step 48": 2.8764073848724365, "Epoch 775 Step 49": 2.873128652572632, "Epoch 775 Step 50": 2.8815269470214844, "Epoch 775 Step 51": 2.887850046157837, "Epoch 775 Step 52": 2.8800201416015625, "Epoch 775 Step 53": 2.878622531890869, "Epoch 775 Step 54": 2.878711462020874, "Epoch 775 Step 55": 2.8765676021575928, "Epoch 775 Step 56": 2.888474941253662, "Epoch 775 Step 57": 2.8748271465301514, "Epoch 775 Step 58": 2.891040563583374, "Epoch 775 Step 59": 2.871924638748169, "Epoch 775 Step 60": 2.8746731281280518, "Epoch 775 Step 61": 2.8799397945404053, "Epoch 775 Step 62": 2.8679215908050537, "Epoch 775 Step 63": 2.886552333831787, "Epoch 775 Step 64": 2.8811676502227783, "Epoch 775 Step 65": 2.8869693279266357, "Epoch 775 Step 66": 2.892853021621704, "Epoch 775 Step 67": 2.8864822387695312, "Epoch 775 Step 68": 2.87857723236084, "Epoch 775 Step 69": 2.8855440616607666, "Epoch 775 Step 70": 2.8963820934295654, "Epoch 775 Step 71": 2.894944667816162, "Epoch 775 Step 72": 2.8934929370880127, "Epoch 775 Step 73": 2.887835741043091, "Epoch 775 Step 74": 2.8861775398254395, "Epoch 775 Step 75": 2.8839874267578125, "Epoch 775 Step 76": 2.904707431793213, "Epoch 775 Step 77": 2.9005343914031982, "Epoch 775 Step 78": 2.8980228900909424, "Epoch 775 Step 79": 2.876110792160034, "Epoch 775 Step 80": 2.8893303871154785, "Epoch 775 Step 81": 2.894340991973877, "Epoch 775 Step 82": 2.876114845275879, "Epoch 775 Step 83": 2.8874690532684326, "Epoch 775 Step 84": 2.887134313583374, "Epoch 775 Step 85": 2.89194917678833, "Epoch 775 Step 86": 2.8957417011260986, "Epoch 775 Step 87": 2.8810274600982666, "Epoch 775 Step 88": 2.8936386108398438, "Epoch 775 Step 89": 2.8781001567840576}