{"Epoch 639 Step 0": 2.8740715980529785, "Epoch 639 Step 1": 2.890882730484009, "Epoch 639 Step 2": 2.882291555404663, "Epoch 639 Step 3": 2.8756825923919678, "Epoch 639 Step 4": 2.87200927734375, "Epoch 639 Step 5": 2.882056474685669, "Epoch 639 Step 6": 2.8879892826080322, "Epoch 639 Step 7": 2.880434036254883, "Epoch 639 Step 8": 2.8785085678100586, "Epoch 639 Step 9": 2.8783531188964844, "Epoch 639 Step 10": 2.8765082359313965, "Epoch 639 Step 11": 2.8878917694091797, "Epoch 639 Step 12": 2.874741554260254, "Epoch 639 Step 13": 2.891728162765503, "Epoch 639 Step 14": 2.871558427810669, "Epoch 639 Step 15": 2.8747849464416504, "Epoch 639 Step 16": 2.8798274993896484, "Epoch 639 Step 17": 2.8683063983917236, "Epoch 639 Step 18": 2.886960744857788, "Epoch 639 Step 19": 2.881268262863159, "Epoch 639 Step 20": 2.8867788314819336, "Epoch 639 Step 21": 2.8932507038116455, "Epoch 639 Step 22": 2.8861048221588135, "Epoch 639 Step 23": 2.878258228302002, "Epoch 639 Step 24": 2.884913921356201, "Epoch 639 Step 25": 2.8958473205566406, "Epoch 639 Step 26": 2.8943097591400146, "Epoch 639 Step 27": 2.8940281867980957, "Epoch 639 Step 28": 2.88792085647583, "Epoch 639 Step 29": 2.886049509048462, "Epoch 639 Step 30": 2.8815348148345947, "Epoch 639 Step 31": 2.904562473297119, "Epoch 639 Step 32": 2.89931321144104, "Epoch 639 Step 33": 2.897982597351074, "Epoch 639 Step 34": 2.875725030899048, "Epoch 639 Step 35": 2.88839054107666, "Epoch 639 Step 36": 2.892195224761963, "Epoch 639 Step 37": 2.874521255493164, "Epoch 639 Step 38": 2.8866758346557617, "Epoch 639 Step 39": 2.8869030475616455, "Epoch 639 Step 40": 2.890882730484009, "Epoch 639 Step 41": 2.894920587539673, "Epoch 639 Step 42": 2.8809826374053955, "Epoch 639 Step 43": 2.892568588256836, "Epoch 639 Step 44": 2.8782455921173096, "Epoch 639 Step 45": 2.884708881378174, "Epoch 639 Step 46": 2.8780601024627686, "Epoch 639 Step 47": 2.8907241821289062, "Epoch 639 Step 48": 2.877971887588501, "Epoch 639 Step 49": 2.8829362392425537, "Epoch 639 Step 50": 2.8887226581573486, "Epoch 639 Step 51": 2.8735668659210205, "Epoch 639 Step 52": 2.8721392154693604, "Epoch 639 Step 53": 2.8717620372772217, "Epoch 639 Step 54": 2.888526201248169, "Epoch 639 Step 55": 2.882019281387329, "Epoch 639 Step 56": 2.8774590492248535, "Epoch 639 Step 57": 2.890779972076416, "Epoch 639 Step 58": 2.8954803943634033, "Epoch 639 Step 59": 2.8805124759674072, "Epoch 639 Step 60": 2.876452922821045, "Epoch 639 Step 61": 2.887509346008301, "Epoch 639 Step 62": 2.8916053771972656, "Epoch 639 Step 63": 2.880725383758545, "Epoch 639 Step 64": 2.882416248321533, "Epoch 639 Step 65": 2.8776445388793945, "Epoch 639 Step 66": 2.8876397609710693, "Epoch 639 Step 67": 2.873784303665161, "Epoch 639 Step 68": 2.885382890701294, "Epoch 639 Step 69": 2.878918170928955, "Epoch 639 Step 70": 2.883481740951538, "Epoch 639 Step 71": 2.8850128650665283, "Epoch 639 Step 72": 2.871159791946411, "Epoch 639 Step 73": 2.8851327896118164, "Epoch 639 Step 74": 2.887502908706665, "Epoch 639 Step 75": 2.8856453895568848, "Epoch 639 Step 76": 2.889254570007324, "Epoch 639 Step 77": 2.884397506713867, "Epoch 639 Step 78": 2.8724634647369385, "Epoch 639 Step 79": 2.8809397220611572, "Epoch 639 Step 80": 2.8768930435180664, "Epoch 639 Step 81": 2.8824424743652344, "Epoch 639 Step 82": 2.8831288814544678, "Epoch 639 Step 83": 2.891071081161499, "Epoch 639 Step 84": 2.884984254837036, "Epoch 639 Step 85": 2.885242462158203, "Epoch 639 Step 86": 2.881132125854492, "Epoch 639 Step 87": 2.8752601146698, "Epoch 639 Step 88": 2.8793840408325195, "Epoch 639 Step 89": 2.893659830093384}