{"Epoch 324 Step 0": 2.8829216957092285, "Epoch 324 Step 1": 2.8787364959716797, "Epoch 324 Step 2": 2.8900563716888428, "Epoch 324 Step 3": 2.894906520843506, "Epoch 324 Step 4": 2.880559206008911, "Epoch 324 Step 5": 2.8764126300811768, "Epoch 324 Step 6": 2.887073516845703, "Epoch 324 Step 7": 2.891655921936035, "Epoch 324 Step 8": 2.881373405456543, "Epoch 324 Step 9": 2.8821208477020264, "Epoch 324 Step 10": 2.8776707649230957, "Epoch 324 Step 11": 2.8878698348999023, "Epoch 324 Step 12": 2.873617649078369, "Epoch 324 Step 13": 2.885443687438965, "Epoch 324 Step 14": 2.879361152648926, "Epoch 324 Step 15": 2.883335828781128, "Epoch 324 Step 16": 2.8848273754119873, "Epoch 324 Step 17": 2.871694564819336, "Epoch 324 Step 18": 2.884861469268799, "Epoch 324 Step 19": 2.887709856033325, "Epoch 324 Step 20": 2.885549306869507, "Epoch 324 Step 21": 2.8889946937561035, "Epoch 324 Step 22": 2.884235382080078, "Epoch 324 Step 23": 2.872680425643921, "Epoch 324 Step 24": 2.8812999725341797, "Epoch 324 Step 25": 2.8772971630096436, "Epoch 324 Step 26": 2.882986307144165, "Epoch 324 Step 27": 2.882960796356201, "Epoch 324 Step 28": 2.8907084465026855, "Epoch 324 Step 29": 2.8847286701202393, "Epoch 324 Step 30": 2.884652614593506, "Epoch 324 Step 31": 2.8809444904327393, "Epoch 324 Step 32": 2.876321315765381, "Epoch 324 Step 33": 2.87957763671875, "Epoch 324 Step 34": 2.8938372135162354, "Epoch 324 Step 35": 2.888092041015625, "Epoch 324 Step 36": 2.8743815422058105, "Epoch 324 Step 37": 2.890568733215332, "Epoch 324 Step 38": 2.882720947265625, "Epoch 324 Step 39": 2.875547409057617, "Epoch 324 Step 40": 2.87258243560791, "Epoch 324 Step 41": 2.881606340408325, "Epoch 324 Step 42": 2.887565851211548, "Epoch 324 Step 43": 2.8805429935455322, "Epoch 324 Step 44": 2.8784232139587402, "Epoch 324 Step 45": 2.8781299591064453, "Epoch 324 Step 46": 2.8762130737304688, "Epoch 324 Step 47": 2.8874382972717285, "Epoch 324 Step 48": 2.8748605251312256, "Epoch 324 Step 49": 2.8912863731384277, "Epoch 324 Step 50": 2.871067523956299, "Epoch 324 Step 51": 2.874990940093994, "Epoch 324 Step 52": 2.8797059059143066, "Epoch 324 Step 53": 2.8677690029144287, "Epoch 324 Step 54": 2.8872392177581787, "Epoch 324 Step 55": 2.881274700164795, "Epoch 324 Step 56": 2.8870339393615723, "Epoch 324 Step 57": 2.8934197425842285, "Epoch 324 Step 58": 2.886911153793335, "Epoch 324 Step 59": 2.87764573097229, "Epoch 324 Step 60": 2.884754180908203, "Epoch 324 Step 61": 2.895963191986084, "Epoch 324 Step 62": 2.8950247764587402, "Epoch 324 Step 63": 2.8935325145721436, "Epoch 324 Step 64": 2.8878471851348877, "Epoch 324 Step 65": 2.8863368034362793, "Epoch 324 Step 66": 2.8841679096221924, "Epoch 324 Step 67": 2.9044437408447266, "Epoch 324 Step 68": 2.900642156600952, "Epoch 324 Step 69": 2.8967959880828857, "Epoch 324 Step 70": 2.8763861656188965, "Epoch 324 Step 71": 2.890838861465454, "Epoch 324 Step 72": 2.894057512283325, "Epoch 324 Step 73": 2.8749165534973145, "Epoch 324 Step 74": 2.886697769165039, "Epoch 324 Step 75": 2.8872263431549072, "Epoch 324 Step 76": 2.891988515853882, "Epoch 324 Step 77": 2.8956713676452637, "Epoch 324 Step 78": 2.8814022541046143, "Epoch 324 Step 79": 2.8921937942504883, "Epoch 324 Step 80": 2.879361391067505, "Epoch 324 Step 81": 2.8855955600738525, "Epoch 324 Step 82": 2.8783633708953857, "Epoch 324 Step 83": 2.8918392658233643, "Epoch 324 Step 84": 2.877345561981201, "Epoch 324 Step 85": 2.882969617843628, "Epoch 324 Step 86": 2.889519453048706, "Epoch 324 Step 87": 2.873896598815918, "Epoch 324 Step 88": 2.8716118335723877, "Epoch 324 Step 89": 2.8724796772003174}