{"Epoch 607 Step 0": 2.9009928703308105, "Epoch 607 Step 1": 2.8984832763671875, "Epoch 607 Step 2": 2.8747642040252686, "Epoch 607 Step 3": 2.8880088329315186, "Epoch 607 Step 4": 2.8930532932281494, "Epoch 607 Step 5": 2.8750035762786865, "Epoch 607 Step 6": 2.8864128589630127, "Epoch 607 Step 7": 2.886496067047119, "Epoch 607 Step 8": 2.8913471698760986, "Epoch 607 Step 9": 2.89542293548584, "Epoch 607 Step 10": 2.8817474842071533, "Epoch 607 Step 11": 2.8937132358551025, "Epoch 607 Step 12": 2.8780953884124756, "Epoch 607 Step 13": 2.8847901821136475, "Epoch 607 Step 14": 2.8777997493743896, "Epoch 607 Step 15": 2.8917007446289062, "Epoch 607 Step 16": 2.8777670860290527, "Epoch 607 Step 17": 2.882925271987915, "Epoch 607 Step 18": 2.888237237930298, "Epoch 607 Step 19": 2.873138904571533, "Epoch 607 Step 20": 2.8722140789031982, "Epoch 607 Step 21": 2.871901512145996, "Epoch 607 Step 22": 2.888336420059204, "Epoch 607 Step 23": 2.8818695545196533, "Epoch 607 Step 24": 2.87772798538208, "Epoch 607 Step 25": 2.8904078006744385, "Epoch 607 Step 26": 2.895853281021118, "Epoch 607 Step 27": 2.880753993988037, "Epoch 607 Step 28": 2.8756566047668457, "Epoch 607 Step 29": 2.8876194953918457, "Epoch 607 Step 30": 2.892005205154419, "Epoch 607 Step 31": 2.879894495010376, "Epoch 607 Step 32": 2.8813772201538086, "Epoch 607 Step 33": 2.8774759769439697, "Epoch 607 Step 34": 2.887484312057495, "Epoch 607 Step 35": 2.873462438583374, "Epoch 607 Step 36": 2.8851516246795654, "Epoch 607 Step 37": 2.879258871078491, "Epoch 607 Step 38": 2.882746458053589, "Epoch 607 Step 39": 2.884647846221924, "Epoch 607 Step 40": 2.871042490005493, "Epoch 607 Step 41": 2.8847365379333496, "Epoch 607 Step 42": 2.8879518508911133, "Epoch 607 Step 43": 2.885934352874756, "Epoch 607 Step 44": 2.8894107341766357, "Epoch 607 Step 45": 2.8846189975738525, "Epoch 607 Step 46": 2.8720037937164307, "Epoch 607 Step 47": 2.880964517593384, "Epoch 607 Step 48": 2.8774192333221436, "Epoch 607 Step 49": 2.882723331451416, "Epoch 607 Step 50": 2.8833658695220947, "Epoch 607 Step 51": 2.8909029960632324, "Epoch 607 Step 52": 2.884665012359619, "Epoch 607 Step 53": 2.884570360183716, "Epoch 607 Step 54": 2.881653070449829, "Epoch 607 Step 55": 2.8759396076202393, "Epoch 607 Step 56": 2.8794007301330566, "Epoch 607 Step 57": 2.8938608169555664, "Epoch 607 Step 58": 2.8881630897521973, "Epoch 607 Step 59": 2.8737049102783203, "Epoch 607 Step 60": 2.8899731636047363, "Epoch 607 Step 61": 2.8827857971191406, "Epoch 607 Step 62": 2.8750882148742676, "Epoch 607 Step 63": 2.8725740909576416, "Epoch 607 Step 64": 2.882108449935913, "Epoch 607 Step 65": 2.8878438472747803, "Epoch 607 Step 66": 2.880772829055786, "Epoch 607 Step 67": 2.8786509037017822, "Epoch 607 Step 68": 2.8779067993164062, "Epoch 607 Step 69": 2.876413345336914, "Epoch 607 Step 70": 2.887298107147217, "Epoch 607 Step 71": 2.874091148376465, "Epoch 607 Step 72": 2.8911287784576416, "Epoch 607 Step 73": 2.871769666671753, "Epoch 607 Step 74": 2.8745737075805664, "Epoch 607 Step 75": 2.8792572021484375, "Epoch 607 Step 76": 2.868126153945923, "Epoch 607 Step 77": 2.886685609817505, "Epoch 607 Step 78": 2.8818740844726562, "Epoch 607 Step 79": 2.887173891067505, "Epoch 607 Step 80": 2.8936097621917725, "Epoch 607 Step 81": 2.8861851692199707, "Epoch 607 Step 82": 2.8788766860961914, "Epoch 607 Step 83": 2.885401725769043, "Epoch 607 Step 84": 2.894909381866455, "Epoch 607 Step 85": 2.893918037414551, "Epoch 607 Step 86": 2.8935861587524414, "Epoch 607 Step 87": 2.8879003524780273, "Epoch 607 Step 88": 2.8858296871185303, "Epoch 607 Step 89": 2.8819479942321777}