{"Epoch 31 Step 0": 2.8633038997650146, "Epoch 31 Step 1": 2.8611812591552734, "Epoch 31 Step 2": 2.8536646366119385, "Epoch 31 Step 3": 2.8534321784973145, "Epoch 31 Step 4": 2.8190319538116455, "Epoch 31 Step 5": 2.847987651824951, "Epoch 31 Step 6": 2.8710057735443115, "Epoch 31 Step 7": 2.8421380519866943, "Epoch 31 Step 8": 2.841517686843872, "Epoch 31 Step 9": 2.882864475250244, "Epoch 31 Step 10": 2.8604485988616943, "Epoch 31 Step 11": 2.8778252601623535, "Epoch 31 Step 12": 2.8785698413848877, "Epoch 31 Step 13": 2.8643929958343506, "Epoch 31 Step 14": 2.8447749614715576, "Epoch 31 Step 15": 2.8748960494995117, "Epoch 31 Step 16": 2.8752431869506836, "Epoch 31 Step 17": 2.8664655685424805, "Epoch 31 Step 18": 2.863365411758423, "Epoch 31 Step 19": 2.8756158351898193, "Epoch 31 Step 20": 2.8838882446289062, "Epoch 31 Step 21": 2.803100824356079, "Epoch 31 Step 22": 2.8451120853424072, "Epoch 31 Step 23": 2.79386830329895, "Epoch 31 Step 24": 2.8401145935058594, "Epoch 31 Step 25": 2.8746893405914307, "Epoch 31 Step 26": 2.8685519695281982, "Epoch 31 Step 27": 2.8836114406585693, "Epoch 31 Step 28": 2.8685426712036133, "Epoch 31 Step 29": 2.76623797416687, "Epoch 31 Step 30": 2.716217517852783, "Epoch 31 Step 31": 2.8232202529907227, "Epoch 31 Step 32": 2.8817057609558105, "Epoch 31 Step 33": 2.869126796722412, "Epoch 31 Step 34": 2.859253406524658, "Epoch 31 Step 35": 2.860161781311035, "Epoch 31 Step 36": 2.8741867542266846, "Epoch 31 Step 37": 2.876801013946533, "Epoch 31 Step 38": 2.878072738647461, "Epoch 31 Step 39": 2.864992380142212, "Epoch 31 Step 40": 2.881584644317627, "Epoch 31 Step 41": 2.8802239894866943, "Epoch 31 Step 42": 2.837827205657959, "Epoch 31 Step 43": 2.846191644668579, "Epoch 31 Step 44": 2.856774091720581, "Epoch 31 Step 45": 2.856656551361084, "Epoch 31 Step 46": 2.8707008361816406, "Epoch 31 Step 47": 2.8675429821014404, "Epoch 31 Step 48": 2.872988700866699, "Epoch 31 Step 49": 2.8748505115509033, "Epoch 31 Step 50": 2.8672938346862793, "Epoch 31 Step 51": 2.8854517936706543, "Epoch 31 Step 52": 2.864269733428955, "Epoch 31 Step 53": 2.8713810443878174, "Epoch 31 Step 54": 2.880401611328125, "Epoch 31 Step 55": 2.8772900104522705, "Epoch 31 Step 56": 2.8711071014404297, "Epoch 31 Step 57": 2.872910261154175, "Epoch 31 Step 58": 2.858001708984375, "Epoch 31 Step 59": 2.834566116333008, "Epoch 31 Step 60": 2.859947443008423, "Epoch 31 Step 61": 2.8702149391174316, "Epoch 31 Step 62": 2.844630718231201, "Epoch 31 Step 63": 2.860673666000366, "Epoch 31 Step 64": 2.8614230155944824, "Epoch 31 Step 65": 2.848149061203003, "Epoch 31 Step 66": 2.879204273223877, "Epoch 31 Step 67": 2.8539319038391113, "Epoch 31 Step 68": 2.870333671569824, "Epoch 31 Step 69": 2.8535525798797607, "Epoch 31 Step 70": 2.868126153945923, "Epoch 31 Step 71": 2.8228893280029297, "Epoch 31 Step 72": 2.8836889266967773, "Epoch 31 Step 73": 2.846893548965454, "Epoch 31 Step 74": 2.8816089630126953, "Epoch 31 Step 75": 2.8655588626861572, "Epoch 31 Step 76": 2.8464102745056152, "Epoch 31 Step 77": 2.843822479248047, "Epoch 31 Step 78": 2.862868547439575, "Epoch 31 Step 79": 2.8504459857940674, "Epoch 31 Step 80": 2.8419189453125, "Epoch 31 Step 81": 2.8767597675323486, "Epoch 31 Step 82": 2.8652162551879883, "Epoch 31 Step 83": 2.857865810394287, "Epoch 31 Step 84": 2.8433055877685547, "Epoch 31 Step 85": 2.857522487640381, "Epoch 31 Step 86": 2.858726978302002, "Epoch 31 Step 87": 2.8323230743408203, "Epoch 31 Step 88": 2.850515842437744, "Epoch 31 Step 89": 2.849260091781616, "Epoch 31 Step 90": 2.8442206382751465, "Epoch 31 Step 91": 2.8362371921539307, "Epoch 31 Step 92": 2.8706986904144287, "Epoch 31 Step 93": 2.8420629501342773, "Epoch 31 Step 94": 2.8780126571655273, "Epoch 31 Step 95": 2.8596091270446777, "Epoch 31 Step 96": 2.8366754055023193, "Epoch 31 Step 97": 2.8768808841705322, "Epoch 31 Step 98": 2.8488612174987793, "Epoch 31 Step 99": 2.8577845096588135, "Epoch 31 Step 100": 2.8635921478271484, "Epoch 31 Step 101": 2.831136703491211, "Epoch 31 Step 102": 2.8750438690185547, "Epoch 31 Step 103": 2.8544564247131348, "Epoch 31 Step 104": 2.8753952980041504, "Epoch 31 Step 105": 2.870028495788574, "Epoch 31 Step 106": 2.892191171646118, "Epoch 31 Step 107": 2.8783071041107178, "Epoch 31 Step 108": 2.83203387260437, "Epoch 31 Step 109": 2.8705992698669434, "Epoch 31 Step 110": 2.8554651737213135, "Epoch 31 Step 111": 2.8438234329223633, "Epoch 31 Step 112": 2.858760356903076, "Epoch 31 Step 113": 2.85868239402771, "Epoch 31 Step 114": 2.8756771087646484, "Epoch 31 Step 115": 2.8597099781036377, "Epoch 31 Step 116": 2.874863624572754, "Epoch 31 Step 117": 2.874225378036499, "Epoch 31 Step 118": 2.878387212753296, "Epoch 31 Step 119": 2.8541297912597656, "Epoch 31 Step 120": 2.8653066158294678, "Epoch 31 Step 121": 2.8616139888763428, "Epoch 31 Step 122": 2.853449583053589, "Epoch 31 Step 123": 2.8664252758026123, "Epoch 31 Step 124": 2.840707540512085, "Epoch 31 Step 125": 2.8660101890563965, "Epoch 31 Step 126": 2.8730735778808594, "Epoch 31 Step 127": 2.8106138706207275, "Epoch 31 Step 128": 2.8523874282836914, "Epoch 31 Step 129": 2.849522352218628, "Epoch 31 Step 130": 2.8602135181427, "Epoch 31 Step 131": 2.872084140777588, "Epoch 31 Step 132": 2.842721462249756, "Epoch 31 Step 133": 2.8640449047088623, "Epoch 31 Step 134": 2.813185930252075, "Epoch 31 Step 135": 2.8483877182006836, "Epoch 31 Step 136": 2.8738458156585693, "Epoch 31 Step 137": 2.8643085956573486, "Epoch 31 Step 138": 2.857404947280884, "Epoch 31 Step 139": 2.8465678691864014, "Epoch 31 Step 140": 2.86287522315979, "Epoch 31 Step 141": 2.85141921043396, "Epoch 31 Step 142": 2.863173007965088, "Epoch 31 Step 143": 2.8640103340148926, "Epoch 31 Step 144": 2.864264965057373, "Epoch 31 Step 145": 2.8553028106689453, "Epoch 31 Step 146": 2.8571817874908447, "Epoch 31 Step 147": 2.8338263034820557, "Epoch 31 Step 148": 2.8384320735931396, "Epoch 31 Step 149": 2.8325035572052, "Epoch 31 Step 150": 2.864426374435425, "Epoch 31 Step 151": 2.8655524253845215, "Epoch 31 Step 152": 2.8611814975738525, "Epoch 31 Step 153": 2.857950210571289, "Epoch 31 Step 154": 2.849872350692749, "Epoch 31 Step 155": 2.865177869796753, "Epoch 31 Step 156": 2.889268159866333, "Epoch 31 Step 157": 2.8097968101501465, "Epoch 31 Step 158": 2.8575241565704346, "Epoch 31 Step 159": 2.852198362350464, "Epoch 31 Step 160": 2.8738255500793457, "Epoch 31 Step 161": 2.857553482055664, "Epoch 31 Step 162": 2.8765275478363037, "Epoch 31 Step 163": 2.8515353202819824, "Epoch 31 Step 164": 2.838783025741577, "Epoch 31 Step 165": 2.8524832725524902, "Epoch 31 Step 166": 2.866126775741577, "Epoch 31 Step 167": 2.850703001022339, "Epoch 31 Step 168": 2.8723528385162354, "Epoch 31 Step 169": 2.859393835067749, "Epoch 31 Step 170": 2.8243672847747803, "Epoch 31 Step 171": 2.8500397205352783, "Epoch 31 Step 172": 2.848489999771118, "Epoch 31 Step 173": 2.8524556159973145, "Epoch 31 Step 174": 2.8701348304748535, "Epoch 31 Step 175": 2.8646061420440674, "Epoch 31 Step 176": 2.8647820949554443, "Epoch 31 Step 177": 2.811894416809082, "Epoch 31 Step 178": 2.8624536991119385, "Epoch 31 Step 179": 2.855203151702881, "Epoch 31 Step 180": 2.863675117492676, "Epoch 31 Step 181": 2.8622703552246094, "Epoch 31 Step 182": 2.872826099395752, "Epoch 31 Step 183": 2.868201494216919, "Epoch 31 Step 184": 2.8522555828094482, "Epoch 31 Step 185": 2.8767855167388916, "Epoch 31 Step 186": 2.8763232231140137, "Epoch 31 Step 187": 2.8643431663513184, "Epoch 31 Step 188": 2.859764814376831, "Epoch 31 Step 189": 2.869014263153076, "Epoch 31 Step 190": 2.8594841957092285, "Epoch 31 Step 191": 2.858844518661499, "Epoch 31 Step 192": 2.835390329360962, "Epoch 31 Step 193": 2.819178581237793, "Epoch 31 Step 194": 2.869210958480835, "Epoch 31 Step 195": 2.847991704940796, "Epoch 31 Step 196": 2.8476028442382812, "Epoch 31 Step 197": 2.8608787059783936, "Epoch 31 Step 198": 2.890381336212158, "Epoch 31 Step 199": 2.843719482421875,