{"Epoch 792 Step 0": 2.886759042739868, "Epoch 792 Step 1": 2.8855843544006348, "Epoch 792 Step 2": 2.910177230834961, "Epoch 792 Step 3": 2.8975651264190674, "Epoch 792 Step 4": 2.9010090827941895, "Epoch 792 Step 5": 2.8762505054473877, "Epoch 792 Step 6": 2.8888933658599854, "Epoch 792 Step 7": 2.8937807083129883, "Epoch 792 Step 8": 2.875121831893921, "Epoch 792 Step 9": 2.8867456912994385, "Epoch 792 Step 10": 2.8871676921844482, "Epoch 792 Step 11": 2.8925979137420654, "Epoch 792 Step 12": 2.8971755504608154, "Epoch 792 Step 13": 2.8829751014709473, "Epoch 792 Step 14": 2.8947911262512207, "Epoch 792 Step 15": 2.8783130645751953, "Epoch 792 Step 16": 2.884521007537842, "Epoch 792 Step 17": 2.8779730796813965, "Epoch 792 Step 18": 2.8918700218200684, "Epoch 792 Step 19": 2.8780062198638916, "Epoch 792 Step 20": 2.8824775218963623, "Epoch 792 Step 21": 2.8887524604797363, "Epoch 792 Step 22": 2.8734657764434814, "Epoch 792 Step 23": 2.871612548828125, "Epoch 792 Step 24": 2.8721742630004883, "Epoch 792 Step 25": 2.8884053230285645, "Epoch 792 Step 26": 2.8822877407073975, "Epoch 792 Step 27": 2.878371238708496, "Epoch 792 Step 28": 2.8890297412872314, "Epoch 792 Step 29": 2.894646167755127, "Epoch 792 Step 30": 2.880460023880005, "Epoch 792 Step 31": 2.8776562213897705, "Epoch 792 Step 32": 2.8880956172943115, "Epoch 792 Step 33": 2.8921995162963867, "Epoch 792 Step 34": 2.880836009979248, "Epoch 792 Step 35": 2.8814749717712402, "Epoch 792 Step 36": 2.8778228759765625, "Epoch 792 Step 37": 2.888728618621826, "Epoch 792 Step 38": 2.8745951652526855, "Epoch 792 Step 39": 2.8851735591888428, "Epoch 792 Step 40": 2.879610538482666, "Epoch 792 Step 41": 2.8832621574401855, "Epoch 792 Step 42": 2.885824680328369, "Epoch 792 Step 43": 2.8710696697235107, "Epoch 792 Step 44": 2.8853302001953125, "Epoch 792 Step 45": 2.887526273727417, "Epoch 792 Step 46": 2.886343240737915, "Epoch 792 Step 47": 2.889634609222412, "Epoch 792 Step 48": 2.8845760822296143, "Epoch 792 Step 49": 2.872234344482422, "Epoch 792 Step 50": 2.881448745727539, "Epoch 792 Step 51": 2.8772809505462646, "Epoch 792 Step 52": 2.8827569484710693, "Epoch 792 Step 53": 2.883305549621582, "Epoch 792 Step 54": 2.8908631801605225, "Epoch 792 Step 55": 2.8853046894073486, "Epoch 792 Step 56": 2.8856613636016846, "Epoch 792 Step 57": 2.8813319206237793, "Epoch 792 Step 58": 2.8750667572021484, "Epoch 792 Step 59": 2.8799989223480225, "Epoch 792 Step 60": 2.8943164348602295, "Epoch 792 Step 61": 2.8883445262908936, "Epoch 792 Step 62": 2.8743696212768555, "Epoch 792 Step 63": 2.8905560970306396, "Epoch 792 Step 64": 2.8820035457611084, "Epoch 792 Step 65": 2.8756487369537354, "Epoch 792 Step 66": 2.8725366592407227, "Epoch 792 Step 67": 2.8825862407684326, "Epoch 792 Step 68": 2.887721300125122, "Epoch 792 Step 69": 2.8806447982788086, "Epoch 792 Step 70": 2.878868818283081, "Epoch 792 Step 71": 2.878274917602539, "Epoch 792 Step 72": 2.876491069793701, "Epoch 792 Step 73": 2.8879425525665283, "Epoch 792 Step 74": 2.875293254852295, "Epoch 792 Step 75": 2.891528844833374, "Epoch 792 Step 76": 2.871367931365967, "Epoch 792 Step 77": 2.874661684036255, "Epoch 792 Step 78": 2.8794989585876465, "Epoch 792 Step 79": 2.868332862854004, "Epoch 792 Step 80": 2.886859655380249, "Epoch 792 Step 81": 2.881304979324341, "Epoch 792 Step 82": 2.8869729042053223, "Epoch 792 Step 83": 2.8935999870300293, "Epoch 792 Step 84": 2.886244297027588, "Epoch 792 Step 85": 2.87827467918396, "Epoch 792 Step 86": 2.8854095935821533, "Epoch 792 Step 87": 2.8960988521575928, "Epoch 792 Step 88": 2.895338773727417, "Epoch 792 Step 89": 2.895925998687744}