{"Epoch 902 Step 0": 2.8761465549468994, "Epoch 902 Step 1": 2.888390302658081, "Epoch 902 Step 2": 2.8739092350006104, "Epoch 902 Step 3": 2.890941619873047, "Epoch 902 Step 4": 2.872680187225342, "Epoch 902 Step 5": 2.8750383853912354, "Epoch 902 Step 6": 2.8796093463897705, "Epoch 902 Step 7": 2.86808705329895, "Epoch 902 Step 8": 2.886956214904785, "Epoch 902 Step 9": 2.881606101989746, "Epoch 902 Step 10": 2.8875210285186768, "Epoch 902 Step 11": 2.894052267074585, "Epoch 902 Step 12": 2.8861215114593506, "Epoch 902 Step 13": 2.8781087398529053, "Epoch 902 Step 14": 2.8850886821746826, "Epoch 902 Step 15": 2.8961331844329834, "Epoch 902 Step 16": 2.8943428993225098, "Epoch 902 Step 17": 2.8937315940856934, "Epoch 902 Step 18": 2.886967420578003, "Epoch 902 Step 19": 2.8861613273620605, "Epoch 902 Step 20": 2.8819000720977783, "Epoch 902 Step 21": 2.90366268157959, "Epoch 902 Step 22": 2.8980660438537598, "Epoch 902 Step 23": 2.8983848094940186, "Epoch 902 Step 24": 2.876723051071167, "Epoch 902 Step 25": 2.8898422718048096, "Epoch 902 Step 26": 2.893162965774536, "Epoch 902 Step 27": 2.8749027252197266, "Epoch 902 Step 28": 2.8863887786865234, "Epoch 902 Step 29": 2.8866963386535645, "Epoch 902 Step 30": 2.8915586471557617, "Epoch 902 Step 31": 2.8949434757232666, "Epoch 902 Step 32": 2.8806047439575195, "Epoch 902 Step 33": 2.8918488025665283, "Epoch 902 Step 34": 2.8785877227783203, "Epoch 902 Step 35": 2.8846983909606934, "Epoch 902 Step 36": 2.8784735202789307, "Epoch 902 Step 37": 2.8908865451812744, "Epoch 902 Step 38": 2.8774349689483643, "Epoch 902 Step 39": 2.88327693939209, "Epoch 902 Step 40": 2.8896281719207764, "Epoch 902 Step 41": 2.8746044635772705, "Epoch 902 Step 42": 2.8723390102386475, "Epoch 902 Step 43": 2.873044729232788, "Epoch 902 Step 44": 2.888432741165161, "Epoch 902 Step 45": 2.8826494216918945, "Epoch 902 Step 46": 2.8774218559265137, "Epoch 902 Step 47": 2.8888254165649414, "Epoch 902 Step 48": 2.8951539993286133, "Epoch 902 Step 49": 2.8804948329925537, "Epoch 902 Step 50": 2.8763651847839355, "Epoch 902 Step 51": 2.8875386714935303, "Epoch 902 Step 52": 2.8914966583251953, "Epoch 902 Step 53": 2.8810226917266846, "Epoch 902 Step 54": 2.8828399181365967, "Epoch 902 Step 55": 2.8780927658081055, "Epoch 902 Step 56": 2.8881912231445312, "Epoch 902 Step 57": 2.8738880157470703, "Epoch 902 Step 58": 2.8851685523986816, "Epoch 902 Step 59": 2.8787636756896973, "Epoch 902 Step 60": 2.8829505443573, "Epoch 902 Step 61": 2.884982109069824, "Epoch 902 Step 62": 2.8713886737823486, "Epoch 902 Step 63": 2.8851864337921143, "Epoch 902 Step 64": 2.8878190517425537, "Epoch 902 Step 65": 2.8861656188964844, "Epoch 902 Step 66": 2.890333890914917, "Epoch 902 Step 67": 2.8843936920166016, "Epoch 902 Step 68": 2.8715860843658447, "Epoch 902 Step 69": 2.8814468383789062, "Epoch 902 Step 70": 2.8772847652435303, "Epoch 902 Step 71": 2.882866859436035, "Epoch 902 Step 72": 2.8834269046783447, "Epoch 902 Step 73": 2.8909621238708496, "Epoch 902 Step 74": 2.8847851753234863, "Epoch 902 Step 75": 2.885327100753784, "Epoch 902 Step 76": 2.8811023235321045, "Epoch 902 Step 77": 2.8751585483551025, "Epoch 902 Step 78": 2.8796210289001465, "Epoch 902 Step 79": 2.894439935684204, "Epoch 902 Step 80": 2.8886168003082275, "Epoch 902 Step 81": 2.8750979900360107, "Epoch 902 Step 82": 2.8906383514404297, "Epoch 902 Step 83": 2.882030963897705, "Epoch 902 Step 84": 2.8761823177337646, "Epoch 902 Step 85": 2.8725221157073975, "Epoch 902 Step 86": 2.882758140563965, "Epoch 902 Step 87": 2.887739419937134, "Epoch 902 Step 88": 2.8803181648254395, "Epoch 902 Step 89": 2.8787829875946045}