{"Epoch 814 Step 0": 2.8799493312835693, "Epoch 814 Step 1": 2.878709554672241, "Epoch 814 Step 2": 2.8784091472625732, "Epoch 814 Step 3": 2.8764305114746094, "Epoch 814 Step 4": 2.8883728981018066, "Epoch 814 Step 5": 2.874779462814331, "Epoch 814 Step 6": 2.8906538486480713, "Epoch 814 Step 7": 2.8714840412139893, "Epoch 814 Step 8": 2.8746182918548584, "Epoch 814 Step 9": 2.880006790161133, "Epoch 814 Step 10": 2.8683316707611084, "Epoch 814 Step 11": 2.8867411613464355, "Epoch 814 Step 12": 2.8811848163604736, "Epoch 814 Step 13": 2.8872947692871094, "Epoch 814 Step 14": 2.893397331237793, "Epoch 814 Step 15": 2.8866546154022217, "Epoch 814 Step 16": 2.8780786991119385, "Epoch 814 Step 17": 2.8848836421966553, "Epoch 814 Step 18": 2.895883560180664, "Epoch 814 Step 19": 2.8943939208984375, "Epoch 814 Step 20": 2.8933322429656982, "Epoch 814 Step 21": 2.888460159301758, "Epoch 814 Step 22": 2.8860719203948975, "Epoch 814 Step 23": 2.8848111629486084, "Epoch 814 Step 24": 2.905266046524048, "Epoch 814 Step 25": 2.8984498977661133, "Epoch 814 Step 26": 2.8974196910858154, "Epoch 814 Step 27": 2.8760931491851807, "Epoch 814 Step 28": 2.889063835144043, "Epoch 814 Step 29": 2.893606424331665, "Epoch 814 Step 30": 2.8747737407684326, "Epoch 814 Step 31": 2.8872365951538086, "Epoch 814 Step 32": 2.8870081901550293, "Epoch 814 Step 33": 2.8911538124084473, "Epoch 814 Step 34": 2.8951547145843506, "Epoch 814 Step 35": 2.8809354305267334, "Epoch 814 Step 36": 2.891533374786377, "Epoch 814 Step 37": 2.878242254257202, "Epoch 814 Step 38": 2.8849575519561768, "Epoch 814 Step 39": 2.8779971599578857, "Epoch 814 Step 40": 2.8912177085876465, "Epoch 814 Step 41": 2.877962827682495, "Epoch 814 Step 42": 2.8826346397399902, "Epoch 814 Step 43": 2.8890151977539062, "Epoch 814 Step 44": 2.874077558517456, "Epoch 814 Step 45": 2.872013568878174, "Epoch 814 Step 46": 2.872936725616455, "Epoch 814 Step 47": 2.8886189460754395, "Epoch 814 Step 48": 2.8819971084594727, "Epoch 814 Step 49": 2.87762713432312, "Epoch 814 Step 50": 2.8891265392303467, "Epoch 814 Step 51": 2.8943610191345215, "Epoch 814 Step 52": 2.8802034854888916, "Epoch 814 Step 53": 2.8764138221740723, "Epoch 814 Step 54": 2.887324333190918, "Epoch 814 Step 55": 2.891453981399536, "Epoch 814 Step 56": 2.8811187744140625, "Epoch 814 Step 57": 2.8830044269561768, "Epoch 814 Step 58": 2.8781962394714355, "Epoch 814 Step 59": 2.887357473373413, "Epoch 814 Step 60": 2.874056577682495, "Epoch 814 Step 61": 2.8852791786193848, "Epoch 814 Step 62": 2.8789732456207275, "Epoch 814 Step 63": 2.8829588890075684, "Epoch 814 Step 64": 2.8847174644470215, "Epoch 814 Step 65": 2.871098041534424, "Epoch 814 Step 66": 2.8848984241485596, "Epoch 814 Step 67": 2.887882709503174, "Epoch 814 Step 68": 2.8858728408813477, "Epoch 814 Step 69": 2.8892529010772705, "Epoch 814 Step 70": 2.8843729496002197, "Epoch 814 Step 71": 2.8723068237304688, "Epoch 814 Step 72": 2.8818423748016357, "Epoch 814 Step 73": 2.877798080444336, "Epoch 814 Step 74": 2.8832483291625977, "Epoch 814 Step 75": 2.8837592601776123, "Epoch 814 Step 76": 2.890523672103882, "Epoch 814 Step 77": 2.884343147277832, "Epoch 814 Step 78": 2.884519577026367, "Epoch 814 Step 79": 2.8812124729156494, "Epoch 814 Step 80": 2.8752822875976562, "Epoch 814 Step 81": 2.879722833633423, "Epoch 814 Step 82": 2.8940913677215576, "Epoch 814 Step 83": 2.888425588607788, "Epoch 814 Step 84": 2.874138355255127, "Epoch 814 Step 85": 2.890357494354248, "Epoch 814 Step 86": 2.8823821544647217, "Epoch 814 Step 87": 2.8754663467407227, "Epoch 814 Step 88": 2.8718578815460205, "Epoch 814 Step 89": 2.882840394973755}