{"Epoch 829 Step 0": 2.89081072807312, "Epoch 829 Step 1": 2.884697198867798, "Epoch 829 Step 2": 2.8849987983703613, "Epoch 829 Step 3": 2.8812255859375, "Epoch 829 Step 4": 2.874938488006592, "Epoch 829 Step 5": 2.8796918392181396, "Epoch 829 Step 6": 2.8940589427948, "Epoch 829 Step 7": 2.8881192207336426, "Epoch 829 Step 8": 2.8739235401153564, "Epoch 829 Step 9": 2.8903651237487793, "Epoch 829 Step 10": 2.882267475128174, "Epoch 829 Step 11": 2.8755154609680176, "Epoch 829 Step 12": 2.872183084487915, "Epoch 829 Step 13": 2.8825645446777344, "Epoch 829 Step 14": 2.8882174491882324, "Epoch 829 Step 15": 2.8806560039520264, "Epoch 829 Step 16": 2.8797607421875, "Epoch 829 Step 17": 2.8789315223693848, "Epoch 829 Step 18": 2.8760223388671875, "Epoch 829 Step 19": 2.8881659507751465, "Epoch 829 Step 20": 2.8743715286254883, "Epoch 829 Step 21": 2.8909356594085693, "Epoch 829 Step 22": 2.871326208114624, "Epoch 829 Step 23": 2.874598741531372, "Epoch 829 Step 24": 2.8792033195495605, "Epoch 829 Step 25": 2.8679864406585693, "Epoch 829 Step 26": 2.887111186981201, "Epoch 829 Step 27": 2.8817203044891357, "Epoch 829 Step 28": 2.8876841068267822, "Epoch 829 Step 29": 2.894016742706299, "Epoch 829 Step 30": 2.886054515838623, "Epoch 829 Step 31": 2.8784823417663574, "Epoch 829 Step 32": 2.8850321769714355, "Epoch 829 Step 33": 2.8957154750823975, "Epoch 829 Step 34": 2.8929874897003174, "Epoch 829 Step 35": 2.8916127681732178, "Epoch 829 Step 36": 2.888188362121582, "Epoch 829 Step 37": 2.888125419616699, "Epoch 829 Step 38": 2.884190559387207, "Epoch 829 Step 39": 2.903550386428833, "Epoch 829 Step 40": 2.9028563499450684, "Epoch 829 Step 41": 2.8994603157043457, "Epoch 829 Step 42": 2.8757314682006836, "Epoch 829 Step 43": 2.888707399368286, "Epoch 829 Step 44": 2.8924062252044678, "Epoch 829 Step 45": 2.875206470489502, "Epoch 829 Step 46": 2.8867034912109375, "Epoch 829 Step 47": 2.887554168701172, "Epoch 829 Step 48": 2.892242670059204, "Epoch 829 Step 49": 2.8959784507751465, "Epoch 829 Step 50": 2.8820066452026367, "Epoch 829 Step 51": 2.892601728439331, "Epoch 829 Step 52": 2.879554033279419, "Epoch 829 Step 53": 2.8867745399475098, "Epoch 829 Step 54": 2.879732847213745, "Epoch 829 Step 55": 2.8946125507354736, "Epoch 829 Step 56": 2.8790688514709473, "Epoch 829 Step 57": 2.8832290172576904, "Epoch 829 Step 58": 2.8891167640686035, "Epoch 829 Step 59": 2.873490571975708, "Epoch 829 Step 60": 2.87264347076416, "Epoch 829 Step 61": 2.873589277267456, "Epoch 829 Step 62": 2.8884096145629883, "Epoch 829 Step 63": 2.88307523727417, "Epoch 829 Step 64": 2.8784148693084717, "Epoch 829 Step 65": 2.888028144836426, "Epoch 829 Step 66": 2.8962302207946777, "Epoch 829 Step 67": 2.8809492588043213, "Epoch 829 Step 68": 2.875561237335205, "Epoch 829 Step 69": 2.8879950046539307, "Epoch 829 Step 70": 2.892505645751953, "Epoch 829 Step 71": 2.881078004837036, "Epoch 829 Step 72": 2.881493330001831, "Epoch 829 Step 73": 2.8775060176849365, "Epoch 829 Step 74": 2.8883719444274902, "Epoch 829 Step 75": 2.873469591140747, "Epoch 829 Step 76": 2.8851215839385986, "Epoch 829 Step 77": 2.879678964614868, "Epoch 829 Step 78": 2.883204936981201, "Epoch 829 Step 79": 2.88550066947937, "Epoch 829 Step 80": 2.871277332305908, "Epoch 829 Step 81": 2.8856678009033203, "Epoch 829 Step 82": 2.8877222537994385, "Epoch 829 Step 83": 2.885938882827759, "Epoch 829 Step 84": 2.889456033706665, "Epoch 829 Step 85": 2.884620428085327, "Epoch 829 Step 86": 2.872404098510742, "Epoch 829 Step 87": 2.8808720111846924, "Epoch 829 Step 88": 2.8766613006591797, "Epoch 829 Step 89": 2.8825056552886963}