{"Epoch 724 Step 0": 2.8877761363983154, "Epoch 724 Step 1": 2.880333662033081, "Epoch 724 Step 2": 2.8796937465667725, "Epoch 724 Step 3": 2.878462791442871, "Epoch 724 Step 4": 2.8770296573638916, "Epoch 724 Step 5": 2.888619899749756, "Epoch 724 Step 6": 2.87528657913208, "Epoch 724 Step 7": 2.890994071960449, "Epoch 724 Step 8": 2.871694564819336, "Epoch 724 Step 9": 2.874753952026367, "Epoch 724 Step 10": 2.879499912261963, "Epoch 724 Step 11": 2.8682074546813965, "Epoch 724 Step 12": 2.88774037361145, "Epoch 724 Step 13": 2.8816065788269043, "Epoch 724 Step 14": 2.8868801593780518, "Epoch 724 Step 15": 2.8930554389953613, "Epoch 724 Step 16": 2.8864171504974365, "Epoch 724 Step 17": 2.878955125808716, "Epoch 724 Step 18": 2.8849730491638184, "Epoch 724 Step 19": 2.8953213691711426, "Epoch 724 Step 20": 2.89467716217041, "Epoch 724 Step 21": 2.8931469917297363, "Epoch 724 Step 22": 2.8882157802581787, "Epoch 724 Step 23": 2.8867714405059814, "Epoch 724 Step 24": 2.8835291862487793, "Epoch 724 Step 25": 2.9046454429626465, "Epoch 724 Step 26": 2.9004061222076416, "Epoch 724 Step 27": 2.898908853530884, "Epoch 724 Step 28": 2.8749539852142334, "Epoch 724 Step 29": 2.887970447540283, "Epoch 724 Step 30": 2.8927361965179443, "Epoch 724 Step 31": 2.874934434890747, "Epoch 724 Step 32": 2.8865487575531006, "Epoch 724 Step 33": 2.886918067932129, "Epoch 724 Step 34": 2.891777753829956, "Epoch 724 Step 35": 2.8966126441955566, "Epoch 724 Step 36": 2.8814902305603027, "Epoch 724 Step 37": 2.8932249546051025, "Epoch 724 Step 38": 2.8782098293304443, "Epoch 724 Step 39": 2.8848330974578857, "Epoch 724 Step 40": 2.877793788909912, "Epoch 724 Step 41": 2.8919677734375, "Epoch 724 Step 42": 2.8779728412628174, "Epoch 724 Step 43": 2.882490396499634, "Epoch 724 Step 44": 2.8887836933135986, "Epoch 724 Step 45": 2.873823642730713, "Epoch 724 Step 46": 2.8725168704986572, "Epoch 724 Step 47": 2.8718903064727783, "Epoch 724 Step 48": 2.8882908821105957, "Epoch 724 Step 49": 2.881727695465088, "Epoch 724 Step 50": 2.8770878314971924, "Epoch 724 Step 51": 2.889843702316284, "Epoch 724 Step 52": 2.8954074382781982, "Epoch 724 Step 53": 2.880491018295288, "Epoch 724 Step 54": 2.8753662109375, "Epoch 724 Step 55": 2.8879170417785645, "Epoch 724 Step 56": 2.892104148864746, "Epoch 724 Step 57": 2.880425453186035, "Epoch 724 Step 58": 2.881537437438965, "Epoch 724 Step 59": 2.87764310836792, "Epoch 724 Step 60": 2.887430429458618, "Epoch 724 Step 61": 2.8736298084259033, "Epoch 724 Step 62": 2.885068416595459, "Epoch 724 Step 63": 2.879209280014038, "Epoch 724 Step 64": 2.8830437660217285, "Epoch 724 Step 65": 2.885072946548462, "Epoch 724 Step 66": 2.87149977684021, "Epoch 724 Step 67": 2.8858230113983154, "Epoch 724 Step 68": 2.8879950046539307, "Epoch 724 Step 69": 2.8860363960266113, "Epoch 724 Step 70": 2.8894524574279785, "Epoch 724 Step 71": 2.8845138549804688, "Epoch 724 Step 72": 2.872857093811035, "Epoch 724 Step 73": 2.880918025970459, "Epoch 724 Step 74": 2.877150058746338, "Epoch 724 Step 75": 2.882598876953125, "Epoch 724 Step 76": 2.883226156234741, "Epoch 724 Step 77": 2.8900957107543945, "Epoch 724 Step 78": 2.88517165184021, "Epoch 724 Step 79": 2.885329484939575, "Epoch 724 Step 80": 2.8809709548950195, "Epoch 724 Step 81": 2.8755533695220947, "Epoch 724 Step 82": 2.8793768882751465, "Epoch 724 Step 83": 2.894096851348877, "Epoch 724 Step 84": 2.8881752490997314, "Epoch 724 Step 85": 2.8739616870880127, "Epoch 724 Step 86": 2.8908674716949463, "Epoch 724 Step 87": 2.882045030593872, "Epoch 724 Step 88": 2.8765337467193604, "Epoch 724 Step 89": 2.8731963634490967}