{"Epoch 573 Step 0": 2.887479305267334, "Epoch 573 Step 1": 2.873731851577759, "Epoch 573 Step 2": 2.8853952884674072, "Epoch 573 Step 3": 2.8796093463897705, "Epoch 573 Step 4": 2.8828580379486084, "Epoch 573 Step 5": 2.8847696781158447, "Epoch 573 Step 6": 2.8712007999420166, "Epoch 573 Step 7": 2.8847815990448, "Epoch 573 Step 8": 2.887859344482422, "Epoch 573 Step 9": 2.8858301639556885, "Epoch 573 Step 10": 2.889603614807129, "Epoch 573 Step 11": 2.8848884105682373, "Epoch 573 Step 12": 2.8724334239959717, "Epoch 573 Step 13": 2.880563497543335, "Epoch 573 Step 14": 2.8767342567443848, "Epoch 573 Step 15": 2.8828542232513428, "Epoch 573 Step 16": 2.8836581707000732, "Epoch 573 Step 17": 2.8906431198120117, "Epoch 573 Step 18": 2.8850224018096924, "Epoch 573 Step 19": 2.885172128677368, "Epoch 573 Step 20": 2.882155179977417, "Epoch 573 Step 21": 2.8750531673431396, "Epoch 573 Step 22": 2.8801891803741455, "Epoch 573 Step 23": 2.8936586380004883, "Epoch 573 Step 24": 2.8876991271972656, "Epoch 573 Step 25": 2.874098300933838, "Epoch 573 Step 26": 2.8898589611053467, "Epoch 573 Step 27": 2.8821938037872314, "Epoch 573 Step 28": 2.8753128051757812, "Epoch 573 Step 29": 2.8716604709625244, "Epoch 573 Step 30": 2.882244825363159, "Epoch 573 Step 31": 2.8879294395446777, "Epoch 573 Step 32": 2.8801887035369873, "Epoch 573 Step 33": 2.8784115314483643, "Epoch 573 Step 34": 2.878143072128296, "Epoch 573 Step 35": 2.875863790512085, "Epoch 573 Step 36": 2.887592077255249, "Epoch 573 Step 37": 2.874565601348877, "Epoch 573 Step 38": 2.89156436920166, "Epoch 573 Step 39": 2.871253490447998, "Epoch 573 Step 40": 2.8749160766601562, "Epoch 573 Step 41": 2.8797073364257812, "Epoch 573 Step 42": 2.8685781955718994, "Epoch 573 Step 43": 2.8863511085510254, "Epoch 573 Step 44": 2.8811542987823486, "Epoch 573 Step 45": 2.886580228805542, "Epoch 573 Step 46": 2.893066883087158, "Epoch 573 Step 47": 2.8862016201019287, "Epoch 573 Step 48": 2.877993106842041, "Epoch 573 Step 49": 2.8853511810302734, "Epoch 573 Step 50": 2.8963420391082764, "Epoch 573 Step 51": 2.8947160243988037, "Epoch 573 Step 52": 2.8931941986083984, "Epoch 573 Step 53": 2.887300491333008, "Epoch 573 Step 54": 2.885786533355713, "Epoch 573 Step 55": 2.8841660022735596, "Epoch 573 Step 56": 2.9051222801208496, "Epoch 573 Step 57": 2.899277687072754, "Epoch 573 Step 58": 2.8964545726776123, "Epoch 573 Step 59": 2.8771579265594482, "Epoch 573 Step 60": 2.891010046005249, "Epoch 573 Step 61": 2.8947367668151855, "Epoch 573 Step 62": 2.8751542568206787, "Epoch 573 Step 63": 2.8865766525268555, "Epoch 573 Step 64": 2.887104034423828, "Epoch 573 Step 65": 2.892026424407959, "Epoch 573 Step 66": 2.895843029022217, "Epoch 573 Step 67": 2.881821870803833, "Epoch 573 Step 68": 2.8929855823516846, "Epoch 573 Step 69": 2.879063367843628, "Epoch 573 Step 70": 2.8857016563415527, "Epoch 573 Step 71": 2.878368854522705, "Epoch 573 Step 72": 2.89249587059021, "Epoch 573 Step 73": 2.8780171871185303, "Epoch 573 Step 74": 2.8829972743988037, "Epoch 573 Step 75": 2.8888168334960938, "Epoch 573 Step 76": 2.8740057945251465, "Epoch 573 Step 77": 2.8717703819274902, "Epoch 573 Step 78": 2.872972249984741, "Epoch 573 Step 79": 2.888404369354248, "Epoch 573 Step 80": 2.8818533420562744, "Epoch 573 Step 81": 2.8776257038116455, "Epoch 573 Step 82": 2.8900671005249023, "Epoch 573 Step 83": 2.8948707580566406, "Epoch 573 Step 84": 2.8797943592071533, "Epoch 573 Step 85": 2.8759326934814453, "Epoch 573 Step 86": 2.887625217437744, "Epoch 573 Step 87": 2.891477108001709, "Epoch 573 Step 88": 2.8810956478118896, "Epoch 573 Step 89": 2.8821983337402344}