{"Epoch 365 Step 0": 2.890691041946411, "Epoch 365 Step 1": 2.8821232318878174, "Epoch 365 Step 2": 2.876004695892334, "Epoch 365 Step 3": 2.8730876445770264, "Epoch 365 Step 4": 2.881457567214966, "Epoch 365 Step 5": 2.8876454830169678, "Epoch 365 Step 6": 2.879791021347046, "Epoch 365 Step 7": 2.878340005874634, "Epoch 365 Step 8": 2.878702163696289, "Epoch 365 Step 9": 2.8766677379608154, "Epoch 365 Step 10": 2.887838840484619, "Epoch 365 Step 11": 2.8749563694000244, "Epoch 365 Step 12": 2.8913960456848145, "Epoch 365 Step 13": 2.8708956241607666, "Epoch 365 Step 14": 2.874603271484375, "Epoch 365 Step 15": 2.879807472229004, "Epoch 365 Step 16": 2.868130683898926, "Epoch 365 Step 17": 2.887190341949463, "Epoch 365 Step 18": 2.8813247680664062, "Epoch 365 Step 19": 2.886939525604248, "Epoch 365 Step 20": 2.8931522369384766, "Epoch 365 Step 21": 2.8864927291870117, "Epoch 365 Step 22": 2.8781871795654297, "Epoch 365 Step 23": 2.884310722351074, "Epoch 365 Step 24": 2.895677089691162, "Epoch 365 Step 25": 2.895089864730835, "Epoch 365 Step 26": 2.893669366836548, "Epoch 365 Step 27": 2.8876380920410156, "Epoch 365 Step 28": 2.885366201400757, "Epoch 365 Step 29": 2.8824126720428467, "Epoch 365 Step 30": 2.9054391384124756, "Epoch 365 Step 31": 2.89965558052063, "Epoch 365 Step 32": 2.89839506149292, "Epoch 365 Step 33": 2.8765923976898193, "Epoch 365 Step 34": 2.889859676361084, "Epoch 365 Step 35": 2.8937976360321045, "Epoch 365 Step 36": 2.875201940536499, "Epoch 365 Step 37": 2.8867244720458984, "Epoch 365 Step 38": 2.8868422508239746, "Epoch 365 Step 39": 2.8919050693511963, "Epoch 365 Step 40": 2.895958662033081, "Epoch 365 Step 41": 2.88157320022583, "Epoch 365 Step 42": 2.892939567565918, "Epoch 365 Step 43": 2.878861427307129, "Epoch 365 Step 44": 2.885225296020508, "Epoch 365 Step 45": 2.877619743347168, "Epoch 365 Step 46": 2.891569137573242, "Epoch 365 Step 47": 2.877746105194092, "Epoch 365 Step 48": 2.882519006729126, "Epoch 365 Step 49": 2.8887884616851807, "Epoch 365 Step 50": 2.873511791229248, "Epoch 365 Step 51": 2.872025728225708, "Epoch 365 Step 52": 2.8722333908081055, "Epoch 365 Step 53": 2.8883535861968994, "Epoch 365 Step 54": 2.8815438747406006, "Epoch 365 Step 55": 2.8781630992889404, "Epoch 365 Step 56": 2.8906760215759277, "Epoch 365 Step 57": 2.8948090076446533, "Epoch 365 Step 58": 2.880653142929077, "Epoch 365 Step 59": 2.877992630004883, "Epoch 365 Step 60": 2.8876755237579346, "Epoch 365 Step 61": 2.8915743827819824, "Epoch 365 Step 62": 2.8803184032440186, "Epoch 365 Step 63": 2.8814072608947754, "Epoch 365 Step 64": 2.877354860305786, "Epoch 365 Step 65": 2.8872549533843994, "Epoch 365 Step 66": 2.8744759559631348, "Epoch 365 Step 67": 2.8853342533111572, "Epoch 365 Step 68": 2.8793370723724365, "Epoch 365 Step 69": 2.8829805850982666, "Epoch 365 Step 70": 2.884782075881958, "Epoch 365 Step 71": 2.87117862701416, "Epoch 365 Step 72": 2.8848023414611816, "Epoch 365 Step 73": 2.8880085945129395, "Epoch 365 Step 74": 2.8856992721557617, "Epoch 365 Step 75": 2.889098882675171, "Epoch 365 Step 76": 2.884580612182617, "Epoch 365 Step 77": 2.8726158142089844, "Epoch 365 Step 78": 2.8807425498962402, "Epoch 365 Step 79": 2.877229928970337, "Epoch 365 Step 80": 2.882631301879883, "Epoch 365 Step 81": 2.883418560028076, "Epoch 365 Step 82": 2.890956163406372, "Epoch 365 Step 83": 2.885014295578003, "Epoch 365 Step 84": 2.8852946758270264, "Epoch 365 Step 85": 2.8813726902008057, "Epoch 365 Step 86": 2.875234842300415, "Epoch 365 Step 87": 2.879117727279663, "Epoch 365 Step 88": 2.893714666366577, "Epoch 365 Step 89": 2.8877358436584473}