{"Epoch 529 Step 0": 2.8814969062805176, "Epoch 529 Step 1": 2.886762857437134, "Epoch 529 Step 2": 2.8931379318237305, "Epoch 529 Step 3": 2.886484146118164, "Epoch 529 Step 4": 2.878384828567505, "Epoch 529 Step 5": 2.8849196434020996, "Epoch 529 Step 6": 2.8953986167907715, "Epoch 529 Step 7": 2.8940603733062744, "Epoch 529 Step 8": 2.892709732055664, "Epoch 529 Step 9": 2.8884971141815186, "Epoch 529 Step 10": 2.887122631072998, "Epoch 529 Step 11": 2.8825552463531494, "Epoch 529 Step 12": 2.904245138168335, "Epoch 529 Step 13": 2.901991605758667, "Epoch 529 Step 14": 2.9008543491363525, "Epoch 529 Step 15": 2.874995708465576, "Epoch 529 Step 16": 2.888843059539795, "Epoch 529 Step 17": 2.892934799194336, "Epoch 529 Step 18": 2.8749563694000244, "Epoch 529 Step 19": 2.8862202167510986, "Epoch 529 Step 20": 2.886699676513672, "Epoch 529 Step 21": 2.891305685043335, "Epoch 529 Step 22": 2.8955366611480713, "Epoch 529 Step 23": 2.8819468021392822, "Epoch 529 Step 24": 2.8931708335876465, "Epoch 529 Step 25": 2.8781304359436035, "Epoch 529 Step 26": 2.884476661682129, "Epoch 529 Step 27": 2.877614736557007, "Epoch 529 Step 28": 2.89152193069458, "Epoch 529 Step 29": 2.877896547317505, "Epoch 529 Step 30": 2.8828537464141846, "Epoch 529 Step 31": 2.888768434524536, "Epoch 529 Step 32": 2.873100519180298, "Epoch 529 Step 33": 2.871504783630371, "Epoch 529 Step 34": 2.871748208999634, "Epoch 529 Step 35": 2.8889286518096924, "Epoch 529 Step 36": 2.883044958114624, "Epoch 529 Step 37": 2.87848162651062, "Epoch 529 Step 38": 2.8901641368865967, "Epoch 529 Step 39": 2.8945412635803223, "Epoch 529 Step 40": 2.8801164627075195, "Epoch 529 Step 41": 2.8771049976348877, "Epoch 529 Step 42": 2.8869876861572266, "Epoch 529 Step 43": 2.8911962509155273, "Epoch 529 Step 44": 2.8811378479003906, "Epoch 529 Step 45": 2.882094621658325, "Epoch 529 Step 46": 2.8776590824127197, "Epoch 529 Step 47": 2.887272357940674, "Epoch 529 Step 48": 2.87373423576355, "Epoch 529 Step 49": 2.8852896690368652, "Epoch 529 Step 50": 2.8792312145233154, "Epoch 529 Step 51": 2.8829236030578613, "Epoch 529 Step 52": 2.884721517562866, "Epoch 529 Step 53": 2.8714749813079834, "Epoch 529 Step 54": 2.885305166244507, "Epoch 529 Step 55": 2.8878674507141113, "Epoch 529 Step 56": 2.8859264850616455, "Epoch 529 Step 57": 2.8891351222991943, "Epoch 529 Step 58": 2.884028196334839, "Epoch 529 Step 59": 2.8725662231445312, "Epoch 529 Step 60": 2.881033182144165, "Epoch 529 Step 61": 2.8772075176239014, "Epoch 529 Step 62": 2.8827064037323, "Epoch 529 Step 63": 2.883126735687256, "Epoch 529 Step 64": 2.8902878761291504, "Epoch 529 Step 65": 2.8849637508392334, "Epoch 529 Step 66": 2.885009527206421, "Epoch 529 Step 67": 2.8809895515441895, "Epoch 529 Step 68": 2.875295639038086, "Epoch 529 Step 69": 2.8796613216400146, "Epoch 529 Step 70": 2.8940255641937256, "Epoch 529 Step 71": 2.888050079345703, "Epoch 529 Step 72": 2.8741211891174316, "Epoch 529 Step 73": 2.8903520107269287, "Epoch 529 Step 74": 2.8820440769195557, "Epoch 529 Step 75": 2.876018524169922, "Epoch 529 Step 76": 2.8722445964813232, "Epoch 529 Step 77": 2.881831169128418, "Epoch 529 Step 78": 2.887389898300171, "Epoch 529 Step 79": 2.880527973175049, "Epoch 529 Step 80": 2.8784565925598145, "Epoch 529 Step 81": 2.878586530685425, "Epoch 529 Step 82": 2.87628173828125, "Epoch 529 Step 83": 2.8876290321350098, "Epoch 529 Step 84": 2.875316858291626, "Epoch 529 Step 85": 2.891099214553833, "Epoch 529 Step 86": 2.871263027191162, "Epoch 529 Step 87": 2.8747482299804688, "Epoch 529 Step 88": 2.8795361518859863, "Epoch 529 Step 89": 2.8684167861938477}