{"Epoch 197 Step 0": 2.8740317821502686, "Epoch 197 Step 1": 2.8894760608673096, "Epoch 197 Step 2": 2.8813538551330566, "Epoch 197 Step 3": 2.8755342960357666, "Epoch 197 Step 4": 2.8707072734832764, "Epoch 197 Step 5": 2.8815317153930664, "Epoch 197 Step 6": 2.887244701385498, "Epoch 197 Step 7": 2.8795559406280518, "Epoch 197 Step 8": 2.878955602645874, "Epoch 197 Step 9": 2.8781795501708984, "Epoch 197 Step 10": 2.8751542568206787, "Epoch 197 Step 11": 2.8870935440063477, "Epoch 197 Step 12": 2.8735549449920654, "Epoch 197 Step 13": 2.890986442565918, "Epoch 197 Step 14": 2.871049404144287, "Epoch 197 Step 15": 2.8742756843566895, "Epoch 197 Step 16": 2.878706932067871, "Epoch 197 Step 17": 2.867513418197632, "Epoch 197 Step 18": 2.8860790729522705, "Epoch 197 Step 19": 2.880901575088501, "Epoch 197 Step 20": 2.885580062866211, "Epoch 197 Step 21": 2.8923799991607666, "Epoch 197 Step 22": 2.8853797912597656, "Epoch 197 Step 23": 2.8777222633361816, "Epoch 197 Step 24": 2.884037494659424, "Epoch 197 Step 25": 2.893866539001465, "Epoch 197 Step 26": 2.8935744762420654, "Epoch 197 Step 27": 2.8922126293182373, "Epoch 197 Step 28": 2.887383222579956, "Epoch 197 Step 29": 2.887333393096924, "Epoch 197 Step 30": 2.8848297595977783, "Epoch 197 Step 31": 2.9030230045318604, "Epoch 197 Step 32": 2.901736259460449, "Epoch 197 Step 33": 2.896813154220581, "Epoch 197 Step 34": 2.87530517578125, "Epoch 197 Step 35": 2.8883140087127686, "Epoch 197 Step 36": 2.8918213844299316, "Epoch 197 Step 37": 2.8749659061431885, "Epoch 197 Step 38": 2.886063814163208, "Epoch 197 Step 39": 2.8877224922180176, "Epoch 197 Step 40": 2.8913731575012207, "Epoch 197 Step 41": 2.896111249923706, "Epoch 197 Step 42": 2.8810300827026367, "Epoch 197 Step 43": 2.8907806873321533, "Epoch 197 Step 44": 2.878239631652832, "Epoch 197 Step 45": 2.8855080604553223, "Epoch 197 Step 46": 2.8779141902923584, "Epoch 197 Step 47": 2.8921730518341064, "Epoch 197 Step 48": 2.877556324005127, "Epoch 197 Step 49": 2.8825631141662598, "Epoch 197 Step 50": 2.8877756595611572, "Epoch 197 Step 51": 2.8729732036590576, "Epoch 197 Step 52": 2.871326446533203, "Epoch 197 Step 53": 2.8718276023864746, "Epoch 197 Step 54": 2.8880317211151123, "Epoch 197 Step 55": 2.8814239501953125, "Epoch 197 Step 56": 2.877427339553833, "Epoch 197 Step 57": 2.888552665710449, "Epoch 197 Step 58": 2.895026206970215, "Epoch 197 Step 59": 2.8802530765533447, "Epoch 197 Step 60": 2.875417709350586, "Epoch 197 Step 61": 2.8869874477386475, "Epoch 197 Step 62": 2.890862464904785, "Epoch 197 Step 63": 2.8804214000701904, "Epoch 197 Step 64": 2.881229877471924, "Epoch 197 Step 65": 2.877229928970337, "Epoch 197 Step 66": 2.8876097202301025, "Epoch 197 Step 67": 2.8731329441070557, "Epoch 197 Step 68": 2.8843111991882324, "Epoch 197 Step 69": 2.878788948059082, "Epoch 197 Step 70": 2.8823866844177246, "Epoch 197 Step 71": 2.8840980529785156, "Epoch 197 Step 72": 2.8699724674224854, "Epoch 197 Step 73": 2.88385272026062, "Epoch 197 Step 74": 2.8875958919525146, "Epoch 197 Step 75": 2.8856003284454346, "Epoch 197 Step 76": 2.8890562057495117, "Epoch 197 Step 77": 2.882911205291748, "Epoch 197 Step 78": 2.872037887573242, "Epoch 197 Step 79": 2.8802340030670166, "Epoch 197 Step 80": 2.8758647441864014, "Epoch 197 Step 81": 2.8821065425872803, "Epoch 197 Step 82": 2.8829822540283203, "Epoch 197 Step 83": 2.8903439044952393, "Epoch 197 Step 84": 2.8850338459014893, "Epoch 197 Step 85": 2.8849105834960938, "Epoch 197 Step 86": 2.88043475151062, "Epoch 197 Step 87": 2.874899387359619, "Epoch 197 Step 88": 2.8794782161712646, "Epoch 197 Step 89": 2.893063545227051}