{"Epoch 327 Step 0": 2.8717737197875977, "Epoch 327 Step 1": 2.872581720352173, "Epoch 327 Step 2": 2.889249324798584, "Epoch 327 Step 3": 2.8837273120880127, "Epoch 327 Step 4": 2.8780617713928223, "Epoch 327 Step 5": 2.8898186683654785, "Epoch 327 Step 6": 2.895615577697754, "Epoch 327 Step 7": 2.8804125785827637, "Epoch 327 Step 8": 2.8756399154663086, "Epoch 327 Step 9": 2.8874168395996094, "Epoch 327 Step 10": 2.891571521759033, "Epoch 327 Step 11": 2.881380796432495, "Epoch 327 Step 12": 2.8816754817962646, "Epoch 327 Step 13": 2.877458095550537, "Epoch 327 Step 14": 2.8876700401306152, "Epoch 327 Step 15": 2.8742291927337646, "Epoch 327 Step 16": 2.8855700492858887, "Epoch 327 Step 17": 2.8792073726654053, "Epoch 327 Step 18": 2.8833680152893066, "Epoch 327 Step 19": 2.8847341537475586, "Epoch 327 Step 20": 2.871492624282837, "Epoch 327 Step 21": 2.884580135345459, "Epoch 327 Step 22": 2.8880209922790527, "Epoch 327 Step 23": 2.8857600688934326, "Epoch 327 Step 24": 2.8894057273864746, "Epoch 327 Step 25": 2.8841440677642822, "Epoch 327 Step 26": 2.8721587657928467, "Epoch 327 Step 27": 2.8814988136291504, "Epoch 327 Step 28": 2.8773984909057617, "Epoch 327 Step 29": 2.8827567100524902, "Epoch 327 Step 30": 2.883197546005249, "Epoch 327 Step 31": 2.8909997940063477, "Epoch 327 Step 32": 2.884408712387085, "Epoch 327 Step 33": 2.885180711746216, "Epoch 327 Step 34": 2.881152868270874, "Epoch 327 Step 35": 2.8756325244903564, "Epoch 327 Step 36": 2.8794057369232178, "Epoch 327 Step 37": 2.893495798110962, "Epoch 327 Step 38": 2.8879575729370117, "Epoch 327 Step 39": 2.8742668628692627, "Epoch 327 Step 40": 2.8906733989715576, "Epoch 327 Step 41": 2.882213592529297, "Epoch 327 Step 42": 2.8754589557647705, "Epoch 327 Step 43": 2.8723232746124268, "Epoch 327 Step 44": 2.8823158740997314, "Epoch 327 Step 45": 2.8882148265838623, "Epoch 327 Step 46": 2.8805220127105713, "Epoch 327 Step 47": 2.878765106201172, "Epoch 327 Step 48": 2.8780574798583984, "Epoch 327 Step 49": 2.8762705326080322, "Epoch 327 Step 50": 2.887622356414795, "Epoch 327 Step 51": 2.874666929244995, "Epoch 327 Step 52": 2.8910257816314697, "Epoch 327 Step 53": 2.8713738918304443, "Epoch 327 Step 54": 2.8750035762786865, "Epoch 327 Step 55": 2.8796472549438477, "Epoch 327 Step 56": 2.8678934574127197, "Epoch 327 Step 57": 2.8869361877441406, "Epoch 327 Step 58": 2.8816142082214355, "Epoch 327 Step 59": 2.88702392578125, "Epoch 327 Step 60": 2.8937149047851562, "Epoch 327 Step 61": 2.8865714073181152, "Epoch 327 Step 62": 2.8787431716918945, "Epoch 327 Step 63": 2.885416269302368, "Epoch 327 Step 64": 2.8954780101776123, "Epoch 327 Step 65": 2.894883394241333, "Epoch 327 Step 66": 2.893170118331909, "Epoch 327 Step 67": 2.887007713317871, "Epoch 327 Step 68": 2.886172294616699, "Epoch 327 Step 69": 2.8861351013183594, "Epoch 327 Step 70": 2.9051694869995117, "Epoch 327 Step 71": 2.901470899581909, "Epoch 327 Step 72": 2.8947534561157227, "Epoch 327 Step 73": 2.8784685134887695, "Epoch 327 Step 74": 2.892066240310669, "Epoch 327 Step 75": 2.8933513164520264, "Epoch 327 Step 76": 2.874706506729126, "Epoch 327 Step 77": 2.8880510330200195, "Epoch 327 Step 78": 2.8895623683929443, "Epoch 327 Step 79": 2.8927340507507324, "Epoch 327 Step 80": 2.8955135345458984, "Epoch 327 Step 81": 2.881803512573242, "Epoch 327 Step 82": 2.8920810222625732, "Epoch 327 Step 83": 2.8801827430725098, "Epoch 327 Step 84": 2.887082815170288, "Epoch 327 Step 85": 2.87888240814209, "Epoch 327 Step 86": 2.8927764892578125, "Epoch 327 Step 87": 2.8773093223571777, "Epoch 327 Step 88": 2.8833627700805664, "Epoch 327 Step 89": 2.8888862133026123}