{"Epoch 43 Step 0": 2.884876251220703, "Epoch 43 Step 1": 2.8864328861236572, "Epoch 43 Step 2": 2.883645534515381, "Epoch 43 Step 3": 2.8869974613189697, "Epoch 43 Step 4": 2.8826892375946045, "Epoch 43 Step 5": 2.871694326400757, "Epoch 43 Step 6": 2.879265069961548, "Epoch 43 Step 7": 2.8769161701202393, "Epoch 43 Step 8": 2.8827970027923584, "Epoch 43 Step 9": 2.879366159439087, "Epoch 43 Step 10": 2.8888728618621826, "Epoch 43 Step 11": 2.8842899799346924, "Epoch 43 Step 12": 2.884498357772827, "Epoch 43 Step 13": 2.8813223838806152, "Epoch 43 Step 14": 2.8733723163604736, "Epoch 43 Step 15": 2.8776214122772217, "Epoch 43 Step 16": 2.89152455329895, "Epoch 43 Step 17": 2.8871402740478516, "Epoch 43 Step 18": 2.8735389709472656, "Epoch 43 Step 19": 2.8885910511016846, "Epoch 43 Step 20": 2.880643606185913, "Epoch 43 Step 21": 2.8737945556640625, "Epoch 43 Step 22": 2.8701839447021484, "Epoch 43 Step 23": 2.880134105682373, "Epoch 43 Step 24": 2.8859691619873047, "Epoch 43 Step 25": 2.8790981769561768, "Epoch 43 Step 26": 2.8779118061065674, "Epoch 43 Step 27": 2.877711296081543, "Epoch 43 Step 28": 2.874911308288574, "Epoch 43 Step 29": 2.8862528800964355, "Epoch 43 Step 30": 2.872659921646118, "Epoch 43 Step 31": 2.8890914916992188, "Epoch 43 Step 32": 2.87052845954895, "Epoch 43 Step 33": 2.8729896545410156, "Epoch 43 Step 34": 2.8786418437957764, "Epoch 43 Step 35": 2.8671727180480957, "Epoch 43 Step 36": 2.8853049278259277, "Epoch 43 Step 37": 2.880695104598999, "Epoch 43 Step 38": 2.8845736980438232, "Epoch 43 Step 39": 2.8912553787231445, "Epoch 43 Step 40": 2.885784864425659, "Epoch 43 Step 41": 2.877218246459961, "Epoch 43 Step 42": 2.882920503616333, "Epoch 43 Step 43": 2.894559621810913, "Epoch 43 Step 44": 2.894754648208618, "Epoch 43 Step 45": 2.8914873600006104, "Epoch 43 Step 46": 2.887223720550537, "Epoch 43 Step 47": 2.885831117630005, "Epoch 43 Step 48": 2.879517078399658, "Epoch 43 Step 49": 2.90423846244812, "Epoch 43 Step 50": 2.897922992706299, "Epoch 43 Step 51": 2.8962039947509766, "Epoch 43 Step 52": 2.8749659061431885, "Epoch 43 Step 53": 2.888608694076538, "Epoch 43 Step 54": 2.891611337661743, "Epoch 43 Step 55": 2.873893976211548, "Epoch 43 Step 56": 2.884687900543213, "Epoch 43 Step 57": 2.885375499725342, "Epoch 43 Step 58": 2.8909802436828613, "Epoch 43 Step 59": 2.8950624465942383, "Epoch 43 Step 60": 2.8803656101226807, "Epoch 43 Step 61": 2.8916420936584473, "Epoch 43 Step 62": 2.8753247261047363, "Epoch 43 Step 63": 2.8846192359924316, "Epoch 43 Step 64": 2.8759210109710693, "Epoch 43 Step 65": 2.891347885131836, "Epoch 43 Step 66": 2.876495599746704, "Epoch 43 Step 67": 2.8812382221221924, "Epoch 43 Step 68": 2.8880715370178223, "Epoch 43 Step 69": 2.8719141483306885, "Epoch 43 Step 70": 2.871345043182373, "Epoch 43 Step 71": 2.8707375526428223, "Epoch 43 Step 72": 2.8872435092926025, "Epoch 43 Step 73": 2.880929470062256, "Epoch 43 Step 74": 2.8759427070617676, "Epoch 43 Step 75": 2.888005256652832, "Epoch 43 Step 76": 2.8952083587646484, "Epoch 43 Step 77": 2.8799033164978027, "Epoch 43 Step 78": 2.874032497406006, "Epoch 43 Step 79": 2.886587619781494, "Epoch 43 Step 80": 2.889932632446289, "Epoch 43 Step 81": 2.880308151245117, "Epoch 43 Step 82": 2.88096022605896, "Epoch 43 Step 83": 2.876697301864624, "Epoch 43 Step 84": 2.8861515522003174, "Epoch 43 Step 85": 2.8726460933685303, "Epoch 43 Step 86": 2.883648633956909, "Epoch 43 Step 87": 2.878117322921753, "Epoch 43 Step 88": 2.881286859512329, "Epoch 43 Step 89": 2.8835909366607666}