{"Epoch 0 Step 0": 2.8765008449554443, "Epoch 0 Step 1": 2.884265184402466, "Epoch 0 Step 2": 2.874288320541382, "Epoch 0 Step 3": 2.856649160385132, "Epoch 0 Step 4": 2.862579822540283, "Epoch 0 Step 5": 2.8804471492767334, "Epoch 0 Step 6": 2.8804876804351807, "Epoch 0 Step 7": 2.8839030265808105, "Epoch 0 Step 8": 2.868535041809082, "Epoch 0 Step 9": 2.885714054107666, "Epoch 0 Step 10": 2.8828983306884766, "Epoch 0 Step 11": 2.844682216644287, "Epoch 0 Step 12": 2.8486948013305664, "Epoch 0 Step 13": 2.8649795055389404, "Epoch 0 Step 14": 2.8672597408294678, "Epoch 0 Step 15": 2.875302314758301, "Epoch 0 Step 16": 2.8728182315826416, "Epoch 0 Step 17": 2.873661756515503, "Epoch 0 Step 18": 2.877591371536255, "Epoch 0 Step 19": 2.873741388320923, "Epoch 0 Step 20": 2.886409044265747, "Epoch 0 Step 21": 2.867300510406494, "Epoch 0 Step 22": 2.877129316329956, "Epoch 0 Step 23": 2.8853909969329834, "Epoch 0 Step 24": 2.8808207511901855, "Epoch 0 Step 25": 2.875570297241211, "Epoch 0 Step 26": 2.878633499145508, "Epoch 0 Step 27": 2.863851308822632, "Epoch 0 Step 28": 2.845071315765381, "Epoch 0 Step 29": 2.8710598945617676, "Epoch 0 Step 30": 2.8787081241607666, "Epoch 0 Step 31": 2.8373165130615234, "Epoch 0 Step 32": 2.8655970096588135, "Epoch 0 Step 33": 2.8716647624969482, "Epoch 0 Step 34": 2.8603944778442383, "Epoch 0 Step 35": 2.88401460647583, "Epoch 0 Step 36": 2.8603463172912598, "Epoch 0 Step 37": 2.8768911361694336, "Epoch 0 Step 38": 2.8581628799438477, "Epoch 0 Step 39": 2.8729653358459473, "Epoch 0 Step 40": 2.823460817337036, "Epoch 0 Step 41": 2.8843822479248047, "Epoch 0 Step 42": 2.8533122539520264, "Epoch 0 Step 43": 2.886078357696533, "Epoch 0 Step 44": 2.8722920417785645, "Epoch 0 Step 45": 2.8515801429748535, "Epoch 0 Step 46": 2.8469412326812744, "Epoch 0 Step 47": 2.8691470623016357, "Epoch 0 Step 48": 2.859290361404419, "Epoch 0 Step 49": 2.851703643798828, "Epoch 0 Step 50": 2.8863587379455566, "Epoch 0 Step 51": 2.874526023864746, "Epoch 0 Step 52": 2.864100694656372, "Epoch 0 Step 53": 2.8494327068328857, "Epoch 0 Step 54": 2.8618552684783936, "Epoch 0 Step 55": 2.863661289215088, "Epoch 0 Step 56": 2.8377130031585693, "Epoch 0 Step 57": 2.8548049926757812, "Epoch 0 Step 58": 2.856732130050659, "Epoch 0 Step 59": 2.8483264446258545, "Epoch 0 Step 60": 2.840471029281616, "Epoch 0 Step 61": 2.8787312507629395, "Epoch 0 Step 62": 2.8556180000305176, "Epoch 0 Step 63": 2.886589765548706, "Epoch 0 Step 64": 2.8669180870056152, "Epoch 0 Step 65": 2.849313259124756, "Epoch 0 Step 66": 2.882150411605835, "Epoch 0 Step 67": 2.857895612716675, "Epoch 0 Step 68": 2.8674755096435547, "Epoch 0 Step 69": 2.865777015686035, "Epoch 0 Step 70": 2.8402011394500732, "Epoch 0 Step 71": 2.8803939819335938, "Epoch 0 Step 72": 2.8640122413635254, "Epoch 0 Step 73": 2.878472328186035, "Epoch 0 Step 74": 2.874812602996826, "Epoch 0 Step 75": 2.897843360900879, "Epoch 0 Step 76": 2.881225347518921, "Epoch 0 Step 77": 2.844585418701172, "Epoch 0 Step 78": 2.879976987838745, "Epoch 0 Step 79": 2.8638663291931152, "Epoch 0 Step 80": 2.8542792797088623, "Epoch 0 Step 81": 2.8611128330230713, "Epoch 0 Step 82": 2.8593664169311523, "Epoch 0 Step 83": 2.8791074752807617, "Epoch 0 Step 84": 2.8653385639190674, "Epoch 0 Step 85": 2.8812458515167236, "Epoch 0 Step 86": 2.8815128803253174, "Epoch 0 Step 87": 2.8820860385894775, "Epoch 0 Step 88": 2.859867811203003, "Epoch 0 Step 89": 2.869070529937744, "Epoch 0 Step 90": 2.868039608001709, "Epoch 0 Step 91": 2.857326030731201, "Epoch 0 Step 92": 2.870161771774292, "Epoch 0 Step 93": 2.8471832275390625, "Epoch 0 Step 94": 2.8735458850860596, "Epoch 0 Step 95": 2.8770787715911865, "Epoch 0 Step 96": 2.8254036903381348, "Epoch 0 Step 97": 2.8608922958374023, "Epoch 0 Step 98": 2.8535048961639404, "Epoch 0 Step 99": 2.8677608966827393, "Epoch 0 Step 100": 2.8767881393432617, "Epoch 0 Step 101": 2.8505897521972656, "Epoch 0 Step 102": 2.87080717086792, "Epoch 0 Step 103": 2.826887845993042, "Epoch 0 Step 104": 2.858184337615967, "Epoch 0 Step 105": 2.877929210662842, "Epoch 0 Step 106": 2.869824171066284, "Epoch 0 Step 107": 2.861727237701416, "Epoch 0 Step 108": 2.851984977722168, "Epoch 0 Step 109": 2.8714914321899414, "Epoch 0 Step 110": 2.8581466674804688, "Epoch 0 Step 111": 2.8646256923675537, "Epoch 0 Step 112": 2.8764495849609375, "Epoch 0 Step 113": 2.8662893772125244, "Epoch 0 Step 114": 2.862306833267212, "Epoch 0 Step 115": 2.8628385066986084, "Epoch 0 Step 116": 2.8415544033050537, "Epoch 0 Step 117": 2.8423023223876953, "Epoch 0 Step 118": 2.8364577293395996, "Epoch 0 Step 119": 2.867283821105957, "Epoch 0 Step 120": 2.8765878677368164, "Epoch 0 Step 121": 2.8645706176757812, "Epoch 0 Step 122": 2.864525318145752, "Epoch 0 Step 123": 2.8578641414642334, "Epoch 0 Step 124": 2.874575138092041, "Epoch 0 Step 125": 2.8946149349212646, "Epoch 0 Step 126": 2.8154494762420654, "Epoch 0 Step 127": 2.86580491065979, "Epoch 0 Step 128": 2.857024908065796, "Epoch 0 Step 129": 2.881882667541504, "Epoch 0 Step 130": 2.86082124710083, "Epoch 0 Step 131": 2.887515068054199, "Epoch 0 Step 132": 2.8561747074127197, "Epoch 0 Step 133": 2.8446311950683594, "Epoch 0 Step 134": 2.8565874099731445, "Epoch 0 Step 135": 2.869008779525757, "Epoch 0 Step 136": 2.8517444133758545, "Epoch 0 Step 137": 2.883685350418091, "Epoch 0 Step 138": 2.8675436973571777, "Epoch 0 Step 139": 2.8320767879486084, "Epoch 0 Step 140": 2.856851816177368, "Epoch 0 Step 141": 2.858273983001709, "Epoch 0 Step 142": 2.858823776245117, "Epoch 0 Step 143": 2.873549222946167, "Epoch 0 Step 144": 2.868976354598999, "Epoch 0 Step 145": 2.8705687522888184, "Epoch 0 Step 146": 2.831777811050415, "Epoch 0 Step 147": 2.8658456802368164, "Epoch 0 Step 148": 2.8624255657196045, "Epoch 0 Step 149": 2.870656967163086, "Epoch 0 Step 150": 2.8675010204315186, "Epoch 0 Step 151": 2.8797543048858643, "Epoch 0 Step 152": 2.8732497692108154, "Epoch 0 Step 153": 2.8548824787139893, "Epoch 0 Step 154": 2.8831303119659424, "Epoch 0 Step 155": 2.874462127685547, "Epoch 0 Step 156": 2.8668649196624756, "Epoch 0 Step 157": 2.8642499446868896, "Epoch 0 Step 158": 2.871765375137329, "Epoch 0 Step 159": 2.8612215518951416, "Epoch 0 Step 160": 2.8609960079193115, "Epoch 0 Step 161": 2.8459279537200928, "Epoch 0 Step 162": 2.83062481880188, "Epoch 0 Step 163": 2.874577522277832, "Epoch 0 Step 164": 2.8511810302734375, "Epoch 0 Step 165": 2.8526499271392822, "Epoch 0 Step 166": 2.8680925369262695, "Epoch 0 Step 167": 2.8953561782836914, "Epoch 0 Step 168": 2.8494250774383545, "Epoch 0 Step 169": 2.873277425765991, "Epoch 0 Step 170": 2.8667941093444824, "Epoch 0 Step 171": 2.8753302097320557, "Epoch 0 Step 172": 2.85284161567688, "Epoch 0 Step 173": 2.8603901863098145, "Epoch 0 Step 174": 2.8387258052825928, "Epoch 0 Step 175": 2.853752374649048, "Epoch 0 Step 176": 2.860642671585083, "Epoch 0 Step 177": 2.848814010620117, "Epoch 0 Step 178": 2.8915841579437256, "Epoch 0 Step 179": 2.8639743328094482, "Epoch 0 Step 180": 2.855835437774658, "Epoch 0 Step 181": 2.8677563667297363, "Epoch 0 Step 182": 2.8688716888427734, "Epoch 0 Step 183": 2.8593363761901855, "Epoch 0 Step 184": 2.8514082431793213, "Epoch 0 Step 185": 2.8339900970458984, "Epoch 0 Step 186": 2.8253090381622314, "Epoch 0 Step 187": 2.8785059452056885, "Epoch 0 Step 188": 2.8570072650909424, "Epoch 0 Step 189": 2.887006998062134, "Epoch 0 Step 190": 2.8593218326568604, "Epoch 0 Step 191": 2.8687877655029297, "Epoch 0 Step 192": 2.88346791267395, "Epoch 0 Step 193": 2.8632538318634033, "Epoch 0 Step 194": 2.855631113052368, "Epoch 0 Step 195": 2.869704484939575, "Epoch 0 Step 196": 2.8496549129486084, "Epoch 0 Step 197": 2.8570635318756104, "Epoch 0 Step 198": 2.8492908477783203, "Epoch 0 Step 199": 2.8538308143615723, "Epoch 0 Step 200": 2.8426973819732666, "Epoch 0 Step 201": 2.86175274848938, "Epoch 0 Step 202": 2.8657422065734863, "Epoch 0 Step 203": 2.848888635635376, "Epoch 0 Step 204": 2.8757262229919434,