{"Epoch 505 Step 0": 2.8927078247070312, "Epoch 505 Step 1": 2.8788092136383057, "Epoch 505 Step 2": 2.8854877948760986, "Epoch 505 Step 3": 2.8780622482299805, "Epoch 505 Step 4": 2.8916776180267334, "Epoch 505 Step 5": 2.8780407905578613, "Epoch 505 Step 6": 2.8830599784851074, "Epoch 505 Step 7": 2.888519287109375, "Epoch 505 Step 8": 2.8731253147125244, "Epoch 505 Step 9": 2.871673107147217, "Epoch 505 Step 10": 2.872197389602661, "Epoch 505 Step 11": 2.8884897232055664, "Epoch 505 Step 12": 2.8825790882110596, "Epoch 505 Step 13": 2.8779404163360596, "Epoch 505 Step 14": 2.889803886413574, "Epoch 505 Step 15": 2.895364284515381, "Epoch 505 Step 16": 2.8803529739379883, "Epoch 505 Step 17": 2.8756093978881836, "Epoch 505 Step 18": 2.887270212173462, "Epoch 505 Step 19": 2.8919358253479004, "Epoch 505 Step 20": 2.8803517818450928, "Epoch 505 Step 21": 2.8816678524017334, "Epoch 505 Step 22": 2.8777077198028564, "Epoch 505 Step 23": 2.8875439167022705, "Epoch 505 Step 24": 2.8737566471099854, "Epoch 505 Step 25": 2.8855881690979004, "Epoch 505 Step 26": 2.8794429302215576, "Epoch 505 Step 27": 2.8832132816314697, "Epoch 505 Step 28": 2.8851606845855713, "Epoch 505 Step 29": 2.8709962368011475, "Epoch 505 Step 30": 2.8851048946380615, "Epoch 505 Step 31": 2.8880605697631836, "Epoch 505 Step 32": 2.8859164714813232, "Epoch 505 Step 33": 2.8893842697143555, "Epoch 505 Step 34": 2.8844659328460693, "Epoch 505 Step 35": 2.872359275817871, "Epoch 505 Step 36": 2.880845785140991, "Epoch 505 Step 37": 2.877190589904785, "Epoch 505 Step 38": 2.8828513622283936, "Epoch 505 Step 39": 2.883455753326416, "Epoch 505 Step 40": 2.8907999992370605, "Epoch 505 Step 41": 2.8848392963409424, "Epoch 505 Step 42": 2.885082960128784, "Epoch 505 Step 43": 2.881326198577881, "Epoch 505 Step 44": 2.875720262527466, "Epoch 505 Step 45": 2.8797686100006104, "Epoch 505 Step 46": 2.894214630126953, "Epoch 505 Step 47": 2.887981653213501, "Epoch 505 Step 48": 2.874163866043091, "Epoch 505 Step 49": 2.8902900218963623, "Epoch 505 Step 50": 2.882564067840576, "Epoch 505 Step 51": 2.8756322860717773, "Epoch 505 Step 52": 2.8728535175323486, "Epoch 505 Step 53": 2.8819053173065186, "Epoch 505 Step 54": 2.88761043548584, "Epoch 505 Step 55": 2.8800172805786133, "Epoch 505 Step 56": 2.8789405822753906, "Epoch 505 Step 57": 2.878416061401367, "Epoch 505 Step 58": 2.8758761882781982, "Epoch 505 Step 59": 2.8878068923950195, "Epoch 505 Step 60": 2.8748717308044434, "Epoch 505 Step 61": 2.8912205696105957, "Epoch 505 Step 62": 2.8712902069091797, "Epoch 505 Step 63": 2.874918222427368, "Epoch 505 Step 64": 2.8795089721679688, "Epoch 505 Step 65": 2.868222951889038, "Epoch 505 Step 66": 2.8868722915649414, "Epoch 505 Step 67": 2.8812360763549805, "Epoch 505 Step 68": 2.8871073722839355, "Epoch 505 Step 69": 2.8931314945220947, "Epoch 505 Step 70": 2.8868727684020996, "Epoch 505 Step 71": 2.8781118392944336, "Epoch 505 Step 72": 2.884570360183716, "Epoch 505 Step 73": 2.895134449005127, "Epoch 505 Step 74": 2.8945231437683105, "Epoch 505 Step 75": 2.893308162689209, "Epoch 505 Step 76": 2.888075828552246, "Epoch 505 Step 77": 2.885986804962158, "Epoch 505 Step 78": 2.8830690383911133, "Epoch 505 Step 79": 2.904120922088623, "Epoch 505 Step 80": 2.8992748260498047, "Epoch 505 Step 81": 2.8974015712738037, "Epoch 505 Step 82": 2.8763020038604736, "Epoch 505 Step 83": 2.8896076679229736, "Epoch 505 Step 84": 2.8939452171325684, "Epoch 505 Step 85": 2.875633955001831, "Epoch 505 Step 86": 2.8864858150482178, "Epoch 505 Step 87": 2.8866705894470215, "Epoch 505 Step 88": 2.8918297290802, "Epoch 505 Step 89": 2.895941734313965}