{"Epoch 550 Step 0": 2.8940351009368896, "Epoch 550 Step 1": 2.8883397579193115, "Epoch 550 Step 2": 2.8734562397003174, "Epoch 550 Step 3": 2.8907883167266846, "Epoch 550 Step 4": 2.882697343826294, "Epoch 550 Step 5": 2.875979423522949, "Epoch 550 Step 6": 2.8723130226135254, "Epoch 550 Step 7": 2.8819451332092285, "Epoch 550 Step 8": 2.8874576091766357, "Epoch 550 Step 9": 2.880418300628662, "Epoch 550 Step 10": 2.8791675567626953, "Epoch 550 Step 11": 2.878391742706299, "Epoch 550 Step 12": 2.876743793487549, "Epoch 550 Step 13": 2.8877081871032715, "Epoch 550 Step 14": 2.874474287033081, "Epoch 550 Step 15": 2.8906028270721436, "Epoch 550 Step 16": 2.8715853691101074, "Epoch 550 Step 17": 2.874655246734619, "Epoch 550 Step 18": 2.879462480545044, "Epoch 550 Step 19": 2.8676528930664062, "Epoch 550 Step 20": 2.8874833583831787, "Epoch 550 Step 21": 2.8817508220672607, "Epoch 550 Step 22": 2.8869662284851074, "Epoch 550 Step 23": 2.8931193351745605, "Epoch 550 Step 24": 2.886248826980591, "Epoch 550 Step 25": 2.8793537616729736, "Epoch 550 Step 26": 2.885838508605957, "Epoch 550 Step 27": 2.895263195037842, "Epoch 550 Step 28": 2.8932125568389893, "Epoch 550 Step 29": 2.8923401832580566, "Epoch 550 Step 30": 2.8879568576812744, "Epoch 550 Step 31": 2.8864569664001465, "Epoch 550 Step 32": 2.8829329013824463, "Epoch 550 Step 33": 2.904503583908081, "Epoch 550 Step 34": 2.9004721641540527, "Epoch 550 Step 35": 2.8979878425598145, "Epoch 550 Step 36": 2.8756608963012695, "Epoch 550 Step 37": 2.889178514480591, "Epoch 550 Step 38": 2.8926408290863037, "Epoch 550 Step 39": 2.87514328956604, "Epoch 550 Step 40": 2.8862996101379395, "Epoch 550 Step 41": 2.886784315109253, "Epoch 550 Step 42": 2.891524076461792, "Epoch 550 Step 43": 2.895766019821167, "Epoch 550 Step 44": 2.881661891937256, "Epoch 550 Step 45": 2.8931243419647217, "Epoch 550 Step 46": 2.8783040046691895, "Epoch 550 Step 47": 2.8851003646850586, "Epoch 550 Step 48": 2.8781514167785645, "Epoch 550 Step 49": 2.8921058177948, "Epoch 550 Step 50": 2.8781936168670654, "Epoch 550 Step 51": 2.882511854171753, "Epoch 550 Step 52": 2.888361930847168, "Epoch 550 Step 53": 2.8733747005462646, "Epoch 550 Step 54": 2.872121572494507, "Epoch 550 Step 55": 2.8723323345184326, "Epoch 550 Step 56": 2.8885674476623535, "Epoch 550 Step 57": 2.881547451019287, "Epoch 550 Step 58": 2.8774819374084473, "Epoch 550 Step 59": 2.8909337520599365, "Epoch 550 Step 60": 2.8952949047088623, "Epoch 550 Step 61": 2.880164623260498, "Epoch 550 Step 62": 2.875979423522949, "Epoch 550 Step 63": 2.887159824371338, "Epoch 550 Step 64": 2.8914153575897217, "Epoch 550 Step 65": 2.8807647228240967, "Epoch 550 Step 66": 2.8824589252471924, "Epoch 550 Step 67": 2.877817392349243, "Epoch 550 Step 68": 2.887563705444336, "Epoch 550 Step 69": 2.8735640048980713, "Epoch 550 Step 70": 2.8853583335876465, "Epoch 550 Step 71": 2.8792884349823, "Epoch 550 Step 72": 2.882934331893921, "Epoch 550 Step 73": 2.8846864700317383, "Epoch 550 Step 74": 2.871011734008789, "Epoch 550 Step 75": 2.8851611614227295, "Epoch 550 Step 76": 2.88790225982666, "Epoch 550 Step 77": 2.8857171535491943, "Epoch 550 Step 78": 2.8893485069274902, "Epoch 550 Step 79": 2.88435435295105, "Epoch 550 Step 80": 2.872387170791626, "Epoch 550 Step 81": 2.8807718753814697, "Epoch 550 Step 82": 2.877042055130005, "Epoch 550 Step 83": 2.8827569484710693, "Epoch 550 Step 84": 2.8829164505004883, "Epoch 550 Step 85": 2.8900015354156494, "Epoch 550 Step 86": 2.8849334716796875, "Epoch 550 Step 87": 2.885103464126587, "Epoch 550 Step 88": 2.8814265727996826, "Epoch 550 Step 89": 2.875612258911133}