{"Epoch 369 Step 0": 2.879561185836792, "Epoch 369 Step 1": 2.893829822540283, "Epoch 369 Step 2": 2.887984037399292, "Epoch 369 Step 3": 2.8740787506103516, "Epoch 369 Step 4": 2.8905956745147705, "Epoch 369 Step 5": 2.882068395614624, "Epoch 369 Step 6": 2.875474691390991, "Epoch 369 Step 7": 2.8729031085968018, "Epoch 369 Step 8": 2.8824493885040283, "Epoch 369 Step 9": 2.888174057006836, "Epoch 369 Step 10": 2.880551815032959, "Epoch 369 Step 11": 2.8788070678710938, "Epoch 369 Step 12": 2.878081798553467, "Epoch 369 Step 13": 2.876269817352295, "Epoch 369 Step 14": 2.887403964996338, "Epoch 369 Step 15": 2.8750295639038086, "Epoch 369 Step 16": 2.8909010887145996, "Epoch 369 Step 17": 2.871772050857544, "Epoch 369 Step 18": 2.8749444484710693, "Epoch 369 Step 19": 2.8802061080932617, "Epoch 369 Step 20": 2.8677361011505127, "Epoch 369 Step 21": 2.88759446144104, "Epoch 369 Step 22": 2.8820879459381104, "Epoch 369 Step 23": 2.8877055644989014, "Epoch 369 Step 24": 2.8937156200408936, "Epoch 369 Step 25": 2.8867156505584717, "Epoch 369 Step 26": 2.8787569999694824, "Epoch 369 Step 27": 2.884946823120117, "Epoch 369 Step 28": 2.89481258392334, "Epoch 369 Step 29": 2.894188404083252, "Epoch 369 Step 30": 2.8922293186187744, "Epoch 369 Step 31": 2.8882241249084473, "Epoch 369 Step 32": 2.8873205184936523, "Epoch 369 Step 33": 2.8859333992004395, "Epoch 369 Step 34": 2.9044620990753174, "Epoch 369 Step 35": 2.9025020599365234, "Epoch 369 Step 36": 2.899026870727539, "Epoch 369 Step 37": 2.875889778137207, "Epoch 369 Step 38": 2.8887226581573486, "Epoch 369 Step 39": 2.8928589820861816, "Epoch 369 Step 40": 2.8747897148132324, "Epoch 369 Step 41": 2.886580467224121, "Epoch 369 Step 42": 2.887793779373169, "Epoch 369 Step 43": 2.8920063972473145, "Epoch 369 Step 44": 2.89591646194458, "Epoch 369 Step 45": 2.88224458694458, "Epoch 369 Step 46": 2.8932230472564697, "Epoch 369 Step 47": 2.879354238510132, "Epoch 369 Step 48": 2.886575698852539, "Epoch 369 Step 49": 2.8792521953582764, "Epoch 369 Step 50": 2.8921000957489014, "Epoch 369 Step 51": 2.878194808959961, "Epoch 369 Step 52": 2.8832852840423584, "Epoch 369 Step 53": 2.8883891105651855, "Epoch 369 Step 54": 2.8736822605133057, "Epoch 369 Step 55": 2.872349739074707, "Epoch 369 Step 56": 2.872715473175049, "Epoch 369 Step 57": 2.8887722492218018, "Epoch 369 Step 58": 2.8829076290130615, "Epoch 369 Step 59": 2.878523588180542, "Epoch 369 Step 60": 2.890821933746338, "Epoch 369 Step 61": 2.895352363586426, "Epoch 369 Step 62": 2.8805131912231445, "Epoch 369 Step 63": 2.8765552043914795, "Epoch 369 Step 64": 2.8873918056488037, "Epoch 369 Step 65": 2.8915152549743652, "Epoch 369 Step 66": 2.8804967403411865, "Epoch 369 Step 67": 2.881762742996216, "Epoch 369 Step 68": 2.87746000289917, "Epoch 369 Step 69": 2.8874306678771973, "Epoch 369 Step 70": 2.8740110397338867, "Epoch 369 Step 71": 2.885612964630127, "Epoch 369 Step 72": 2.8794758319854736, "Epoch 369 Step 73": 2.8830034732818604, "Epoch 369 Step 74": 2.8846378326416016, "Epoch 369 Step 75": 2.871514320373535, "Epoch 369 Step 76": 2.8848135471343994, "Epoch 369 Step 77": 2.888180732727051, "Epoch 369 Step 78": 2.8857004642486572, "Epoch 369 Step 79": 2.88919734954834, "Epoch 369 Step 80": 2.884241819381714, "Epoch 369 Step 81": 2.8720309734344482, "Epoch 369 Step 82": 2.8817992210388184, "Epoch 369 Step 83": 2.8774161338806152, "Epoch 369 Step 84": 2.882983446121216, "Epoch 369 Step 85": 2.882969617843628, "Epoch 369 Step 86": 2.8906610012054443, "Epoch 369 Step 87": 2.8845362663269043, "Epoch 369 Step 88": 2.8852903842926025, "Epoch 369 Step 89": 2.8814966678619385}