{"Epoch 349 Step 0": 2.8677902221679688, "Epoch 349 Step 1": 2.887239933013916, "Epoch 349 Step 2": 2.8813655376434326, "Epoch 349 Step 3": 2.886983871459961, "Epoch 349 Step 4": 2.8934268951416016, "Epoch 349 Step 5": 2.8867077827453613, "Epoch 349 Step 6": 2.8787105083465576, "Epoch 349 Step 7": 2.884814500808716, "Epoch 349 Step 8": 2.8949928283691406, "Epoch 349 Step 9": 2.8947296142578125, "Epoch 349 Step 10": 2.89312744140625, "Epoch 349 Step 11": 2.887453317642212, "Epoch 349 Step 12": 2.885737657546997, "Epoch 349 Step 13": 2.884101629257202, "Epoch 349 Step 14": 2.9052727222442627, "Epoch 349 Step 15": 2.9004738330841064, "Epoch 349 Step 16": 2.8984906673431396, "Epoch 349 Step 17": 2.875831127166748, "Epoch 349 Step 18": 2.88948917388916, "Epoch 349 Step 19": 2.8934175968170166, "Epoch 349 Step 20": 2.8749771118164062, "Epoch 349 Step 21": 2.886310338973999, "Epoch 349 Step 22": 2.8868935108184814, "Epoch 349 Step 23": 2.891847610473633, "Epoch 349 Step 24": 2.896235466003418, "Epoch 349 Step 25": 2.882066011428833, "Epoch 349 Step 26": 2.893359661102295, "Epoch 349 Step 27": 2.8790946006774902, "Epoch 349 Step 28": 2.8855206966400146, "Epoch 349 Step 29": 2.877936601638794, "Epoch 349 Step 30": 2.8920881748199463, "Epoch 349 Step 31": 2.8779027462005615, "Epoch 349 Step 32": 2.883054256439209, "Epoch 349 Step 33": 2.8888967037200928, "Epoch 349 Step 34": 2.8732471466064453, "Epoch 349 Step 35": 2.8717522621154785, "Epoch 349 Step 36": 2.872014045715332, "Epoch 349 Step 37": 2.888237953186035, "Epoch 349 Step 38": 2.882370948791504, "Epoch 349 Step 39": 2.877880334854126, "Epoch 349 Step 40": 2.8902170658111572, "Epoch 349 Step 41": 2.8951199054718018, "Epoch 349 Step 42": 2.8805789947509766, "Epoch 349 Step 43": 2.876241683959961, "Epoch 349 Step 44": 2.887753963470459, "Epoch 349 Step 45": 2.891582489013672, "Epoch 349 Step 46": 2.8805813789367676, "Epoch 349 Step 47": 2.8815886974334717, "Epoch 349 Step 48": 2.8775007724761963, "Epoch 349 Step 49": 2.8874740600585938, "Epoch 349 Step 50": 2.874035358428955, "Epoch 349 Step 51": 2.8852992057800293, "Epoch 349 Step 52": 2.8793485164642334, "Epoch 349 Step 53": 2.88303804397583, "Epoch 349 Step 54": 2.8844969272613525, "Epoch 349 Step 55": 2.871328592300415, "Epoch 349 Step 56": 2.8847925662994385, "Epoch 349 Step 57": 2.8878061771392822, "Epoch 349 Step 58": 2.885873794555664, "Epoch 349 Step 59": 2.8890163898468018, "Epoch 349 Step 60": 2.8846211433410645, "Epoch 349 Step 61": 2.8726449012756348, "Epoch 349 Step 62": 2.88083815574646, "Epoch 349 Step 63": 2.8770899772644043, "Epoch 349 Step 64": 2.8827223777770996, "Epoch 349 Step 65": 2.883073568344116, "Epoch 349 Step 66": 2.8906283378601074, "Epoch 349 Step 67": 2.8851165771484375, "Epoch 349 Step 68": 2.885251760482788, "Epoch 349 Step 69": 2.8814871311187744, "Epoch 349 Step 70": 2.8754944801330566, "Epoch 349 Step 71": 2.879350423812866, "Epoch 349 Step 72": 2.8938655853271484, "Epoch 349 Step 73": 2.887989044189453, "Epoch 349 Step 74": 2.8743736743927, "Epoch 349 Step 75": 2.89078950881958, "Epoch 349 Step 76": 2.881960391998291, "Epoch 349 Step 77": 2.875981092453003, "Epoch 349 Step 78": 2.872668981552124, "Epoch 349 Step 79": 2.8819520473480225, "Epoch 349 Step 80": 2.8876569271087646, "Epoch 349 Step 81": 2.8802554607391357, "Epoch 349 Step 82": 2.878539562225342, "Epoch 349 Step 83": 2.8784027099609375, "Epoch 349 Step 84": 2.8764262199401855, "Epoch 349 Step 85": 2.887829303741455, "Epoch 349 Step 86": 2.8750550746917725, "Epoch 349 Step 87": 2.891361713409424, "Epoch 349 Step 88": 2.8714780807495117, "Epoch 349 Step 89": 2.874746322631836}