{"Epoch 406 Step 0": 2.873919725418091, "Epoch 406 Step 1": 2.8722341060638428, "Epoch 406 Step 2": 2.872267246246338, "Epoch 406 Step 3": 2.8885672092437744, "Epoch 406 Step 4": 2.882491111755371, "Epoch 406 Step 5": 2.8773975372314453, "Epoch 406 Step 6": 2.889230489730835, "Epoch 406 Step 7": 2.895102024078369, "Epoch 406 Step 8": 2.8800642490386963, "Epoch 406 Step 9": 2.8766117095947266, "Epoch 406 Step 10": 2.8878188133239746, "Epoch 406 Step 11": 2.8912179470062256, "Epoch 406 Step 12": 2.881537675857544, "Epoch 406 Step 13": 2.8824641704559326, "Epoch 406 Step 14": 2.8778915405273438, "Epoch 406 Step 15": 2.8874783515930176, "Epoch 406 Step 16": 2.8748939037323, "Epoch 406 Step 17": 2.8851993083953857, "Epoch 406 Step 18": 2.878767728805542, "Epoch 406 Step 19": 2.882638931274414, "Epoch 406 Step 20": 2.8847110271453857, "Epoch 406 Step 21": 2.8712708950042725, "Epoch 406 Step 22": 2.8845748901367188, "Epoch 406 Step 23": 2.888000965118408, "Epoch 406 Step 24": 2.8858683109283447, "Epoch 406 Step 25": 2.889458417892456, "Epoch 406 Step 26": 2.884221076965332, "Epoch 406 Step 27": 2.8719606399536133, "Epoch 406 Step 28": 2.8811135292053223, "Epoch 406 Step 29": 2.8768913745880127, "Epoch 406 Step 30": 2.882129669189453, "Epoch 406 Step 31": 2.883317232131958, "Epoch 406 Step 32": 2.8906567096710205, "Epoch 406 Step 33": 2.8849730491638184, "Epoch 406 Step 34": 2.8851540088653564, "Epoch 406 Step 35": 2.8811440467834473, "Epoch 406 Step 36": 2.8759756088256836, "Epoch 406 Step 37": 2.879173517227173, "Epoch 406 Step 38": 2.8937838077545166, "Epoch 406 Step 39": 2.8879642486572266, "Epoch 406 Step 40": 2.8742799758911133, "Epoch 406 Step 41": 2.890817880630493, "Epoch 406 Step 42": 2.881800413131714, "Epoch 406 Step 43": 2.8763246536254883, "Epoch 406 Step 44": 2.87304425239563, "Epoch 406 Step 45": 2.882108211517334, "Epoch 406 Step 46": 2.887282133102417, "Epoch 406 Step 47": 2.8805322647094727, "Epoch 406 Step 48": 2.8786747455596924, "Epoch 406 Step 49": 2.8786182403564453, "Epoch 406 Step 50": 2.875917434692383, "Epoch 406 Step 51": 2.8884425163269043, "Epoch 406 Step 52": 2.873960256576538, "Epoch 406 Step 53": 2.891132354736328, "Epoch 406 Step 54": 2.8714349269866943, "Epoch 406 Step 55": 2.8744969367980957, "Epoch 406 Step 56": 2.8793282508850098, "Epoch 406 Step 57": 2.8679614067077637, "Epoch 406 Step 58": 2.8866798877716064, "Epoch 406 Step 59": 2.8815436363220215, "Epoch 406 Step 60": 2.8862528800964355, "Epoch 406 Step 61": 2.8931572437286377, "Epoch 406 Step 62": 2.8855903148651123, "Epoch 406 Step 63": 2.8783581256866455, "Epoch 406 Step 64": 2.884826183319092, "Epoch 406 Step 65": 2.895646095275879, "Epoch 406 Step 66": 2.8944387435913086, "Epoch 406 Step 67": 2.893256425857544, "Epoch 406 Step 68": 2.8876471519470215, "Epoch 406 Step 69": 2.8861277103424072, "Epoch 406 Step 70": 2.8843607902526855, "Epoch 406 Step 71": 2.9053876399993896, "Epoch 406 Step 72": 2.900449514389038, "Epoch 406 Step 73": 2.898083209991455, "Epoch 406 Step 74": 2.8759093284606934, "Epoch 406 Step 75": 2.8884971141815186, "Epoch 406 Step 76": 2.8935482501983643, "Epoch 406 Step 77": 2.874941825866699, "Epoch 406 Step 78": 2.8867058753967285, "Epoch 406 Step 79": 2.8867640495300293, "Epoch 406 Step 80": 2.8920483589172363, "Epoch 406 Step 81": 2.8956222534179688, "Epoch 406 Step 82": 2.8817594051361084, "Epoch 406 Step 83": 2.892458438873291, "Epoch 406 Step 84": 2.8784561157226562, "Epoch 406 Step 85": 2.8851637840270996, "Epoch 406 Step 86": 2.877397298812866, "Epoch 406 Step 87": 2.8915886878967285, "Epoch 406 Step 88": 2.8779189586639404, "Epoch 406 Step 89": 2.883533000946045}