{"Epoch 192 Step 0": 2.882526397705078, "Epoch 192 Step 1": 2.8871121406555176, "Epoch 192 Step 2": 2.8797309398651123, "Epoch 192 Step 3": 2.8794660568237305, "Epoch 192 Step 4": 2.87853741645813, "Epoch 192 Step 5": 2.875917673110962, "Epoch 192 Step 6": 2.8867290019989014, "Epoch 192 Step 7": 2.873481273651123, "Epoch 192 Step 8": 2.890815258026123, "Epoch 192 Step 9": 2.8711562156677246, "Epoch 192 Step 10": 2.873662233352661, "Epoch 192 Step 11": 2.8787479400634766, "Epoch 192 Step 12": 2.867138385772705, "Epoch 192 Step 13": 2.8862972259521484, "Epoch 192 Step 14": 2.8806238174438477, "Epoch 192 Step 15": 2.8856704235076904, "Epoch 192 Step 16": 2.891972064971924, "Epoch 192 Step 17": 2.8849539756774902, "Epoch 192 Step 18": 2.877967596054077, "Epoch 192 Step 19": 2.8845930099487305, "Epoch 192 Step 20": 2.8937103748321533, "Epoch 192 Step 21": 2.8945071697235107, "Epoch 192 Step 22": 2.892064094543457, "Epoch 192 Step 23": 2.8871686458587646, "Epoch 192 Step 24": 2.8875577449798584, "Epoch 192 Step 25": 2.884453773498535, "Epoch 192 Step 26": 2.9019157886505127, "Epoch 192 Step 27": 2.9026153087615967, "Epoch 192 Step 28": 2.896958112716675, "Epoch 192 Step 29": 2.87542724609375, "Epoch 192 Step 30": 2.8887534141540527, "Epoch 192 Step 31": 2.892721176147461, "Epoch 192 Step 32": 2.873800754547119, "Epoch 192 Step 33": 2.8857851028442383, "Epoch 192 Step 34": 2.8877925872802734, "Epoch 192 Step 35": 2.8918495178222656, "Epoch 192 Step 36": 2.8960423469543457, "Epoch 192 Step 37": 2.8812079429626465, "Epoch 192 Step 38": 2.8915505409240723, "Epoch 192 Step 39": 2.8795437812805176, "Epoch 192 Step 40": 2.8863449096679688, "Epoch 192 Step 41": 2.8786470890045166, "Epoch 192 Step 42": 2.8920655250549316, "Epoch 192 Step 43": 2.877073287963867, "Epoch 192 Step 44": 2.8827242851257324, "Epoch 192 Step 45": 2.8878960609436035, "Epoch 192 Step 46": 2.872681140899658, "Epoch 192 Step 47": 2.8709471225738525, "Epoch 192 Step 48": 2.871734380722046, "Epoch 192 Step 49": 2.888040065765381, "Epoch 192 Step 50": 2.881779193878174, "Epoch 192 Step 51": 2.8772943019866943, "Epoch 192 Step 52": 2.889512300491333, "Epoch 192 Step 53": 2.894277811050415, "Epoch 192 Step 54": 2.87835431098938, "Epoch 192 Step 55": 2.8751800060272217, "Epoch 192 Step 56": 2.887035369873047, "Epoch 192 Step 57": 2.890585422515869, "Epoch 192 Step 58": 2.8804807662963867, "Epoch 192 Step 59": 2.8815813064575195, "Epoch 192 Step 60": 2.876676321029663, "Epoch 192 Step 61": 2.8872883319854736, "Epoch 192 Step 62": 2.873117446899414, "Epoch 192 Step 63": 2.884040594100952, "Epoch 192 Step 64": 2.878695011138916, "Epoch 192 Step 65": 2.8832333087921143, "Epoch 192 Step 66": 2.8832321166992188, "Epoch 192 Step 67": 2.870502233505249, "Epoch 192 Step 68": 2.8836209774017334, "Epoch 192 Step 69": 2.886474132537842, "Epoch 192 Step 70": 2.884624719619751, "Epoch 192 Step 71": 2.888723373413086, "Epoch 192 Step 72": 2.8828201293945312, "Epoch 192 Step 73": 2.8717613220214844, "Epoch 192 Step 74": 2.8796114921569824, "Epoch 192 Step 75": 2.8758957386016846, "Epoch 192 Step 76": 2.881588935852051, "Epoch 192 Step 77": 2.8817899227142334, "Epoch 192 Step 78": 2.889265775680542, "Epoch 192 Step 79": 2.885559558868408, "Epoch 192 Step 80": 2.8845248222351074, "Epoch 192 Step 81": 2.881289482116699, "Epoch 192 Step 82": 2.8740272521972656, "Epoch 192 Step 83": 2.8785786628723145, "Epoch 192 Step 84": 2.8931891918182373, "Epoch 192 Step 85": 2.88786244392395, "Epoch 192 Step 86": 2.873490810394287, "Epoch 192 Step 87": 2.8897671699523926, "Epoch 192 Step 88": 2.8811514377593994, "Epoch 192 Step 89": 2.875295877456665}