{"Epoch 597 Step 0": 2.881702423095703, "Epoch 597 Step 1": 2.8924059867858887, "Epoch 597 Step 2": 2.8782424926757812, "Epoch 597 Step 3": 2.8847227096557617, "Epoch 597 Step 4": 2.878373861312866, "Epoch 597 Step 5": 2.891964912414551, "Epoch 597 Step 6": 2.8776066303253174, "Epoch 597 Step 7": 2.8834574222564697, "Epoch 597 Step 8": 2.88877010345459, "Epoch 597 Step 9": 2.873288869857788, "Epoch 597 Step 10": 2.871595859527588, "Epoch 597 Step 11": 2.8716442584991455, "Epoch 597 Step 12": 2.8887248039245605, "Epoch 597 Step 13": 2.883913516998291, "Epoch 597 Step 14": 2.87753963470459, "Epoch 597 Step 15": 2.8910329341888428, "Epoch 597 Step 16": 2.8951218128204346, "Epoch 597 Step 17": 2.880297899246216, "Epoch 597 Step 18": 2.8760290145874023, "Epoch 597 Step 19": 2.887967348098755, "Epoch 597 Step 20": 2.891982078552246, "Epoch 597 Step 21": 2.8805081844329834, "Epoch 597 Step 22": 2.882148027420044, "Epoch 597 Step 23": 2.8782958984375, "Epoch 597 Step 24": 2.8876731395721436, "Epoch 597 Step 25": 2.8739230632781982, "Epoch 597 Step 26": 2.885312795639038, "Epoch 597 Step 27": 2.8793203830718994, "Epoch 597 Step 28": 2.8830947875976562, "Epoch 597 Step 29": 2.8856096267700195, "Epoch 597 Step 30": 2.8710532188415527, "Epoch 597 Step 31": 2.885202646255493, "Epoch 597 Step 32": 2.8874988555908203, "Epoch 597 Step 33": 2.8864922523498535, "Epoch 597 Step 34": 2.8898720741271973, "Epoch 597 Step 35": 2.884296417236328, "Epoch 597 Step 36": 2.872281312942505, "Epoch 597 Step 37": 2.8811707496643066, "Epoch 597 Step 38": 2.877218246459961, "Epoch 597 Step 39": 2.8830981254577637, "Epoch 597 Step 40": 2.882883310317993, "Epoch 597 Step 41": 2.8901207447052, "Epoch 597 Step 42": 2.884653091430664, "Epoch 597 Step 43": 2.8849244117736816, "Epoch 597 Step 44": 2.8817269802093506, "Epoch 597 Step 45": 2.8752450942993164, "Epoch 597 Step 46": 2.8800535202026367, "Epoch 597 Step 47": 2.8938722610473633, "Epoch 597 Step 48": 2.8879568576812744, "Epoch 597 Step 49": 2.8736793994903564, "Epoch 597 Step 50": 2.8901588916778564, "Epoch 597 Step 51": 2.881866693496704, "Epoch 597 Step 52": 2.8751609325408936, "Epoch 597 Step 53": 2.8722922801971436, "Epoch 597 Step 54": 2.8826467990875244, "Epoch 597 Step 55": 2.8880372047424316, "Epoch 597 Step 56": 2.880194902420044, "Epoch 597 Step 57": 2.878887414932251, "Epoch 597 Step 58": 2.8785486221313477, "Epoch 597 Step 59": 2.876260280609131, "Epoch 597 Step 60": 2.8880653381347656, "Epoch 597 Step 61": 2.8743343353271484, "Epoch 597 Step 62": 2.89100980758667, "Epoch 597 Step 63": 2.871159076690674, "Epoch 597 Step 64": 2.874459743499756, "Epoch 597 Step 65": 2.879423141479492, "Epoch 597 Step 66": 2.8679356575012207, "Epoch 597 Step 67": 2.8873555660247803, "Epoch 597 Step 68": 2.881655693054199, "Epoch 597 Step 69": 2.886888265609741, "Epoch 597 Step 70": 2.8930277824401855, "Epoch 597 Step 71": 2.8862693309783936, "Epoch 597 Step 72": 2.878662109375, "Epoch 597 Step 73": 2.884615898132324, "Epoch 597 Step 74": 2.8956079483032227, "Epoch 597 Step 75": 2.8941948413848877, "Epoch 597 Step 76": 2.8924639225006104, "Epoch 597 Step 77": 2.8881328105926514, "Epoch 597 Step 78": 2.8878326416015625, "Epoch 597 Step 79": 2.8841614723205566, "Epoch 597 Step 80": 2.9039745330810547, "Epoch 597 Step 81": 2.9021389484405518, "Epoch 597 Step 82": 2.9002606868743896, "Epoch 597 Step 83": 2.8753318786621094, "Epoch 597 Step 84": 2.8881514072418213, "Epoch 597 Step 85": 2.892849922180176, "Epoch 597 Step 86": 2.875032663345337, "Epoch 597 Step 87": 2.886474847793579, "Epoch 597 Step 88": 2.8868918418884277, "Epoch 597 Step 89": 2.890963554382324}