{"Epoch 361 Step 0": 2.8815529346466064, "Epoch 361 Step 1": 2.887178421020508, "Epoch 361 Step 2": 2.8801474571228027, "Epoch 361 Step 3": 2.87860107421875, "Epoch 361 Step 4": 2.878202438354492, "Epoch 361 Step 5": 2.876051664352417, "Epoch 361 Step 6": 2.8880343437194824, "Epoch 361 Step 7": 2.874988317489624, "Epoch 361 Step 8": 2.891230583190918, "Epoch 361 Step 9": 2.8710787296295166, "Epoch 361 Step 10": 2.874683141708374, "Epoch 361 Step 11": 2.8795437812805176, "Epoch 361 Step 12": 2.868062973022461, "Epoch 361 Step 13": 2.887179136276245, "Epoch 361 Step 14": 2.8814380168914795, "Epoch 361 Step 15": 2.8868095874786377, "Epoch 361 Step 16": 2.893094539642334, "Epoch 361 Step 17": 2.886023759841919, "Epoch 361 Step 18": 2.8781118392944336, "Epoch 361 Step 19": 2.8847579956054688, "Epoch 361 Step 20": 2.895315170288086, "Epoch 361 Step 21": 2.894778251647949, "Epoch 361 Step 22": 2.8938450813293457, "Epoch 361 Step 23": 2.8884665966033936, "Epoch 361 Step 24": 2.8854339122772217, "Epoch 361 Step 25": 2.880634307861328, "Epoch 361 Step 26": 2.904005289077759, "Epoch 361 Step 27": 2.8989148139953613, "Epoch 361 Step 28": 2.9002325534820557, "Epoch 361 Step 29": 2.875786304473877, "Epoch 361 Step 30": 2.8876447677612305, "Epoch 361 Step 31": 2.8914856910705566, "Epoch 361 Step 32": 2.8749964237213135, "Epoch 361 Step 33": 2.886634588241577, "Epoch 361 Step 34": 2.886552572250366, "Epoch 361 Step 35": 2.891141653060913, "Epoch 361 Step 36": 2.895223617553711, "Epoch 361 Step 37": 2.881199598312378, "Epoch 361 Step 38": 2.892779588699341, "Epoch 361 Step 39": 2.878885269165039, "Epoch 361 Step 40": 2.884809970855713, "Epoch 361 Step 41": 2.877847194671631, "Epoch 361 Step 42": 2.8906733989715576, "Epoch 361 Step 43": 2.877326011657715, "Epoch 361 Step 44": 2.8827273845672607, "Epoch 361 Step 45": 2.8886399269104004, "Epoch 361 Step 46": 2.873257637023926, "Epoch 361 Step 47": 2.8724145889282227, "Epoch 361 Step 48": 2.8717474937438965, "Epoch 361 Step 49": 2.8885700702667236, "Epoch 361 Step 50": 2.8825485706329346, "Epoch 361 Step 51": 2.8778460025787354, "Epoch 361 Step 52": 2.889934539794922, "Epoch 361 Step 53": 2.8946571350097656, "Epoch 361 Step 54": 2.8803203105926514, "Epoch 361 Step 55": 2.8771393299102783, "Epoch 361 Step 56": 2.8875765800476074, "Epoch 361 Step 57": 2.8914530277252197, "Epoch 361 Step 58": 2.8805925846099854, "Epoch 361 Step 59": 2.8816475868225098, "Epoch 361 Step 60": 2.8774569034576416, "Epoch 361 Step 61": 2.8875725269317627, "Epoch 361 Step 62": 2.8738372325897217, "Epoch 361 Step 63": 2.8852522373199463, "Epoch 361 Step 64": 2.8793699741363525, "Epoch 361 Step 65": 2.8830933570861816, "Epoch 361 Step 66": 2.8848133087158203, "Epoch 361 Step 67": 2.8711657524108887, "Epoch 361 Step 68": 2.8854682445526123, "Epoch 361 Step 69": 2.8874967098236084, "Epoch 361 Step 70": 2.8857126235961914, "Epoch 361 Step 71": 2.889254570007324, "Epoch 361 Step 72": 2.8846395015716553, "Epoch 361 Step 73": 2.872621774673462, "Epoch 361 Step 74": 2.880812406539917, "Epoch 361 Step 75": 2.8770508766174316, "Epoch 361 Step 76": 2.8827402591705322, "Epoch 361 Step 77": 2.88319730758667, "Epoch 361 Step 78": 2.8906095027923584, "Epoch 361 Step 79": 2.8847765922546387, "Epoch 361 Step 80": 2.88529109954834, "Epoch 361 Step 81": 2.8813929557800293, "Epoch 361 Step 82": 2.875422239303589, "Epoch 361 Step 83": 2.8794729709625244, "Epoch 361 Step 84": 2.8941190242767334, "Epoch 361 Step 85": 2.8881359100341797, "Epoch 361 Step 86": 2.873739719390869, "Epoch 361 Step 87": 2.890503406524658, "Epoch 361 Step 88": 2.8819873332977295, "Epoch 361 Step 89": 2.875441074371338}