{"Epoch 196 Step 0": 2.890350341796875, "Epoch 196 Step 1": 2.8812906742095947, "Epoch 196 Step 2": 2.8748691082000732, "Epoch 196 Step 3": 2.871852397918701, "Epoch 196 Step 4": 2.8815624713897705, "Epoch 196 Step 5": 2.887166738510132, "Epoch 196 Step 6": 2.879470109939575, "Epoch 196 Step 7": 2.878763437271118, "Epoch 196 Step 8": 2.878037452697754, "Epoch 196 Step 9": 2.8752994537353516, "Epoch 196 Step 10": 2.8867640495300293, "Epoch 196 Step 11": 2.8750834465026855, "Epoch 196 Step 12": 2.8904387950897217, "Epoch 196 Step 13": 2.87090802192688, "Epoch 196 Step 14": 2.873992443084717, "Epoch 196 Step 15": 2.8792011737823486, "Epoch 196 Step 16": 2.867650032043457, "Epoch 196 Step 17": 2.8866465091705322, "Epoch 196 Step 18": 2.8804819583892822, "Epoch 196 Step 19": 2.886099338531494, "Epoch 196 Step 20": 2.8917603492736816, "Epoch 196 Step 21": 2.8858630657196045, "Epoch 196 Step 22": 2.8777079582214355, "Epoch 196 Step 23": 2.8836162090301514, "Epoch 196 Step 24": 2.894111394882202, "Epoch 196 Step 25": 2.895089864730835, "Epoch 196 Step 26": 2.8934009075164795, "Epoch 196 Step 27": 2.888110637664795, "Epoch 196 Step 28": 2.8854665756225586, "Epoch 196 Step 29": 2.881955146789551, "Epoch 196 Step 30": 2.9029700756073, "Epoch 196 Step 31": 2.900510787963867, "Epoch 196 Step 32": 2.8957810401916504, "Epoch 196 Step 33": 2.877120018005371, "Epoch 196 Step 34": 2.890150785446167, "Epoch 196 Step 35": 2.8935728073120117, "Epoch 196 Step 36": 2.874669313430786, "Epoch 196 Step 37": 2.8864293098449707, "Epoch 196 Step 38": 2.8868961334228516, "Epoch 196 Step 39": 2.891578435897827, "Epoch 196 Step 40": 2.895778179168701, "Epoch 196 Step 41": 2.880241632461548, "Epoch 196 Step 42": 2.8910868167877197, "Epoch 196 Step 43": 2.8786675930023193, "Epoch 196 Step 44": 2.8845579624176025, "Epoch 196 Step 45": 2.877697467803955, "Epoch 196 Step 46": 2.8911988735198975, "Epoch 196 Step 47": 2.8769164085388184, "Epoch 196 Step 48": 2.8821661472320557, "Epoch 196 Step 49": 2.8884387016296387, "Epoch 196 Step 50": 2.873068332672119, "Epoch 196 Step 51": 2.8711602687835693, "Epoch 196 Step 52": 2.8718812465667725, "Epoch 196 Step 53": 2.887874126434326, "Epoch 196 Step 54": 2.88128924369812, "Epoch 196 Step 55": 2.877156972885132, "Epoch 196 Step 56": 2.8894221782684326, "Epoch 196 Step 57": 2.8939359188079834, "Epoch 196 Step 58": 2.879667282104492, "Epoch 196 Step 59": 2.875652313232422, "Epoch 196 Step 60": 2.886931896209717, "Epoch 196 Step 61": 2.890831708908081, "Epoch 196 Step 62": 2.8802642822265625, "Epoch 196 Step 63": 2.881779909133911, "Epoch 196 Step 64": 2.8769023418426514, "Epoch 196 Step 65": 2.8881959915161133, "Epoch 196 Step 66": 2.8736274242401123, "Epoch 196 Step 67": 2.8846611976623535, "Epoch 196 Step 68": 2.878279209136963, "Epoch 196 Step 69": 2.8825228214263916, "Epoch 196 Step 70": 2.884152412414551, "Epoch 196 Step 71": 2.870410442352295, "Epoch 196 Step 72": 2.8839974403381348, "Epoch 196 Step 73": 2.887584686279297, "Epoch 196 Step 74": 2.8854641914367676, "Epoch 196 Step 75": 2.8887112140655518, "Epoch 196 Step 76": 2.8832833766937256, "Epoch 196 Step 77": 2.8720242977142334, "Epoch 196 Step 78": 2.8802688121795654, "Epoch 196 Step 79": 2.87623929977417, "Epoch 196 Step 80": 2.8816559314727783, "Epoch 196 Step 81": 2.8829541206359863, "Epoch 196 Step 82": 2.890580654144287, "Epoch 196 Step 83": 2.88476824760437, "Epoch 196 Step 84": 2.884230136871338, "Epoch 196 Step 85": 2.880342483520508, "Epoch 196 Step 86": 2.8752174377441406, "Epoch 196 Step 87": 2.8791801929473877, "Epoch 196 Step 88": 2.8931403160095215, "Epoch 196 Step 89": 2.8876590728759766}