{"Epoch 863 Step 0": 2.884079933166504, "Epoch 863 Step 1": 2.890068292617798, "Epoch 863 Step 2": 2.8754751682281494, "Epoch 863 Step 3": 2.874037504196167, "Epoch 863 Step 4": 2.875598669052124, "Epoch 863 Step 5": 2.8892335891723633, "Epoch 863 Step 6": 2.883612871170044, "Epoch 863 Step 7": 2.878203868865967, "Epoch 863 Step 8": 2.8904476165771484, "Epoch 863 Step 9": 2.8955585956573486, "Epoch 863 Step 10": 2.880579948425293, "Epoch 863 Step 11": 2.8752801418304443, "Epoch 863 Step 12": 2.889331817626953, "Epoch 863 Step 13": 2.8919742107391357, "Epoch 863 Step 14": 2.8822181224823, "Epoch 863 Step 15": 2.884406805038452, "Epoch 863 Step 16": 2.8783748149871826, "Epoch 863 Step 17": 2.8880562782287598, "Epoch 863 Step 18": 2.874136209487915, "Epoch 863 Step 19": 2.886382818222046, "Epoch 863 Step 20": 2.8795666694641113, "Epoch 863 Step 21": 2.884016513824463, "Epoch 863 Step 22": 2.8860976696014404, "Epoch 863 Step 23": 2.8711063861846924, "Epoch 863 Step 24": 2.885592460632324, "Epoch 863 Step 25": 2.8872716426849365, "Epoch 863 Step 26": 2.886613130569458, "Epoch 863 Step 27": 2.8898978233337402, "Epoch 863 Step 28": 2.884777307510376, "Epoch 863 Step 29": 2.8741612434387207, "Epoch 863 Step 30": 2.8816640377044678, "Epoch 863 Step 31": 2.8773605823516846, "Epoch 863 Step 32": 2.882300853729248, "Epoch 863 Step 33": 2.883575201034546, "Epoch 863 Step 34": 2.891221523284912, "Epoch 863 Step 35": 2.8844852447509766, "Epoch 863 Step 36": 2.885335683822632, "Epoch 863 Step 37": 2.8808951377868652, "Epoch 863 Step 38": 2.8756539821624756, "Epoch 863 Step 39": 2.8796043395996094, "Epoch 863 Step 40": 2.8944265842437744, "Epoch 863 Step 41": 2.888235569000244, "Epoch 863 Step 42": 2.874279022216797, "Epoch 863 Step 43": 2.890960931777954, "Epoch 863 Step 44": 2.8821771144866943, "Epoch 863 Step 45": 2.8757264614105225, "Epoch 863 Step 46": 2.873450517654419, "Epoch 863 Step 47": 2.883286952972412, "Epoch 863 Step 48": 2.8879621028900146, "Epoch 863 Step 49": 2.881213426589966, "Epoch 863 Step 50": 2.880000352859497, "Epoch 863 Step 51": 2.8787388801574707, "Epoch 863 Step 52": 2.876535177230835, "Epoch 863 Step 53": 2.8882720470428467, "Epoch 863 Step 54": 2.87426495552063, "Epoch 863 Step 55": 2.891462802886963, "Epoch 863 Step 56": 2.8718087673187256, "Epoch 863 Step 57": 2.8753621578216553, "Epoch 863 Step 58": 2.879223346710205, "Epoch 863 Step 59": 2.8679754734039307, "Epoch 863 Step 60": 2.8872668743133545, "Epoch 863 Step 61": 2.8818962574005127, "Epoch 863 Step 62": 2.8878190517425537, "Epoch 863 Step 63": 2.893711566925049, "Epoch 863 Step 64": 2.8872005939483643, "Epoch 863 Step 65": 2.877976417541504, "Epoch 863 Step 66": 2.8853275775909424, "Epoch 863 Step 67": 2.8975155353546143, "Epoch 863 Step 68": 2.894557476043701, "Epoch 863 Step 69": 2.893064022064209, "Epoch 863 Step 70": 2.88808536529541, "Epoch 863 Step 71": 2.8874359130859375, "Epoch 863 Step 72": 2.8825924396514893, "Epoch 863 Step 73": 2.907383680343628, "Epoch 863 Step 74": 2.8983118534088135, "Epoch 863 Step 75": 2.9033234119415283, "Epoch 863 Step 76": 2.8766138553619385, "Epoch 863 Step 77": 2.88860821723938, "Epoch 863 Step 78": 2.8933026790618896, "Epoch 863 Step 79": 2.8760476112365723, "Epoch 863 Step 80": 2.8865749835968018, "Epoch 863 Step 81": 2.88692045211792, "Epoch 863 Step 82": 2.8914759159088135, "Epoch 863 Step 83": 2.896385431289673, "Epoch 863 Step 84": 2.882004976272583, "Epoch 863 Step 85": 2.8937528133392334, "Epoch 863 Step 86": 2.8785815238952637, "Epoch 863 Step 87": 2.884974956512451, "Epoch 863 Step 88": 2.8778271675109863, "Epoch 863 Step 89": 2.891958475112915}