{"Epoch 316 Step 0": 2.8803460597991943, "Epoch 316 Step 1": 2.8814656734466553, "Epoch 316 Step 2": 2.877260684967041, "Epoch 316 Step 3": 2.8873958587646484, "Epoch 316 Step 4": 2.874129295349121, "Epoch 316 Step 5": 2.885354995727539, "Epoch 316 Step 6": 2.879128932952881, "Epoch 316 Step 7": 2.8827128410339355, "Epoch 316 Step 8": 2.8851165771484375, "Epoch 316 Step 9": 2.8711390495300293, "Epoch 316 Step 10": 2.8844707012176514, "Epoch 316 Step 11": 2.8878674507141113, "Epoch 316 Step 12": 2.8852105140686035, "Epoch 316 Step 13": 2.889493465423584, "Epoch 316 Step 14": 2.884092330932617, "Epoch 316 Step 15": 2.871917486190796, "Epoch 316 Step 16": 2.881331205368042, "Epoch 316 Step 17": 2.876873254776001, "Epoch 316 Step 18": 2.8827621936798096, "Epoch 316 Step 19": 2.8833823204040527, "Epoch 316 Step 20": 2.890854597091675, "Epoch 316 Step 21": 2.884408712387085, "Epoch 316 Step 22": 2.884817361831665, "Epoch 316 Step 23": 2.881415843963623, "Epoch 316 Step 24": 2.8761775493621826, "Epoch 316 Step 25": 2.8794493675231934, "Epoch 316 Step 26": 2.8938701152801514, "Epoch 316 Step 27": 2.888174533843994, "Epoch 316 Step 28": 2.8740427494049072, "Epoch 316 Step 29": 2.890632152557373, "Epoch 316 Step 30": 2.882327079772949, "Epoch 316 Step 31": 2.8757898807525635, "Epoch 316 Step 32": 2.8721487522125244, "Epoch 316 Step 33": 2.8825976848602295, "Epoch 316 Step 34": 2.8881118297576904, "Epoch 316 Step 35": 2.881063461303711, "Epoch 316 Step 36": 2.8783156871795654, "Epoch 316 Step 37": 2.8780508041381836, "Epoch 316 Step 38": 2.8765103816986084, "Epoch 316 Step 39": 2.887563467025757, "Epoch 316 Step 40": 2.874398946762085, "Epoch 316 Step 41": 2.8912723064422607, "Epoch 316 Step 42": 2.8716087341308594, "Epoch 316 Step 43": 2.8747425079345703, "Epoch 316 Step 44": 2.8798468112945557, "Epoch 316 Step 45": 2.86792254447937, "Epoch 316 Step 46": 2.8867623805999756, "Epoch 316 Step 47": 2.881895065307617, "Epoch 316 Step 48": 2.8872594833374023, "Epoch 316 Step 49": 2.893995761871338, "Epoch 316 Step 50": 2.8861351013183594, "Epoch 316 Step 51": 2.878293514251709, "Epoch 316 Step 52": 2.885519027709961, "Epoch 316 Step 53": 2.8953471183776855, "Epoch 316 Step 54": 2.8936967849731445, "Epoch 316 Step 55": 2.8925654888153076, "Epoch 316 Step 56": 2.887277841567993, "Epoch 316 Step 57": 2.886106252670288, "Epoch 316 Step 58": 2.8846428394317627, "Epoch 316 Step 59": 2.904539108276367, "Epoch 316 Step 60": 2.9010508060455322, "Epoch 316 Step 61": 2.8973336219787598, "Epoch 316 Step 62": 2.8777718544006348, "Epoch 316 Step 63": 2.8904080390930176, "Epoch 316 Step 64": 2.8932995796203613, "Epoch 316 Step 65": 2.8749749660491943, "Epoch 316 Step 66": 2.8870081901550293, "Epoch 316 Step 67": 2.888132095336914, "Epoch 316 Step 68": 2.8931360244750977, "Epoch 316 Step 69": 2.896259069442749, "Epoch 316 Step 70": 2.8813955783843994, "Epoch 316 Step 71": 2.8917791843414307, "Epoch 316 Step 72": 2.87990665435791, "Epoch 316 Step 73": 2.8860249519348145, "Epoch 316 Step 74": 2.8788795471191406, "Epoch 316 Step 75": 2.8930106163024902, "Epoch 316 Step 76": 2.878009796142578, "Epoch 316 Step 77": 2.882361650466919, "Epoch 316 Step 78": 2.888735055923462, "Epoch 316 Step 79": 2.87369441986084, "Epoch 316 Step 80": 2.8714845180511475, "Epoch 316 Step 81": 2.8731393814086914, "Epoch 316 Step 82": 2.8884871006011963, "Epoch 316 Step 83": 2.8826394081115723, "Epoch 316 Step 84": 2.8775885105133057, "Epoch 316 Step 85": 2.889887571334839, "Epoch 316 Step 86": 2.895155668258667, "Epoch 316 Step 87": 2.8800582885742188, "Epoch 316 Step 88": 2.8758344650268555, "Epoch 316 Step 89": 2.888185501098633}