{"Epoch 201 Step 0": 2.87453556060791, "Epoch 201 Step 1": 2.8794214725494385, "Epoch 201 Step 2": 2.8939054012298584, "Epoch 201 Step 3": 2.8878047466278076, "Epoch 201 Step 4": 2.87391996383667, "Epoch 201 Step 5": 2.8899998664855957, "Epoch 201 Step 6": 2.8816630840301514, "Epoch 201 Step 7": 2.8752691745758057, "Epoch 201 Step 8": 2.873838186264038, "Epoch 201 Step 9": 2.8822383880615234, "Epoch 201 Step 10": 2.887157917022705, "Epoch 201 Step 11": 2.879369020462036, "Epoch 201 Step 12": 2.8792197704315186, "Epoch 201 Step 13": 2.8778300285339355, "Epoch 201 Step 14": 2.8754281997680664, "Epoch 201 Step 15": 2.8872461318969727, "Epoch 201 Step 16": 2.8742411136627197, "Epoch 201 Step 17": 2.8912947177886963, "Epoch 201 Step 18": 2.871108293533325, "Epoch 201 Step 19": 2.8743674755096436, "Epoch 201 Step 20": 2.879079580307007, "Epoch 201 Step 21": 2.8682034015655518, "Epoch 201 Step 22": 2.8864574432373047, "Epoch 201 Step 23": 2.8809738159179688, "Epoch 201 Step 24": 2.8864197731018066, "Epoch 201 Step 25": 2.8932225704193115, "Epoch 201 Step 26": 2.886392831802368, "Epoch 201 Step 27": 2.8777120113372803, "Epoch 201 Step 28": 2.884176731109619, "Epoch 201 Step 29": 2.8946797847747803, "Epoch 201 Step 30": 2.8940694332122803, "Epoch 201 Step 31": 2.893005609512329, "Epoch 201 Step 32": 2.887080669403076, "Epoch 201 Step 33": 2.8858752250671387, "Epoch 201 Step 34": 2.8834497928619385, "Epoch 201 Step 35": 2.9035229682922363, "Epoch 201 Step 36": 2.900139331817627, "Epoch 201 Step 37": 2.897617816925049, "Epoch 201 Step 38": 2.8757107257843018, "Epoch 201 Step 39": 2.8883323669433594, "Epoch 201 Step 40": 2.892988920211792, "Epoch 201 Step 41": 2.8752224445343018, "Epoch 201 Step 42": 2.886260747909546, "Epoch 201 Step 43": 2.886828660964966, "Epoch 201 Step 44": 2.8916432857513428, "Epoch 201 Step 45": 2.895768880844116, "Epoch 201 Step 46": 2.8816704750061035, "Epoch 201 Step 47": 2.8922173976898193, "Epoch 201 Step 48": 2.878040075302124, "Epoch 201 Step 49": 2.8846540451049805, "Epoch 201 Step 50": 2.8771207332611084, "Epoch 201 Step 51": 2.8916127681732178, "Epoch 201 Step 52": 2.8776915073394775, "Epoch 201 Step 53": 2.8824381828308105, "Epoch 201 Step 54": 2.888719320297241, "Epoch 201 Step 55": 2.8730034828186035, "Epoch 201 Step 56": 2.8720123767852783, "Epoch 201 Step 57": 2.872434616088867, "Epoch 201 Step 58": 2.8879878520965576, "Epoch 201 Step 59": 2.882345676422119, "Epoch 201 Step 60": 2.8775346279144287, "Epoch 201 Step 61": 2.888960838317871, "Epoch 201 Step 62": 2.8949403762817383, "Epoch 201 Step 63": 2.88024640083313, "Epoch 201 Step 64": 2.8753206729888916, "Epoch 201 Step 65": 2.8874499797821045, "Epoch 201 Step 66": 2.891211986541748, "Epoch 201 Step 67": 2.8800320625305176, "Epoch 201 Step 68": 2.8818273544311523, "Epoch 201 Step 69": 2.8772900104522705, "Epoch 201 Step 70": 2.8875653743743896, "Epoch 201 Step 71": 2.8730416297912598, "Epoch 201 Step 72": 2.884995698928833, "Epoch 201 Step 73": 2.879115581512451, "Epoch 201 Step 74": 2.882779836654663, "Epoch 201 Step 75": 2.884834051132202, "Epoch 201 Step 76": 2.870861530303955, "Epoch 201 Step 77": 2.8845503330230713, "Epoch 201 Step 78": 2.88702654838562, "Epoch 201 Step 79": 2.8851544857025146, "Epoch 201 Step 80": 2.8890445232391357, "Epoch 201 Step 81": 2.8842217922210693, "Epoch 201 Step 82": 2.8726298809051514, "Epoch 201 Step 83": 2.8802437782287598, "Epoch 201 Step 84": 2.876819610595703, "Epoch 201 Step 85": 2.8825414180755615, "Epoch 201 Step 86": 2.8822388648986816, "Epoch 201 Step 87": 2.890249490737915, "Epoch 201 Step 88": 2.8848459720611572, "Epoch 201 Step 89": 2.8851239681243896}