{"Epoch 79 Step 0": 2.874082565307617, "Epoch 79 Step 1": 2.8852503299713135, "Epoch 79 Step 2": 2.886791706085205, "Epoch 79 Step 3": 2.8915352821350098, "Epoch 79 Step 4": 2.895948886871338, "Epoch 79 Step 5": 2.8812308311462402, "Epoch 79 Step 6": 2.891502857208252, "Epoch 79 Step 7": 2.8764560222625732, "Epoch 79 Step 8": 2.8839261531829834, "Epoch 79 Step 9": 2.8764302730560303, "Epoch 79 Step 10": 2.8907368183135986, "Epoch 79 Step 11": 2.876821756362915, "Epoch 79 Step 12": 2.881124258041382, "Epoch 79 Step 13": 2.888120174407959, "Epoch 79 Step 14": 2.8718314170837402, "Epoch 79 Step 15": 2.870652198791504, "Epoch 79 Step 16": 2.8712286949157715, "Epoch 79 Step 17": 2.886613130569458, "Epoch 79 Step 18": 2.8814969062805176, "Epoch 79 Step 19": 2.876889228820801, "Epoch 79 Step 20": 2.8894855976104736, "Epoch 79 Step 21": 2.893625020980835, "Epoch 79 Step 22": 2.8791651725769043, "Epoch 79 Step 23": 2.8762996196746826, "Epoch 79 Step 24": 2.8854174613952637, "Epoch 79 Step 25": 2.8900036811828613, "Epoch 79 Step 26": 2.8798561096191406, "Epoch 79 Step 27": 2.8805794715881348, "Epoch 79 Step 28": 2.8765995502471924, "Epoch 79 Step 29": 2.8873887062072754, "Epoch 79 Step 30": 2.8731586933135986, "Epoch 79 Step 31": 2.884366035461426, "Epoch 79 Step 32": 2.879091262817383, "Epoch 79 Step 33": 2.882352828979492, "Epoch 79 Step 34": 2.88358998298645, "Epoch 79 Step 35": 2.869180917739868, "Epoch 79 Step 36": 2.882905960083008, "Epoch 79 Step 37": 2.885704755783081, "Epoch 79 Step 38": 2.8837387561798096, "Epoch 79 Step 39": 2.8878355026245117, "Epoch 79 Step 40": 2.882985830307007, "Epoch 79 Step 41": 2.8726227283477783, "Epoch 79 Step 42": 2.8797452449798584, "Epoch 79 Step 43": 2.876582622528076, "Epoch 79 Step 44": 2.88285231590271, "Epoch 79 Step 45": 2.880232095718384, "Epoch 79 Step 46": 2.889207363128662, "Epoch 79 Step 47": 2.8841965198516846, "Epoch 79 Step 48": 2.8834943771362305, "Epoch 79 Step 49": 2.8807406425476074, "Epoch 79 Step 50": 2.875084161758423, "Epoch 79 Step 51": 2.878434896469116, "Epoch 79 Step 52": 2.8916072845458984, "Epoch 79 Step 53": 2.887272596359253, "Epoch 79 Step 54": 2.8736555576324463, "Epoch 79 Step 55": 2.889295816421509, "Epoch 79 Step 56": 2.881998062133789, "Epoch 79 Step 57": 2.8736557960510254, "Epoch 79 Step 58": 2.8691837787628174, "Epoch 79 Step 59": 2.8806018829345703, "Epoch 79 Step 60": 2.8867177963256836, "Epoch 79 Step 61": 2.8779520988464355, "Epoch 79 Step 62": 2.8775696754455566, "Epoch 79 Step 63": 2.877023458480835, "Epoch 79 Step 64": 2.8752965927124023, "Epoch 79 Step 65": 2.88512921333313, "Epoch 79 Step 66": 2.8721742630004883, "Epoch 79 Step 67": 2.890120029449463, "Epoch 79 Step 68": 2.870593547821045, "Epoch 79 Step 69": 2.873645305633545, "Epoch 79 Step 70": 2.87846302986145, "Epoch 79 Step 71": 2.866670608520508, "Epoch 79 Step 72": 2.8847761154174805, "Epoch 79 Step 73": 2.880192756652832, "Epoch 79 Step 74": 2.884296178817749, "Epoch 79 Step 75": 2.89164137840271, "Epoch 79 Step 76": 2.8848612308502197, "Epoch 79 Step 77": 2.877549886703491, "Epoch 79 Step 78": 2.8834424018859863, "Epoch 79 Step 79": 2.8937766551971436, "Epoch 79 Step 80": 2.8940024375915527, "Epoch 79 Step 81": 2.8929529190063477, "Epoch 79 Step 82": 2.887885093688965, "Epoch 79 Step 83": 2.8843040466308594, "Epoch 79 Step 84": 2.8791251182556152, "Epoch 79 Step 85": 2.9011576175689697, "Epoch 79 Step 86": 2.8966407775878906, "Epoch 79 Step 87": 2.8945724964141846, "Epoch 79 Step 88": 2.875135660171509, "Epoch 79 Step 89": 2.8886067867279053}