{"Epoch 620 Step 0": 2.8817529678344727, "Epoch 620 Step 1": 2.8872647285461426, "Epoch 620 Step 2": 2.8936004638671875, "Epoch 620 Step 3": 2.8863534927368164, "Epoch 620 Step 4": 2.878225564956665, "Epoch 620 Step 5": 2.884828567504883, "Epoch 620 Step 6": 2.8955488204956055, "Epoch 620 Step 7": 2.8947484493255615, "Epoch 620 Step 8": 2.8930697441101074, "Epoch 620 Step 9": 2.8872761726379395, "Epoch 620 Step 10": 2.886826276779175, "Epoch 620 Step 11": 2.884978771209717, "Epoch 620 Step 12": 2.9049718379974365, "Epoch 620 Step 13": 2.901799440383911, "Epoch 620 Step 14": 2.898440361022949, "Epoch 620 Step 15": 2.875943183898926, "Epoch 620 Step 16": 2.8893072605133057, "Epoch 620 Step 17": 2.893542528152466, "Epoch 620 Step 18": 2.8748364448547363, "Epoch 620 Step 19": 2.8869192600250244, "Epoch 620 Step 20": 2.8871896266937256, "Epoch 620 Step 21": 2.891436815261841, "Epoch 620 Step 22": 2.895519495010376, "Epoch 620 Step 23": 2.8818540573120117, "Epoch 620 Step 24": 2.8917622566223145, "Epoch 620 Step 25": 2.879655361175537, "Epoch 620 Step 26": 2.885876417160034, "Epoch 620 Step 27": 2.878601551055908, "Epoch 620 Step 28": 2.892003059387207, "Epoch 620 Step 29": 2.8773531913757324, "Epoch 620 Step 30": 2.8828630447387695, "Epoch 620 Step 31": 2.8888416290283203, "Epoch 620 Step 32": 2.8734817504882812, "Epoch 620 Step 33": 2.8714287281036377, "Epoch 620 Step 34": 2.8728578090667725, "Epoch 620 Step 35": 2.8886048793792725, "Epoch 620 Step 36": 2.882929801940918, "Epoch 620 Step 37": 2.877685546875, "Epoch 620 Step 38": 2.889498233795166, "Epoch 620 Step 39": 2.8952796459198, "Epoch 620 Step 40": 2.880345344543457, "Epoch 620 Step 41": 2.875884532928467, "Epoch 620 Step 42": 2.887892961502075, "Epoch 620 Step 43": 2.892089605331421, "Epoch 620 Step 44": 2.8800735473632812, "Epoch 620 Step 45": 2.881589889526367, "Epoch 620 Step 46": 2.8776192665100098, "Epoch 620 Step 47": 2.887554168701172, "Epoch 620 Step 48": 2.8737599849700928, "Epoch 620 Step 49": 2.885406970977783, "Epoch 620 Step 50": 2.879173755645752, "Epoch 620 Step 51": 2.8832592964172363, "Epoch 620 Step 52": 2.8849380016326904, "Epoch 620 Step 53": 2.8712515830993652, "Epoch 620 Step 54": 2.884692430496216, "Epoch 620 Step 55": 2.8879239559173584, "Epoch 620 Step 56": 2.8858699798583984, "Epoch 620 Step 57": 2.8892531394958496, "Epoch 620 Step 58": 2.8847055435180664, "Epoch 620 Step 59": 2.8725900650024414, "Epoch 620 Step 60": 2.8811252117156982, "Epoch 620 Step 61": 2.877211570739746, "Epoch 620 Step 62": 2.8825724124908447, "Epoch 620 Step 63": 2.883683443069458, "Epoch 620 Step 64": 2.891066074371338, "Epoch 620 Step 65": 2.884775400161743, "Epoch 620 Step 66": 2.885084629058838, "Epoch 620 Step 67": 2.8815529346466064, "Epoch 620 Step 68": 2.875856399536133, "Epoch 620 Step 69": 2.8799350261688232, "Epoch 620 Step 70": 2.8934874534606934, "Epoch 620 Step 71": 2.8879528045654297, "Epoch 620 Step 72": 2.8737943172454834, "Epoch 620 Step 73": 2.8903818130493164, "Epoch 620 Step 74": 2.8827836513519287, "Epoch 620 Step 75": 2.875514030456543, "Epoch 620 Step 76": 2.8722894191741943, "Epoch 620 Step 77": 2.881772518157959, "Epoch 620 Step 78": 2.88755202293396, "Epoch 620 Step 79": 2.880232572555542, "Epoch 620 Step 80": 2.8785409927368164, "Epoch 620 Step 81": 2.8779897689819336, "Epoch 620 Step 82": 2.8762054443359375, "Epoch 620 Step 83": 2.8875820636749268, "Epoch 620 Step 84": 2.8747940063476562, "Epoch 620 Step 85": 2.890903949737549, "Epoch 620 Step 86": 2.871568441390991, "Epoch 620 Step 87": 2.8747823238372803, "Epoch 620 Step 88": 2.8796591758728027, "Epoch 620 Step 89": 2.8680663108825684}