{"Epoch 585 Step 0": 2.8885364532470703, "Epoch 585 Step 1": 2.8815770149230957, "Epoch 585 Step 2": 2.8769681453704834, "Epoch 585 Step 3": 2.8905017375946045, "Epoch 585 Step 4": 2.8954784870147705, "Epoch 585 Step 5": 2.8809282779693604, "Epoch 585 Step 6": 2.8763794898986816, "Epoch 585 Step 7": 2.887120485305786, "Epoch 585 Step 8": 2.8914074897766113, "Epoch 585 Step 9": 2.8811933994293213, "Epoch 585 Step 10": 2.8823697566986084, "Epoch 585 Step 11": 2.8780555725097656, "Epoch 585 Step 12": 2.8874669075012207, "Epoch 585 Step 13": 2.873469352722168, "Epoch 585 Step 14": 2.885474920272827, "Epoch 585 Step 15": 2.8787384033203125, "Epoch 585 Step 16": 2.8829102516174316, "Epoch 585 Step 17": 2.8846888542175293, "Epoch 585 Step 18": 2.8708016872406006, "Epoch 585 Step 19": 2.8847570419311523, "Epoch 585 Step 20": 2.8879761695861816, "Epoch 585 Step 21": 2.885777711868286, "Epoch 585 Step 22": 2.8898518085479736, "Epoch 585 Step 23": 2.884458541870117, "Epoch 585 Step 24": 2.872225284576416, "Epoch 585 Step 25": 2.8809194564819336, "Epoch 585 Step 26": 2.877016305923462, "Epoch 585 Step 27": 2.882775068283081, "Epoch 585 Step 28": 2.8828284740448, "Epoch 585 Step 29": 2.8908743858337402, "Epoch 585 Step 30": 2.8850317001342773, "Epoch 585 Step 31": 2.884939670562744, "Epoch 585 Step 32": 2.881115436553955, "Epoch 585 Step 33": 2.8759758472442627, "Epoch 585 Step 34": 2.8790810108184814, "Epoch 585 Step 35": 2.8940296173095703, "Epoch 585 Step 36": 2.888012409210205, "Epoch 585 Step 37": 2.8743481636047363, "Epoch 585 Step 38": 2.890383243560791, "Epoch 585 Step 39": 2.8815581798553467, "Epoch 585 Step 40": 2.875514030456543, "Epoch 585 Step 41": 2.872159719467163, "Epoch 585 Step 42": 2.8815627098083496, "Epoch 585 Step 43": 2.8871631622314453, "Epoch 585 Step 44": 2.879981279373169, "Epoch 585 Step 45": 2.878868818283081, "Epoch 585 Step 46": 2.8783981800079346, "Epoch 585 Step 47": 2.876652240753174, "Epoch 585 Step 48": 2.8878538608551025, "Epoch 585 Step 49": 2.8750393390655518, "Epoch 585 Step 50": 2.8912277221679688, "Epoch 585 Step 51": 2.871004581451416, "Epoch 585 Step 52": 2.874352216720581, "Epoch 585 Step 53": 2.879345417022705, "Epoch 585 Step 54": 2.86810564994812, "Epoch 585 Step 55": 2.8872532844543457, "Epoch 585 Step 56": 2.8814027309417725, "Epoch 585 Step 57": 2.886688232421875, "Epoch 585 Step 58": 2.8926761150360107, "Epoch 585 Step 59": 2.8859097957611084, "Epoch 585 Step 60": 2.8784995079040527, "Epoch 585 Step 61": 2.884526491165161, "Epoch 585 Step 62": 2.8952016830444336, "Epoch 585 Step 63": 2.894333839416504, "Epoch 585 Step 64": 2.893597364425659, "Epoch 585 Step 65": 2.8875679969787598, "Epoch 585 Step 66": 2.885369300842285, "Epoch 585 Step 67": 2.8815553188323975, "Epoch 585 Step 68": 2.9054794311523438, "Epoch 585 Step 69": 2.899256944656372, "Epoch 585 Step 70": 2.898296356201172, "Epoch 585 Step 71": 2.8754196166992188, "Epoch 585 Step 72": 2.888559579849243, "Epoch 585 Step 73": 2.8921613693237305, "Epoch 585 Step 74": 2.8749444484710693, "Epoch 585 Step 75": 2.8863701820373535, "Epoch 585 Step 76": 2.886493682861328, "Epoch 585 Step 77": 2.891080379486084, "Epoch 585 Step 78": 2.895787239074707, "Epoch 585 Step 79": 2.882032632827759, "Epoch 585 Step 80": 2.8930134773254395, "Epoch 585 Step 81": 2.8789918422698975, "Epoch 585 Step 82": 2.8852486610412598, "Epoch 585 Step 83": 2.8780813217163086, "Epoch 585 Step 84": 2.8915529251098633, "Epoch 585 Step 85": 2.8782548904418945, "Epoch 585 Step 86": 2.8827602863311768, "Epoch 585 Step 87": 2.8883867263793945, "Epoch 585 Step 88": 2.873279571533203, "Epoch 585 Step 89": 2.8717470169067383}