{"Epoch 590 Step 0": 2.8834993839263916, "Epoch 590 Step 1": 2.8883891105651855, "Epoch 590 Step 2": 2.8729188442230225, "Epoch 590 Step 3": 2.8715813159942627, "Epoch 590 Step 4": 2.8725907802581787, "Epoch 590 Step 5": 2.888477325439453, "Epoch 590 Step 6": 2.883112907409668, "Epoch 590 Step 7": 2.8778438568115234, "Epoch 590 Step 8": 2.889295816421509, "Epoch 590 Step 9": 2.8958258628845215, "Epoch 590 Step 10": 2.880598545074463, "Epoch 590 Step 11": 2.87593674659729, "Epoch 590 Step 12": 2.8879404067993164, "Epoch 590 Step 13": 2.892014503479004, "Epoch 590 Step 14": 2.880959987640381, "Epoch 590 Step 15": 2.8814311027526855, "Epoch 590 Step 16": 2.8774147033691406, "Epoch 590 Step 17": 2.887805461883545, "Epoch 590 Step 18": 2.8738603591918945, "Epoch 590 Step 19": 2.8853094577789307, "Epoch 590 Step 20": 2.879405975341797, "Epoch 590 Step 21": 2.8831703662872314, "Epoch 590 Step 22": 2.884355068206787, "Epoch 590 Step 23": 2.870934009552002, "Epoch 590 Step 24": 2.8848886489868164, "Epoch 590 Step 25": 2.8871591091156006, "Epoch 590 Step 26": 2.885761260986328, "Epoch 590 Step 27": 2.889352560043335, "Epoch 590 Step 28": 2.88464093208313, "Epoch 590 Step 29": 2.872737407684326, "Epoch 590 Step 30": 2.8808093070983887, "Epoch 590 Step 31": 2.876859188079834, "Epoch 590 Step 32": 2.882838249206543, "Epoch 590 Step 33": 2.8825807571411133, "Epoch 590 Step 34": 2.8900465965270996, "Epoch 590 Step 35": 2.8852994441986084, "Epoch 590 Step 36": 2.885150909423828, "Epoch 590 Step 37": 2.881535053253174, "Epoch 590 Step 38": 2.8762011528015137, "Epoch 590 Step 39": 2.8794243335723877, "Epoch 590 Step 40": 2.8939850330352783, "Epoch 590 Step 41": 2.887687921524048, "Epoch 590 Step 42": 2.8743014335632324, "Epoch 590 Step 43": 2.890028238296509, "Epoch 590 Step 44": 2.88228440284729, "Epoch 590 Step 45": 2.875154972076416, "Epoch 590 Step 46": 2.871699810028076, "Epoch 590 Step 47": 2.881293773651123, "Epoch 590 Step 48": 2.8877451419830322, "Epoch 590 Step 49": 2.8803975582122803, "Epoch 590 Step 50": 2.8780879974365234, "Epoch 590 Step 51": 2.878375768661499, "Epoch 590 Step 52": 2.8762474060058594, "Epoch 590 Step 53": 2.8875529766082764, "Epoch 590 Step 54": 2.8740861415863037, "Epoch 590 Step 55": 2.891007661819458, "Epoch 590 Step 56": 2.8714866638183594, "Epoch 590 Step 57": 2.8748373985290527, "Epoch 590 Step 58": 2.879631757736206, "Epoch 590 Step 59": 2.8677978515625, "Epoch 590 Step 60": 2.8868117332458496, "Epoch 590 Step 61": 2.8814780712127686, "Epoch 590 Step 62": 2.8867123126983643, "Epoch 590 Step 63": 2.893249273300171, "Epoch 590 Step 64": 2.8872880935668945, "Epoch 590 Step 65": 2.878046989440918, "Epoch 590 Step 66": 2.8843233585357666, "Epoch 590 Step 67": 2.8952276706695557, "Epoch 590 Step 68": 2.8944027423858643, "Epoch 590 Step 69": 2.8931491374969482, "Epoch 590 Step 70": 2.886981964111328, "Epoch 590 Step 71": 2.8854970932006836, "Epoch 590 Step 72": 2.8832530975341797, "Epoch 590 Step 73": 2.9047691822052, "Epoch 590 Step 74": 2.9002022743225098, "Epoch 590 Step 75": 2.897538661956787, "Epoch 590 Step 76": 2.8772542476654053, "Epoch 590 Step 77": 2.8904263973236084, "Epoch 590 Step 78": 2.8932294845581055, "Epoch 590 Step 79": 2.8748536109924316, "Epoch 590 Step 80": 2.886972427368164, "Epoch 590 Step 81": 2.8881328105926514, "Epoch 590 Step 82": 2.8920700550079346, "Epoch 590 Step 83": 2.896130323410034, "Epoch 590 Step 84": 2.8812038898468018, "Epoch 590 Step 85": 2.893157958984375, "Epoch 590 Step 86": 2.8792667388916016, "Epoch 590 Step 87": 2.885385513305664, "Epoch 590 Step 88": 2.878422737121582, "Epoch 590 Step 89": 2.891859769821167}