{"Epoch 850 Step 0": 2.8918981552124023, "Epoch 850 Step 1": 2.8815078735351562, "Epoch 850 Step 2": 2.882169008255005, "Epoch 850 Step 3": 2.8784472942352295, "Epoch 850 Step 4": 2.887669801712036, "Epoch 850 Step 5": 2.874094247817993, "Epoch 850 Step 6": 2.886089324951172, "Epoch 850 Step 7": 2.879560947418213, "Epoch 850 Step 8": 2.8827874660491943, "Epoch 850 Step 9": 2.884702682495117, "Epoch 850 Step 10": 2.8713157176971436, "Epoch 850 Step 11": 2.8856685161590576, "Epoch 850 Step 12": 2.888169288635254, "Epoch 850 Step 13": 2.886084794998169, "Epoch 850 Step 14": 2.890228748321533, "Epoch 850 Step 15": 2.8846874237060547, "Epoch 850 Step 16": 2.8722054958343506, "Epoch 850 Step 17": 2.882221221923828, "Epoch 850 Step 18": 2.877173900604248, "Epoch 850 Step 19": 2.8823626041412354, "Epoch 850 Step 20": 2.8834171295166016, "Epoch 850 Step 21": 2.890986442565918, "Epoch 850 Step 22": 2.8843376636505127, "Epoch 850 Step 23": 2.8846795558929443, "Epoch 850 Step 24": 2.8809897899627686, "Epoch 850 Step 25": 2.875476598739624, "Epoch 850 Step 26": 2.8798439502716064, "Epoch 850 Step 27": 2.894299268722534, "Epoch 850 Step 28": 2.8880715370178223, "Epoch 850 Step 29": 2.873788595199585, "Epoch 850 Step 30": 2.890441656112671, "Epoch 850 Step 31": 2.881969451904297, "Epoch 850 Step 32": 2.8754937648773193, "Epoch 850 Step 33": 2.8723435401916504, "Epoch 850 Step 34": 2.882941961288452, "Epoch 850 Step 35": 2.888019323348999, "Epoch 850 Step 36": 2.8806827068328857, "Epoch 850 Step 37": 2.879121780395508, "Epoch 850 Step 38": 2.8783888816833496, "Epoch 850 Step 39": 2.876647710800171, "Epoch 850 Step 40": 2.8878345489501953, "Epoch 850 Step 41": 2.8742172718048096, "Epoch 850 Step 42": 2.8907876014709473, "Epoch 850 Step 43": 2.87178111076355, "Epoch 850 Step 44": 2.874479055404663, "Epoch 850 Step 45": 2.8794302940368652, "Epoch 850 Step 46": 2.8676540851593018, "Epoch 850 Step 47": 2.8870646953582764, "Epoch 850 Step 48": 2.8818838596343994, "Epoch 850 Step 49": 2.887566089630127, "Epoch 850 Step 50": 2.894017457962036, "Epoch 850 Step 51": 2.885784387588501, "Epoch 850 Step 52": 2.878615617752075, "Epoch 850 Step 53": 2.885261297225952, "Epoch 850 Step 54": 2.895650863647461, "Epoch 850 Step 55": 2.8936965465545654, "Epoch 850 Step 56": 2.8931708335876465, "Epoch 850 Step 57": 2.8875091075897217, "Epoch 850 Step 58": 2.886188268661499, "Epoch 850 Step 59": 2.8839333057403564, "Epoch 850 Step 60": 2.9050869941711426, "Epoch 850 Step 61": 2.9005751609802246, "Epoch 850 Step 62": 2.8984317779541016, "Epoch 850 Step 63": 2.8757314682006836, "Epoch 850 Step 64": 2.888957977294922, "Epoch 850 Step 65": 2.894183397293091, "Epoch 850 Step 66": 2.8753764629364014, "Epoch 850 Step 67": 2.886289119720459, "Epoch 850 Step 68": 2.886958599090576, "Epoch 850 Step 69": 2.8923962116241455, "Epoch 850 Step 70": 2.8962786197662354, "Epoch 850 Step 71": 2.8817574977874756, "Epoch 850 Step 72": 2.893019914627075, "Epoch 850 Step 73": 2.878671646118164, "Epoch 850 Step 74": 2.885388135910034, "Epoch 850 Step 75": 2.8784584999084473, "Epoch 850 Step 76": 2.892101526260376, "Epoch 850 Step 77": 2.878025531768799, "Epoch 850 Step 78": 2.8827922344207764, "Epoch 850 Step 79": 2.888437271118164, "Epoch 850 Step 80": 2.8728532791137695, "Epoch 850 Step 81": 2.8721840381622314, "Epoch 850 Step 82": 2.872594118118286, "Epoch 850 Step 83": 2.8888626098632812, "Epoch 850 Step 84": 2.8820881843566895, "Epoch 850 Step 85": 2.8782663345336914, "Epoch 850 Step 86": 2.890707015991211, "Epoch 850 Step 87": 2.8976058959960938, "Epoch 850 Step 88": 2.881425619125366, "Epoch 850 Step 89": 2.876250982284546}