{"Epoch 896 Step 0": 2.8798091411590576, "Epoch 896 Step 1": 2.86841082572937, "Epoch 896 Step 2": 2.8874640464782715, "Epoch 896 Step 3": 2.8812813758850098, "Epoch 896 Step 4": 2.887282371520996, "Epoch 896 Step 5": 2.893040657043457, "Epoch 896 Step 6": 2.8867242336273193, "Epoch 896 Step 7": 2.8785173892974854, "Epoch 896 Step 8": 2.8845486640930176, "Epoch 896 Step 9": 2.896064519882202, "Epoch 896 Step 10": 2.8950600624084473, "Epoch 896 Step 11": 2.893157482147217, "Epoch 896 Step 12": 2.887784957885742, "Epoch 896 Step 13": 2.886906385421753, "Epoch 896 Step 14": 2.884734630584717, "Epoch 896 Step 15": 2.904130220413208, "Epoch 896 Step 16": 2.902672290802002, "Epoch 896 Step 17": 2.8994905948638916, "Epoch 896 Step 18": 2.8764212131500244, "Epoch 896 Step 19": 2.890113353729248, "Epoch 896 Step 20": 2.893751859664917, "Epoch 896 Step 21": 2.87591290473938, "Epoch 896 Step 22": 2.8864803314208984, "Epoch 896 Step 23": 2.8868935108184814, "Epoch 896 Step 24": 2.8919036388397217, "Epoch 896 Step 25": 2.896043062210083, "Epoch 896 Step 26": 2.8821158409118652, "Epoch 896 Step 27": 2.8936846256256104, "Epoch 896 Step 28": 2.8784396648406982, "Epoch 896 Step 29": 2.8850176334381104, "Epoch 896 Step 30": 2.878601312637329, "Epoch 896 Step 31": 2.8943967819213867, "Epoch 896 Step 32": 2.878852605819702, "Epoch 896 Step 33": 2.8827202320098877, "Epoch 896 Step 34": 2.8888583183288574, "Epoch 896 Step 35": 2.8735616207122803, "Epoch 896 Step 36": 2.8718128204345703, "Epoch 896 Step 37": 2.873333215713501, "Epoch 896 Step 38": 2.888265609741211, "Epoch 896 Step 39": 2.881704092025757, "Epoch 896 Step 40": 2.8775441646575928, "Epoch 896 Step 41": 2.8891756534576416, "Epoch 896 Step 42": 2.894381046295166, "Epoch 896 Step 43": 2.8805413246154785, "Epoch 896 Step 44": 2.8755767345428467, "Epoch 896 Step 45": 2.8883042335510254, "Epoch 896 Step 46": 2.8927886486053467, "Epoch 896 Step 47": 2.880707025527954, "Epoch 896 Step 48": 2.8819234371185303, "Epoch 896 Step 49": 2.8778631687164307, "Epoch 896 Step 50": 2.887936592102051, "Epoch 896 Step 51": 2.873927116394043, "Epoch 896 Step 52": 2.8852615356445312, "Epoch 896 Step 53": 2.8791720867156982, "Epoch 896 Step 54": 2.882458209991455, "Epoch 896 Step 55": 2.8845505714416504, "Epoch 896 Step 56": 2.8713366985321045, "Epoch 896 Step 57": 2.885342836380005, "Epoch 896 Step 58": 2.8874306678771973, "Epoch 896 Step 59": 2.88629150390625, "Epoch 896 Step 60": 2.8893563747406006, "Epoch 896 Step 61": 2.8845748901367188, "Epoch 896 Step 62": 2.8721399307250977, "Epoch 896 Step 63": 2.8813281059265137, "Epoch 896 Step 64": 2.8775484561920166, "Epoch 896 Step 65": 2.883223295211792, "Epoch 896 Step 66": 2.8836371898651123, "Epoch 896 Step 67": 2.890373945236206, "Epoch 896 Step 68": 2.884718179702759, "Epoch 896 Step 69": 2.8846242427825928, "Epoch 896 Step 70": 2.881420373916626, "Epoch 896 Step 71": 2.8757147789001465, "Epoch 896 Step 72": 2.8799097537994385, "Epoch 896 Step 73": 2.894031047821045, "Epoch 896 Step 74": 2.88788104057312, "Epoch 896 Step 75": 2.873316526412964, "Epoch 896 Step 76": 2.890331268310547, "Epoch 896 Step 77": 2.882441759109497, "Epoch 896 Step 78": 2.875610113143921, "Epoch 896 Step 79": 2.8721060752868652, "Epoch 896 Step 80": 2.882561206817627, "Epoch 896 Step 81": 2.887876033782959, "Epoch 896 Step 82": 2.8800292015075684, "Epoch 896 Step 83": 2.879088878631592, "Epoch 896 Step 84": 2.878023386001587, "Epoch 896 Step 85": 2.8762547969818115, "Epoch 896 Step 86": 2.887601137161255, "Epoch 896 Step 87": 2.874112606048584, "Epoch 896 Step 88": 2.8914952278137207, "Epoch 896 Step 89": 2.8711416721343994}