{"Epoch 291 Step 0": 2.879317045211792, "Epoch 291 Step 1": 2.892695903778076, "Epoch 291 Step 2": 2.887514591217041, "Epoch 291 Step 3": 2.8737895488739014, "Epoch 291 Step 4": 2.889512300491333, "Epoch 291 Step 5": 2.881423234939575, "Epoch 291 Step 6": 2.874516725540161, "Epoch 291 Step 7": 2.870083808898926, "Epoch 291 Step 8": 2.8823416233062744, "Epoch 291 Step 9": 2.887145519256592, "Epoch 291 Step 10": 2.8799166679382324, "Epoch 291 Step 11": 2.878448247909546, "Epoch 291 Step 12": 2.877920150756836, "Epoch 291 Step 13": 2.875403881072998, "Epoch 291 Step 14": 2.88686466217041, "Epoch 291 Step 15": 2.873448133468628, "Epoch 291 Step 16": 2.890531301498413, "Epoch 291 Step 17": 2.870941162109375, "Epoch 291 Step 18": 2.8741812705993652, "Epoch 291 Step 19": 2.879154682159424, "Epoch 291 Step 20": 2.866863489151001, "Epoch 291 Step 21": 2.886307954788208, "Epoch 291 Step 22": 2.8808720111846924, "Epoch 291 Step 23": 2.8862662315368652, "Epoch 291 Step 24": 2.8924453258514404, "Epoch 291 Step 25": 2.8859071731567383, "Epoch 291 Step 26": 2.8772997856140137, "Epoch 291 Step 27": 2.8839261531829834, "Epoch 291 Step 28": 2.8941898345947266, "Epoch 291 Step 29": 2.894211530685425, "Epoch 291 Step 30": 2.892434597015381, "Epoch 291 Step 31": 2.8876678943634033, "Epoch 291 Step 32": 2.8859353065490723, "Epoch 291 Step 33": 2.8840067386627197, "Epoch 291 Step 34": 2.9032692909240723, "Epoch 291 Step 35": 2.899200439453125, "Epoch 291 Step 36": 2.896521806716919, "Epoch 291 Step 37": 2.8758139610290527, "Epoch 291 Step 38": 2.889909505844116, "Epoch 291 Step 39": 2.8942365646362305, "Epoch 291 Step 40": 2.875190019607544, "Epoch 291 Step 41": 2.8865182399749756, "Epoch 291 Step 42": 2.886983633041382, "Epoch 291 Step 43": 2.8915903568267822, "Epoch 291 Step 44": 2.8957293033599854, "Epoch 291 Step 45": 2.881091833114624, "Epoch 291 Step 46": 2.893037796020508, "Epoch 291 Step 47": 2.878171443939209, "Epoch 291 Step 48": 2.8848230838775635, "Epoch 291 Step 49": 2.8774147033691406, "Epoch 291 Step 50": 2.891416549682617, "Epoch 291 Step 51": 2.877474546432495, "Epoch 291 Step 52": 2.8822710514068604, "Epoch 291 Step 53": 2.88816237449646, "Epoch 291 Step 54": 2.873093843460083, "Epoch 291 Step 55": 2.8717732429504395, "Epoch 291 Step 56": 2.872002124786377, "Epoch 291 Step 57": 2.887561321258545, "Epoch 291 Step 58": 2.8809940814971924, "Epoch 291 Step 59": 2.876662492752075, "Epoch 291 Step 60": 2.890061378479004, "Epoch 291 Step 61": 2.894364595413208, "Epoch 291 Step 62": 2.879551649093628, "Epoch 291 Step 63": 2.8750882148742676, "Epoch 291 Step 64": 2.8873467445373535, "Epoch 291 Step 65": 2.8912744522094727, "Epoch 291 Step 66": 2.8801467418670654, "Epoch 291 Step 67": 2.881174325942993, "Epoch 291 Step 68": 2.876957654953003, "Epoch 291 Step 69": 2.8871006965637207, "Epoch 291 Step 70": 2.872969150543213, "Epoch 291 Step 71": 2.8849034309387207, "Epoch 291 Step 72": 2.878509283065796, "Epoch 291 Step 73": 2.882352590560913, "Epoch 291 Step 74": 2.8839316368103027, "Epoch 291 Step 75": 2.8706042766571045, "Epoch 291 Step 76": 2.8839643001556396, "Epoch 291 Step 77": 2.887693166732788, "Epoch 291 Step 78": 2.8848073482513428, "Epoch 291 Step 79": 2.888359546661377, "Epoch 291 Step 80": 2.883310317993164, "Epoch 291 Step 81": 2.8721773624420166, "Epoch 291 Step 82": 2.879734992980957, "Epoch 291 Step 83": 2.876646041870117, "Epoch 291 Step 84": 2.8822357654571533, "Epoch 291 Step 85": 2.882629871368408, "Epoch 291 Step 86": 2.889871597290039, "Epoch 291 Step 87": 2.8843166828155518, "Epoch 291 Step 88": 2.8842756748199463, "Epoch 291 Step 89": 2.8809220790863037}