{"Epoch 839 Step 0": 2.884920120239258, "Epoch 839 Step 1": 2.8880250453948975, "Epoch 839 Step 2": 2.8861231803894043, "Epoch 839 Step 3": 2.8894877433776855, "Epoch 839 Step 4": 2.8846399784088135, "Epoch 839 Step 5": 2.8724117279052734, "Epoch 839 Step 6": 2.881500005722046, "Epoch 839 Step 7": 2.8772757053375244, "Epoch 839 Step 8": 2.882807493209839, "Epoch 839 Step 9": 2.882791757583618, "Epoch 839 Step 10": 2.8903791904449463, "Epoch 839 Step 11": 2.884789228439331, "Epoch 839 Step 12": 2.8857479095458984, "Epoch 839 Step 13": 2.8818581104278564, "Epoch 839 Step 14": 2.8752641677856445, "Epoch 839 Step 15": 2.879521369934082, "Epoch 839 Step 16": 2.8939223289489746, "Epoch 839 Step 17": 2.888270616531372, "Epoch 839 Step 18": 2.8739147186279297, "Epoch 839 Step 19": 2.8906450271606445, "Epoch 839 Step 20": 2.8822996616363525, "Epoch 839 Step 21": 2.8759050369262695, "Epoch 839 Step 22": 2.8724381923675537, "Epoch 839 Step 23": 2.8820600509643555, "Epoch 839 Step 24": 2.888225555419922, "Epoch 839 Step 25": 2.880877733230591, "Epoch 839 Step 26": 2.879282236099243, "Epoch 839 Step 27": 2.878685712814331, "Epoch 839 Step 28": 2.876145124435425, "Epoch 839 Step 29": 2.8882174491882324, "Epoch 839 Step 30": 2.8744254112243652, "Epoch 839 Step 31": 2.890819787979126, "Epoch 839 Step 32": 2.8717217445373535, "Epoch 839 Step 33": 2.8746421337127686, "Epoch 839 Step 34": 2.879877805709839, "Epoch 839 Step 35": 2.8682217597961426, "Epoch 839 Step 36": 2.886953592300415, "Epoch 839 Step 37": 2.881521463394165, "Epoch 839 Step 38": 2.8869922161102295, "Epoch 839 Step 39": 2.8937666416168213, "Epoch 839 Step 40": 2.88600492477417, "Epoch 839 Step 41": 2.8781137466430664, "Epoch 839 Step 42": 2.885064125061035, "Epoch 839 Step 43": 2.8956971168518066, "Epoch 839 Step 44": 2.8936679363250732, "Epoch 839 Step 45": 2.892296552658081, "Epoch 839 Step 46": 2.889296293258667, "Epoch 839 Step 47": 2.887176752090454, "Epoch 839 Step 48": 2.883669376373291, "Epoch 839 Step 49": 2.90438175201416, "Epoch 839 Step 50": 2.9006245136260986, "Epoch 839 Step 51": 2.899919033050537, "Epoch 839 Step 52": 2.875221014022827, "Epoch 839 Step 53": 2.888324737548828, "Epoch 839 Step 54": 2.892655611038208, "Epoch 839 Step 55": 2.8748505115509033, "Epoch 839 Step 56": 2.8864567279815674, "Epoch 839 Step 57": 2.8868446350097656, "Epoch 839 Step 58": 2.891256809234619, "Epoch 839 Step 59": 2.895526170730591, "Epoch 839 Step 60": 2.8822951316833496, "Epoch 839 Step 61": 2.8946175575256348, "Epoch 839 Step 62": 2.8783628940582275, "Epoch 839 Step 63": 2.8849895000457764, "Epoch 839 Step 64": 2.8781375885009766, "Epoch 839 Step 65": 2.8916099071502686, "Epoch 839 Step 66": 2.878154754638672, "Epoch 839 Step 67": 2.883117914199829, "Epoch 839 Step 68": 2.8890109062194824, "Epoch 839 Step 69": 2.874002456665039, "Epoch 839 Step 70": 2.872150182723999, "Epoch 839 Step 71": 2.8723502159118652, "Epoch 839 Step 72": 2.888458490371704, "Epoch 839 Step 73": 2.8820230960845947, "Epoch 839 Step 74": 2.878232955932617, "Epoch 839 Step 75": 2.88999080657959, "Epoch 839 Step 76": 2.8953027725219727, "Epoch 839 Step 77": 2.88057279586792, "Epoch 839 Step 78": 2.876420259475708, "Epoch 839 Step 79": 2.8871891498565674, "Epoch 839 Step 80": 2.891096830368042, "Epoch 839 Step 81": 2.8815784454345703, "Epoch 839 Step 82": 2.8826868534088135, "Epoch 839 Step 83": 2.8779563903808594, "Epoch 839 Step 84": 2.8879480361938477, "Epoch 839 Step 85": 2.8739430904388428, "Epoch 839 Step 86": 2.885444164276123, "Epoch 839 Step 87": 2.879375696182251, "Epoch 839 Step 88": 2.8833060264587402, "Epoch 839 Step 89": 2.88472318649292}