{"Epoch 598 Step 0": 2.8954265117645264, "Epoch 598 Step 1": 2.8823752403259277, "Epoch 598 Step 2": 2.8941941261291504, "Epoch 598 Step 3": 2.8789443969726562, "Epoch 598 Step 4": 2.8855934143066406, "Epoch 598 Step 5": 2.8784475326538086, "Epoch 598 Step 6": 2.8918635845184326, "Epoch 598 Step 7": 2.877709150314331, "Epoch 598 Step 8": 2.883272647857666, "Epoch 598 Step 9": 2.8885605335235596, "Epoch 598 Step 10": 2.8734004497528076, "Epoch 598 Step 11": 2.8713748455047607, "Epoch 598 Step 12": 2.8719124794006348, "Epoch 598 Step 13": 2.888946533203125, "Epoch 598 Step 14": 2.8829517364501953, "Epoch 598 Step 15": 2.87837553024292, "Epoch 598 Step 16": 2.8904757499694824, "Epoch 598 Step 17": 2.8952014446258545, "Epoch 598 Step 18": 2.8807332515716553, "Epoch 598 Step 19": 2.876267671585083, "Epoch 598 Step 20": 2.8872101306915283, "Epoch 598 Step 21": 2.8916780948638916, "Epoch 598 Step 22": 2.8802595138549805, "Epoch 598 Step 23": 2.881024122238159, "Epoch 598 Step 24": 2.8774075508117676, "Epoch 598 Step 25": 2.887791872024536, "Epoch 598 Step 26": 2.8736507892608643, "Epoch 598 Step 27": 2.885293960571289, "Epoch 598 Step 28": 2.879316806793213, "Epoch 598 Step 29": 2.8829405307769775, "Epoch 598 Step 30": 2.88476300239563, "Epoch 598 Step 31": 2.8716349601745605, "Epoch 598 Step 32": 2.884963035583496, "Epoch 598 Step 33": 2.887861967086792, "Epoch 598 Step 34": 2.8859801292419434, "Epoch 598 Step 35": 2.8893463611602783, "Epoch 598 Step 36": 2.8844094276428223, "Epoch 598 Step 37": 2.8721718788146973, "Epoch 598 Step 38": 2.8810300827026367, "Epoch 598 Step 39": 2.877169370651245, "Epoch 598 Step 40": 2.882833957672119, "Epoch 598 Step 41": 2.883103609085083, "Epoch 598 Step 42": 2.890313148498535, "Epoch 598 Step 43": 2.884906768798828, "Epoch 598 Step 44": 2.8855745792388916, "Epoch 598 Step 45": 2.882502794265747, "Epoch 598 Step 46": 2.8754446506500244, "Epoch 598 Step 47": 2.880124807357788, "Epoch 598 Step 48": 2.893620014190674, "Epoch 598 Step 49": 2.8879849910736084, "Epoch 598 Step 50": 2.8737032413482666, "Epoch 598 Step 51": 2.8904662132263184, "Epoch 598 Step 52": 2.88248872756958, "Epoch 598 Step 53": 2.8752896785736084, "Epoch 598 Step 54": 2.871711015701294, "Epoch 598 Step 55": 2.8822128772735596, "Epoch 598 Step 56": 2.8879809379577637, "Epoch 598 Step 57": 2.879824161529541, "Epoch 598 Step 58": 2.8784961700439453, "Epoch 598 Step 59": 2.878251314163208, "Epoch 598 Step 60": 2.87640380859375, "Epoch 598 Step 61": 2.88773512840271, "Epoch 598 Step 62": 2.8739097118377686, "Epoch 598 Step 63": 2.8910624980926514, "Epoch 598 Step 64": 2.8712573051452637, "Epoch 598 Step 65": 2.8745601177215576, "Epoch 598 Step 66": 2.8795855045318604, "Epoch 598 Step 67": 2.867764472961426, "Epoch 598 Step 68": 2.8870949745178223, "Epoch 598 Step 69": 2.881606101989746, "Epoch 598 Step 70": 2.8868978023529053, "Epoch 598 Step 71": 2.8931424617767334, "Epoch 598 Step 72": 2.886777400970459, "Epoch 598 Step 73": 2.878889560699463, "Epoch 598 Step 74": 2.8845314979553223, "Epoch 598 Step 75": 2.8953850269317627, "Epoch 598 Step 76": 2.8947315216064453, "Epoch 598 Step 77": 2.893475294113159, "Epoch 598 Step 78": 2.8873744010925293, "Epoch 598 Step 79": 2.88588547706604, "Epoch 598 Step 80": 2.88295841217041, "Epoch 598 Step 81": 2.9051716327667236, "Epoch 598 Step 82": 2.9000022411346436, "Epoch 598 Step 83": 2.8994390964508057, "Epoch 598 Step 84": 2.8761491775512695, "Epoch 598 Step 85": 2.8885653018951416, "Epoch 598 Step 86": 2.892828941345215, "Epoch 598 Step 87": 2.8750925064086914, "Epoch 598 Step 88": 2.8865227699279785, "Epoch 598 Step 89": 2.886627435684204}