{"Epoch 154 Step 0": 2.892387866973877, "Epoch 154 Step 1": 2.875673770904541, "Epoch 154 Step 2": 2.8842580318450928, "Epoch 154 Step 3": 2.8770294189453125, "Epoch 154 Step 4": 2.890180826187134, "Epoch 154 Step 5": 2.875253438949585, "Epoch 154 Step 6": 2.8820269107818604, "Epoch 154 Step 7": 2.887653112411499, "Epoch 154 Step 8": 2.8717923164367676, "Epoch 154 Step 9": 2.870774507522583, "Epoch 154 Step 10": 2.870772123336792, "Epoch 154 Step 11": 2.8869729042053223, "Epoch 154 Step 12": 2.881714344024658, "Epoch 154 Step 13": 2.8764336109161377, "Epoch 154 Step 14": 2.8888025283813477, "Epoch 154 Step 15": 2.8927745819091797, "Epoch 154 Step 16": 2.8787620067596436, "Epoch 154 Step 17": 2.8750970363616943, "Epoch 154 Step 18": 2.8862428665161133, "Epoch 154 Step 19": 2.889403820037842, "Epoch 154 Step 20": 2.880079746246338, "Epoch 154 Step 21": 2.879642963409424, "Epoch 154 Step 22": 2.8765077590942383, "Epoch 154 Step 23": 2.8862216472625732, "Epoch 154 Step 24": 2.8727638721466064, "Epoch 154 Step 25": 2.883775234222412, "Epoch 154 Step 26": 2.878218650817871, "Epoch 154 Step 27": 2.881714344024658, "Epoch 154 Step 28": 2.882896661758423, "Epoch 154 Step 29": 2.8689472675323486, "Epoch 154 Step 30": 2.883145809173584, "Epoch 154 Step 31": 2.886319160461426, "Epoch 154 Step 32": 2.8831944465637207, "Epoch 154 Step 33": 2.8878960609436035, "Epoch 154 Step 34": 2.882744789123535, "Epoch 154 Step 35": 2.870633840560913, "Epoch 154 Step 36": 2.877969264984131, "Epoch 154 Step 37": 2.87542986869812, "Epoch 154 Step 38": 2.8820483684539795, "Epoch 154 Step 39": 2.880573034286499, "Epoch 154 Step 40": 2.8896496295928955, "Epoch 154 Step 41": 2.883897066116333, "Epoch 154 Step 42": 2.8838720321655273, "Epoch 154 Step 43": 2.8801634311676025, "Epoch 154 Step 44": 2.875274896621704, "Epoch 154 Step 45": 2.8776421546936035, "Epoch 154 Step 46": 2.890726089477539, "Epoch 154 Step 47": 2.8866190910339355, "Epoch 154 Step 48": 2.8721582889556885, "Epoch 154 Step 49": 2.887911081314087, "Epoch 154 Step 50": 2.8817803859710693, "Epoch 154 Step 51": 2.873366117477417, "Epoch 154 Step 52": 2.8707592487335205, "Epoch 154 Step 53": 2.879706621170044, "Epoch 154 Step 54": 2.8855478763580322, "Epoch 154 Step 55": 2.877957820892334, "Epoch 154 Step 56": 2.877379894256592, "Epoch 154 Step 57": 2.8773491382598877, "Epoch 154 Step 58": 2.8741772174835205, "Epoch 154 Step 59": 2.8853535652160645, "Epoch 154 Step 60": 2.871375799179077, "Epoch 154 Step 61": 2.888270854949951, "Epoch 154 Step 62": 2.870609998703003, "Epoch 154 Step 63": 2.8725574016571045, "Epoch 154 Step 64": 2.8783140182495117, "Epoch 154 Step 65": 2.8662869930267334, "Epoch 154 Step 66": 2.8841943740844727, "Epoch 154 Step 67": 2.8805770874023438, "Epoch 154 Step 68": 2.8840034008026123, "Epoch 154 Step 69": 2.8915657997131348, "Epoch 154 Step 70": 2.885035514831543, "Epoch 154 Step 71": 2.877087354660034, "Epoch 154 Step 72": 2.8827784061431885, "Epoch 154 Step 73": 2.895094394683838, "Epoch 154 Step 74": 2.893834352493286, "Epoch 154 Step 75": 2.8915181159973145, "Epoch 154 Step 76": 2.8863842487335205, "Epoch 154 Step 77": 2.884186267852783, "Epoch 154 Step 78": 2.8808372020721436, "Epoch 154 Step 79": 2.9029107093811035, "Epoch 154 Step 80": 2.897707223892212, "Epoch 154 Step 81": 2.895697593688965, "Epoch 154 Step 82": 2.874523878097534, "Epoch 154 Step 83": 2.8869996070861816, "Epoch 154 Step 84": 2.891213893890381, "Epoch 154 Step 85": 2.874160051345825, "Epoch 154 Step 86": 2.8842456340789795, "Epoch 154 Step 87": 2.885291814804077, "Epoch 154 Step 88": 2.89057993888855, "Epoch 154 Step 89": 2.8943798542022705}