{"Epoch 159 Step 0": 2.8845324516296387, "Epoch 159 Step 1": 2.8864898681640625, "Epoch 159 Step 2": 2.889883279800415, "Epoch 159 Step 3": 2.893681049346924, "Epoch 159 Step 4": 2.8801066875457764, "Epoch 159 Step 5": 2.890486001968384, "Epoch 159 Step 6": 2.875948190689087, "Epoch 159 Step 7": 2.884523630142212, "Epoch 159 Step 8": 2.8768250942230225, "Epoch 159 Step 9": 2.890610694885254, "Epoch 159 Step 10": 2.876518487930298, "Epoch 159 Step 11": 2.881432056427002, "Epoch 159 Step 12": 2.8871490955352783, "Epoch 159 Step 13": 2.871514081954956, "Epoch 159 Step 14": 2.8703932762145996, "Epoch 159 Step 15": 2.869901657104492, "Epoch 159 Step 16": 2.886493444442749, "Epoch 159 Step 17": 2.8820412158966064, "Epoch 159 Step 18": 2.8755109310150146, "Epoch 159 Step 19": 2.887842893600464, "Epoch 159 Step 20": 2.8928964138031006, "Epoch 159 Step 21": 2.878654718399048, "Epoch 159 Step 22": 2.8749709129333496, "Epoch 159 Step 23": 2.885014057159424, "Epoch 159 Step 24": 2.890294313430786, "Epoch 159 Step 25": 2.880791187286377, "Epoch 159 Step 26": 2.880629062652588, "Epoch 159 Step 27": 2.874990940093994, "Epoch 159 Step 28": 2.8861618041992188, "Epoch 159 Step 29": 2.87164044380188, "Epoch 159 Step 30": 2.882826089859009, "Epoch 159 Step 31": 2.8771555423736572, "Epoch 159 Step 32": 2.881671905517578, "Epoch 159 Step 33": 2.882412910461426, "Epoch 159 Step 34": 2.868849515914917, "Epoch 159 Step 35": 2.8826818466186523, "Epoch 159 Step 36": 2.885629653930664, "Epoch 159 Step 37": 2.882127046585083, "Epoch 159 Step 38": 2.8866374492645264, "Epoch 159 Step 39": 2.8821053504943848, "Epoch 159 Step 40": 2.8713979721069336, "Epoch 159 Step 41": 2.877365827560425, "Epoch 159 Step 42": 2.8757805824279785, "Epoch 159 Step 43": 2.8824589252471924, "Epoch 159 Step 44": 2.879873752593994, "Epoch 159 Step 45": 2.8879828453063965, "Epoch 159 Step 46": 2.883671522140503, "Epoch 159 Step 47": 2.883798599243164, "Epoch 159 Step 48": 2.8802011013031006, "Epoch 159 Step 49": 2.8745245933532715, "Epoch 159 Step 50": 2.877470016479492, "Epoch 159 Step 51": 2.8916842937469482, "Epoch 159 Step 52": 2.8864991664886475, "Epoch 159 Step 53": 2.873082399368286, "Epoch 159 Step 54": 2.8876235485076904, "Epoch 159 Step 55": 2.881061315536499, "Epoch 159 Step 56": 2.8732571601867676, "Epoch 159 Step 57": 2.8693559169769287, "Epoch 159 Step 58": 2.880214214324951, "Epoch 159 Step 59": 2.8853507041931152, "Epoch 159 Step 60": 2.8786585330963135, "Epoch 159 Step 61": 2.877422332763672, "Epoch 159 Step 62": 2.877185344696045, "Epoch 159 Step 63": 2.8733770847320557, "Epoch 159 Step 64": 2.884258985519409, "Epoch 159 Step 65": 2.8700759410858154, "Epoch 159 Step 66": 2.8886985778808594, "Epoch 159 Step 67": 2.870640754699707, "Epoch 159 Step 68": 2.8720602989196777, "Epoch 159 Step 69": 2.8773252964019775, "Epoch 159 Step 70": 2.866392135620117, "Epoch 159 Step 71": 2.8848626613616943, "Epoch 159 Step 72": 2.8790886402130127, "Epoch 159 Step 73": 2.88325572013855, "Epoch 159 Step 74": 2.8914408683776855, "Epoch 159 Step 75": 2.88541316986084, "Epoch 159 Step 76": 2.8778162002563477, "Epoch 159 Step 77": 2.8826913833618164, "Epoch 159 Step 78": 2.8949124813079834, "Epoch 159 Step 79": 2.8929500579833984, "Epoch 159 Step 80": 2.8915562629699707, "Epoch 159 Step 81": 2.887693166732788, "Epoch 159 Step 82": 2.8855676651000977, "Epoch 159 Step 83": 2.882483720779419, "Epoch 159 Step 84": 2.902493953704834, "Epoch 159 Step 85": 2.9004640579223633, "Epoch 159 Step 86": 2.896085262298584, "Epoch 159 Step 87": 2.874349594116211, "Epoch 159 Step 88": 2.887232542037964, "Epoch 159 Step 89": 2.8915762901306152}