{"Epoch 557 Step 0": 2.882922887802124, "Epoch 557 Step 1": 2.8905088901519775, "Epoch 557 Step 2": 2.884999990463257, "Epoch 557 Step 3": 2.8853960037231445, "Epoch 557 Step 4": 2.8813798427581787, "Epoch 557 Step 5": 2.875793695449829, "Epoch 557 Step 6": 2.8796546459198, "Epoch 557 Step 7": 2.893895387649536, "Epoch 557 Step 8": 2.8879380226135254, "Epoch 557 Step 9": 2.8738625049591064, "Epoch 557 Step 10": 2.890080451965332, "Epoch 557 Step 11": 2.882770538330078, "Epoch 557 Step 12": 2.8756158351898193, "Epoch 557 Step 13": 2.8721747398376465, "Epoch 557 Step 14": 2.882089853286743, "Epoch 557 Step 15": 2.8878328800201416, "Epoch 557 Step 16": 2.880486011505127, "Epoch 557 Step 17": 2.878669500350952, "Epoch 557 Step 18": 2.8781914710998535, "Epoch 557 Step 19": 2.8761703968048096, "Epoch 557 Step 20": 2.8875904083251953, "Epoch 557 Step 21": 2.8747565746307373, "Epoch 557 Step 22": 2.8909552097320557, "Epoch 557 Step 23": 2.87140154838562, "Epoch 557 Step 24": 2.8745782375335693, "Epoch 557 Step 25": 2.8793158531188965, "Epoch 557 Step 26": 2.8681275844573975, "Epoch 557 Step 27": 2.8871140480041504, "Epoch 557 Step 28": 2.8816776275634766, "Epoch 557 Step 29": 2.886852741241455, "Epoch 557 Step 30": 2.893409013748169, "Epoch 557 Step 31": 2.8867645263671875, "Epoch 557 Step 32": 2.8785691261291504, "Epoch 557 Step 33": 2.884781837463379, "Epoch 557 Step 34": 2.895308256149292, "Epoch 557 Step 35": 2.8939273357391357, "Epoch 557 Step 36": 2.8926596641540527, "Epoch 557 Step 37": 2.887915849685669, "Epoch 557 Step 38": 2.8862500190734863, "Epoch 557 Step 39": 2.88472580909729, "Epoch 557 Step 40": 2.9041643142700195, "Epoch 557 Step 41": 2.9002525806427, "Epoch 557 Step 42": 2.8980917930603027, "Epoch 557 Step 43": 2.8758184909820557, "Epoch 557 Step 44": 2.8892130851745605, "Epoch 557 Step 45": 2.893592119216919, "Epoch 557 Step 46": 2.874802350997925, "Epoch 557 Step 47": 2.8865649700164795, "Epoch 557 Step 48": 2.8872718811035156, "Epoch 557 Step 49": 2.8921585083007812, "Epoch 557 Step 50": 2.8961801528930664, "Epoch 557 Step 51": 2.882758140563965, "Epoch 557 Step 52": 2.895010471343994, "Epoch 557 Step 53": 2.8785572052001953, "Epoch 557 Step 54": 2.884953022003174, "Epoch 557 Step 55": 2.878077268600464, "Epoch 557 Step 56": 2.892277717590332, "Epoch 557 Step 57": 2.8780713081359863, "Epoch 557 Step 58": 2.8832499980926514, "Epoch 557 Step 59": 2.8887314796447754, "Epoch 557 Step 60": 2.8733773231506348, "Epoch 557 Step 61": 2.8712780475616455, "Epoch 557 Step 62": 2.8722922801971436, "Epoch 557 Step 63": 2.8885464668273926, "Epoch 557 Step 64": 2.8820438385009766, "Epoch 557 Step 65": 2.8782222270965576, "Epoch 557 Step 66": 2.8902764320373535, "Epoch 557 Step 67": 2.8949501514434814, "Epoch 557 Step 68": 2.880511999130249, "Epoch 557 Step 69": 2.876591920852661, "Epoch 557 Step 70": 2.8870315551757812, "Epoch 557 Step 71": 2.891416549682617, "Epoch 557 Step 72": 2.8808398246765137, "Epoch 557 Step 73": 2.881594181060791, "Epoch 557 Step 74": 2.8775248527526855, "Epoch 557 Step 75": 2.887653350830078, "Epoch 557 Step 76": 2.874072313308716, "Epoch 557 Step 77": 2.8857526779174805, "Epoch 557 Step 78": 2.879298448562622, "Epoch 557 Step 79": 2.88301420211792, "Epoch 557 Step 80": 2.8847053050994873, "Epoch 557 Step 81": 2.8713769912719727, "Epoch 557 Step 82": 2.8849260807037354, "Epoch 557 Step 83": 2.8879330158233643, "Epoch 557 Step 84": 2.885932683944702, "Epoch 557 Step 85": 2.8892292976379395, "Epoch 557 Step 86": 2.8841967582702637, "Epoch 557 Step 87": 2.872140407562256, "Epoch 557 Step 88": 2.8810455799102783, "Epoch 557 Step 89": 2.8772966861724854}