{"Epoch 682 Step 0": 2.877563238143921, "Epoch 682 Step 1": 2.8830578327178955, "Epoch 682 Step 2": 2.888805389404297, "Epoch 682 Step 3": 2.8745059967041016, "Epoch 682 Step 4": 2.8729403018951416, "Epoch 682 Step 5": 2.87347149848938, "Epoch 682 Step 6": 2.8886001110076904, "Epoch 682 Step 7": 2.8828282356262207, "Epoch 682 Step 8": 2.8768210411071777, "Epoch 682 Step 9": 2.888854742050171, "Epoch 682 Step 10": 2.8946640491485596, "Epoch 682 Step 11": 2.8802926540374756, "Epoch 682 Step 12": 2.8762495517730713, "Epoch 682 Step 13": 2.8877816200256348, "Epoch 682 Step 14": 2.8916797637939453, "Epoch 682 Step 15": 2.8812508583068848, "Epoch 682 Step 16": 2.883526086807251, "Epoch 682 Step 17": 2.8789591789245605, "Epoch 682 Step 18": 2.888103485107422, "Epoch 682 Step 19": 2.8737576007843018, "Epoch 682 Step 20": 2.885615587234497, "Epoch 682 Step 21": 2.8792316913604736, "Epoch 682 Step 22": 2.8829383850097656, "Epoch 682 Step 23": 2.8848745822906494, "Epoch 682 Step 24": 2.871210813522339, "Epoch 682 Step 25": 2.885256052017212, "Epoch 682 Step 26": 2.887619972229004, "Epoch 682 Step 27": 2.8857314586639404, "Epoch 682 Step 28": 2.8897485733032227, "Epoch 682 Step 29": 2.884711742401123, "Epoch 682 Step 30": 2.872480630874634, "Epoch 682 Step 31": 2.8809030055999756, "Epoch 682 Step 32": 2.8765718936920166, "Epoch 682 Step 33": 2.8825762271881104, "Epoch 682 Step 34": 2.88285756111145, "Epoch 682 Step 35": 2.8910164833068848, "Epoch 682 Step 36": 2.884950637817383, "Epoch 682 Step 37": 2.8851921558380127, "Epoch 682 Step 38": 2.881145715713501, "Epoch 682 Step 39": 2.876715660095215, "Epoch 682 Step 40": 2.879183053970337, "Epoch 682 Step 41": 2.893977165222168, "Epoch 682 Step 42": 2.888244867324829, "Epoch 682 Step 43": 2.8745715618133545, "Epoch 682 Step 44": 2.89033579826355, "Epoch 682 Step 45": 2.88253116607666, "Epoch 682 Step 46": 2.875798225402832, "Epoch 682 Step 47": 2.872011184692383, "Epoch 682 Step 48": 2.8826684951782227, "Epoch 682 Step 49": 2.8881397247314453, "Epoch 682 Step 50": 2.8813962936401367, "Epoch 682 Step 51": 2.879103422164917, "Epoch 682 Step 52": 2.8785648345947266, "Epoch 682 Step 53": 2.8768930435180664, "Epoch 682 Step 54": 2.888159990310669, "Epoch 682 Step 55": 2.874452829360962, "Epoch 682 Step 56": 2.891834020614624, "Epoch 682 Step 57": 2.8714749813079834, "Epoch 682 Step 58": 2.8744616508483887, "Epoch 682 Step 59": 2.8790197372436523, "Epoch 682 Step 60": 2.8676252365112305, "Epoch 682 Step 61": 2.8873982429504395, "Epoch 682 Step 62": 2.8818023204803467, "Epoch 682 Step 63": 2.8868579864501953, "Epoch 682 Step 64": 2.893409013748169, "Epoch 682 Step 65": 2.886505126953125, "Epoch 682 Step 66": 2.8793654441833496, "Epoch 682 Step 67": 2.8848764896392822, "Epoch 682 Step 68": 2.8953208923339844, "Epoch 682 Step 69": 2.894817590713501, "Epoch 682 Step 70": 2.892932891845703, "Epoch 682 Step 71": 2.8875186443328857, "Epoch 682 Step 72": 2.887263059616089, "Epoch 682 Step 73": 2.8854172229766846, "Epoch 682 Step 74": 2.905341863632202, "Epoch 682 Step 75": 2.902559757232666, "Epoch 682 Step 76": 2.8983983993530273, "Epoch 682 Step 77": 2.876432180404663, "Epoch 682 Step 78": 2.888936758041382, "Epoch 682 Step 79": 2.892632484436035, "Epoch 682 Step 80": 2.874938488006592, "Epoch 682 Step 81": 2.8863723278045654, "Epoch 682 Step 82": 2.8874616622924805, "Epoch 682 Step 83": 2.8920624256134033, "Epoch 682 Step 84": 2.8961830139160156, "Epoch 682 Step 85": 2.8817293643951416, "Epoch 682 Step 86": 2.891202449798584, "Epoch 682 Step 87": 2.879479169845581, "Epoch 682 Step 88": 2.8887455463409424, "Epoch 682 Step 89": 2.879615306854248}