{"Epoch 415 Step 0": 2.8816888332366943, "Epoch 415 Step 1": 2.8931071758270264, "Epoch 415 Step 2": 2.879159688949585, "Epoch 415 Step 3": 2.8850884437561035, "Epoch 415 Step 4": 2.877983808517456, "Epoch 415 Step 5": 2.8918075561523438, "Epoch 415 Step 6": 2.8779842853546143, "Epoch 415 Step 7": 2.8830583095550537, "Epoch 415 Step 8": 2.8887860774993896, "Epoch 415 Step 9": 2.873542547225952, "Epoch 415 Step 10": 2.8719918727874756, "Epoch 415 Step 11": 2.8720145225524902, "Epoch 415 Step 12": 2.8880655765533447, "Epoch 415 Step 13": 2.8814055919647217, "Epoch 415 Step 14": 2.8776373863220215, "Epoch 415 Step 15": 2.88997745513916, "Epoch 415 Step 16": 2.8947913646698, "Epoch 415 Step 17": 2.880216598510742, "Epoch 415 Step 18": 2.8768365383148193, "Epoch 415 Step 19": 2.887571096420288, "Epoch 415 Step 20": 2.891064167022705, "Epoch 415 Step 21": 2.8806746006011963, "Epoch 415 Step 22": 2.881412982940674, "Epoch 415 Step 23": 2.877631425857544, "Epoch 415 Step 24": 2.887471914291382, "Epoch 415 Step 25": 2.874502658843994, "Epoch 415 Step 26": 2.8849692344665527, "Epoch 415 Step 27": 2.878866195678711, "Epoch 415 Step 28": 2.8822579383850098, "Epoch 415 Step 29": 2.884042739868164, "Epoch 415 Step 30": 2.871610403060913, "Epoch 415 Step 31": 2.8851475715637207, "Epoch 415 Step 32": 2.8872828483581543, "Epoch 415 Step 33": 2.8854777812957764, "Epoch 415 Step 34": 2.889594793319702, "Epoch 415 Step 35": 2.8843812942504883, "Epoch 415 Step 36": 2.8719167709350586, "Epoch 415 Step 37": 2.880760431289673, "Epoch 415 Step 38": 2.8768253326416016, "Epoch 415 Step 39": 2.882420063018799, "Epoch 415 Step 40": 2.8833844661712646, "Epoch 415 Step 41": 2.8901889324188232, "Epoch 415 Step 42": 2.8849024772644043, "Epoch 415 Step 43": 2.8848137855529785, "Epoch 415 Step 44": 2.8812365531921387, "Epoch 415 Step 45": 2.8756191730499268, "Epoch 415 Step 46": 2.879751205444336, "Epoch 415 Step 47": 2.8937883377075195, "Epoch 415 Step 48": 2.8877675533294678, "Epoch 415 Step 49": 2.8738486766815186, "Epoch 415 Step 50": 2.890610933303833, "Epoch 415 Step 51": 2.8818650245666504, "Epoch 415 Step 52": 2.8752238750457764, "Epoch 415 Step 53": 2.8720569610595703, "Epoch 415 Step 54": 2.8825058937072754, "Epoch 415 Step 55": 2.887718915939331, "Epoch 415 Step 56": 2.880117893218994, "Epoch 415 Step 57": 2.8785557746887207, "Epoch 415 Step 58": 2.8785336017608643, "Epoch 415 Step 59": 2.876086473464966, "Epoch 415 Step 60": 2.887965202331543, "Epoch 415 Step 61": 2.8737571239471436, "Epoch 415 Step 62": 2.891129493713379, "Epoch 415 Step 63": 2.871354341506958, "Epoch 415 Step 64": 2.874422788619995, "Epoch 415 Step 65": 2.879260540008545, "Epoch 415 Step 66": 2.8677124977111816, "Epoch 415 Step 67": 2.886857271194458, "Epoch 415 Step 68": 2.881333351135254, "Epoch 415 Step 69": 2.886788845062256, "Epoch 415 Step 70": 2.893197774887085, "Epoch 415 Step 71": 2.88590931892395, "Epoch 415 Step 72": 2.8782479763031006, "Epoch 415 Step 73": 2.884465217590332, "Epoch 415 Step 74": 2.895510196685791, "Epoch 415 Step 75": 2.89373517036438, "Epoch 415 Step 76": 2.893249750137329, "Epoch 415 Step 77": 2.8880889415740967, "Epoch 415 Step 78": 2.88578200340271, "Epoch 415 Step 79": 2.8823649883270264, "Epoch 415 Step 80": 2.904306650161743, "Epoch 415 Step 81": 2.8997395038604736, "Epoch 415 Step 82": 2.8981776237487793, "Epoch 415 Step 83": 2.8761990070343018, "Epoch 415 Step 84": 2.8888237476348877, "Epoch 415 Step 85": 2.8927743434906006, "Epoch 415 Step 86": 2.875810146331787, "Epoch 415 Step 87": 2.886157512664795, "Epoch 415 Step 88": 2.8870017528533936, "Epoch 415 Step 89": 2.8914027214050293}