{"Epoch 498 Step 0": 2.88863468170166, "Epoch 498 Step 1": 2.8729450702667236, "Epoch 498 Step 2": 2.8723304271698, "Epoch 498 Step 3": 2.872619867324829, "Epoch 498 Step 4": 2.8882343769073486, "Epoch 498 Step 5": 2.882429838180542, "Epoch 498 Step 6": 2.8780601024627686, "Epoch 498 Step 7": 2.889920234680176, "Epoch 498 Step 8": 2.895780324935913, "Epoch 498 Step 9": 2.880218982696533, "Epoch 498 Step 10": 2.8757236003875732, "Epoch 498 Step 11": 2.8875339031219482, "Epoch 498 Step 12": 2.8917808532714844, "Epoch 498 Step 13": 2.8812050819396973, "Epoch 498 Step 14": 2.8819262981414795, "Epoch 498 Step 15": 2.8773860931396484, "Epoch 498 Step 16": 2.887674570083618, "Epoch 498 Step 17": 2.8734962940216064, "Epoch 498 Step 18": 2.885349988937378, "Epoch 498 Step 19": 2.879207134246826, "Epoch 498 Step 20": 2.8829710483551025, "Epoch 498 Step 21": 2.884833335876465, "Epoch 498 Step 22": 2.8715007305145264, "Epoch 498 Step 23": 2.885101318359375, "Epoch 498 Step 24": 2.8879494667053223, "Epoch 498 Step 25": 2.88620662689209, "Epoch 498 Step 26": 2.889991283416748, "Epoch 498 Step 27": 2.8846592903137207, "Epoch 498 Step 28": 2.8724870681762695, "Epoch 498 Step 29": 2.8806655406951904, "Epoch 498 Step 30": 2.8772971630096436, "Epoch 498 Step 31": 2.883312463760376, "Epoch 498 Step 32": 2.8831026554107666, "Epoch 498 Step 33": 2.890711784362793, "Epoch 498 Step 34": 2.8851609230041504, "Epoch 498 Step 35": 2.885410785675049, "Epoch 498 Step 36": 2.8811428546905518, "Epoch 498 Step 37": 2.876093626022339, "Epoch 498 Step 38": 2.8795111179351807, "Epoch 498 Step 39": 2.894033908843994, "Epoch 498 Step 40": 2.8878865242004395, "Epoch 498 Step 41": 2.874443769454956, "Epoch 498 Step 42": 2.8908565044403076, "Epoch 498 Step 43": 2.882328510284424, "Epoch 498 Step 44": 2.876189708709717, "Epoch 498 Step 45": 2.8736746311187744, "Epoch 498 Step 46": 2.881833791732788, "Epoch 498 Step 47": 2.887589454650879, "Epoch 498 Step 48": 2.879911422729492, "Epoch 498 Step 49": 2.878645181655884, "Epoch 498 Step 50": 2.878577947616577, "Epoch 498 Step 51": 2.876288652420044, "Epoch 498 Step 52": 2.8879947662353516, "Epoch 498 Step 53": 2.8751373291015625, "Epoch 498 Step 54": 2.891202211380005, "Epoch 498 Step 55": 2.8711817264556885, "Epoch 498 Step 56": 2.874751329421997, "Epoch 498 Step 57": 2.879643440246582, "Epoch 498 Step 58": 2.8684139251708984, "Epoch 498 Step 59": 2.8869690895080566, "Epoch 498 Step 60": 2.8812103271484375, "Epoch 498 Step 61": 2.8870339393615723, "Epoch 498 Step 62": 2.8935537338256836, "Epoch 498 Step 63": 2.8869075775146484, "Epoch 498 Step 64": 2.878034830093384, "Epoch 498 Step 65": 2.884545087814331, "Epoch 498 Step 66": 2.8956634998321533, "Epoch 498 Step 67": 2.8944804668426514, "Epoch 498 Step 68": 2.8932154178619385, "Epoch 498 Step 69": 2.887603998184204, "Epoch 498 Step 70": 2.8862297534942627, "Epoch 498 Step 71": 2.8848209381103516, "Epoch 498 Step 72": 2.904998540878296, "Epoch 498 Step 73": 2.9005558490753174, "Epoch 498 Step 74": 2.8983466625213623, "Epoch 498 Step 75": 2.8765852451324463, "Epoch 498 Step 76": 2.8895535469055176, "Epoch 498 Step 77": 2.8931708335876465, "Epoch 498 Step 78": 2.8752646446228027, "Epoch 498 Step 79": 2.886768341064453, "Epoch 498 Step 80": 2.8873627185821533, "Epoch 498 Step 81": 2.892374038696289, "Epoch 498 Step 82": 2.8959033489227295, "Epoch 498 Step 83": 2.8823037147521973, "Epoch 498 Step 84": 2.894063949584961, "Epoch 498 Step 85": 2.8795604705810547, "Epoch 498 Step 86": 2.8855228424072266, "Epoch 498 Step 87": 2.878119945526123, "Epoch 498 Step 88": 2.8914167881011963, "Epoch 498 Step 89": 2.877547025680542}