{"Epoch 265 Step 0": 2.878002882003784, "Epoch 265 Step 1": 2.8844802379608154, "Epoch 265 Step 2": 2.895113945007324, "Epoch 265 Step 3": 2.8935890197753906, "Epoch 265 Step 4": 2.8925673961639404, "Epoch 265 Step 5": 2.887632369995117, "Epoch 265 Step 6": 2.886204957962036, "Epoch 265 Step 7": 2.879883289337158, "Epoch 265 Step 8": 2.902494192123413, "Epoch 265 Step 9": 2.900561809539795, "Epoch 265 Step 10": 2.8994081020355225, "Epoch 265 Step 11": 2.8752822875976562, "Epoch 265 Step 12": 2.88789701461792, "Epoch 265 Step 13": 2.890918731689453, "Epoch 265 Step 14": 2.8750836849212646, "Epoch 265 Step 15": 2.886477470397949, "Epoch 265 Step 16": 2.887242317199707, "Epoch 265 Step 17": 2.891356945037842, "Epoch 265 Step 18": 2.8953466415405273, "Epoch 265 Step 19": 2.8806350231170654, "Epoch 265 Step 20": 2.891512632369995, "Epoch 265 Step 21": 2.8780739307403564, "Epoch 265 Step 22": 2.884389877319336, "Epoch 265 Step 23": 2.877243995666504, "Epoch 265 Step 24": 2.890657663345337, "Epoch 265 Step 25": 2.8768811225891113, "Epoch 265 Step 26": 2.8827314376831055, "Epoch 265 Step 27": 2.8884520530700684, "Epoch 265 Step 28": 2.873321533203125, "Epoch 265 Step 29": 2.872457981109619, "Epoch 265 Step 30": 2.8722712993621826, "Epoch 265 Step 31": 2.8883042335510254, "Epoch 265 Step 32": 2.8825809955596924, "Epoch 265 Step 33": 2.8772687911987305, "Epoch 265 Step 34": 2.890918731689453, "Epoch 265 Step 35": 2.895993232727051, "Epoch 265 Step 36": 2.879746913909912, "Epoch 265 Step 37": 2.875326633453369, "Epoch 265 Step 38": 2.8872432708740234, "Epoch 265 Step 39": 2.8909735679626465, "Epoch 265 Step 40": 2.8808276653289795, "Epoch 265 Step 41": 2.883139133453369, "Epoch 265 Step 42": 2.878431558609009, "Epoch 265 Step 43": 2.887434720993042, "Epoch 265 Step 44": 2.873668909072876, "Epoch 265 Step 45": 2.885162830352783, "Epoch 265 Step 46": 2.878878355026245, "Epoch 265 Step 47": 2.8835463523864746, "Epoch 265 Step 48": 2.8850884437561035, "Epoch 265 Step 49": 2.870734453201294, "Epoch 265 Step 50": 2.8843491077423096, "Epoch 265 Step 51": 2.888293504714966, "Epoch 265 Step 52": 2.885770082473755, "Epoch 265 Step 53": 2.889801025390625, "Epoch 265 Step 54": 2.8850598335266113, "Epoch 265 Step 55": 2.872945547103882, "Epoch 265 Step 56": 2.880502700805664, "Epoch 265 Step 57": 2.877230644226074, "Epoch 265 Step 58": 2.8828823566436768, "Epoch 265 Step 59": 2.8836395740509033, "Epoch 265 Step 60": 2.890472888946533, "Epoch 265 Step 61": 2.885011672973633, "Epoch 265 Step 62": 2.8849263191223145, "Epoch 265 Step 63": 2.881354808807373, "Epoch 265 Step 64": 2.8748786449432373, "Epoch 265 Step 65": 2.8790340423583984, "Epoch 265 Step 66": 2.8934385776519775, "Epoch 265 Step 67": 2.8879480361938477, "Epoch 265 Step 68": 2.8742048740386963, "Epoch 265 Step 69": 2.890446424484253, "Epoch 265 Step 70": 2.881437063217163, "Epoch 265 Step 71": 2.8755850791931152, "Epoch 265 Step 72": 2.8729631900787354, "Epoch 265 Step 73": 2.881643772125244, "Epoch 265 Step 74": 2.8869612216949463, "Epoch 265 Step 75": 2.879948377609253, "Epoch 265 Step 76": 2.8787925243377686, "Epoch 265 Step 77": 2.878542900085449, "Epoch 265 Step 78": 2.876126766204834, "Epoch 265 Step 79": 2.88777756690979, "Epoch 265 Step 80": 2.8743960857391357, "Epoch 265 Step 81": 2.891087293624878, "Epoch 265 Step 82": 2.8714122772216797, "Epoch 265 Step 83": 2.8747496604919434, "Epoch 265 Step 84": 2.8793883323669434, "Epoch 265 Step 85": 2.867525577545166, "Epoch 265 Step 86": 2.887291669845581, "Epoch 265 Step 87": 2.88137149810791, "Epoch 265 Step 88": 2.8866047859191895, "Epoch 265 Step 89": 2.8941876888275146}