{"Epoch 5 Step 0": 2.879019021987915, "Epoch 5 Step 1": 2.8894875049591064, "Epoch 5 Step 2": 2.8826467990875244, "Epoch 5 Step 3": 2.8049120903015137, "Epoch 5 Step 4": 2.756899833679199, "Epoch 5 Step 5": 2.8619446754455566, "Epoch 5 Step 6": 2.8864495754241943, "Epoch 5 Step 7": 2.8717923164367676, "Epoch 5 Step 8": 2.8571600914001465, "Epoch 5 Step 9": 2.8613312244415283, "Epoch 5 Step 10": 2.8789684772491455, "Epoch 5 Step 11": 2.8806889057159424, "Epoch 5 Step 12": 2.8812339305877686, "Epoch 5 Step 13": 2.8657073974609375, "Epoch 5 Step 14": 2.8817646503448486, "Epoch 5 Step 15": 2.8811280727386475, "Epoch 5 Step 16": 2.842426300048828, "Epoch 5 Step 17": 2.84725022315979, "Epoch 5 Step 18": 2.860172748565674, "Epoch 5 Step 19": 2.8674232959747314, "Epoch 5 Step 20": 2.8735835552215576, "Epoch 5 Step 21": 2.8701610565185547, "Epoch 5 Step 22": 2.8726348876953125, "Epoch 5 Step 23": 2.8759350776672363, "Epoch 5 Step 24": 2.8695027828216553, "Epoch 5 Step 25": 2.886307954788208, "Epoch 5 Step 26": 2.8686635494232178, "Epoch 5 Step 27": 2.8757946491241455, "Epoch 5 Step 28": 2.8853533267974854, "Epoch 5 Step 29": 2.8796274662017822, "Epoch 5 Step 30": 2.8772146701812744, "Epoch 5 Step 31": 2.8756957054138184, "Epoch 5 Step 32": 2.8596973419189453, "Epoch 5 Step 33": 2.8433165550231934, "Epoch 5 Step 34": 2.867727041244507, "Epoch 5 Step 35": 2.878863573074341, "Epoch 5 Step 36": 2.8424160480499268, "Epoch 5 Step 37": 2.8618979454040527, "Epoch 5 Step 38": 2.866132974624634, "Epoch 5 Step 39": 2.8544390201568604, "Epoch 5 Step 40": 2.881835460662842, "Epoch 5 Step 41": 2.8597254753112793, "Epoch 5 Step 42": 2.873244047164917, "Epoch 5 Step 43": 2.85787034034729, "Epoch 5 Step 44": 2.873502254486084, "Epoch 5 Step 45": 2.8240177631378174, "Epoch 5 Step 46": 2.8832857608795166, "Epoch 5 Step 47": 2.8523261547088623, "Epoch 5 Step 48": 2.8844552040100098, "Epoch 5 Step 49": 2.867929697036743, "Epoch 5 Step 50": 2.8496057987213135, "Epoch 5 Step 51": 2.847151041030884, "Epoch 5 Step 52": 2.866978406906128, "Epoch 5 Step 53": 2.8532965183258057, "Epoch 5 Step 54": 2.8500986099243164, "Epoch 5 Step 55": 2.881087064743042, "Epoch 5 Step 56": 2.870042324066162, "Epoch 5 Step 57": 2.8600270748138428, "Epoch 5 Step 58": 2.8455679416656494, "Epoch 5 Step 59": 2.8592982292175293, "Epoch 5 Step 60": 2.8624839782714844, "Epoch 5 Step 61": 2.8342087268829346, "Epoch 5 Step 62": 2.852893590927124, "Epoch 5 Step 63": 2.8541600704193115, "Epoch 5 Step 64": 2.846799373626709, "Epoch 5 Step 65": 2.8380043506622314, "Epoch 5 Step 66": 2.872877359390259, "Epoch 5 Step 67": 2.8502719402313232, "Epoch 5 Step 68": 2.8836159706115723, "Epoch 5 Step 69": 2.864096164703369, "Epoch 5 Step 70": 2.840669631958008, "Epoch 5 Step 71": 2.878401041030884, "Epoch 5 Step 72": 2.853685140609741, "Epoch 5 Step 73": 2.8645431995391846, "Epoch 5 Step 74": 2.8659889698028564, "Epoch 5 Step 75": 2.834641695022583, "Epoch 5 Step 76": 2.8777384757995605, "Epoch 5 Step 77": 2.8617193698883057, "Epoch 5 Step 78": 2.8776979446411133, "Epoch 5 Step 79": 2.873199701309204, "Epoch 5 Step 80": 2.894132375717163, "Epoch 5 Step 81": 2.8824656009674072, "Epoch 5 Step 82": 2.8387091159820557, "Epoch 5 Step 83": 2.877725124359131, "Epoch 5 Step 84": 2.860372543334961, "Epoch 5 Step 85": 2.8508963584899902, "Epoch 5 Step 86": 2.8558411598205566, "Epoch 5 Step 87": 2.8573827743530273, "Epoch 5 Step 88": 2.8784356117248535, "Epoch 5 Step 89": 2.864021062850952, "Epoch 5 Step 90": 2.880596160888672, "Epoch 5 Step 91": 2.8805456161499023, "Epoch 5 Step 92": 2.8807334899902344, "Epoch 5 Step 93": 2.855624198913574, "Epoch 5 Step 94": 2.8704171180725098, "Epoch 5 Step 95": 2.8667612075805664, "Epoch 5 Step 96": 2.8560519218444824, "Epoch 5 Step 97": 2.8702850341796875, "Epoch 5 Step 98": 2.846721649169922, "Epoch 5 Step 99": 2.872347593307495, "Epoch 5 Step 100": 2.874720573425293, "Epoch 5 Step 101": 2.8201377391815186, "Epoch 5 Step 102": 2.85798978805542, "Epoch 5 Step 103": 2.8522496223449707, "Epoch 5 Step 104": 2.8674025535583496, "Epoch 5 Step 105": 2.8739583492279053, "Epoch 5 Step 106": 2.8480618000030518, "Epoch 5 Step 107": 2.8691494464874268, "Epoch 5 Step 108": 2.8256373405456543, "Epoch 5 Step 109": 2.8576343059539795, "Epoch 5 Step 110": 2.8757753372192383, "Epoch 5 Step 111": 2.866708993911743, "Epoch 5 Step 112": 2.8612120151519775, "Epoch 5 Step 113": 2.851032018661499, "Epoch 5 Step 114": 2.8684375286102295, "Epoch 5 Step 115": 2.854548931121826, "Epoch 5 Step 116": 2.864068031311035, "Epoch 5 Step 117": 2.8737599849700928, "Epoch 5 Step 118": 2.8634512424468994, "Epoch 5 Step 119": 2.860403537750244, "Epoch 5 Step 120": 2.8587887287139893, "Epoch 5 Step 121": 2.8395044803619385, "Epoch 5 Step 122": 2.8442788124084473, "Epoch 5 Step 123": 2.8346943855285645, "Epoch 5 Step 124": 2.869527578353882, "Epoch 5 Step 125": 2.8728275299072266, "Epoch 5 Step 126": 2.8656983375549316, "Epoch 5 Step 127": 2.8616116046905518, "Epoch 5 Step 128": 2.8545079231262207, "Epoch 5 Step 129": 2.8757474422454834, "Epoch 5 Step 130": 2.8938539028167725, "Epoch 5 Step 131": 2.8135910034179688, "Epoch 5 Step 132": 2.861872434616089, "Epoch 5 Step 133": 2.853954315185547, "Epoch 5 Step 134": 2.8809654712677, "Epoch 5 Step 135": 2.860844612121582, "Epoch 5 Step 136": 2.8814587593078613, "Epoch 5 Step 137": 2.8566324710845947, "Epoch 5 Step 138": 2.842665433883667, "Epoch 5 Step 139": 2.8554587364196777, "Epoch 5 Step 140": 2.8674066066741943, "Epoch 5 Step 141": 2.8519444465637207, "Epoch 5 Step 142": 2.8826212882995605, "Epoch 5 Step 143": 2.864151954650879, "Epoch 5 Step 144": 2.8261754512786865, "Epoch 5 Step 145": 2.855239152908325, "Epoch 5 Step 146": 2.8590312004089355, "Epoch 5 Step 147": 2.8595845699310303, "Epoch 5 Step 148": 2.8705267906188965, "Epoch 5 Step 149": 2.8693289756774902, "Epoch 5 Step 150": 2.868687152862549, "Epoch 5 Step 151": 2.8222434520721436, "Epoch 5 Step 152": 2.866262197494507, "Epoch 5 Step 153": 2.8567349910736084, "Epoch 5 Step 154": 2.8699233531951904, "Epoch 5 Step 155": 2.864001750946045, "Epoch 5 Step 156": 2.876800775527954, "Epoch 5 Step 157": 2.8713717460632324, "Epoch 5 Step 158": 2.855459451675415, "Epoch 5 Step 159": 2.8790135383605957, "Epoch 5 Step 160": 2.8745951652526855, "Epoch 5 Step 161": 2.865291118621826, "Epoch 5 Step 162": 2.8619866371154785, "Epoch 5 Step 163": 2.871971607208252, "Epoch 5 Step 164": 2.860208034515381, "Epoch 5 Step 165": 2.860464334487915, "Epoch 5 Step 166": 2.8426156044006348, "Epoch 5 Step 167": 2.8247764110565186, "Epoch 5 Step 168": 2.8727543354034424, "Epoch 5 Step 169": 2.8518388271331787, "Epoch 5 Step 170": 2.850895643234253, "Epoch 5 Step 171": 2.868851900100708, "Epoch 5 Step 172": 2.894286870956421, "Epoch 5 Step 173": 2.8442299365997314, "Epoch 5 Step 174": 2.87208890914917, "Epoch 5 Step 175": 2.8640618324279785, "Epoch 5 Step 176": 2.874439239501953, "Epoch 5 Step 177": 2.851383686065674, "Epoch 5 Step 178": 2.860568046569824, "Epoch 5 Step 179": 2.839303970336914, "Epoch 5 Step 180": 2.8524506092071533, "Epoch 5 Step 181": 2.860121011734009, "Epoch 5 Step 182": 2.851613998413086, "Epoch 5 Step 183": 2.8874597549438477, "Epoch 5 Step 184": 2.859539747238159, "Epoch 5 Step 185": 2.8503870964050293, "Epoch 5 Step 186": 2.8650286197662354, "Epoch 5 Step 187": 2.8685624599456787, "Epoch 5 Step 188": 2.856560230255127, "Epoch 5 Step 189": 2.8465867042541504, "Epoch 5 Step 190": 2.832087278366089, "Epoch 5 Step 191": 2.819782257080078, "Epoch 5 Step 192": 2.8781578540802, "Epoch 5 Step 193": 2.8528335094451904, "Epoch 5 Step 194": 2.883366346359253, "Epoch 5 Step 195": 2.859272003173828, "Epoch 5 Step 196": 2.8689157962799072, "Epoch 5 Step 197": 2.8840391635894775, "Epoch 5 Step 198": 2.8601999282836914, "Epoch 5 Step 199": 2.858412027359009, "Epoch 5 Step 200": 2.868165969848633, "Epoch 5 Step 201": 2.848051071166992, "Epoch 5 Step 202": 2.8566911220550537, "Epoch 5 Step 203": 2.8478341102600098,