{"Epoch 407 Step 0": 2.8882625102996826, "Epoch 407 Step 1": 2.8730266094207764, "Epoch 407 Step 2": 2.871656894683838, "Epoch 407 Step 3": 2.8717923164367676, "Epoch 407 Step 4": 2.8886733055114746, "Epoch 407 Step 5": 2.882354974746704, "Epoch 407 Step 6": 2.8775787353515625, "Epoch 407 Step 7": 2.8902037143707275, "Epoch 407 Step 8": 2.8957364559173584, "Epoch 407 Step 9": 2.8805043697357178, "Epoch 407 Step 10": 2.8760581016540527, "Epoch 407 Step 11": 2.887179136276245, "Epoch 407 Step 12": 2.8912711143493652, "Epoch 407 Step 13": 2.880528211593628, "Epoch 407 Step 14": 2.8818094730377197, "Epoch 407 Step 15": 2.877549648284912, "Epoch 407 Step 16": 2.8873045444488525, "Epoch 407 Step 17": 2.873823642730713, "Epoch 407 Step 18": 2.8849129676818848, "Epoch 407 Step 19": 2.879162549972534, "Epoch 407 Step 20": 2.882775068283081, "Epoch 407 Step 21": 2.884504556655884, "Epoch 407 Step 22": 2.871337413787842, "Epoch 407 Step 23": 2.8845374584198, "Epoch 407 Step 24": 2.887815237045288, "Epoch 407 Step 25": 2.885847806930542, "Epoch 407 Step 26": 2.889333486557007, "Epoch 407 Step 27": 2.8841216564178467, "Epoch 407 Step 28": 2.8721368312835693, "Epoch 407 Step 29": 2.881037950515747, "Epoch 407 Step 30": 2.877558469772339, "Epoch 407 Step 31": 2.8832828998565674, "Epoch 407 Step 32": 2.883227586746216, "Epoch 407 Step 33": 2.8904941082000732, "Epoch 407 Step 34": 2.884827136993408, "Epoch 407 Step 35": 2.884856939315796, "Epoch 407 Step 36": 2.8817005157470703, "Epoch 407 Step 37": 2.876098394393921, "Epoch 407 Step 38": 2.8799946308135986, "Epoch 407 Step 39": 2.8934214115142822, "Epoch 407 Step 40": 2.8879594802856445, "Epoch 407 Step 41": 2.8740460872650146, "Epoch 407 Step 42": 2.890690565109253, "Epoch 407 Step 43": 2.8817484378814697, "Epoch 407 Step 44": 2.8754475116729736, "Epoch 407 Step 45": 2.87233567237854, "Epoch 407 Step 46": 2.8820810317993164, "Epoch 407 Step 47": 2.8875539302825928, "Epoch 407 Step 48": 2.880194664001465, "Epoch 407 Step 49": 2.878605604171753, "Epoch 407 Step 50": 2.8781914710998535, "Epoch 407 Step 51": 2.8767330646514893, "Epoch 407 Step 52": 2.8876571655273438, "Epoch 407 Step 53": 2.8748154640197754, "Epoch 407 Step 54": 2.8913536071777344, "Epoch 407 Step 55": 2.87081241607666, "Epoch 407 Step 56": 2.874528646469116, "Epoch 407 Step 57": 2.8793299198150635, "Epoch 407 Step 58": 2.8676791191101074, "Epoch 407 Step 59": 2.887183427810669, "Epoch 407 Step 60": 2.8817408084869385, "Epoch 407 Step 61": 2.8866331577301025, "Epoch 407 Step 62": 2.893362283706665, "Epoch 407 Step 63": 2.8862857818603516, "Epoch 407 Step 64": 2.8788654804229736, "Epoch 407 Step 65": 2.8844962120056152, "Epoch 407 Step 66": 2.894503116607666, "Epoch 407 Step 67": 2.893460512161255, "Epoch 407 Step 68": 2.893333911895752, "Epoch 407 Step 69": 2.888505697250366, "Epoch 407 Step 70": 2.8856775760650635, "Epoch 407 Step 71": 2.8811440467834473, "Epoch 407 Step 72": 2.902951717376709, "Epoch 407 Step 73": 2.899242877960205, "Epoch 407 Step 74": 2.8977138996124268, "Epoch 407 Step 75": 2.8755781650543213, "Epoch 407 Step 76": 2.8890390396118164, "Epoch 407 Step 77": 2.8922524452209473, "Epoch 407 Step 78": 2.875056028366089, "Epoch 407 Step 79": 2.8863751888275146, "Epoch 407 Step 80": 2.886753797531128, "Epoch 407 Step 81": 2.891118049621582, "Epoch 407 Step 82": 2.8949906826019287, "Epoch 407 Step 83": 2.8810641765594482, "Epoch 407 Step 84": 2.8932273387908936, "Epoch 407 Step 85": 2.8784594535827637, "Epoch 407 Step 86": 2.884378433227539, "Epoch 407 Step 87": 2.8779234886169434, "Epoch 407 Step 88": 2.890791654586792, "Epoch 407 Step 89": 2.877309560775757}