{"Epoch 85 Step 0": 2.891164779663086, "Epoch 85 Step 1": 2.8848607540130615, "Epoch 85 Step 2": 2.876596450805664, "Epoch 85 Step 3": 2.8821823596954346, "Epoch 85 Step 4": 2.8932013511657715, "Epoch 85 Step 5": 2.8935112953186035, "Epoch 85 Step 6": 2.8921234607696533, "Epoch 85 Step 7": 2.886559009552002, "Epoch 85 Step 8": 2.884678602218628, "Epoch 85 Step 9": 2.8823752403259277, "Epoch 85 Step 10": 2.9024429321289062, "Epoch 85 Step 11": 2.896538734436035, "Epoch 85 Step 12": 2.8946337699890137, "Epoch 85 Step 13": 2.874452829360962, "Epoch 85 Step 14": 2.887824773788452, "Epoch 85 Step 15": 2.891658306121826, "Epoch 85 Step 16": 2.873288869857788, "Epoch 85 Step 17": 2.8848519325256348, "Epoch 85 Step 18": 2.8861429691314697, "Epoch 85 Step 19": 2.889425277709961, "Epoch 85 Step 20": 2.8950350284576416, "Epoch 85 Step 21": 2.880863904953003, "Epoch 85 Step 22": 2.891321897506714, "Epoch 85 Step 23": 2.8768258094787598, "Epoch 85 Step 24": 2.8848416805267334, "Epoch 85 Step 25": 2.8759303092956543, "Epoch 85 Step 26": 2.8904826641082764, "Epoch 85 Step 27": 2.875373125076294, "Epoch 85 Step 28": 2.8803350925445557, "Epoch 85 Step 29": 2.886889696121216, "Epoch 85 Step 30": 2.8711671829223633, "Epoch 85 Step 31": 2.8703691959381104, "Epoch 85 Step 32": 2.870436668395996, "Epoch 85 Step 33": 2.8851168155670166, "Epoch 85 Step 34": 2.8796284198760986, "Epoch 85 Step 35": 2.875861883163452, "Epoch 85 Step 36": 2.888684034347534, "Epoch 85 Step 37": 2.8932745456695557, "Epoch 85 Step 38": 2.878101110458374, "Epoch 85 Step 39": 2.8741812705993652, "Epoch 85 Step 40": 2.8850350379943848, "Epoch 85 Step 41": 2.889477252960205, "Epoch 85 Step 42": 2.8802826404571533, "Epoch 85 Step 43": 2.880819320678711, "Epoch 85 Step 44": 2.8758835792541504, "Epoch 85 Step 45": 2.886112928390503, "Epoch 85 Step 46": 2.8712310791015625, "Epoch 85 Step 47": 2.883277416229248, "Epoch 85 Step 48": 2.8767857551574707, "Epoch 85 Step 49": 2.881669044494629, "Epoch 85 Step 50": 2.8823764324188232, "Epoch 85 Step 51": 2.868739366531372, "Epoch 85 Step 52": 2.8826234340667725, "Epoch 85 Step 53": 2.8853776454925537, "Epoch 85 Step 54": 2.8824989795684814, "Epoch 85 Step 55": 2.887352466583252, "Epoch 85 Step 56": 2.881927967071533, "Epoch 85 Step 57": 2.8713550567626953, "Epoch 85 Step 58": 2.878333568572998, "Epoch 85 Step 59": 2.875411033630371, "Epoch 85 Step 60": 2.882744073867798, "Epoch 85 Step 61": 2.8784573078155518, "Epoch 85 Step 62": 2.8880043029785156, "Epoch 85 Step 63": 2.8835065364837646, "Epoch 85 Step 64": 2.882955312728882, "Epoch 85 Step 65": 2.879528045654297, "Epoch 85 Step 66": 2.873976945877075, "Epoch 85 Step 67": 2.8770411014556885, "Epoch 85 Step 68": 2.891357183456421, "Epoch 85 Step 69": 2.8861238956451416, "Epoch 85 Step 70": 2.872213125228882, "Epoch 85 Step 71": 2.8879716396331787, "Epoch 85 Step 72": 2.881391763687134, "Epoch 85 Step 73": 2.873744487762451, "Epoch 85 Step 74": 2.8680617809295654, "Epoch 85 Step 75": 2.88040828704834, "Epoch 85 Step 76": 2.885986804962158, "Epoch 85 Step 77": 2.878905773162842, "Epoch 85 Step 78": 2.877422332763672, "Epoch 85 Step 79": 2.8771395683288574, "Epoch 85 Step 80": 2.8748505115509033, "Epoch 85 Step 81": 2.8849432468414307, "Epoch 85 Step 82": 2.8703813552856445, "Epoch 85 Step 83": 2.8888115882873535, "Epoch 85 Step 84": 2.86997389793396, "Epoch 85 Step 85": 2.8721024990081787, "Epoch 85 Step 86": 2.8777339458465576, "Epoch 85 Step 87": 2.86596417427063, "Epoch 85 Step 88": 2.8841142654418945, "Epoch 85 Step 89": 2.879903793334961}