{"Epoch 204 Step 0": 2.884906768798828, "Epoch 204 Step 1": 2.8854987621307373, "Epoch 204 Step 2": 2.8813841342926025, "Epoch 204 Step 3": 2.87538480758667, "Epoch 204 Step 4": 2.879788637161255, "Epoch 204 Step 5": 2.8924989700317383, "Epoch 204 Step 6": 2.887427806854248, "Epoch 204 Step 7": 2.8733437061309814, "Epoch 204 Step 8": 2.88919997215271, "Epoch 204 Step 9": 2.8821349143981934, "Epoch 204 Step 10": 2.874488592147827, "Epoch 204 Step 11": 2.8716928958892822, "Epoch 204 Step 12": 2.8814094066619873, "Epoch 204 Step 13": 2.88763165473938, "Epoch 204 Step 14": 2.87959623336792, "Epoch 204 Step 15": 2.8780019283294678, "Epoch 204 Step 16": 2.878309965133667, "Epoch 204 Step 17": 2.876349687576294, "Epoch 204 Step 18": 2.8868885040283203, "Epoch 204 Step 19": 2.8740103244781494, "Epoch 204 Step 20": 2.8909356594085693, "Epoch 204 Step 21": 2.8711211681365967, "Epoch 204 Step 22": 2.8736722469329834, "Epoch 204 Step 23": 2.879585027694702, "Epoch 204 Step 24": 2.8674442768096924, "Epoch 204 Step 25": 2.8865840435028076, "Epoch 204 Step 26": 2.881436824798584, "Epoch 204 Step 27": 2.885702133178711, "Epoch 204 Step 28": 2.8933379650115967, "Epoch 204 Step 29": 2.8861773014068604, "Epoch 204 Step 30": 2.877135753631592, "Epoch 204 Step 31": 2.883695602416992, "Epoch 204 Step 32": 2.8948309421539307, "Epoch 204 Step 33": 2.894991636276245, "Epoch 204 Step 34": 2.8932790756225586, "Epoch 204 Step 35": 2.887012481689453, "Epoch 204 Step 36": 2.885847568511963, "Epoch 204 Step 37": 2.8810930252075195, "Epoch 204 Step 38": 2.905129909515381, "Epoch 204 Step 39": 2.9010367393493652, "Epoch 204 Step 40": 2.897782802581787, "Epoch 204 Step 41": 2.8768062591552734, "Epoch 204 Step 42": 2.890033483505249, "Epoch 204 Step 43": 2.8929800987243652, "Epoch 204 Step 44": 2.8749351501464844, "Epoch 204 Step 45": 2.8862204551696777, "Epoch 204 Step 46": 2.887239456176758, "Epoch 204 Step 47": 2.892117500305176, "Epoch 204 Step 48": 2.8956594467163086, "Epoch 204 Step 49": 2.881502866744995, "Epoch 204 Step 50": 2.8929834365844727, "Epoch 204 Step 51": 2.878326416015625, "Epoch 204 Step 52": 2.884922504425049, "Epoch 204 Step 53": 2.876399278640747, "Epoch 204 Step 54": 2.8916947841644287, "Epoch 204 Step 55": 2.8781511783599854, "Epoch 204 Step 56": 2.882547616958618, "Epoch 204 Step 57": 2.8883345127105713, "Epoch 204 Step 58": 2.873281955718994, "Epoch 204 Step 59": 2.871894359588623, "Epoch 204 Step 60": 2.8724396228790283, "Epoch 204 Step 61": 2.8877317905426025, "Epoch 204 Step 62": 2.8816158771514893, "Epoch 204 Step 63": 2.8777458667755127, "Epoch 204 Step 64": 2.8900434970855713, "Epoch 204 Step 65": 2.894256114959717, "Epoch 204 Step 66": 2.87977933883667, "Epoch 204 Step 67": 2.8767409324645996, "Epoch 204 Step 68": 2.886967420578003, "Epoch 204 Step 69": 2.8908889293670654, "Epoch 204 Step 70": 2.8804922103881836, "Epoch 204 Step 71": 2.8810596466064453, "Epoch 204 Step 72": 2.8764262199401855, "Epoch 204 Step 73": 2.88753342628479, "Epoch 204 Step 74": 2.873326539993286, "Epoch 204 Step 75": 2.8846001625061035, "Epoch 204 Step 76": 2.878718137741089, "Epoch 204 Step 77": 2.8822062015533447, "Epoch 204 Step 78": 2.883589506149292, "Epoch 204 Step 79": 2.8707640171051025, "Epoch 204 Step 80": 2.884446382522583, "Epoch 204 Step 81": 2.8871512413024902, "Epoch 204 Step 82": 2.8847389221191406, "Epoch 204 Step 83": 2.8879098892211914, "Epoch 204 Step 84": 2.8837850093841553, "Epoch 204 Step 85": 2.871833562850952, "Epoch 204 Step 86": 2.879035472869873, "Epoch 204 Step 87": 2.8762259483337402, "Epoch 204 Step 88": 2.8824195861816406, "Epoch 204 Step 89": 2.881779432296753}