{"Epoch 109 Step 0": 2.876554489135742, "Epoch 109 Step 1": 2.891324758529663, "Epoch 109 Step 2": 2.886838674545288, "Epoch 109 Step 3": 2.8715333938598633, "Epoch 109 Step 4": 2.8882455825805664, "Epoch 109 Step 5": 2.880596399307251, "Epoch 109 Step 6": 2.873509168624878, "Epoch 109 Step 7": 2.8683102130889893, "Epoch 109 Step 8": 2.8809826374053955, "Epoch 109 Step 9": 2.8854763507843018, "Epoch 109 Step 10": 2.8782057762145996, "Epoch 109 Step 11": 2.8772456645965576, "Epoch 109 Step 12": 2.878349542617798, "Epoch 109 Step 13": 2.875645875930786, "Epoch 109 Step 14": 2.884929895401001, "Epoch 109 Step 15": 2.8715155124664307, "Epoch 109 Step 16": 2.8893990516662598, "Epoch 109 Step 17": 2.8700687885284424, "Epoch 109 Step 18": 2.872279167175293, "Epoch 109 Step 19": 2.8778879642486572, "Epoch 109 Step 20": 2.866093635559082, "Epoch 109 Step 21": 2.8843774795532227, "Epoch 109 Step 22": 2.8795688152313232, "Epoch 109 Step 23": 2.8834362030029297, "Epoch 109 Step 24": 2.8906679153442383, "Epoch 109 Step 25": 2.884676933288574, "Epoch 109 Step 26": 2.8769912719726562, "Epoch 109 Step 27": 2.881936550140381, "Epoch 109 Step 28": 2.8939287662506104, "Epoch 109 Step 29": 2.892942190170288, "Epoch 109 Step 30": 2.8911595344543457, "Epoch 109 Step 31": 2.8856518268585205, "Epoch 109 Step 32": 2.885333776473999, "Epoch 109 Step 33": 2.88200306892395, "Epoch 109 Step 34": 2.9019341468811035, "Epoch 109 Step 35": 2.899531841278076, "Epoch 109 Step 36": 2.8947722911834717, "Epoch 109 Step 37": 2.8751020431518555, "Epoch 109 Step 38": 2.8887572288513184, "Epoch 109 Step 39": 2.8917219638824463, "Epoch 109 Step 40": 2.872037410736084, "Epoch 109 Step 41": 2.885349988937378, "Epoch 109 Step 42": 2.8868346214294434, "Epoch 109 Step 43": 2.8909895420074463, "Epoch 109 Step 44": 2.8949203491210938, "Epoch 109 Step 45": 2.880242347717285, "Epoch 109 Step 46": 2.8902804851531982, "Epoch 109 Step 47": 2.8779375553131104, "Epoch 109 Step 48": 2.885467052459717, "Epoch 109 Step 49": 2.8766934871673584, "Epoch 109 Step 50": 2.890336751937866, "Epoch 109 Step 51": 2.8751401901245117, "Epoch 109 Step 52": 2.8817384243011475, "Epoch 109 Step 53": 2.887876033782959, "Epoch 109 Step 54": 2.8722801208496094, "Epoch 109 Step 55": 2.8698322772979736, "Epoch 109 Step 56": 2.8705241680145264, "Epoch 109 Step 57": 2.885867118835449, "Epoch 109 Step 58": 2.8807666301727295, "Epoch 109 Step 59": 2.87593150138855, "Epoch 109 Step 60": 2.8876519203186035, "Epoch 109 Step 61": 2.8931198120117188, "Epoch 109 Step 62": 2.8778443336486816, "Epoch 109 Step 63": 2.8740954399108887, "Epoch 109 Step 64": 2.885674238204956, "Epoch 109 Step 65": 2.8901796340942383, "Epoch 109 Step 66": 2.8789026737213135, "Epoch 109 Step 67": 2.8800230026245117, "Epoch 109 Step 68": 2.8757245540618896, "Epoch 109 Step 69": 2.885993719100952, "Epoch 109 Step 70": 2.8717410564422607, "Epoch 109 Step 71": 2.8829851150512695, "Epoch 109 Step 72": 2.876701593399048, "Epoch 109 Step 73": 2.8813109397888184, "Epoch 109 Step 74": 2.8826334476470947, "Epoch 109 Step 75": 2.8688271045684814, "Epoch 109 Step 76": 2.8827857971191406, "Epoch 109 Step 77": 2.885657787322998, "Epoch 109 Step 78": 2.881875991821289, "Epoch 109 Step 79": 2.8873507976531982, "Epoch 109 Step 80": 2.8818705081939697, "Epoch 109 Step 81": 2.8700368404388428, "Epoch 109 Step 82": 2.878596305847168, "Epoch 109 Step 83": 2.8746821880340576, "Epoch 109 Step 84": 2.8815433979034424, "Epoch 109 Step 85": 2.8802454471588135, "Epoch 109 Step 86": 2.887904167175293, "Epoch 109 Step 87": 2.8842804431915283, "Epoch 109 Step 88": 2.88364315032959, "Epoch 109 Step 89": 2.879986047744751}