{"Epoch 433 Step 0": 2.8847806453704834, "Epoch 433 Step 1": 2.895085334777832, "Epoch 433 Step 2": 2.8942530155181885, "Epoch 433 Step 3": 2.8931081295013428, "Epoch 433 Step 4": 2.888030529022217, "Epoch 433 Step 5": 2.886282205581665, "Epoch 433 Step 6": 2.8833606243133545, "Epoch 433 Step 7": 2.9040627479553223, "Epoch 433 Step 8": 2.8996872901916504, "Epoch 433 Step 9": 2.8972935676574707, "Epoch 433 Step 10": 2.875454902648926, "Epoch 433 Step 11": 2.8893823623657227, "Epoch 433 Step 12": 2.8932931423187256, "Epoch 433 Step 13": 2.875443696975708, "Epoch 433 Step 14": 2.886413335800171, "Epoch 433 Step 15": 2.8865787982940674, "Epoch 433 Step 16": 2.8915228843688965, "Epoch 433 Step 17": 2.8954999446868896, "Epoch 433 Step 18": 2.8813352584838867, "Epoch 433 Step 19": 2.893326997756958, "Epoch 433 Step 20": 2.878481864929199, "Epoch 433 Step 21": 2.8849103450775146, "Epoch 433 Step 22": 2.878237724304199, "Epoch 433 Step 23": 2.891366958618164, "Epoch 433 Step 24": 2.877744674682617, "Epoch 433 Step 25": 2.8829925060272217, "Epoch 433 Step 26": 2.8889224529266357, "Epoch 433 Step 27": 2.873692035675049, "Epoch 433 Step 28": 2.871635913848877, "Epoch 433 Step 29": 2.87185001373291, "Epoch 433 Step 30": 2.8884081840515137, "Epoch 433 Step 31": 2.8822062015533447, "Epoch 433 Step 32": 2.8776614665985107, "Epoch 433 Step 33": 2.8897528648376465, "Epoch 433 Step 34": 2.894613265991211, "Epoch 433 Step 35": 2.880140542984009, "Epoch 433 Step 36": 2.875685691833496, "Epoch 433 Step 37": 2.8876867294311523, "Epoch 433 Step 38": 2.891353130340576, "Epoch 433 Step 39": 2.881089687347412, "Epoch 433 Step 40": 2.882638692855835, "Epoch 433 Step 41": 2.8778562545776367, "Epoch 433 Step 42": 2.8873844146728516, "Epoch 433 Step 43": 2.873847484588623, "Epoch 433 Step 44": 2.885277271270752, "Epoch 433 Step 45": 2.8791794776916504, "Epoch 433 Step 46": 2.882718086242676, "Epoch 433 Step 47": 2.8845009803771973, "Epoch 433 Step 48": 2.871250629425049, "Epoch 433 Step 49": 2.8849828243255615, "Epoch 433 Step 50": 2.887720823287964, "Epoch 433 Step 51": 2.885441780090332, "Epoch 433 Step 52": 2.8895363807678223, "Epoch 433 Step 53": 2.88445782661438, "Epoch 433 Step 54": 2.872546672821045, "Epoch 433 Step 55": 2.880749225616455, "Epoch 433 Step 56": 2.8771255016326904, "Epoch 433 Step 57": 2.8822293281555176, "Epoch 433 Step 58": 2.883316993713379, "Epoch 433 Step 59": 2.8906352519989014, "Epoch 433 Step 60": 2.884840250015259, "Epoch 433 Step 61": 2.885291814804077, "Epoch 433 Step 62": 2.881535768508911, "Epoch 433 Step 63": 2.87544584274292, "Epoch 433 Step 64": 2.879251480102539, "Epoch 433 Step 65": 2.894117593765259, "Epoch 433 Step 66": 2.8879926204681396, "Epoch 433 Step 67": 2.8740394115448, "Epoch 433 Step 68": 2.8905699253082275, "Epoch 433 Step 69": 2.881784439086914, "Epoch 433 Step 70": 2.8755605220794678, "Epoch 433 Step 71": 2.8716344833374023, "Epoch 433 Step 72": 2.8829779624938965, "Epoch 433 Step 73": 2.888376474380493, "Epoch 433 Step 74": 2.8805761337280273, "Epoch 433 Step 75": 2.8791825771331787, "Epoch 433 Step 76": 2.8789713382720947, "Epoch 433 Step 77": 2.876210927963257, "Epoch 433 Step 78": 2.8881473541259766, "Epoch 433 Step 79": 2.873666524887085, "Epoch 433 Step 80": 2.8910651206970215, "Epoch 433 Step 81": 2.8714611530303955, "Epoch 433 Step 82": 2.8741743564605713, "Epoch 433 Step 83": 2.8797407150268555, "Epoch 433 Step 84": 2.8679006099700928, "Epoch 433 Step 85": 2.8871896266937256, "Epoch 433 Step 86": 2.881659984588623, "Epoch 433 Step 87": 2.8867411613464355, "Epoch 433 Step 88": 2.8928635120391846, "Epoch 433 Step 89": 2.8861119747161865}