{"Epoch 870 Step 0": 2.8809120655059814, "Epoch 870 Step 1": 2.8923349380493164, "Epoch 870 Step 2": 2.8780415058135986, "Epoch 870 Step 3": 2.8848702907562256, "Epoch 870 Step 4": 2.878399610519409, "Epoch 870 Step 5": 2.890350341796875, "Epoch 870 Step 6": 2.8780741691589355, "Epoch 870 Step 7": 2.8830466270446777, "Epoch 870 Step 8": 2.888300895690918, "Epoch 870 Step 9": 2.873521089553833, "Epoch 870 Step 10": 2.873002529144287, "Epoch 870 Step 11": 2.8724327087402344, "Epoch 870 Step 12": 2.8890297412872314, "Epoch 870 Step 13": 2.8826277256011963, "Epoch 870 Step 14": 2.877200126647949, "Epoch 870 Step 15": 2.8897650241851807, "Epoch 870 Step 16": 2.8951053619384766, "Epoch 870 Step 17": 2.88047194480896, "Epoch 870 Step 18": 2.8759186267852783, "Epoch 870 Step 19": 2.8873112201690674, "Epoch 870 Step 20": 2.8918402194976807, "Epoch 870 Step 21": 2.8807528018951416, "Epoch 870 Step 22": 2.8827247619628906, "Epoch 870 Step 23": 2.8784279823303223, "Epoch 870 Step 24": 2.887518882751465, "Epoch 870 Step 25": 2.873983383178711, "Epoch 870 Step 26": 2.8851375579833984, "Epoch 870 Step 27": 2.8792543411254883, "Epoch 870 Step 28": 2.882721185684204, "Epoch 870 Step 29": 2.885075092315674, "Epoch 870 Step 30": 2.870943307876587, "Epoch 870 Step 31": 2.8852434158325195, "Epoch 870 Step 32": 2.8878376483917236, "Epoch 870 Step 33": 2.885789632797241, "Epoch 870 Step 34": 2.889676570892334, "Epoch 870 Step 35": 2.8848698139190674, "Epoch 870 Step 36": 2.8722755908966064, "Epoch 870 Step 37": 2.881601095199585, "Epoch 870 Step 38": 2.877063035964966, "Epoch 870 Step 39": 2.8822476863861084, "Epoch 870 Step 40": 2.884305000305176, "Epoch 870 Step 41": 2.890868902206421, "Epoch 870 Step 42": 2.885132074356079, "Epoch 870 Step 43": 2.8848085403442383, "Epoch 870 Step 44": 2.8808789253234863, "Epoch 870 Step 45": 2.875718593597412, "Epoch 870 Step 46": 2.8792061805725098, "Epoch 870 Step 47": 2.89396595954895, "Epoch 870 Step 48": 2.888252019882202, "Epoch 870 Step 49": 2.874412775039673, "Epoch 870 Step 50": 2.890613555908203, "Epoch 870 Step 51": 2.8820877075195312, "Epoch 870 Step 52": 2.876298189163208, "Epoch 870 Step 53": 2.8730220794677734, "Epoch 870 Step 54": 2.8814122676849365, "Epoch 870 Step 55": 2.887354850769043, "Epoch 870 Step 56": 2.8806521892547607, "Epoch 870 Step 57": 2.878472089767456, "Epoch 870 Step 58": 2.8784873485565186, "Epoch 870 Step 59": 2.876437187194824, "Epoch 870 Step 60": 2.8885200023651123, "Epoch 870 Step 61": 2.874296188354492, "Epoch 870 Step 62": 2.891411781311035, "Epoch 870 Step 63": 2.871257781982422, "Epoch 870 Step 64": 2.8744242191314697, "Epoch 870 Step 65": 2.879241704940796, "Epoch 870 Step 66": 2.8677687644958496, "Epoch 870 Step 67": 2.8872897624969482, "Epoch 870 Step 68": 2.8815865516662598, "Epoch 870 Step 69": 2.8872971534729004, "Epoch 870 Step 70": 2.893188714981079, "Epoch 870 Step 71": 2.8861775398254395, "Epoch 870 Step 72": 2.8782124519348145, "Epoch 870 Step 73": 2.8848624229431152, "Epoch 870 Step 74": 2.895332098007202, "Epoch 870 Step 75": 2.893671989440918, "Epoch 870 Step 76": 2.8926100730895996, "Epoch 870 Step 77": 2.887803077697754, "Epoch 870 Step 78": 2.887444496154785, "Epoch 870 Step 79": 2.8833489418029785, "Epoch 870 Step 80": 2.903470516204834, "Epoch 870 Step 81": 2.8995800018310547, "Epoch 870 Step 82": 2.899235248565674, "Epoch 870 Step 83": 2.875584125518799, "Epoch 870 Step 84": 2.8879969120025635, "Epoch 870 Step 85": 2.8917195796966553, "Epoch 870 Step 86": 2.8746628761291504, "Epoch 870 Step 87": 2.886202812194824, "Epoch 870 Step 88": 2.886422634124756, "Epoch 870 Step 89": 2.8911099433898926}