{"Epoch 17 Step 0": 2.8781206607818604, "Epoch 17 Step 1": 2.8780698776245117, "Epoch 17 Step 2": 2.874694585800171, "Epoch 17 Step 3": 2.886133909225464, "Epoch 17 Step 4": 2.873281955718994, "Epoch 17 Step 5": 2.889676809310913, "Epoch 17 Step 6": 2.8718814849853516, "Epoch 17 Step 7": 2.8729355335235596, "Epoch 17 Step 8": 2.8781352043151855, "Epoch 17 Step 9": 2.866365909576416, "Epoch 17 Step 10": 2.885908603668213, "Epoch 17 Step 11": 2.8810558319091797, "Epoch 17 Step 12": 2.8851606845855713, "Epoch 17 Step 13": 2.891946315765381, "Epoch 17 Step 14": 2.884244441986084, "Epoch 17 Step 15": 2.878788471221924, "Epoch 17 Step 16": 2.8845157623291016, "Epoch 17 Step 17": 2.8935625553131104, "Epoch 17 Step 18": 2.8935370445251465, "Epoch 17 Step 19": 2.892960786819458, "Epoch 17 Step 20": 2.887613534927368, "Epoch 17 Step 21": 2.8855183124542236, "Epoch 17 Step 22": 2.879379987716675, "Epoch 17 Step 23": 2.904461145401001, "Epoch 17 Step 24": 2.89591383934021, "Epoch 17 Step 25": 2.895545721054077, "Epoch 17 Step 26": 2.876901388168335, "Epoch 17 Step 27": 2.888580322265625, "Epoch 17 Step 28": 2.891688823699951, "Epoch 17 Step 29": 2.875378370285034, "Epoch 17 Step 30": 2.885951280593872, "Epoch 17 Step 31": 2.8869361877441406, "Epoch 17 Step 32": 2.89044189453125, "Epoch 17 Step 33": 2.8952293395996094, "Epoch 17 Step 34": 2.8797760009765625, "Epoch 17 Step 35": 2.892435073852539, "Epoch 17 Step 36": 2.876727819442749, "Epoch 17 Step 37": 2.8842437267303467, "Epoch 17 Step 38": 2.8776495456695557, "Epoch 17 Step 39": 2.8884401321411133, "Epoch 17 Step 40": 2.876732110977173, "Epoch 17 Step 41": 2.8813388347625732, "Epoch 17 Step 42": 2.888495683670044, "Epoch 17 Step 43": 2.872825860977173, "Epoch 17 Step 44": 2.8720786571502686, "Epoch 17 Step 45": 2.8718535900115967, "Epoch 17 Step 46": 2.887908935546875, "Epoch 17 Step 47": 2.881373882293701, "Epoch 17 Step 48": 2.8759055137634277, "Epoch 17 Step 49": 2.8889403343200684, "Epoch 17 Step 50": 2.893934965133667, "Epoch 17 Step 51": 2.8792924880981445, "Epoch 17 Step 52": 2.8765292167663574, "Epoch 17 Step 53": 2.886765241622925, "Epoch 17 Step 54": 2.891118288040161, "Epoch 17 Step 55": 2.8807990550994873, "Epoch 17 Step 56": 2.8813729286193848, "Epoch 17 Step 57": 2.8754947185516357, "Epoch 17 Step 58": 2.887632369995117, "Epoch 17 Step 59": 2.872141122817993, "Epoch 17 Step 60": 2.8841347694396973, "Epoch 17 Step 61": 2.8772876262664795, "Epoch 17 Step 62": 2.882599115371704, "Epoch 17 Step 63": 2.8839528560638428, "Epoch 17 Step 64": 2.870441198348999, "Epoch 17 Step 65": 2.8843750953674316, "Epoch 17 Step 66": 2.8859550952911377, "Epoch 17 Step 67": 2.883934259414673, "Epoch 17 Step 68": 2.888526678085327, "Epoch 17 Step 69": 2.8822689056396484, "Epoch 17 Step 70": 2.8723058700561523, "Epoch 17 Step 71": 2.878838300704956, "Epoch 17 Step 72": 2.875521183013916, "Epoch 17 Step 73": 2.881254196166992, "Epoch 17 Step 74": 2.88067364692688, "Epoch 17 Step 75": 2.8903064727783203, "Epoch 17 Step 76": 2.8847804069519043, "Epoch 17 Step 77": 2.884533405303955, "Epoch 17 Step 78": 2.8810946941375732, "Epoch 17 Step 79": 2.8733792304992676, "Epoch 17 Step 80": 2.877178907394409, "Epoch 17 Step 81": 2.8920719623565674, "Epoch 17 Step 82": 2.887277603149414, "Epoch 17 Step 83": 2.872316598892212, "Epoch 17 Step 84": 2.8892102241516113, "Epoch 17 Step 85": 2.880424976348877, "Epoch 17 Step 86": 2.875469446182251, "Epoch 17 Step 87": 2.8708274364471436, "Epoch 17 Step 88": 2.8807318210601807, "Epoch 17 Step 89": 2.8852379322052}