{"Epoch 350 Step 0": 2.879948616027832, "Epoch 350 Step 1": 2.868029832839966, "Epoch 350 Step 2": 2.8870761394500732, "Epoch 350 Step 3": 2.881458044052124, "Epoch 350 Step 4": 2.8870410919189453, "Epoch 350 Step 5": 2.8928122520446777, "Epoch 350 Step 6": 2.8860487937927246, "Epoch 350 Step 7": 2.878131866455078, "Epoch 350 Step 8": 2.884763479232788, "Epoch 350 Step 9": 2.8955795764923096, "Epoch 350 Step 10": 2.8946990966796875, "Epoch 350 Step 11": 2.8936712741851807, "Epoch 350 Step 12": 2.888140916824341, "Epoch 350 Step 13": 2.885885238647461, "Epoch 350 Step 14": 2.8817059993743896, "Epoch 350 Step 15": 2.9048290252685547, "Epoch 350 Step 16": 2.89945912361145, "Epoch 350 Step 17": 2.8991758823394775, "Epoch 350 Step 18": 2.8757221698760986, "Epoch 350 Step 19": 2.888777017593384, "Epoch 350 Step 20": 2.8929803371429443, "Epoch 350 Step 21": 2.875645637512207, "Epoch 350 Step 22": 2.886657476425171, "Epoch 350 Step 23": 2.8866875171661377, "Epoch 350 Step 24": 2.891174793243408, "Epoch 350 Step 25": 2.895061731338501, "Epoch 350 Step 26": 2.881254196166992, "Epoch 350 Step 27": 2.892636299133301, "Epoch 350 Step 28": 2.878659963607788, "Epoch 350 Step 29": 2.8850033283233643, "Epoch 350 Step 30": 2.8779044151306152, "Epoch 350 Step 31": 2.891321897506714, "Epoch 350 Step 32": 2.8776707649230957, "Epoch 350 Step 33": 2.882894515991211, "Epoch 350 Step 34": 2.888735771179199, "Epoch 350 Step 35": 2.873383045196533, "Epoch 350 Step 36": 2.871143102645874, "Epoch 350 Step 37": 2.8720550537109375, "Epoch 350 Step 38": 2.888697624206543, "Epoch 350 Step 39": 2.882150888442993, "Epoch 350 Step 40": 2.878120183944702, "Epoch 350 Step 41": 2.8898532390594482, "Epoch 350 Step 42": 2.8947880268096924, "Epoch 350 Step 43": 2.88067364692688, "Epoch 350 Step 44": 2.8765869140625, "Epoch 350 Step 45": 2.887094259262085, "Epoch 350 Step 46": 2.8915035724639893, "Epoch 350 Step 47": 2.880765438079834, "Epoch 350 Step 48": 2.8820600509643555, "Epoch 350 Step 49": 2.877845287322998, "Epoch 350 Step 50": 2.8874454498291016, "Epoch 350 Step 51": 2.8739473819732666, "Epoch 350 Step 52": 2.885305881500244, "Epoch 350 Step 53": 2.8798089027404785, "Epoch 350 Step 54": 2.88339900970459, "Epoch 350 Step 55": 2.885319471359253, "Epoch 350 Step 56": 2.8709487915039062, "Epoch 350 Step 57": 2.884953260421753, "Epoch 350 Step 58": 2.88806414604187, "Epoch 350 Step 59": 2.8856558799743652, "Epoch 350 Step 60": 2.8888633251190186, "Epoch 350 Step 61": 2.884460926055908, "Epoch 350 Step 62": 2.872514247894287, "Epoch 350 Step 63": 2.8812055587768555, "Epoch 350 Step 64": 2.8776159286499023, "Epoch 350 Step 65": 2.8827929496765137, "Epoch 350 Step 66": 2.883208990097046, "Epoch 350 Step 67": 2.8908908367156982, "Epoch 350 Step 68": 2.884714126586914, "Epoch 350 Step 69": 2.8848841190338135, "Epoch 350 Step 70": 2.8812057971954346, "Epoch 350 Step 71": 2.8751003742218018, "Epoch 350 Step 72": 2.8795480728149414, "Epoch 350 Step 73": 2.893819570541382, "Epoch 350 Step 74": 2.888068437576294, "Epoch 350 Step 75": 2.874127149581909, "Epoch 350 Step 76": 2.8903627395629883, "Epoch 350 Step 77": 2.882011890411377, "Epoch 350 Step 78": 2.8754708766937256, "Epoch 350 Step 79": 2.8723390102386475, "Epoch 350 Step 80": 2.8825175762176514, "Epoch 350 Step 81": 2.8877761363983154, "Epoch 350 Step 82": 2.880502462387085, "Epoch 350 Step 83": 2.8789870738983154, "Epoch 350 Step 84": 2.8780462741851807, "Epoch 350 Step 85": 2.8761823177337646, "Epoch 350 Step 86": 2.8874752521514893, "Epoch 350 Step 87": 2.8740453720092773, "Epoch 350 Step 88": 2.891535758972168, "Epoch 350 Step 89": 2.8713855743408203}