{"Epoch 614 Step 0": 2.8956873416900635, "Epoch 614 Step 1": 2.8946373462677, "Epoch 614 Step 2": 2.8927464485168457, "Epoch 614 Step 3": 2.888021469116211, "Epoch 614 Step 4": 2.887270450592041, "Epoch 614 Step 5": 2.883763074874878, "Epoch 614 Step 6": 2.904500722885132, "Epoch 614 Step 7": 2.9027605056762695, "Epoch 614 Step 8": 2.8986153602600098, "Epoch 614 Step 9": 2.8758695125579834, "Epoch 614 Step 10": 2.8886547088623047, "Epoch 614 Step 11": 2.892836093902588, "Epoch 614 Step 12": 2.875225782394409, "Epoch 614 Step 13": 2.8864312171936035, "Epoch 614 Step 14": 2.8865749835968018, "Epoch 614 Step 15": 2.8910226821899414, "Epoch 614 Step 16": 2.895446538925171, "Epoch 614 Step 17": 2.8814918994903564, "Epoch 614 Step 18": 2.8933138847351074, "Epoch 614 Step 19": 2.8784830570220947, "Epoch 614 Step 20": 2.885100841522217, "Epoch 614 Step 21": 2.877725601196289, "Epoch 614 Step 22": 2.8915741443634033, "Epoch 614 Step 23": 2.877520799636841, "Epoch 614 Step 24": 2.8832499980926514, "Epoch 614 Step 25": 2.8886420726776123, "Epoch 614 Step 26": 2.8736324310302734, "Epoch 614 Step 27": 2.872201919555664, "Epoch 614 Step 28": 2.872220993041992, "Epoch 614 Step 29": 2.888105869293213, "Epoch 614 Step 30": 2.882031202316284, "Epoch 614 Step 31": 2.877296209335327, "Epoch 614 Step 32": 2.889984607696533, "Epoch 614 Step 33": 2.8950858116149902, "Epoch 614 Step 34": 2.8802664279937744, "Epoch 614 Step 35": 2.87576961517334, "Epoch 614 Step 36": 2.887647867202759, "Epoch 614 Step 37": 2.8918426036834717, "Epoch 614 Step 38": 2.8805902004241943, "Epoch 614 Step 39": 2.881737232208252, "Epoch 614 Step 40": 2.877915620803833, "Epoch 614 Step 41": 2.8876020908355713, "Epoch 614 Step 42": 2.8738601207733154, "Epoch 614 Step 43": 2.8851141929626465, "Epoch 614 Step 44": 2.879248857498169, "Epoch 614 Step 45": 2.8823976516723633, "Epoch 614 Step 46": 2.884685516357422, "Epoch 614 Step 47": 2.8712353706359863, "Epoch 614 Step 48": 2.885633945465088, "Epoch 614 Step 49": 2.887515068054199, "Epoch 614 Step 50": 2.885957717895508, "Epoch 614 Step 51": 2.8898401260375977, "Epoch 614 Step 52": 2.884310722351074, "Epoch 614 Step 53": 2.872148275375366, "Epoch 614 Step 54": 2.8807218074798584, "Epoch 614 Step 55": 2.8770666122436523, "Epoch 614 Step 56": 2.8823938369750977, "Epoch 614 Step 57": 2.882924795150757, "Epoch 614 Step 58": 2.890827178955078, "Epoch 614 Step 59": 2.8846304416656494, "Epoch 614 Step 60": 2.8848438262939453, "Epoch 614 Step 61": 2.881563186645508, "Epoch 614 Step 62": 2.8759140968322754, "Epoch 614 Step 63": 2.879350423812866, "Epoch 614 Step 64": 2.893688917160034, "Epoch 614 Step 65": 2.8878016471862793, "Epoch 614 Step 66": 2.873777151107788, "Epoch 614 Step 67": 2.890308380126953, "Epoch 614 Step 68": 2.882337808609009, "Epoch 614 Step 69": 2.8755340576171875, "Epoch 614 Step 70": 2.872772455215454, "Epoch 614 Step 71": 2.88248872756958, "Epoch 614 Step 72": 2.8875458240509033, "Epoch 614 Step 73": 2.8799164295196533, "Epoch 614 Step 74": 2.878331422805786, "Epoch 614 Step 75": 2.877824306488037, "Epoch 614 Step 76": 2.876126289367676, "Epoch 614 Step 77": 2.8875999450683594, "Epoch 614 Step 78": 2.8746654987335205, "Epoch 614 Step 79": 2.8913402557373047, "Epoch 614 Step 80": 2.87119197845459, "Epoch 614 Step 81": 2.8743748664855957, "Epoch 614 Step 82": 2.8796439170837402, "Epoch 614 Step 83": 2.8682773113250732, "Epoch 614 Step 84": 2.8865439891815186, "Epoch 614 Step 85": 2.881418228149414, "Epoch 614 Step 86": 2.8867850303649902, "Epoch 614 Step 87": 2.8934812545776367, "Epoch 614 Step 88": 2.8860440254211426, "Epoch 614 Step 89": 2.878523826599121}