{"Epoch 756 Step 0": 2.878706455230713, "Epoch 756 Step 1": 2.887680768966675, "Epoch 756 Step 2": 2.875032424926758, "Epoch 756 Step 3": 2.885530948638916, "Epoch 756 Step 4": 2.8795130252838135, "Epoch 756 Step 5": 2.88250470161438, "Epoch 756 Step 6": 2.884664535522461, "Epoch 756 Step 7": 2.8712918758392334, "Epoch 756 Step 8": 2.885532855987549, "Epoch 756 Step 9": 2.887589454650879, "Epoch 756 Step 10": 2.885978937149048, "Epoch 756 Step 11": 2.8895857334136963, "Epoch 756 Step 12": 2.8844025135040283, "Epoch 756 Step 13": 2.872189998626709, "Epoch 756 Step 14": 2.881011486053467, "Epoch 756 Step 15": 2.876776695251465, "Epoch 756 Step 16": 2.8823065757751465, "Epoch 756 Step 17": 2.883441686630249, "Epoch 756 Step 18": 2.8907532691955566, "Epoch 756 Step 19": 2.884516716003418, "Epoch 756 Step 20": 2.8851428031921387, "Epoch 756 Step 21": 2.8813371658325195, "Epoch 756 Step 22": 2.8755226135253906, "Epoch 756 Step 23": 2.879801034927368, "Epoch 756 Step 24": 2.894129991531372, "Epoch 756 Step 25": 2.8881454467773438, "Epoch 756 Step 26": 2.873654842376709, "Epoch 756 Step 27": 2.8904037475585938, "Epoch 756 Step 28": 2.8824024200439453, "Epoch 756 Step 29": 2.8756513595581055, "Epoch 756 Step 30": 2.8723576068878174, "Epoch 756 Step 31": 2.882420539855957, "Epoch 756 Step 32": 2.8873584270477295, "Epoch 756 Step 33": 2.880373239517212, "Epoch 756 Step 34": 2.8790488243103027, "Epoch 756 Step 35": 2.8781847953796387, "Epoch 756 Step 36": 2.875971794128418, "Epoch 756 Step 37": 2.888035297393799, "Epoch 756 Step 38": 2.8742213249206543, "Epoch 756 Step 39": 2.891087770462036, "Epoch 756 Step 40": 2.8716187477111816, "Epoch 756 Step 41": 2.8746113777160645, "Epoch 756 Step 42": 2.8791234493255615, "Epoch 756 Step 43": 2.867851972579956, "Epoch 756 Step 44": 2.8866467475891113, "Epoch 756 Step 45": 2.8816652297973633, "Epoch 756 Step 46": 2.8871421813964844, "Epoch 756 Step 47": 2.8932723999023438, "Epoch 756 Step 48": 2.8863072395324707, "Epoch 756 Step 49": 2.878833293914795, "Epoch 756 Step 50": 2.8851544857025146, "Epoch 756 Step 51": 2.8955061435699463, "Epoch 756 Step 52": 2.8936333656311035, "Epoch 756 Step 53": 2.8926475048065186, "Epoch 756 Step 54": 2.8876476287841797, "Epoch 756 Step 55": 2.886742353439331, "Epoch 756 Step 56": 2.88433837890625, "Epoch 756 Step 57": 2.9051809310913086, "Epoch 756 Step 58": 2.9004576206207275, "Epoch 756 Step 59": 2.8982722759246826, "Epoch 756 Step 60": 2.876049518585205, "Epoch 756 Step 61": 2.889509677886963, "Epoch 756 Step 62": 2.8953139781951904, "Epoch 756 Step 63": 2.876255512237549, "Epoch 756 Step 64": 2.886591672897339, "Epoch 756 Step 65": 2.8869054317474365, "Epoch 756 Step 66": 2.8922157287597656, "Epoch 756 Step 67": 2.896665096282959, "Epoch 756 Step 68": 2.8818588256835938, "Epoch 756 Step 69": 2.8914568424224854, "Epoch 756 Step 70": 2.879161834716797, "Epoch 756 Step 71": 2.8867149353027344, "Epoch 756 Step 72": 2.878139019012451, "Epoch 756 Step 73": 2.8926844596862793, "Epoch 756 Step 74": 2.878237247467041, "Epoch 756 Step 75": 2.8832650184631348, "Epoch 756 Step 76": 2.888995409011841, "Epoch 756 Step 77": 2.8730759620666504, "Epoch 756 Step 78": 2.872304677963257, "Epoch 756 Step 79": 2.8724305629730225, "Epoch 756 Step 80": 2.8882505893707275, "Epoch 756 Step 81": 2.8832874298095703, "Epoch 756 Step 82": 2.8780429363250732, "Epoch 756 Step 83": 2.8887202739715576, "Epoch 756 Step 84": 2.8951680660247803, "Epoch 756 Step 85": 2.8806536197662354, "Epoch 756 Step 86": 2.8754167556762695, "Epoch 756 Step 87": 2.888138771057129, "Epoch 756 Step 88": 2.8923122882843018, "Epoch 756 Step 89": 2.8810348510742188}