{"Epoch 822 Step 0": 2.8884761333465576, "Epoch 822 Step 1": 2.8746225833892822, "Epoch 822 Step 2": 2.890583038330078, "Epoch 822 Step 3": 2.8824121952056885, "Epoch 822 Step 4": 2.875657796859741, "Epoch 822 Step 5": 2.872128486633301, "Epoch 822 Step 6": 2.8833727836608887, "Epoch 822 Step 7": 2.888106346130371, "Epoch 822 Step 8": 2.881190061569214, "Epoch 822 Step 9": 2.879005193710327, "Epoch 822 Step 10": 2.878185272216797, "Epoch 822 Step 11": 2.876375198364258, "Epoch 822 Step 12": 2.88787579536438, "Epoch 822 Step 13": 2.8750438690185547, "Epoch 822 Step 14": 2.891745090484619, "Epoch 822 Step 15": 2.8717780113220215, "Epoch 822 Step 16": 2.874805450439453, "Epoch 822 Step 17": 2.879971981048584, "Epoch 822 Step 18": 2.868516206741333, "Epoch 822 Step 19": 2.886803150177002, "Epoch 822 Step 20": 2.881718635559082, "Epoch 822 Step 21": 2.887160539627075, "Epoch 822 Step 22": 2.8933489322662354, "Epoch 822 Step 23": 2.885913133621216, "Epoch 822 Step 24": 2.8782989978790283, "Epoch 822 Step 25": 2.885387659072876, "Epoch 822 Step 26": 2.895988941192627, "Epoch 822 Step 27": 2.892810106277466, "Epoch 822 Step 28": 2.8931655883789062, "Epoch 822 Step 29": 2.8877129554748535, "Epoch 822 Step 30": 2.8859922885894775, "Epoch 822 Step 31": 2.8825039863586426, "Epoch 822 Step 32": 2.903357982635498, "Epoch 822 Step 33": 2.8990094661712646, "Epoch 822 Step 34": 2.8975462913513184, "Epoch 822 Step 35": 2.875929117202759, "Epoch 822 Step 36": 2.889486789703369, "Epoch 822 Step 37": 2.8934593200683594, "Epoch 822 Step 38": 2.8749992847442627, "Epoch 822 Step 39": 2.8868722915649414, "Epoch 822 Step 40": 2.8864893913269043, "Epoch 822 Step 41": 2.8917291164398193, "Epoch 822 Step 42": 2.8958303928375244, "Epoch 822 Step 43": 2.881627082824707, "Epoch 822 Step 44": 2.8923709392547607, "Epoch 822 Step 45": 2.8781325817108154, "Epoch 822 Step 46": 2.8847157955169678, "Epoch 822 Step 47": 2.878230094909668, "Epoch 822 Step 48": 2.8910651206970215, "Epoch 822 Step 49": 2.877553939819336, "Epoch 822 Step 50": 2.882598876953125, "Epoch 822 Step 51": 2.888420820236206, "Epoch 822 Step 52": 2.873199224472046, "Epoch 822 Step 53": 2.872957229614258, "Epoch 822 Step 54": 2.8728432655334473, "Epoch 822 Step 55": 2.888796091079712, "Epoch 822 Step 56": 2.8836405277252197, "Epoch 822 Step 57": 2.8771157264709473, "Epoch 822 Step 58": 2.889561891555786, "Epoch 822 Step 59": 2.895220994949341, "Epoch 822 Step 60": 2.8813087940216064, "Epoch 822 Step 61": 2.876505136489868, "Epoch 822 Step 62": 2.887722969055176, "Epoch 822 Step 63": 2.8923468589782715, "Epoch 822 Step 64": 2.880270481109619, "Epoch 822 Step 65": 2.8812296390533447, "Epoch 822 Step 66": 2.87803316116333, "Epoch 822 Step 67": 2.8876793384552, "Epoch 822 Step 68": 2.873812675476074, "Epoch 822 Step 69": 2.8851218223571777, "Epoch 822 Step 70": 2.8797430992126465, "Epoch 822 Step 71": 2.8831000328063965, "Epoch 822 Step 72": 2.8854897022247314, "Epoch 822 Step 73": 2.871175765991211, "Epoch 822 Step 74": 2.8850905895233154, "Epoch 822 Step 75": 2.8880298137664795, "Epoch 822 Step 76": 2.886446952819824, "Epoch 822 Step 77": 2.8901524543762207, "Epoch 822 Step 78": 2.88482928276062, "Epoch 822 Step 79": 2.8718912601470947, "Epoch 822 Step 80": 2.8817503452301025, "Epoch 822 Step 81": 2.876854181289673, "Epoch 822 Step 82": 2.8828015327453613, "Epoch 822 Step 83": 2.883303165435791, "Epoch 822 Step 84": 2.890854835510254, "Epoch 822 Step 85": 2.884897232055664, "Epoch 822 Step 86": 2.885227680206299, "Epoch 822 Step 87": 2.8811495304107666, "Epoch 822 Step 88": 2.875244140625, "Epoch 822 Step 89": 2.8798210620880127}