{"Epoch 880 Step 0": 2.899012327194214, "Epoch 880 Step 1": 2.8993496894836426, "Epoch 880 Step 2": 2.875370740890503, "Epoch 880 Step 3": 2.8884260654449463, "Epoch 880 Step 4": 2.892479658126831, "Epoch 880 Step 5": 2.875098466873169, "Epoch 880 Step 6": 2.8865392208099365, "Epoch 880 Step 7": 2.887014865875244, "Epoch 880 Step 8": 2.891406536102295, "Epoch 880 Step 9": 2.8953888416290283, "Epoch 880 Step 10": 2.8812053203582764, "Epoch 880 Step 11": 2.892206907272339, "Epoch 880 Step 12": 2.878126621246338, "Epoch 880 Step 13": 2.8847408294677734, "Epoch 880 Step 14": 2.8784947395324707, "Epoch 880 Step 15": 2.8907628059387207, "Epoch 880 Step 16": 2.8782265186309814, "Epoch 880 Step 17": 2.883230447769165, "Epoch 880 Step 18": 2.8888237476348877, "Epoch 880 Step 19": 2.8741674423217773, "Epoch 880 Step 20": 2.873697280883789, "Epoch 880 Step 21": 2.873267650604248, "Epoch 880 Step 22": 2.888353109359741, "Epoch 880 Step 23": 2.8820908069610596, "Epoch 880 Step 24": 2.8768911361694336, "Epoch 880 Step 25": 2.8891406059265137, "Epoch 880 Step 26": 2.895008087158203, "Epoch 880 Step 27": 2.8801958560943604, "Epoch 880 Step 28": 2.8759326934814453, "Epoch 880 Step 29": 2.8882997035980225, "Epoch 880 Step 30": 2.891618251800537, "Epoch 880 Step 31": 2.88104510307312, "Epoch 880 Step 32": 2.882378339767456, "Epoch 880 Step 33": 2.877929925918579, "Epoch 880 Step 34": 2.8874897956848145, "Epoch 880 Step 35": 2.874039888381958, "Epoch 880 Step 36": 2.8855464458465576, "Epoch 880 Step 37": 2.879875659942627, "Epoch 880 Step 38": 2.88316011428833, "Epoch 880 Step 39": 2.884883403778076, "Epoch 880 Step 40": 2.871274709701538, "Epoch 880 Step 41": 2.885472059249878, "Epoch 880 Step 42": 2.888272523880005, "Epoch 880 Step 43": 2.886425733566284, "Epoch 880 Step 44": 2.8900210857391357, "Epoch 880 Step 45": 2.8847131729125977, "Epoch 880 Step 46": 2.872112512588501, "Epoch 880 Step 47": 2.8817758560180664, "Epoch 880 Step 48": 2.8771331310272217, "Epoch 880 Step 49": 2.882459878921509, "Epoch 880 Step 50": 2.8834290504455566, "Epoch 880 Step 51": 2.891085386276245, "Epoch 880 Step 52": 2.884756088256836, "Epoch 880 Step 53": 2.8853819370269775, "Epoch 880 Step 54": 2.8816821575164795, "Epoch 880 Step 55": 2.8755717277526855, "Epoch 880 Step 56": 2.8795363903045654, "Epoch 880 Step 57": 2.8939857482910156, "Epoch 880 Step 58": 2.8879952430725098, "Epoch 880 Step 59": 2.873676061630249, "Epoch 880 Step 60": 2.890669584274292, "Epoch 880 Step 61": 2.8818531036376953, "Epoch 880 Step 62": 2.875840902328491, "Epoch 880 Step 63": 2.87284517288208, "Epoch 880 Step 64": 2.882551908493042, "Epoch 880 Step 65": 2.887868881225586, "Epoch 880 Step 66": 2.8807098865509033, "Epoch 880 Step 67": 2.878866672515869, "Epoch 880 Step 68": 2.8784635066986084, "Epoch 880 Step 69": 2.876476526260376, "Epoch 880 Step 70": 2.88822340965271, "Epoch 880 Step 71": 2.874096155166626, "Epoch 880 Step 72": 2.891479969024658, "Epoch 880 Step 73": 2.8718855381011963, "Epoch 880 Step 74": 2.8747971057891846, "Epoch 880 Step 75": 2.8795182704925537, "Epoch 880 Step 76": 2.8679988384246826, "Epoch 880 Step 77": 2.88712477684021, "Epoch 880 Step 78": 2.8818211555480957, "Epoch 880 Step 79": 2.8871712684631348, "Epoch 880 Step 80": 2.8935608863830566, "Epoch 880 Step 81": 2.886312961578369, "Epoch 880 Step 82": 2.8783700466156006, "Epoch 880 Step 83": 2.8851072788238525, "Epoch 880 Step 84": 2.8954224586486816, "Epoch 880 Step 85": 2.892956018447876, "Epoch 880 Step 86": 2.8922324180603027, "Epoch 880 Step 87": 2.8874213695526123, "Epoch 880 Step 88": 2.885591506958008, "Epoch 880 Step 89": 2.882844924926758}