{"Epoch 235 Step 0": 2.872506618499756, "Epoch 235 Step 1": 2.887272596359253, "Epoch 235 Step 2": 2.882054567337036, "Epoch 235 Step 3": 2.8772284984588623, "Epoch 235 Step 4": 2.8903987407684326, "Epoch 235 Step 5": 2.8955271244049072, "Epoch 235 Step 6": 2.8809311389923096, "Epoch 235 Step 7": 2.875744581222534, "Epoch 235 Step 8": 2.886605978012085, "Epoch 235 Step 9": 2.891052007675171, "Epoch 235 Step 10": 2.8807246685028076, "Epoch 235 Step 11": 2.8824281692504883, "Epoch 235 Step 12": 2.8770480155944824, "Epoch 235 Step 13": 2.887709140777588, "Epoch 235 Step 14": 2.8730978965759277, "Epoch 235 Step 15": 2.884882926940918, "Epoch 235 Step 16": 2.8793413639068604, "Epoch 235 Step 17": 2.882551431655884, "Epoch 235 Step 18": 2.884462833404541, "Epoch 235 Step 19": 2.8704841136932373, "Epoch 235 Step 20": 2.88446044921875, "Epoch 235 Step 21": 2.8874199390411377, "Epoch 235 Step 22": 2.884916305541992, "Epoch 235 Step 23": 2.889199733734131, "Epoch 235 Step 24": 2.8841617107391357, "Epoch 235 Step 25": 2.8723700046539307, "Epoch 235 Step 26": 2.880969285964966, "Epoch 235 Step 27": 2.8772404193878174, "Epoch 235 Step 28": 2.883181095123291, "Epoch 235 Step 29": 2.882341146469116, "Epoch 235 Step 30": 2.8904988765716553, "Epoch 235 Step 31": 2.8849732875823975, "Epoch 235 Step 32": 2.884617567062378, "Epoch 235 Step 33": 2.8809304237365723, "Epoch 235 Step 34": 2.8745436668395996, "Epoch 235 Step 35": 2.8788809776306152, "Epoch 235 Step 36": 2.893498659133911, "Epoch 235 Step 37": 2.888032913208008, "Epoch 235 Step 38": 2.8743207454681396, "Epoch 235 Step 39": 2.890089273452759, "Epoch 235 Step 40": 2.8814239501953125, "Epoch 235 Step 41": 2.8750557899475098, "Epoch 235 Step 42": 2.8728573322296143, "Epoch 235 Step 43": 2.881364345550537, "Epoch 235 Step 44": 2.8876845836639404, "Epoch 235 Step 45": 2.8805887699127197, "Epoch 235 Step 46": 2.8789453506469727, "Epoch 235 Step 47": 2.8788814544677734, "Epoch 235 Step 48": 2.875962495803833, "Epoch 235 Step 49": 2.8876917362213135, "Epoch 235 Step 50": 2.8744213581085205, "Epoch 235 Step 51": 2.890491247177124, "Epoch 235 Step 52": 2.8713736534118652, "Epoch 235 Step 53": 2.8746769428253174, "Epoch 235 Step 54": 2.8791637420654297, "Epoch 235 Step 55": 2.867699384689331, "Epoch 235 Step 56": 2.88716459274292, "Epoch 235 Step 57": 2.881002426147461, "Epoch 235 Step 58": 2.8865153789520264, "Epoch 235 Step 59": 2.892976999282837, "Epoch 235 Step 60": 2.886146306991577, "Epoch 235 Step 61": 2.8780031204223633, "Epoch 235 Step 62": 2.884030342102051, "Epoch 235 Step 63": 2.894880771636963, "Epoch 235 Step 64": 2.8936192989349365, "Epoch 235 Step 65": 2.892848014831543, "Epoch 235 Step 66": 2.8872900009155273, "Epoch 235 Step 67": 2.885655641555786, "Epoch 235 Step 68": 2.8828327655792236, "Epoch 235 Step 69": 2.9038286209106445, "Epoch 235 Step 70": 2.9000229835510254, "Epoch 235 Step 71": 2.898472785949707, "Epoch 235 Step 72": 2.8748562335968018, "Epoch 235 Step 73": 2.8882510662078857, "Epoch 235 Step 74": 2.8919830322265625, "Epoch 235 Step 75": 2.874572277069092, "Epoch 235 Step 76": 2.8862099647521973, "Epoch 235 Step 77": 2.886876344680786, "Epoch 235 Step 78": 2.890996217727661, "Epoch 235 Step 79": 2.895557403564453, "Epoch 235 Step 80": 2.8821158409118652, "Epoch 235 Step 81": 2.8926808834075928, "Epoch 235 Step 82": 2.8791329860687256, "Epoch 235 Step 83": 2.884923219680786, "Epoch 235 Step 84": 2.87749981880188, "Epoch 235 Step 85": 2.89152455329895, "Epoch 235 Step 86": 2.8774759769439697, "Epoch 235 Step 87": 2.882708787918091, "Epoch 235 Step 88": 2.888275146484375, "Epoch 235 Step 89": 2.8732869625091553}