{"Epoch 122 Step 0": 2.883416175842285, "Epoch 122 Step 1": 2.8877663612365723, "Epoch 122 Step 2": 2.8817667961120605, "Epoch 122 Step 3": 2.8701817989349365, "Epoch 122 Step 4": 2.8790175914764404, "Epoch 122 Step 5": 2.875532388687134, "Epoch 122 Step 6": 2.881169319152832, "Epoch 122 Step 7": 2.8805809020996094, "Epoch 122 Step 8": 2.88798451423645, "Epoch 122 Step 9": 2.8839762210845947, "Epoch 122 Step 10": 2.88329815864563, "Epoch 122 Step 11": 2.8795318603515625, "Epoch 122 Step 12": 2.8743784427642822, "Epoch 122 Step 13": 2.876140594482422, "Epoch 122 Step 14": 2.8909566402435303, "Epoch 122 Step 15": 2.8865671157836914, "Epoch 122 Step 16": 2.8721704483032227, "Epoch 122 Step 17": 2.8876450061798096, "Epoch 122 Step 18": 2.8809804916381836, "Epoch 122 Step 19": 2.8745157718658447, "Epoch 122 Step 20": 2.8678557872772217, "Epoch 122 Step 21": 2.8803911209106445, "Epoch 122 Step 22": 2.885472059249878, "Epoch 122 Step 23": 2.878237247467041, "Epoch 122 Step 24": 2.8772075176239014, "Epoch 122 Step 25": 2.8781561851501465, "Epoch 122 Step 26": 2.8757801055908203, "Epoch 122 Step 27": 2.8856122493743896, "Epoch 122 Step 28": 2.8723137378692627, "Epoch 122 Step 29": 2.889625072479248, "Epoch 122 Step 30": 2.8698649406433105, "Epoch 122 Step 31": 2.8724141120910645, "Epoch 122 Step 32": 2.878314733505249, "Epoch 122 Step 33": 2.8658902645111084, "Epoch 122 Step 34": 2.885042428970337, "Epoch 122 Step 35": 2.8800973892211914, "Epoch 122 Step 36": 2.88303542137146, "Epoch 122 Step 37": 2.8897147178649902, "Epoch 122 Step 38": 2.884337902069092, "Epoch 122 Step 39": 2.877061605453491, "Epoch 122 Step 40": 2.882343053817749, "Epoch 122 Step 41": 2.892695665359497, "Epoch 122 Step 42": 2.893702983856201, "Epoch 122 Step 43": 2.891167640686035, "Epoch 122 Step 44": 2.8860535621643066, "Epoch 122 Step 45": 2.8842766284942627, "Epoch 122 Step 46": 2.8821794986724854, "Epoch 122 Step 47": 2.9031169414520264, "Epoch 122 Step 48": 2.8981127738952637, "Epoch 122 Step 49": 2.895473003387451, "Epoch 122 Step 50": 2.8754000663757324, "Epoch 122 Step 51": 2.889373302459717, "Epoch 122 Step 52": 2.891514301300049, "Epoch 122 Step 53": 2.8732998371124268, "Epoch 122 Step 54": 2.8859939575195312, "Epoch 122 Step 55": 2.886552572250366, "Epoch 122 Step 56": 2.8903393745422363, "Epoch 122 Step 57": 2.8944904804229736, "Epoch 122 Step 58": 2.8789241313934326, "Epoch 122 Step 59": 2.8905625343322754, "Epoch 122 Step 60": 2.876880168914795, "Epoch 122 Step 61": 2.8847784996032715, "Epoch 122 Step 62": 2.8764162063598633, "Epoch 122 Step 63": 2.8903448581695557, "Epoch 122 Step 64": 2.8751492500305176, "Epoch 122 Step 65": 2.8811120986938477, "Epoch 122 Step 66": 2.8871498107910156, "Epoch 122 Step 67": 2.8718109130859375, "Epoch 122 Step 68": 2.8702163696289062, "Epoch 122 Step 69": 2.8701424598693848, "Epoch 122 Step 70": 2.8859190940856934, "Epoch 122 Step 71": 2.879730463027954, "Epoch 122 Step 72": 2.8755548000335693, "Epoch 122 Step 73": 2.8883166313171387, "Epoch 122 Step 74": 2.893249273300171, "Epoch 122 Step 75": 2.878016471862793, "Epoch 122 Step 76": 2.874514579772949, "Epoch 122 Step 77": 2.884448528289795, "Epoch 122 Step 78": 2.889634132385254, "Epoch 122 Step 79": 2.8780386447906494, "Epoch 122 Step 80": 2.8807480335235596, "Epoch 122 Step 81": 2.8762083053588867, "Epoch 122 Step 82": 2.885021924972534, "Epoch 122 Step 83": 2.8721563816070557, "Epoch 122 Step 84": 2.882658004760742, "Epoch 122 Step 85": 2.8760251998901367, "Epoch 122 Step 86": 2.8811564445495605, "Epoch 122 Step 87": 2.8822896480560303, "Epoch 122 Step 88": 2.868459701538086, "Epoch 122 Step 89": 2.883222818374634}