{"Epoch 364 Step 0": 2.882248640060425, "Epoch 364 Step 1": 2.8758420944213867, "Epoch 364 Step 2": 2.8721373081207275, "Epoch 364 Step 3": 2.8821327686309814, "Epoch 364 Step 4": 2.8878724575042725, "Epoch 364 Step 5": 2.880425453186035, "Epoch 364 Step 6": 2.878729820251465, "Epoch 364 Step 7": 2.878194570541382, "Epoch 364 Step 8": 2.876290798187256, "Epoch 364 Step 9": 2.8877651691436768, "Epoch 364 Step 10": 2.8748538494110107, "Epoch 364 Step 11": 2.891608953475952, "Epoch 364 Step 12": 2.871434450149536, "Epoch 364 Step 13": 2.874549388885498, "Epoch 364 Step 14": 2.8795974254608154, "Epoch 364 Step 15": 2.867975950241089, "Epoch 364 Step 16": 2.8867647647857666, "Epoch 364 Step 17": 2.8816447257995605, "Epoch 364 Step 18": 2.886577844619751, "Epoch 364 Step 19": 2.8932595252990723, "Epoch 364 Step 20": 2.8867828845977783, "Epoch 364 Step 21": 2.878368377685547, "Epoch 364 Step 22": 2.8851025104522705, "Epoch 364 Step 23": 2.8953497409820557, "Epoch 364 Step 24": 2.8942270278930664, "Epoch 364 Step 25": 2.8927502632141113, "Epoch 364 Step 26": 2.888026714324951, "Epoch 364 Step 27": 2.886570930480957, "Epoch 364 Step 28": 2.8838798999786377, "Epoch 364 Step 29": 2.9048078060150146, "Epoch 364 Step 30": 2.901315689086914, "Epoch 364 Step 31": 2.8977723121643066, "Epoch 364 Step 32": 2.8756139278411865, "Epoch 364 Step 33": 2.8892934322357178, "Epoch 364 Step 34": 2.8929805755615234, "Epoch 364 Step 35": 2.8751819133758545, "Epoch 364 Step 36": 2.8863980770111084, "Epoch 364 Step 37": 2.8868567943573, "Epoch 364 Step 38": 2.891545057296753, "Epoch 364 Step 39": 2.895857095718384, "Epoch 364 Step 40": 2.8816215991973877, "Epoch 364 Step 41": 2.8931360244750977, "Epoch 364 Step 42": 2.877723217010498, "Epoch 364 Step 43": 2.8849294185638428, "Epoch 364 Step 44": 2.8780148029327393, "Epoch 364 Step 45": 2.892637252807617, "Epoch 364 Step 46": 2.8781206607818604, "Epoch 364 Step 47": 2.8827626705169678, "Epoch 364 Step 48": 2.88838791847229, "Epoch 364 Step 49": 2.873375177383423, "Epoch 364 Step 50": 2.871896982192993, "Epoch 364 Step 51": 2.8726418018341064, "Epoch 364 Step 52": 2.8880627155303955, "Epoch 364 Step 53": 2.8813321590423584, "Epoch 364 Step 54": 2.877593755722046, "Epoch 364 Step 55": 2.8902013301849365, "Epoch 364 Step 56": 2.895784854888916, "Epoch 364 Step 57": 2.8804473876953125, "Epoch 364 Step 58": 2.875568151473999, "Epoch 364 Step 59": 2.8877131938934326, "Epoch 364 Step 60": 2.8917829990386963, "Epoch 364 Step 61": 2.8814454078674316, "Epoch 364 Step 62": 2.8821704387664795, "Epoch 364 Step 63": 2.877593994140625, "Epoch 364 Step 64": 2.887486219406128, "Epoch 364 Step 65": 2.8737363815307617, "Epoch 364 Step 66": 2.8853561878204346, "Epoch 364 Step 67": 2.8793587684631348, "Epoch 364 Step 68": 2.883087396621704, "Epoch 364 Step 69": 2.8846638202667236, "Epoch 364 Step 70": 2.8712313175201416, "Epoch 364 Step 71": 2.8847901821136475, "Epoch 364 Step 72": 2.8877830505371094, "Epoch 364 Step 73": 2.885982036590576, "Epoch 364 Step 74": 2.88971209526062, "Epoch 364 Step 75": 2.8846230506896973, "Epoch 364 Step 76": 2.8726532459259033, "Epoch 364 Step 77": 2.8808460235595703, "Epoch 364 Step 78": 2.877505302429199, "Epoch 364 Step 79": 2.883413314819336, "Epoch 364 Step 80": 2.8830466270446777, "Epoch 364 Step 81": 2.890157699584961, "Epoch 364 Step 82": 2.885014772415161, "Epoch 364 Step 83": 2.8850104808807373, "Epoch 364 Step 84": 2.8811287879943848, "Epoch 364 Step 85": 2.8764233589172363, "Epoch 364 Step 86": 2.8797225952148438, "Epoch 364 Step 87": 2.893803358078003, "Epoch 364 Step 88": 2.8878180980682373, "Epoch 364 Step 89": 2.874140501022339}