{"Epoch 205 Step 0": 2.890761137008667, "Epoch 205 Step 1": 2.884779691696167, "Epoch 205 Step 2": 2.884783983230591, "Epoch 205 Step 3": 2.880751132965088, "Epoch 205 Step 4": 2.875131607055664, "Epoch 205 Step 5": 2.878833055496216, "Epoch 205 Step 6": 2.8931026458740234, "Epoch 205 Step 7": 2.887922525405884, "Epoch 205 Step 8": 2.8736815452575684, "Epoch 205 Step 9": 2.8892977237701416, "Epoch 205 Step 10": 2.881528615951538, "Epoch 205 Step 11": 2.8745179176330566, "Epoch 205 Step 12": 2.8722338676452637, "Epoch 205 Step 13": 2.8817596435546875, "Epoch 205 Step 14": 2.8874175548553467, "Epoch 205 Step 15": 2.8789663314819336, "Epoch 205 Step 16": 2.8783135414123535, "Epoch 205 Step 17": 2.8779749870300293, "Epoch 205 Step 18": 2.875977039337158, "Epoch 205 Step 19": 2.8872194290161133, "Epoch 205 Step 20": 2.8747847080230713, "Epoch 205 Step 21": 2.890873432159424, "Epoch 205 Step 22": 2.870640516281128, "Epoch 205 Step 23": 2.873570680618286, "Epoch 205 Step 24": 2.879220962524414, "Epoch 205 Step 25": 2.867687940597534, "Epoch 205 Step 26": 2.885923147201538, "Epoch 205 Step 27": 2.880906820297241, "Epoch 205 Step 28": 2.8854470252990723, "Epoch 205 Step 29": 2.892064332962036, "Epoch 205 Step 30": 2.8855509757995605, "Epoch 205 Step 31": 2.877596616744995, "Epoch 205 Step 32": 2.884216547012329, "Epoch 205 Step 33": 2.8948349952697754, "Epoch 205 Step 34": 2.8942928314208984, "Epoch 205 Step 35": 2.892864227294922, "Epoch 205 Step 36": 2.8874740600585938, "Epoch 205 Step 37": 2.885199546813965, "Epoch 205 Step 38": 2.8802990913391113, "Epoch 205 Step 39": 2.905001640319824, "Epoch 205 Step 40": 2.8996944427490234, "Epoch 205 Step 41": 2.8970882892608643, "Epoch 205 Step 42": 2.875786304473877, "Epoch 205 Step 43": 2.889120101928711, "Epoch 205 Step 44": 2.8929762840270996, "Epoch 205 Step 45": 2.875023603439331, "Epoch 205 Step 46": 2.8855385780334473, "Epoch 205 Step 47": 2.8859658241271973, "Epoch 205 Step 48": 2.891601800918579, "Epoch 205 Step 49": 2.8954355716705322, "Epoch 205 Step 50": 2.8811898231506348, "Epoch 205 Step 51": 2.8919970989227295, "Epoch 205 Step 52": 2.877577543258667, "Epoch 205 Step 53": 2.8843040466308594, "Epoch 205 Step 54": 2.8764472007751465, "Epoch 205 Step 55": 2.8919036388397217, "Epoch 205 Step 56": 2.878183364868164, "Epoch 205 Step 57": 2.8817238807678223, "Epoch 205 Step 58": 2.8878726959228516, "Epoch 205 Step 59": 2.8723409175872803, "Epoch 205 Step 60": 2.8712048530578613, "Epoch 205 Step 61": 2.871375322341919, "Epoch 205 Step 62": 2.8876492977142334, "Epoch 205 Step 63": 2.8823413848876953, "Epoch 205 Step 64": 2.87754487991333, "Epoch 205 Step 65": 2.8899340629577637, "Epoch 205 Step 66": 2.8947598934173584, "Epoch 205 Step 67": 2.880368232727051, "Epoch 205 Step 68": 2.877079486846924, "Epoch 205 Step 69": 2.88665771484375, "Epoch 205 Step 70": 2.8904871940612793, "Epoch 205 Step 71": 2.8808071613311768, "Epoch 205 Step 72": 2.881716012954712, "Epoch 205 Step 73": 2.876687526702881, "Epoch 205 Step 74": 2.8873026371002197, "Epoch 205 Step 75": 2.873490810394287, "Epoch 205 Step 76": 2.884939670562744, "Epoch 205 Step 77": 2.8788838386535645, "Epoch 205 Step 78": 2.8827452659606934, "Epoch 205 Step 79": 2.8847248554229736, "Epoch 205 Step 80": 2.8705217838287354, "Epoch 205 Step 81": 2.8840694427490234, "Epoch 205 Step 82": 2.88761830329895, "Epoch 205 Step 83": 2.8850839138031006, "Epoch 205 Step 84": 2.8888378143310547, "Epoch 205 Step 85": 2.8842740058898926, "Epoch 205 Step 86": 2.872488021850586, "Epoch 205 Step 87": 2.880265712738037, "Epoch 205 Step 88": 2.8765182495117188, "Epoch 205 Step 89": 2.882277250289917}