{"Epoch 547 Step 0": 2.890835762023926, "Epoch 547 Step 1": 2.881955862045288, "Epoch 547 Step 2": 2.87559175491333, "Epoch 547 Step 3": 2.87386417388916, "Epoch 547 Step 4": 2.8820977210998535, "Epoch 547 Step 5": 2.8879923820495605, "Epoch 547 Step 6": 2.8802003860473633, "Epoch 547 Step 7": 2.8789501190185547, "Epoch 547 Step 8": 2.878354787826538, "Epoch 547 Step 9": 2.8765275478363037, "Epoch 547 Step 10": 2.8878164291381836, "Epoch 547 Step 11": 2.8751981258392334, "Epoch 547 Step 12": 2.891005754470825, "Epoch 547 Step 13": 2.871190071105957, "Epoch 547 Step 14": 2.874520778656006, "Epoch 547 Step 15": 2.879781723022461, "Epoch 547 Step 16": 2.8681845664978027, "Epoch 547 Step 17": 2.887291431427002, "Epoch 547 Step 18": 2.8815743923187256, "Epoch 547 Step 19": 2.886955738067627, "Epoch 547 Step 20": 2.8933663368225098, "Epoch 547 Step 21": 2.886474132537842, "Epoch 547 Step 22": 2.878506660461426, "Epoch 547 Step 23": 2.8843955993652344, "Epoch 547 Step 24": 2.895158529281616, "Epoch 547 Step 25": 2.894537925720215, "Epoch 547 Step 26": 2.893089771270752, "Epoch 547 Step 27": 2.8882715702056885, "Epoch 547 Step 28": 2.8875789642333984, "Epoch 547 Step 29": 2.8846256732940674, "Epoch 547 Step 30": 2.9038619995117188, "Epoch 547 Step 31": 2.902771234512329, "Epoch 547 Step 32": 2.8995048999786377, "Epoch 547 Step 33": 2.8754093647003174, "Epoch 547 Step 34": 2.888413906097412, "Epoch 547 Step 35": 2.89296293258667, "Epoch 547 Step 36": 2.874786615371704, "Epoch 547 Step 37": 2.8866007328033447, "Epoch 547 Step 38": 2.886842727661133, "Epoch 547 Step 39": 2.891331195831299, "Epoch 547 Step 40": 2.8955447673797607, "Epoch 547 Step 41": 2.8820972442626953, "Epoch 547 Step 42": 2.894089698791504, "Epoch 547 Step 43": 2.8786938190460205, "Epoch 547 Step 44": 2.8852851390838623, "Epoch 547 Step 45": 2.8785719871520996, "Epoch 547 Step 46": 2.8915510177612305, "Epoch 547 Step 47": 2.8774538040161133, "Epoch 547 Step 48": 2.8826842308044434, "Epoch 547 Step 49": 2.8887901306152344, "Epoch 547 Step 50": 2.8738298416137695, "Epoch 547 Step 51": 2.8720569610595703, "Epoch 547 Step 52": 2.8723647594451904, "Epoch 547 Step 53": 2.888474464416504, "Epoch 547 Step 54": 2.882117748260498, "Epoch 547 Step 55": 2.877424955368042, "Epoch 547 Step 56": 2.8905112743377686, "Epoch 547 Step 57": 2.8946452140808105, "Epoch 547 Step 58": 2.8800442218780518, "Epoch 547 Step 59": 2.8758041858673096, "Epoch 547 Step 60": 2.887559652328491, "Epoch 547 Step 61": 2.8916079998016357, "Epoch 547 Step 62": 2.8808305263519287, "Epoch 547 Step 63": 2.882079601287842, "Epoch 547 Step 64": 2.877814531326294, "Epoch 547 Step 65": 2.887737989425659, "Epoch 547 Step 66": 2.8735740184783936, "Epoch 547 Step 67": 2.885338068008423, "Epoch 547 Step 68": 2.8794171810150146, "Epoch 547 Step 69": 2.882763147354126, "Epoch 547 Step 70": 2.884634256362915, "Epoch 547 Step 71": 2.871126413345337, "Epoch 547 Step 72": 2.885300397872925, "Epoch 547 Step 73": 2.8875343799591064, "Epoch 547 Step 74": 2.886042356491089, "Epoch 547 Step 75": 2.8895676136016846, "Epoch 547 Step 76": 2.884227991104126, "Epoch 547 Step 77": 2.872114896774292, "Epoch 547 Step 78": 2.8810346126556396, "Epoch 547 Step 79": 2.876929759979248, "Epoch 547 Step 80": 2.8827884197235107, "Epoch 547 Step 81": 2.883394479751587, "Epoch 547 Step 82": 2.8911690711975098, "Epoch 547 Step 83": 2.8847784996032715, "Epoch 547 Step 84": 2.8855652809143066, "Epoch 547 Step 85": 2.881416082382202, "Epoch 547 Step 86": 2.8759984970092773, "Epoch 547 Step 87": 2.879668951034546, "Epoch 547 Step 88": 2.8940985202789307, "Epoch 547 Step 89": 2.8879549503326416}