{"Epoch 832 Step 0": 2.8770666122436523, "Epoch 832 Step 1": 2.882528066635132, "Epoch 832 Step 2": 2.8831944465637207, "Epoch 832 Step 3": 2.8908276557922363, "Epoch 832 Step 4": 2.884722948074341, "Epoch 832 Step 5": 2.885301351547241, "Epoch 832 Step 6": 2.8811869621276855, "Epoch 832 Step 7": 2.875187635421753, "Epoch 832 Step 8": 2.8795337677001953, "Epoch 832 Step 9": 2.894087076187134, "Epoch 832 Step 10": 2.888047695159912, "Epoch 832 Step 11": 2.874268054962158, "Epoch 832 Step 12": 2.8908281326293945, "Epoch 832 Step 13": 2.881547212600708, "Epoch 832 Step 14": 2.8758444786071777, "Epoch 832 Step 15": 2.872596502304077, "Epoch 832 Step 16": 2.8821539878845215, "Epoch 832 Step 17": 2.8876724243164062, "Epoch 832 Step 18": 2.88088059425354, "Epoch 832 Step 19": 2.8788204193115234, "Epoch 832 Step 20": 2.8785290718078613, "Epoch 832 Step 21": 2.8765361309051514, "Epoch 832 Step 22": 2.8880977630615234, "Epoch 832 Step 23": 2.875227212905884, "Epoch 832 Step 24": 2.89123272895813, "Epoch 832 Step 25": 2.8716683387756348, "Epoch 832 Step 26": 2.8746707439422607, "Epoch 832 Step 27": 2.8795435428619385, "Epoch 832 Step 28": 2.868191957473755, "Epoch 832 Step 29": 2.8870692253112793, "Epoch 832 Step 30": 2.881594181060791, "Epoch 832 Step 31": 2.88716721534729, "Epoch 832 Step 32": 2.893155813217163, "Epoch 832 Step 33": 2.8858444690704346, "Epoch 832 Step 34": 2.878439426422119, "Epoch 832 Step 35": 2.885028123855591, "Epoch 832 Step 36": 2.8958301544189453, "Epoch 832 Step 37": 2.8945629596710205, "Epoch 832 Step 38": 2.893563747406006, "Epoch 832 Step 39": 2.8880035877227783, "Epoch 832 Step 40": 2.8860771656036377, "Epoch 832 Step 41": 2.883113384246826, "Epoch 832 Step 42": 2.9048879146575928, "Epoch 832 Step 43": 2.9011006355285645, "Epoch 832 Step 44": 2.8985931873321533, "Epoch 832 Step 45": 2.8748583793640137, "Epoch 832 Step 46": 2.8882744312286377, "Epoch 832 Step 47": 2.892117500305176, "Epoch 832 Step 48": 2.874905824661255, "Epoch 832 Step 49": 2.88738751411438, "Epoch 832 Step 50": 2.886941432952881, "Epoch 832 Step 51": 2.8911280632019043, "Epoch 832 Step 52": 2.8953099250793457, "Epoch 832 Step 53": 2.8822288513183594, "Epoch 832 Step 54": 2.8936567306518555, "Epoch 832 Step 55": 2.878180503845215, "Epoch 832 Step 56": 2.884742259979248, "Epoch 832 Step 57": 2.8780558109283447, "Epoch 832 Step 58": 2.891364574432373, "Epoch 832 Step 59": 2.87849497795105, "Epoch 832 Step 60": 2.8830816745758057, "Epoch 832 Step 61": 2.888745069503784, "Epoch 832 Step 62": 2.873425006866455, "Epoch 832 Step 63": 2.8726484775543213, "Epoch 832 Step 64": 2.8724827766418457, "Epoch 832 Step 65": 2.888500690460205, "Epoch 832 Step 66": 2.8823819160461426, "Epoch 832 Step 67": 2.8771629333496094, "Epoch 832 Step 68": 2.8904342651367188, "Epoch 832 Step 69": 2.895836591720581, "Epoch 832 Step 70": 2.8806099891662598, "Epoch 832 Step 71": 2.876080274581909, "Epoch 832 Step 72": 2.887451410293579, "Epoch 832 Step 73": 2.8917572498321533, "Epoch 832 Step 74": 2.8807199001312256, "Epoch 832 Step 75": 2.8822407722473145, "Epoch 832 Step 76": 2.8778531551361084, "Epoch 832 Step 77": 2.8874173164367676, "Epoch 832 Step 78": 2.8737335205078125, "Epoch 832 Step 79": 2.885370969772339, "Epoch 832 Step 80": 2.8789308071136475, "Epoch 832 Step 81": 2.882857322692871, "Epoch 832 Step 82": 2.884995460510254, "Epoch 832 Step 83": 2.8712828159332275, "Epoch 832 Step 84": 2.885302782058716, "Epoch 832 Step 85": 2.8875858783721924, "Epoch 832 Step 86": 2.885747194290161, "Epoch 832 Step 87": 2.8894951343536377, "Epoch 832 Step 88": 2.8845160007476807, "Epoch 832 Step 89": 2.8725459575653076}