{"Epoch 323 Step 0": 2.8782215118408203, "Epoch 323 Step 1": 2.8913702964782715, "Epoch 323 Step 2": 2.8960306644439697, "Epoch 323 Step 3": 2.880338191986084, "Epoch 323 Step 4": 2.8758833408355713, "Epoch 323 Step 5": 2.8873953819274902, "Epoch 323 Step 6": 2.891474485397339, "Epoch 323 Step 7": 2.8808557987213135, "Epoch 323 Step 8": 2.8812711238861084, "Epoch 323 Step 9": 2.8772168159484863, "Epoch 323 Step 10": 2.887838125228882, "Epoch 323 Step 11": 2.8743491172790527, "Epoch 323 Step 12": 2.885643720626831, "Epoch 323 Step 13": 2.879267930984497, "Epoch 323 Step 14": 2.882960557937622, "Epoch 323 Step 15": 2.8847532272338867, "Epoch 323 Step 16": 2.871227502822876, "Epoch 323 Step 17": 2.8843719959259033, "Epoch 323 Step 18": 2.888251781463623, "Epoch 323 Step 19": 2.8858492374420166, "Epoch 323 Step 20": 2.889055013656616, "Epoch 323 Step 21": 2.884289503097534, "Epoch 323 Step 22": 2.872269868850708, "Epoch 323 Step 23": 2.8809869289398193, "Epoch 323 Step 24": 2.8771426677703857, "Epoch 323 Step 25": 2.8825809955596924, "Epoch 323 Step 26": 2.883507013320923, "Epoch 323 Step 27": 2.890486478805542, "Epoch 323 Step 28": 2.8848352432250977, "Epoch 323 Step 29": 2.8850526809692383, "Epoch 323 Step 30": 2.8818490505218506, "Epoch 323 Step 31": 2.875335454940796, "Epoch 323 Step 32": 2.879723072052002, "Epoch 323 Step 33": 2.893678903579712, "Epoch 323 Step 34": 2.8880062103271484, "Epoch 323 Step 35": 2.8744163513183594, "Epoch 323 Step 36": 2.8905954360961914, "Epoch 323 Step 37": 2.8820784091949463, "Epoch 323 Step 38": 2.876037120819092, "Epoch 323 Step 39": 2.8718385696411133, "Epoch 323 Step 40": 2.882296085357666, "Epoch 323 Step 41": 2.8883228302001953, "Epoch 323 Step 42": 2.8805456161499023, "Epoch 323 Step 43": 2.878568172454834, "Epoch 323 Step 44": 2.87839412689209, "Epoch 323 Step 45": 2.876518964767456, "Epoch 323 Step 46": 2.8873977661132812, "Epoch 323 Step 47": 2.8741655349731445, "Epoch 323 Step 48": 2.891662359237671, "Epoch 323 Step 49": 2.8718314170837402, "Epoch 323 Step 50": 2.8747925758361816, "Epoch 323 Step 51": 2.879786491394043, "Epoch 323 Step 52": 2.8677875995635986, "Epoch 323 Step 53": 2.8871946334838867, "Epoch 323 Step 54": 2.8825113773345947, "Epoch 323 Step 55": 2.887259006500244, "Epoch 323 Step 56": 2.8937928676605225, "Epoch 323 Step 57": 2.886568069458008, "Epoch 323 Step 58": 2.878746747970581, "Epoch 323 Step 59": 2.8851358890533447, "Epoch 323 Step 60": 2.8951642513275146, "Epoch 323 Step 61": 2.8934309482574463, "Epoch 323 Step 62": 2.89223313331604, "Epoch 323 Step 63": 2.887476921081543, "Epoch 323 Step 64": 2.886186122894287, "Epoch 323 Step 65": 2.883819341659546, "Epoch 323 Step 66": 2.9044482707977295, "Epoch 323 Step 67": 2.9003193378448486, "Epoch 323 Step 68": 2.8980534076690674, "Epoch 323 Step 69": 2.876537799835205, "Epoch 323 Step 70": 2.888875722885132, "Epoch 323 Step 71": 2.8923656940460205, "Epoch 323 Step 72": 2.874657154083252, "Epoch 323 Step 73": 2.8872714042663574, "Epoch 323 Step 74": 2.888356924057007, "Epoch 323 Step 75": 2.892152786254883, "Epoch 323 Step 76": 2.895328998565674, "Epoch 323 Step 77": 2.8824589252471924, "Epoch 323 Step 78": 2.893697738647461, "Epoch 323 Step 79": 2.8795948028564453, "Epoch 323 Step 80": 2.885629653930664, "Epoch 323 Step 81": 2.877837657928467, "Epoch 323 Step 82": 2.8912923336029053, "Epoch 323 Step 83": 2.878110885620117, "Epoch 323 Step 84": 2.884291648864746, "Epoch 323 Step 85": 2.888916015625, "Epoch 323 Step 86": 2.87393856048584, "Epoch 323 Step 87": 2.8721089363098145, "Epoch 323 Step 88": 2.872037887573242, "Epoch 323 Step 89": 2.8887712955474854}