{"Epoch 809 Step 0": 2.874122142791748, "Epoch 809 Step 1": 2.891430377960205, "Epoch 809 Step 2": 2.872022867202759, "Epoch 809 Step 3": 2.8748207092285156, "Epoch 809 Step 4": 2.879699468612671, "Epoch 809 Step 5": 2.8680050373077393, "Epoch 809 Step 6": 2.88710355758667, "Epoch 809 Step 7": 2.8812015056610107, "Epoch 809 Step 8": 2.8868658542633057, "Epoch 809 Step 9": 2.893120050430298, "Epoch 809 Step 10": 2.8859663009643555, "Epoch 809 Step 11": 2.8782925605773926, "Epoch 809 Step 12": 2.884932279586792, "Epoch 809 Step 13": 2.895219087600708, "Epoch 809 Step 14": 2.8935914039611816, "Epoch 809 Step 15": 2.8928256034851074, "Epoch 809 Step 16": 2.888319492340088, "Epoch 809 Step 17": 2.8864541053771973, "Epoch 809 Step 18": 2.8827900886535645, "Epoch 809 Step 19": 2.908511161804199, "Epoch 809 Step 20": 2.897881507873535, "Epoch 809 Step 21": 2.903208017349243, "Epoch 809 Step 22": 2.8760292530059814, "Epoch 809 Step 23": 2.8880860805511475, "Epoch 809 Step 24": 2.8924641609191895, "Epoch 809 Step 25": 2.8756165504455566, "Epoch 809 Step 26": 2.887216091156006, "Epoch 809 Step 27": 2.8870575428009033, "Epoch 809 Step 28": 2.8914103507995605, "Epoch 809 Step 29": 2.8955631256103516, "Epoch 809 Step 30": 2.881415605545044, "Epoch 809 Step 31": 2.8930201530456543, "Epoch 809 Step 32": 2.8784143924713135, "Epoch 809 Step 33": 2.8850109577178955, "Epoch 809 Step 34": 2.8780269622802734, "Epoch 809 Step 35": 2.8908560276031494, "Epoch 809 Step 36": 2.8780786991119385, "Epoch 809 Step 37": 2.8830437660217285, "Epoch 809 Step 38": 2.8887343406677246, "Epoch 809 Step 39": 2.873495101928711, "Epoch 809 Step 40": 2.872527837753296, "Epoch 809 Step 41": 2.8719613552093506, "Epoch 809 Step 42": 2.888840913772583, "Epoch 809 Step 43": 2.8820693492889404, "Epoch 809 Step 44": 2.877790689468384, "Epoch 809 Step 45": 2.8905277252197266, "Epoch 809 Step 46": 2.8952341079711914, "Epoch 809 Step 47": 2.8805336952209473, "Epoch 809 Step 48": 2.876882791519165, "Epoch 809 Step 49": 2.887469530105591, "Epoch 809 Step 50": 2.891305446624756, "Epoch 809 Step 51": 2.8805270195007324, "Epoch 809 Step 52": 2.882382869720459, "Epoch 809 Step 53": 2.878605604171753, "Epoch 809 Step 54": 2.8874247074127197, "Epoch 809 Step 55": 2.874178171157837, "Epoch 809 Step 56": 2.8855245113372803, "Epoch 809 Step 57": 2.8797690868377686, "Epoch 809 Step 58": 2.8833131790161133, "Epoch 809 Step 59": 2.8855113983154297, "Epoch 809 Step 60": 2.871162176132202, "Epoch 809 Step 61": 2.885141372680664, "Epoch 809 Step 62": 2.8877921104431152, "Epoch 809 Step 63": 2.8865883350372314, "Epoch 809 Step 64": 2.8899474143981934, "Epoch 809 Step 65": 2.8845529556274414, "Epoch 809 Step 66": 2.8727526664733887, "Epoch 809 Step 67": 2.8811826705932617, "Epoch 809 Step 68": 2.877474069595337, "Epoch 809 Step 69": 2.883138418197632, "Epoch 809 Step 70": 2.883389949798584, "Epoch 809 Step 71": 2.889984607696533, "Epoch 809 Step 72": 2.884942054748535, "Epoch 809 Step 73": 2.8853468894958496, "Epoch 809 Step 74": 2.8817367553710938, "Epoch 809 Step 75": 2.8756520748138428, "Epoch 809 Step 76": 2.8798913955688477, "Epoch 809 Step 77": 2.8936429023742676, "Epoch 809 Step 78": 2.887803316116333, "Epoch 809 Step 79": 2.8738181591033936, "Epoch 809 Step 80": 2.8905293941497803, "Epoch 809 Step 81": 2.8822386264801025, "Epoch 809 Step 82": 2.875850200653076, "Epoch 809 Step 83": 2.872235059738159, "Epoch 809 Step 84": 2.8824214935302734, "Epoch 809 Step 85": 2.887927770614624, "Epoch 809 Step 86": 2.88069224357605, "Epoch 809 Step 87": 2.8789079189300537, "Epoch 809 Step 88": 2.8786730766296387, "Epoch 809 Step 89": 2.8767523765563965}