{"Epoch 245 Step 0": 2.8928630352020264, "Epoch 245 Step 1": 2.8778769969940186, "Epoch 245 Step 2": 2.8847193717956543, "Epoch 245 Step 3": 2.876413106918335, "Epoch 245 Step 4": 2.891772985458374, "Epoch 245 Step 5": 2.8777451515197754, "Epoch 245 Step 6": 2.8822178840637207, "Epoch 245 Step 7": 2.888227939605713, "Epoch 245 Step 8": 2.8726959228515625, "Epoch 245 Step 9": 2.871873617172241, "Epoch 245 Step 10": 2.8717288970947266, "Epoch 245 Step 11": 2.8874623775482178, "Epoch 245 Step 12": 2.8816468715667725, "Epoch 245 Step 13": 2.87717866897583, "Epoch 245 Step 14": 2.8895294666290283, "Epoch 245 Step 15": 2.8945600986480713, "Epoch 245 Step 16": 2.879952907562256, "Epoch 245 Step 17": 2.8766870498657227, "Epoch 245 Step 18": 2.887294292449951, "Epoch 245 Step 19": 2.890662908554077, "Epoch 245 Step 20": 2.8809292316436768, "Epoch 245 Step 21": 2.8817248344421387, "Epoch 245 Step 22": 2.876915216445923, "Epoch 245 Step 23": 2.8873403072357178, "Epoch 245 Step 24": 2.8734517097473145, "Epoch 245 Step 25": 2.884638547897339, "Epoch 245 Step 26": 2.8785717487335205, "Epoch 245 Step 27": 2.8822391033172607, "Epoch 245 Step 28": 2.8843579292297363, "Epoch 245 Step 29": 2.8706612586975098, "Epoch 245 Step 30": 2.8844809532165527, "Epoch 245 Step 31": 2.887002468109131, "Epoch 245 Step 32": 2.884305477142334, "Epoch 245 Step 33": 2.889207601547241, "Epoch 245 Step 34": 2.8844733238220215, "Epoch 245 Step 35": 2.871793270111084, "Epoch 245 Step 36": 2.8793952465057373, "Epoch 245 Step 37": 2.876760244369507, "Epoch 245 Step 38": 2.882373332977295, "Epoch 245 Step 39": 2.882098913192749, "Epoch 245 Step 40": 2.8902714252471924, "Epoch 245 Step 41": 2.8844549655914307, "Epoch 245 Step 42": 2.884631395339966, "Epoch 245 Step 43": 2.881192445755005, "Epoch 245 Step 44": 2.8754382133483887, "Epoch 245 Step 45": 2.879110813140869, "Epoch 245 Step 46": 2.8930530548095703, "Epoch 245 Step 47": 2.88749623298645, "Epoch 245 Step 48": 2.8734562397003174, "Epoch 245 Step 49": 2.890275239944458, "Epoch 245 Step 50": 2.8811771869659424, "Epoch 245 Step 51": 2.874840021133423, "Epoch 245 Step 52": 2.8724021911621094, "Epoch 245 Step 53": 2.882169008255005, "Epoch 245 Step 54": 2.8878226280212402, "Epoch 245 Step 55": 2.8801462650299072, "Epoch 245 Step 56": 2.8783421516418457, "Epoch 245 Step 57": 2.8780345916748047, "Epoch 245 Step 58": 2.8761751651763916, "Epoch 245 Step 59": 2.8877081871032715, "Epoch 245 Step 60": 2.8738772869110107, "Epoch 245 Step 61": 2.8906939029693604, "Epoch 245 Step 62": 2.8714394569396973, "Epoch 245 Step 63": 2.8739137649536133, "Epoch 245 Step 64": 2.8792617321014404, "Epoch 245 Step 65": 2.8674886226654053, "Epoch 245 Step 66": 2.8858444690704346, "Epoch 245 Step 67": 2.88084077835083, "Epoch 245 Step 68": 2.885892629623413, "Epoch 245 Step 69": 2.8923535346984863, "Epoch 245 Step 70": 2.8858416080474854, "Epoch 245 Step 71": 2.8773999214172363, "Epoch 245 Step 72": 2.8844339847564697, "Epoch 245 Step 73": 2.894866943359375, "Epoch 245 Step 74": 2.894495725631714, "Epoch 245 Step 75": 2.892700672149658, "Epoch 245 Step 76": 2.8869965076446533, "Epoch 245 Step 77": 2.8854892253875732, "Epoch 245 Step 78": 2.883399486541748, "Epoch 245 Step 79": 2.903999090194702, "Epoch 245 Step 80": 2.9005463123321533, "Epoch 245 Step 81": 2.898271322250366, "Epoch 245 Step 82": 2.8758835792541504, "Epoch 245 Step 83": 2.888840675354004, "Epoch 245 Step 84": 2.893036127090454, "Epoch 245 Step 85": 2.8752639293670654, "Epoch 245 Step 86": 2.8865606784820557, "Epoch 245 Step 87": 2.887159824371338, "Epoch 245 Step 88": 2.892399549484253, "Epoch 245 Step 89": 2.8956427574157715}