{"Epoch 886 Step 0": 2.8956987857818604, "Epoch 886 Step 1": 2.8934547901153564, "Epoch 886 Step 2": 2.88763427734375, "Epoch 886 Step 3": 2.8868677616119385, "Epoch 886 Step 4": 2.8850247859954834, "Epoch 886 Step 5": 2.905345916748047, "Epoch 886 Step 6": 2.9013051986694336, "Epoch 886 Step 7": 2.8999581336975098, "Epoch 886 Step 8": 2.8763914108276367, "Epoch 886 Step 9": 2.889160633087158, "Epoch 886 Step 10": 2.892697334289551, "Epoch 886 Step 11": 2.8754568099975586, "Epoch 886 Step 12": 2.8872644901275635, "Epoch 886 Step 13": 2.886787176132202, "Epoch 886 Step 14": 2.8915746212005615, "Epoch 886 Step 15": 2.896583318710327, "Epoch 886 Step 16": 2.8838050365448, "Epoch 886 Step 17": 2.8937716484069824, "Epoch 886 Step 18": 2.8785948753356934, "Epoch 886 Step 19": 2.885629415512085, "Epoch 886 Step 20": 2.8785650730133057, "Epoch 886 Step 21": 2.8929734230041504, "Epoch 886 Step 22": 2.8784923553466797, "Epoch 886 Step 23": 2.8840813636779785, "Epoch 886 Step 24": 2.889282703399658, "Epoch 886 Step 25": 2.8733460903167725, "Epoch 886 Step 26": 2.871784210205078, "Epoch 886 Step 27": 2.871861696243286, "Epoch 886 Step 28": 2.8886430263519287, "Epoch 886 Step 29": 2.8827457427978516, "Epoch 886 Step 30": 2.877948760986328, "Epoch 886 Step 31": 2.8912742137908936, "Epoch 886 Step 32": 2.896914005279541, "Epoch 886 Step 33": 2.8804187774658203, "Epoch 886 Step 34": 2.8753767013549805, "Epoch 886 Step 35": 2.8885295391082764, "Epoch 886 Step 36": 2.8918070793151855, "Epoch 886 Step 37": 2.881131649017334, "Epoch 886 Step 38": 2.8859760761260986, "Epoch 886 Step 39": 2.8822031021118164, "Epoch 886 Step 40": 2.8882384300231934, "Epoch 886 Step 41": 2.874500274658203, "Epoch 886 Step 42": 2.8857581615448, "Epoch 886 Step 43": 2.879044771194458, "Epoch 886 Step 44": 2.882988452911377, "Epoch 886 Step 45": 2.8846232891082764, "Epoch 886 Step 46": 2.87126088142395, "Epoch 886 Step 47": 2.885755777359009, "Epoch 886 Step 48": 2.887693405151367, "Epoch 886 Step 49": 2.8854615688323975, "Epoch 886 Step 50": 2.8891124725341797, "Epoch 886 Step 51": 2.885058879852295, "Epoch 886 Step 52": 2.8736636638641357, "Epoch 886 Step 53": 2.8813514709472656, "Epoch 886 Step 54": 2.877417802810669, "Epoch 886 Step 55": 2.8823964595794678, "Epoch 886 Step 56": 2.8837573528289795, "Epoch 886 Step 57": 2.891869068145752, "Epoch 886 Step 58": 2.8852336406707764, "Epoch 886 Step 59": 2.8864150047302246, "Epoch 886 Step 60": 2.881131172180176, "Epoch 886 Step 61": 2.8761963844299316, "Epoch 886 Step 62": 2.8794424533843994, "Epoch 886 Step 63": 2.8941452503204346, "Epoch 886 Step 64": 2.888120412826538, "Epoch 886 Step 65": 2.873474597930908, "Epoch 886 Step 66": 2.890324592590332, "Epoch 886 Step 67": 2.882192850112915, "Epoch 886 Step 68": 2.8757972717285156, "Epoch 886 Step 69": 2.873380184173584, "Epoch 886 Step 70": 2.882220506668091, "Epoch 886 Step 71": 2.888011932373047, "Epoch 886 Step 72": 2.880415439605713, "Epoch 886 Step 73": 2.8783295154571533, "Epoch 886 Step 74": 2.8782896995544434, "Epoch 886 Step 75": 2.877009153366089, "Epoch 886 Step 76": 2.888303518295288, "Epoch 886 Step 77": 2.875859498977661, "Epoch 886 Step 78": 2.891113042831421, "Epoch 886 Step 79": 2.8721022605895996, "Epoch 886 Step 80": 2.874408006668091, "Epoch 886 Step 81": 2.879612922668457, "Epoch 886 Step 82": 2.8679912090301514, "Epoch 886 Step 83": 2.8873841762542725, "Epoch 886 Step 84": 2.8816208839416504, "Epoch 886 Step 85": 2.8871090412139893, "Epoch 886 Step 86": 2.893279552459717, "Epoch 886 Step 87": 2.886699676513672, "Epoch 886 Step 88": 2.8782520294189453, "Epoch 886 Step 89": 2.8853037357330322}