{"Epoch 889 Step 0": 2.8793599605560303, "Epoch 889 Step 1": 2.8871517181396484, "Epoch 889 Step 2": 2.8959341049194336, "Epoch 889 Step 3": 2.8941986560821533, "Epoch 889 Step 4": 2.892913579940796, "Epoch 889 Step 5": 2.8876514434814453, "Epoch 889 Step 6": 2.885531425476074, "Epoch 889 Step 7": 2.8823461532592773, "Epoch 889 Step 8": 2.9047086238861084, "Epoch 889 Step 9": 2.9012346267700195, "Epoch 889 Step 10": 2.8973679542541504, "Epoch 889 Step 11": 2.876452684402466, "Epoch 889 Step 12": 2.8896443843841553, "Epoch 889 Step 13": 2.89595627784729, "Epoch 889 Step 14": 2.8766517639160156, "Epoch 889 Step 15": 2.8868255615234375, "Epoch 889 Step 16": 2.887192487716675, "Epoch 889 Step 17": 2.8920695781707764, "Epoch 889 Step 18": 2.897024154663086, "Epoch 889 Step 19": 2.8816146850585938, "Epoch 889 Step 20": 2.89396595954895, "Epoch 889 Step 21": 2.8787057399749756, "Epoch 889 Step 22": 2.8846089839935303, "Epoch 889 Step 23": 2.878589391708374, "Epoch 889 Step 24": 2.891758918762207, "Epoch 889 Step 25": 2.878673553466797, "Epoch 889 Step 26": 2.8838601112365723, "Epoch 889 Step 27": 2.8897693157196045, "Epoch 889 Step 28": 2.875056266784668, "Epoch 889 Step 29": 2.872457981109619, "Epoch 889 Step 30": 2.8718883991241455, "Epoch 889 Step 31": 2.8889620304107666, "Epoch 889 Step 32": 2.88199520111084, "Epoch 889 Step 33": 2.8777058124542236, "Epoch 889 Step 34": 2.8890817165374756, "Epoch 889 Step 35": 2.8959524631500244, "Epoch 889 Step 36": 2.8826661109924316, "Epoch 889 Step 37": 2.878222703933716, "Epoch 889 Step 38": 2.8869071006774902, "Epoch 889 Step 39": 2.891749382019043, "Epoch 889 Step 40": 2.8811750411987305, "Epoch 889 Step 41": 2.8821518421173096, "Epoch 889 Step 42": 2.8775274753570557, "Epoch 889 Step 43": 2.888225793838501, "Epoch 889 Step 44": 2.8736414909362793, "Epoch 889 Step 45": 2.885354995727539, "Epoch 889 Step 46": 2.8799314498901367, "Epoch 889 Step 47": 2.883385181427002, "Epoch 889 Step 48": 2.885288953781128, "Epoch 889 Step 49": 2.871354103088379, "Epoch 889 Step 50": 2.8854317665100098, "Epoch 889 Step 51": 2.8879826068878174, "Epoch 889 Step 52": 2.8863656520843506, "Epoch 889 Step 53": 2.890141487121582, "Epoch 889 Step 54": 2.8844714164733887, "Epoch 889 Step 55": 2.872936487197876, "Epoch 889 Step 56": 2.881527900695801, "Epoch 889 Step 57": 2.877916097640991, "Epoch 889 Step 58": 2.8833484649658203, "Epoch 889 Step 59": 2.8829257488250732, "Epoch 889 Step 60": 2.8912010192871094, "Epoch 889 Step 61": 2.884981155395508, "Epoch 889 Step 62": 2.8850035667419434, "Epoch 889 Step 63": 2.88102126121521, "Epoch 889 Step 64": 2.8762552738189697, "Epoch 889 Step 65": 2.8797202110290527, "Epoch 889 Step 66": 2.8942418098449707, "Epoch 889 Step 67": 2.8885021209716797, "Epoch 889 Step 68": 2.8746390342712402, "Epoch 889 Step 69": 2.890916109085083, "Epoch 889 Step 70": 2.8820436000823975, "Epoch 889 Step 71": 2.875541925430298, "Epoch 889 Step 72": 2.8730242252349854, "Epoch 889 Step 73": 2.881474494934082, "Epoch 889 Step 74": 2.8877713680267334, "Epoch 889 Step 75": 2.880199909210205, "Epoch 889 Step 76": 2.878680467605591, "Epoch 889 Step 77": 2.8781352043151855, "Epoch 889 Step 78": 2.8769075870513916, "Epoch 889 Step 79": 2.888197422027588, "Epoch 889 Step 80": 2.874089241027832, "Epoch 889 Step 81": 2.890770673751831, "Epoch 889 Step 82": 2.8710708618164062, "Epoch 889 Step 83": 2.8744897842407227, "Epoch 889 Step 84": 2.879051685333252, "Epoch 889 Step 85": 2.8678231239318848, "Epoch 889 Step 86": 2.8874242305755615, "Epoch 889 Step 87": 2.8818931579589844, "Epoch 889 Step 88": 2.887582778930664, "Epoch 889 Step 89": 2.8928139209747314}