{"Epoch 517 Step 0": 2.9040026664733887, "Epoch 517 Step 1": 2.9014439582824707, "Epoch 517 Step 2": 2.8984627723693848, "Epoch 517 Step 3": 2.875081777572632, "Epoch 517 Step 4": 2.8883490562438965, "Epoch 517 Step 5": 2.892543077468872, "Epoch 517 Step 6": 2.8751118183135986, "Epoch 517 Step 7": 2.8864355087280273, "Epoch 517 Step 8": 2.886671304702759, "Epoch 517 Step 9": 2.891000747680664, "Epoch 517 Step 10": 2.895427942276001, "Epoch 517 Step 11": 2.881990671157837, "Epoch 517 Step 12": 2.893559694290161, "Epoch 517 Step 13": 2.8782057762145996, "Epoch 517 Step 14": 2.884594202041626, "Epoch 517 Step 15": 2.878347158432007, "Epoch 517 Step 16": 2.891810655593872, "Epoch 517 Step 17": 2.8778748512268066, "Epoch 517 Step 18": 2.882420301437378, "Epoch 517 Step 19": 2.8888440132141113, "Epoch 517 Step 20": 2.873290777206421, "Epoch 517 Step 21": 2.8720290660858154, "Epoch 517 Step 22": 2.8717234134674072, "Epoch 517 Step 23": 2.8885622024536133, "Epoch 517 Step 24": 2.882066011428833, "Epoch 517 Step 25": 2.8776803016662598, "Epoch 517 Step 26": 2.8910677433013916, "Epoch 517 Step 27": 2.8958001136779785, "Epoch 517 Step 28": 2.880399703979492, "Epoch 517 Step 29": 2.876631021499634, "Epoch 517 Step 30": 2.886667251586914, "Epoch 517 Step 31": 2.8913047313690186, "Epoch 517 Step 32": 2.881009101867676, "Epoch 517 Step 33": 2.882463216781616, "Epoch 517 Step 34": 2.8775441646575928, "Epoch 517 Step 35": 2.887367010116577, "Epoch 517 Step 36": 2.8734617233276367, "Epoch 517 Step 37": 2.8854548931121826, "Epoch 517 Step 38": 2.879302501678467, "Epoch 517 Step 39": 2.8834850788116455, "Epoch 517 Step 40": 2.8849289417266846, "Epoch 517 Step 41": 2.8709535598754883, "Epoch 517 Step 42": 2.8849802017211914, "Epoch 517 Step 43": 2.8879339694976807, "Epoch 517 Step 44": 2.886096954345703, "Epoch 517 Step 45": 2.889206647872925, "Epoch 517 Step 46": 2.8843212127685547, "Epoch 517 Step 47": 2.8724865913391113, "Epoch 517 Step 48": 2.881343364715576, "Epoch 517 Step 49": 2.8773415088653564, "Epoch 517 Step 50": 2.8830013275146484, "Epoch 517 Step 51": 2.8830957412719727, "Epoch 517 Step 52": 2.8904476165771484, "Epoch 517 Step 53": 2.885052442550659, "Epoch 517 Step 54": 2.8853201866149902, "Epoch 517 Step 55": 2.8812661170959473, "Epoch 517 Step 56": 2.875366687774658, "Epoch 517 Step 57": 2.8799662590026855, "Epoch 517 Step 58": 2.8939428329467773, "Epoch 517 Step 59": 2.8879127502441406, "Epoch 517 Step 60": 2.874364137649536, "Epoch 517 Step 61": 2.8904945850372314, "Epoch 517 Step 62": 2.8825831413269043, "Epoch 517 Step 63": 2.8756136894226074, "Epoch 517 Step 64": 2.87247633934021, "Epoch 517 Step 65": 2.881758689880371, "Epoch 517 Step 66": 2.8878514766693115, "Epoch 517 Step 67": 2.8804049491882324, "Epoch 517 Step 68": 2.8790159225463867, "Epoch 517 Step 69": 2.878431797027588, "Epoch 517 Step 70": 2.876089096069336, "Epoch 517 Step 71": 2.8876378536224365, "Epoch 517 Step 72": 2.8753912448883057, "Epoch 517 Step 73": 2.8912668228149414, "Epoch 517 Step 74": 2.8712780475616455, "Epoch 517 Step 75": 2.8747506141662598, "Epoch 517 Step 76": 2.879479169845581, "Epoch 517 Step 77": 2.868089199066162, "Epoch 517 Step 78": 2.887305498123169, "Epoch 517 Step 79": 2.881425142288208, "Epoch 517 Step 80": 2.886901617050171, "Epoch 517 Step 81": 2.8930835723876953, "Epoch 517 Step 82": 2.8867485523223877, "Epoch 517 Step 83": 2.8784666061401367, "Epoch 517 Step 84": 2.8848249912261963, "Epoch 517 Step 85": 2.895413398742676, "Epoch 517 Step 86": 2.894656181335449, "Epoch 517 Step 87": 2.8928072452545166, "Epoch 517 Step 88": 2.8874988555908203, "Epoch 517 Step 89": 2.886476755142212}