{"Epoch 874 Step 0": 2.8871333599090576, "Epoch 874 Step 1": 2.8870127201080322, "Epoch 874 Step 2": 2.891710042953491, "Epoch 874 Step 3": 2.896009922027588, "Epoch 874 Step 4": 2.881800889968872, "Epoch 874 Step 5": 2.8934741020202637, "Epoch 874 Step 6": 2.879047393798828, "Epoch 874 Step 7": 2.8847458362579346, "Epoch 874 Step 8": 2.8780665397644043, "Epoch 874 Step 9": 2.891669273376465, "Epoch 874 Step 10": 2.877633810043335, "Epoch 874 Step 11": 2.8829996585845947, "Epoch 874 Step 12": 2.8889989852905273, "Epoch 874 Step 13": 2.8740220069885254, "Epoch 874 Step 14": 2.8716800212860107, "Epoch 874 Step 15": 2.8723909854888916, "Epoch 874 Step 16": 2.888765573501587, "Epoch 874 Step 17": 2.8821191787719727, "Epoch 874 Step 18": 2.878018856048584, "Epoch 874 Step 19": 2.8899085521698, "Epoch 874 Step 20": 2.894359827041626, "Epoch 874 Step 21": 2.88008975982666, "Epoch 874 Step 22": 2.8768348693847656, "Epoch 874 Step 23": 2.888226270675659, "Epoch 874 Step 24": 2.891674757003784, "Epoch 874 Step 25": 2.880826950073242, "Epoch 874 Step 26": 2.881819009780884, "Epoch 874 Step 27": 2.877690553665161, "Epoch 874 Step 28": 2.887331008911133, "Epoch 874 Step 29": 2.874073028564453, "Epoch 874 Step 30": 2.8852789402008057, "Epoch 874 Step 31": 2.8794453144073486, "Epoch 874 Step 32": 2.8832292556762695, "Epoch 874 Step 33": 2.885021924972534, "Epoch 874 Step 34": 2.8714823722839355, "Epoch 874 Step 35": 2.8853795528411865, "Epoch 874 Step 36": 2.887765884399414, "Epoch 874 Step 37": 2.8860864639282227, "Epoch 874 Step 38": 2.8896994590759277, "Epoch 874 Step 39": 2.88429594039917, "Epoch 874 Step 40": 2.8717544078826904, "Epoch 874 Step 41": 2.8815176486968994, "Epoch 874 Step 42": 2.8768575191497803, "Epoch 874 Step 43": 2.8825454711914062, "Epoch 874 Step 44": 2.8831329345703125, "Epoch 874 Step 45": 2.8908655643463135, "Epoch 874 Step 46": 2.8852028846740723, "Epoch 874 Step 47": 2.885812282562256, "Epoch 874 Step 48": 2.8815760612487793, "Epoch 874 Step 49": 2.875617504119873, "Epoch 874 Step 50": 2.879267930984497, "Epoch 874 Step 51": 2.893932819366455, "Epoch 874 Step 52": 2.8881983757019043, "Epoch 874 Step 53": 2.873965263366699, "Epoch 874 Step 54": 2.890733480453491, "Epoch 874 Step 55": 2.8822667598724365, "Epoch 874 Step 56": 2.8763370513916016, "Epoch 874 Step 57": 2.8725318908691406, "Epoch 874 Step 58": 2.881568431854248, "Epoch 874 Step 59": 2.887669801712036, "Epoch 874 Step 60": 2.880523920059204, "Epoch 874 Step 61": 2.8793492317199707, "Epoch 874 Step 62": 2.879122495651245, "Epoch 874 Step 63": 2.87676739692688, "Epoch 874 Step 64": 2.8882944583892822, "Epoch 874 Step 65": 2.874018430709839, "Epoch 874 Step 66": 2.891552448272705, "Epoch 874 Step 67": 2.871314287185669, "Epoch 874 Step 68": 2.874337911605835, "Epoch 874 Step 69": 2.87986159324646, "Epoch 874 Step 70": 2.867664098739624, "Epoch 874 Step 71": 2.8874454498291016, "Epoch 874 Step 72": 2.8816299438476562, "Epoch 874 Step 73": 2.887376308441162, "Epoch 874 Step 74": 2.8933072090148926, "Epoch 874 Step 75": 2.886395215988159, "Epoch 874 Step 76": 2.8783445358276367, "Epoch 874 Step 77": 2.884876012802124, "Epoch 874 Step 78": 2.8957414627075195, "Epoch 874 Step 79": 2.8943352699279785, "Epoch 874 Step 80": 2.893345832824707, "Epoch 874 Step 81": 2.887515068054199, "Epoch 874 Step 82": 2.8859541416168213, "Epoch 874 Step 83": 2.882850408554077, "Epoch 874 Step 84": 2.9052624702453613, "Epoch 874 Step 85": 2.900496244430542, "Epoch 874 Step 86": 2.899435520172119, "Epoch 874 Step 87": 2.8753812313079834, "Epoch 874 Step 88": 2.887929916381836, "Epoch 874 Step 89": 2.8925628662109375}