{"Epoch 195 Step 0": 2.881326675415039, "Epoch 195 Step 1": 2.875396490097046, "Epoch 195 Step 2": 2.870615005493164, "Epoch 195 Step 3": 2.881948232650757, "Epoch 195 Step 4": 2.887592077255249, "Epoch 195 Step 5": 2.87957763671875, "Epoch 195 Step 6": 2.8787670135498047, "Epoch 195 Step 7": 2.878225326538086, "Epoch 195 Step 8": 2.875692129135132, "Epoch 195 Step 9": 2.886451005935669, "Epoch 195 Step 10": 2.873460054397583, "Epoch 195 Step 11": 2.8908448219299316, "Epoch 195 Step 12": 2.8709583282470703, "Epoch 195 Step 13": 2.8739514350891113, "Epoch 195 Step 14": 2.8787431716918945, "Epoch 195 Step 15": 2.867704153060913, "Epoch 195 Step 16": 2.8861167430877686, "Epoch 195 Step 17": 2.8805439472198486, "Epoch 195 Step 18": 2.8856074810028076, "Epoch 195 Step 19": 2.8921759128570557, "Epoch 195 Step 20": 2.8858606815338135, "Epoch 195 Step 21": 2.8774263858795166, "Epoch 195 Step 22": 2.8840930461883545, "Epoch 195 Step 23": 2.8942019939422607, "Epoch 195 Step 24": 2.893829822540283, "Epoch 195 Step 25": 2.891998291015625, "Epoch 195 Step 26": 2.8873751163482666, "Epoch 195 Step 27": 2.886467218399048, "Epoch 195 Step 28": 2.885100841522217, "Epoch 195 Step 29": 2.903021812438965, "Epoch 195 Step 30": 2.901519536972046, "Epoch 195 Step 31": 2.895811080932617, "Epoch 195 Step 32": 2.8767049312591553, "Epoch 195 Step 33": 2.8901281356811523, "Epoch 195 Step 34": 2.8938889503479004, "Epoch 195 Step 35": 2.8746635913848877, "Epoch 195 Step 36": 2.8861007690429688, "Epoch 195 Step 37": 2.888101816177368, "Epoch 195 Step 38": 2.8917288780212402, "Epoch 195 Step 39": 2.8962671756744385, "Epoch 195 Step 40": 2.8810110092163086, "Epoch 195 Step 41": 2.8900487422943115, "Epoch 195 Step 42": 2.878857374191284, "Epoch 195 Step 43": 2.885779619216919, "Epoch 195 Step 44": 2.8777213096618652, "Epoch 195 Step 45": 2.8919248580932617, "Epoch 195 Step 46": 2.877850294113159, "Epoch 195 Step 47": 2.8830204010009766, "Epoch 195 Step 48": 2.8882040977478027, "Epoch 195 Step 49": 2.873016595840454, "Epoch 195 Step 50": 2.8716256618499756, "Epoch 195 Step 51": 2.872307777404785, "Epoch 195 Step 52": 2.888117790222168, "Epoch 195 Step 53": 2.8815901279449463, "Epoch 195 Step 54": 2.877249240875244, "Epoch 195 Step 55": 2.8891918659210205, "Epoch 195 Step 56": 2.894803285598755, "Epoch 195 Step 57": 2.8794662952423096, "Epoch 195 Step 58": 2.8758156299591064, "Epoch 195 Step 59": 2.8878350257873535, "Epoch 195 Step 60": 2.8909752368927, "Epoch 195 Step 61": 2.8803696632385254, "Epoch 195 Step 62": 2.8809375762939453, "Epoch 195 Step 63": 2.8766908645629883, "Epoch 195 Step 64": 2.8884570598602295, "Epoch 195 Step 65": 2.873638153076172, "Epoch 195 Step 66": 2.884727716445923, "Epoch 195 Step 67": 2.8784546852111816, "Epoch 195 Step 68": 2.8823790550231934, "Epoch 195 Step 69": 2.883674383163452, "Epoch 195 Step 70": 2.8704051971435547, "Epoch 195 Step 71": 2.8834996223449707, "Epoch 195 Step 72": 2.8874237537384033, "Epoch 195 Step 73": 2.884770631790161, "Epoch 195 Step 74": 2.8887925148010254, "Epoch 195 Step 75": 2.8832473754882812, "Epoch 195 Step 76": 2.871941328048706, "Epoch 195 Step 77": 2.8797147274017334, "Epoch 195 Step 78": 2.8760077953338623, "Epoch 195 Step 79": 2.882188558578491, "Epoch 195 Step 80": 2.883244037628174, "Epoch 195 Step 81": 2.890326499938965, "Epoch 195 Step 82": 2.8846209049224854, "Epoch 195 Step 83": 2.8845973014831543, "Epoch 195 Step 84": 2.880443811416626, "Epoch 195 Step 85": 2.876546859741211, "Epoch 195 Step 86": 2.8792238235473633, "Epoch 195 Step 87": 2.892669916152954, "Epoch 195 Step 88": 2.887228012084961, "Epoch 195 Step 89": 2.8738250732421875}