{"Epoch 906 Step 0": 2.8880913257598877, "Epoch 906 Step 1": 2.880887031555176, "Epoch 906 Step 2": 2.8796050548553467, "Epoch 906 Step 3": 2.8790478706359863, "Epoch 906 Step 4": 2.8763294219970703, "Epoch 906 Step 5": 2.8884050846099854, "Epoch 906 Step 6": 2.873544454574585, "Epoch 906 Step 7": 2.8919875621795654, "Epoch 906 Step 8": 2.8715062141418457, "Epoch 906 Step 9": 2.8744099140167236, "Epoch 906 Step 10": 2.879096508026123, "Epoch 906 Step 11": 2.8677144050598145, "Epoch 906 Step 12": 2.8867833614349365, "Epoch 906 Step 13": 2.8818247318267822, "Epoch 906 Step 14": 2.8875749111175537, "Epoch 906 Step 15": 2.8932223320007324, "Epoch 906 Step 16": 2.8859198093414307, "Epoch 906 Step 17": 2.8786845207214355, "Epoch 906 Step 18": 2.885035276412964, "Epoch 906 Step 19": 2.895540714263916, "Epoch 906 Step 20": 2.8934779167175293, "Epoch 906 Step 21": 2.8930492401123047, "Epoch 906 Step 22": 2.8878941535949707, "Epoch 906 Step 23": 2.886415481567383, "Epoch 906 Step 24": 2.8820548057556152, "Epoch 906 Step 25": 2.904418468475342, "Epoch 906 Step 26": 2.8999671936035156, "Epoch 906 Step 27": 2.899034023284912, "Epoch 906 Step 28": 2.875217914581299, "Epoch 906 Step 29": 2.887972116470337, "Epoch 906 Step 30": 2.892186164855957, "Epoch 906 Step 31": 2.8757710456848145, "Epoch 906 Step 32": 2.8865485191345215, "Epoch 906 Step 33": 2.8866817951202393, "Epoch 906 Step 34": 2.890730142593384, "Epoch 906 Step 35": 2.8949313163757324, "Epoch 906 Step 36": 2.881744623184204, "Epoch 906 Step 37": 2.8934271335601807, "Epoch 906 Step 38": 2.8782808780670166, "Epoch 906 Step 39": 2.884568214416504, "Epoch 906 Step 40": 2.878673553466797, "Epoch 906 Step 41": 2.8911314010620117, "Epoch 906 Step 42": 2.8779284954071045, "Epoch 906 Step 43": 2.8833296298980713, "Epoch 906 Step 44": 2.888819694519043, "Epoch 906 Step 45": 2.8731725215911865, "Epoch 906 Step 46": 2.8716800212860107, "Epoch 906 Step 47": 2.871630907058716, "Epoch 906 Step 48": 2.888864517211914, "Epoch 906 Step 49": 2.882596015930176, "Epoch 906 Step 50": 2.8779189586639404, "Epoch 906 Step 51": 2.8911569118499756, "Epoch 906 Step 52": 2.8964180946350098, "Epoch 906 Step 53": 2.88102650642395, "Epoch 906 Step 54": 2.8758606910705566, "Epoch 906 Step 55": 2.8872742652893066, "Epoch 906 Step 56": 2.891613245010376, "Epoch 906 Step 57": 2.880143880844116, "Epoch 906 Step 58": 2.881680727005005, "Epoch 906 Step 59": 2.877262830734253, "Epoch 906 Step 60": 2.8876566886901855, "Epoch 906 Step 61": 2.873654842376709, "Epoch 906 Step 62": 2.885362386703491, "Epoch 906 Step 63": 2.8793959617614746, "Epoch 906 Step 64": 2.883596420288086, "Epoch 906 Step 65": 2.884902238845825, "Epoch 906 Step 66": 2.8715248107910156, "Epoch 906 Step 67": 2.8846094608306885, "Epoch 906 Step 68": 2.888655662536621, "Epoch 906 Step 69": 2.886784076690674, "Epoch 906 Step 70": 2.889225959777832, "Epoch 906 Step 71": 2.884445905685425, "Epoch 906 Step 72": 2.8728106021881104, "Epoch 906 Step 73": 2.8814005851745605, "Epoch 906 Step 74": 2.8779852390289307, "Epoch 906 Step 75": 2.884220838546753, "Epoch 906 Step 76": 2.8828978538513184, "Epoch 906 Step 77": 2.8903236389160156, "Epoch 906 Step 78": 2.884773015975952, "Epoch 906 Step 79": 2.8848648071289062, "Epoch 906 Step 80": 2.881523609161377, "Epoch 906 Step 81": 2.8766021728515625, "Epoch 906 Step 82": 2.8793187141418457, "Epoch 906 Step 83": 2.893725872039795, "Epoch 906 Step 84": 2.888232946395874, "Epoch 906 Step 85": 2.874603748321533, "Epoch 906 Step 86": 2.890430212020874, "Epoch 906 Step 87": 2.882568120956421, "Epoch 906 Step 88": 2.875664234161377, "Epoch 906 Step 89": 2.872438907623291}