{"Epoch 401 Step 0": 2.877455949783325, "Epoch 401 Step 1": 2.8906455039978027, "Epoch 401 Step 2": 2.895571708679199, "Epoch 401 Step 3": 2.8802878856658936, "Epoch 401 Step 4": 2.87601637840271, "Epoch 401 Step 5": 2.88704252243042, "Epoch 401 Step 6": 2.891439914703369, "Epoch 401 Step 7": 2.880058765411377, "Epoch 401 Step 8": 2.882298231124878, "Epoch 401 Step 9": 2.878350257873535, "Epoch 401 Step 10": 2.886953830718994, "Epoch 401 Step 11": 2.8740646839141846, "Epoch 401 Step 12": 2.8851404190063477, "Epoch 401 Step 13": 2.8794186115264893, "Epoch 401 Step 14": 2.8827295303344727, "Epoch 401 Step 15": 2.884740114212036, "Epoch 401 Step 16": 2.871323347091675, "Epoch 401 Step 17": 2.8848390579223633, "Epoch 401 Step 18": 2.8882153034210205, "Epoch 401 Step 19": 2.8859703540802, "Epoch 401 Step 20": 2.889333724975586, "Epoch 401 Step 21": 2.884629249572754, "Epoch 401 Step 22": 2.872711420059204, "Epoch 401 Step 23": 2.881484270095825, "Epoch 401 Step 24": 2.8771653175354004, "Epoch 401 Step 25": 2.882429599761963, "Epoch 401 Step 26": 2.8834304809570312, "Epoch 401 Step 27": 2.8898353576660156, "Epoch 401 Step 28": 2.885424852371216, "Epoch 401 Step 29": 2.8851702213287354, "Epoch 401 Step 30": 2.8826589584350586, "Epoch 401 Step 31": 2.8753936290740967, "Epoch 401 Step 32": 2.8798768520355225, "Epoch 401 Step 33": 2.893418788909912, "Epoch 401 Step 34": 2.8877663612365723, "Epoch 401 Step 35": 2.873289108276367, "Epoch 401 Step 36": 2.890078067779541, "Epoch 401 Step 37": 2.8818023204803467, "Epoch 401 Step 38": 2.87522029876709, "Epoch 401 Step 39": 2.8716681003570557, "Epoch 401 Step 40": 2.8824779987335205, "Epoch 401 Step 41": 2.887697458267212, "Epoch 401 Step 42": 2.8802616596221924, "Epoch 401 Step 43": 2.8787362575531006, "Epoch 401 Step 44": 2.878197193145752, "Epoch 401 Step 45": 2.8763458728790283, "Epoch 401 Step 46": 2.8877851963043213, "Epoch 401 Step 47": 2.8734357357025146, "Epoch 401 Step 48": 2.890561580657959, "Epoch 401 Step 49": 2.8715872764587402, "Epoch 401 Step 50": 2.8743789196014404, "Epoch 401 Step 51": 2.879627227783203, "Epoch 401 Step 52": 2.8680946826934814, "Epoch 401 Step 53": 2.8869402408599854, "Epoch 401 Step 54": 2.88116717338562, "Epoch 401 Step 55": 2.8864035606384277, "Epoch 401 Step 56": 2.8932101726531982, "Epoch 401 Step 57": 2.886050224304199, "Epoch 401 Step 58": 2.878095865249634, "Epoch 401 Step 59": 2.885007381439209, "Epoch 401 Step 60": 2.8955507278442383, "Epoch 401 Step 61": 2.893730401992798, "Epoch 401 Step 62": 2.8917715549468994, "Epoch 401 Step 63": 2.886988639831543, "Epoch 401 Step 64": 2.8869597911834717, "Epoch 401 Step 65": 2.886263132095337, "Epoch 401 Step 66": 2.9041824340820312, "Epoch 401 Step 67": 2.902634382247925, "Epoch 401 Step 68": 2.896949291229248, "Epoch 401 Step 69": 2.8784141540527344, "Epoch 401 Step 70": 2.8911216259002686, "Epoch 401 Step 71": 2.8937394618988037, "Epoch 401 Step 72": 2.8743879795074463, "Epoch 401 Step 73": 2.8866655826568604, "Epoch 401 Step 74": 2.8884644508361816, "Epoch 401 Step 75": 2.893270969390869, "Epoch 401 Step 76": 2.896261215209961, "Epoch 401 Step 77": 2.8815383911132812, "Epoch 401 Step 78": 2.892123222351074, "Epoch 401 Step 79": 2.879500389099121, "Epoch 401 Step 80": 2.8874526023864746, "Epoch 401 Step 81": 2.8797128200531006, "Epoch 401 Step 82": 2.8922696113586426, "Epoch 401 Step 83": 2.877490997314453, "Epoch 401 Step 84": 2.882594585418701, "Epoch 401 Step 85": 2.8882501125335693, "Epoch 401 Step 86": 2.8741393089294434, "Epoch 401 Step 87": 2.8718621730804443, "Epoch 401 Step 88": 2.872197151184082, "Epoch 401 Step 89": 2.8885178565979004}