{"Epoch 332 Step 0": 2.8924412727355957, "Epoch 332 Step 1": 2.878403663635254, "Epoch 332 Step 2": 2.882765531539917, "Epoch 332 Step 3": 2.8884589672088623, "Epoch 332 Step 4": 2.872968912124634, "Epoch 332 Step 5": 2.8723061084747314, "Epoch 332 Step 6": 2.8724405765533447, "Epoch 332 Step 7": 2.88826584815979, "Epoch 332 Step 8": 2.8820271492004395, "Epoch 332 Step 9": 2.877286434173584, "Epoch 332 Step 10": 2.888577461242676, "Epoch 332 Step 11": 2.894411563873291, "Epoch 332 Step 12": 2.880131959915161, "Epoch 332 Step 13": 2.8760340213775635, "Epoch 332 Step 14": 2.888442039489746, "Epoch 332 Step 15": 2.8914296627044678, "Epoch 332 Step 16": 2.8813412189483643, "Epoch 332 Step 17": 2.8825125694274902, "Epoch 332 Step 18": 2.8774795532226562, "Epoch 332 Step 19": 2.8883209228515625, "Epoch 332 Step 20": 2.8739700317382812, "Epoch 332 Step 21": 2.8859293460845947, "Epoch 332 Step 22": 2.8789310455322266, "Epoch 332 Step 23": 2.882441282272339, "Epoch 332 Step 24": 2.884272813796997, "Epoch 332 Step 25": 2.8715219497680664, "Epoch 332 Step 26": 2.885268211364746, "Epoch 332 Step 27": 2.8875033855438232, "Epoch 332 Step 28": 2.885537624359131, "Epoch 332 Step 29": 2.8895273208618164, "Epoch 332 Step 30": 2.8842835426330566, "Epoch 332 Step 31": 2.8727517127990723, "Epoch 332 Step 32": 2.8805885314941406, "Epoch 332 Step 33": 2.877039670944214, "Epoch 332 Step 34": 2.8821585178375244, "Epoch 332 Step 35": 2.8834846019744873, "Epoch 332 Step 36": 2.8914194107055664, "Epoch 332 Step 37": 2.885005474090576, "Epoch 332 Step 38": 2.8850715160369873, "Epoch 332 Step 39": 2.881281614303589, "Epoch 332 Step 40": 2.8756906986236572, "Epoch 332 Step 41": 2.8789072036743164, "Epoch 332 Step 42": 2.893900156021118, "Epoch 332 Step 43": 2.887929916381836, "Epoch 332 Step 44": 2.873763084411621, "Epoch 332 Step 45": 2.890247106552124, "Epoch 332 Step 46": 2.882185697555542, "Epoch 332 Step 47": 2.87599515914917, "Epoch 332 Step 48": 2.8721795082092285, "Epoch 332 Step 49": 2.8819992542266846, "Epoch 332 Step 50": 2.887791633605957, "Epoch 332 Step 51": 2.880873441696167, "Epoch 332 Step 52": 2.879082441329956, "Epoch 332 Step 53": 2.8786206245422363, "Epoch 332 Step 54": 2.8764681816101074, "Epoch 332 Step 55": 2.8877878189086914, "Epoch 332 Step 56": 2.8736977577209473, "Epoch 332 Step 57": 2.8910152912139893, "Epoch 332 Step 58": 2.8715615272521973, "Epoch 332 Step 59": 2.8745646476745605, "Epoch 332 Step 60": 2.879345178604126, "Epoch 332 Step 61": 2.867969274520874, "Epoch 332 Step 62": 2.8870835304260254, "Epoch 332 Step 63": 2.881528854370117, "Epoch 332 Step 64": 2.887293577194214, "Epoch 332 Step 65": 2.89330792427063, "Epoch 332 Step 66": 2.8862459659576416, "Epoch 332 Step 67": 2.878553628921509, "Epoch 332 Step 68": 2.885070323944092, "Epoch 332 Step 69": 2.8954529762268066, "Epoch 332 Step 70": 2.894900321960449, "Epoch 332 Step 71": 2.8927698135375977, "Epoch 332 Step 72": 2.887860059738159, "Epoch 332 Step 73": 2.88671612739563, "Epoch 332 Step 74": 2.8851637840270996, "Epoch 332 Step 75": 2.904696464538574, "Epoch 332 Step 76": 2.9023942947387695, "Epoch 332 Step 77": 2.898972749710083, "Epoch 332 Step 78": 2.8760218620300293, "Epoch 332 Step 79": 2.889185667037964, "Epoch 332 Step 80": 2.8928143978118896, "Epoch 332 Step 81": 2.8749399185180664, "Epoch 332 Step 82": 2.8863980770111084, "Epoch 332 Step 83": 2.886989116668701, "Epoch 332 Step 84": 2.891739845275879, "Epoch 332 Step 85": 2.895267963409424, "Epoch 332 Step 86": 2.881272315979004, "Epoch 332 Step 87": 2.8918442726135254, "Epoch 332 Step 88": 2.8802618980407715, "Epoch 332 Step 89": 2.885986566543579}