{"Epoch 95 Step 0": 2.886115312576294, "Epoch 95 Step 1": 2.8709681034088135, "Epoch 95 Step 2": 2.888904333114624, "Epoch 95 Step 3": 2.8704142570495605, "Epoch 95 Step 4": 2.872105836868286, "Epoch 95 Step 5": 2.878774642944336, "Epoch 95 Step 6": 2.8666865825653076, "Epoch 95 Step 7": 2.8851447105407715, "Epoch 95 Step 8": 2.880915641784668, "Epoch 95 Step 9": 2.884230613708496, "Epoch 95 Step 10": 2.8913917541503906, "Epoch 95 Step 11": 2.8852171897888184, "Epoch 95 Step 12": 2.8781516551971436, "Epoch 95 Step 13": 2.8836727142333984, "Epoch 95 Step 14": 2.895057201385498, "Epoch 95 Step 15": 2.894423007965088, "Epoch 95 Step 16": 2.8923959732055664, "Epoch 95 Step 17": 2.8862502574920654, "Epoch 95 Step 18": 2.884862184524536, "Epoch 95 Step 19": 2.8811774253845215, "Epoch 95 Step 20": 2.9041402339935303, "Epoch 95 Step 21": 2.898254871368408, "Epoch 95 Step 22": 2.897334098815918, "Epoch 95 Step 23": 2.8755016326904297, "Epoch 95 Step 24": 2.8879435062408447, "Epoch 95 Step 25": 2.8915657997131348, "Epoch 95 Step 26": 2.874342918395996, "Epoch 95 Step 27": 2.8849844932556152, "Epoch 95 Step 28": 2.8858041763305664, "Epoch 95 Step 29": 2.8895301818847656, "Epoch 95 Step 30": 2.894238233566284, "Epoch 95 Step 31": 2.879910945892334, "Epoch 95 Step 32": 2.8922901153564453, "Epoch 95 Step 33": 2.8760743141174316, "Epoch 95 Step 34": 2.8844876289367676, "Epoch 95 Step 35": 2.8756535053253174, "Epoch 95 Step 36": 2.890665292739868, "Epoch 95 Step 37": 2.875260829925537, "Epoch 95 Step 38": 2.881033420562744, "Epoch 95 Step 39": 2.8878424167633057, "Epoch 95 Step 40": 2.871884822845459, "Epoch 95 Step 41": 2.8702232837677, "Epoch 95 Step 42": 2.870504856109619, "Epoch 95 Step 43": 2.887251377105713, "Epoch 95 Step 44": 2.8808817863464355, "Epoch 95 Step 45": 2.87603759765625, "Epoch 95 Step 46": 2.888546943664551, "Epoch 95 Step 47": 2.8934106826782227, "Epoch 95 Step 48": 2.8785812854766846, "Epoch 95 Step 49": 2.8751938343048096, "Epoch 95 Step 50": 2.886021614074707, "Epoch 95 Step 51": 2.890019178390503, "Epoch 95 Step 52": 2.880267381668091, "Epoch 95 Step 53": 2.8806960582733154, "Epoch 95 Step 54": 2.8762385845184326, "Epoch 95 Step 55": 2.885946750640869, "Epoch 95 Step 56": 2.8721280097961426, "Epoch 95 Step 57": 2.883608102798462, "Epoch 95 Step 58": 2.8775112628936768, "Epoch 95 Step 59": 2.882155418395996, "Epoch 95 Step 60": 2.8827590942382812, "Epoch 95 Step 61": 2.869105815887451, "Epoch 95 Step 62": 2.8829028606414795, "Epoch 95 Step 63": 2.8864710330963135, "Epoch 95 Step 64": 2.883378505706787, "Epoch 95 Step 65": 2.887970209121704, "Epoch 95 Step 66": 2.882415771484375, "Epoch 95 Step 67": 2.871201276779175, "Epoch 95 Step 68": 2.879737138748169, "Epoch 95 Step 69": 2.8752520084381104, "Epoch 95 Step 70": 2.883063316345215, "Epoch 95 Step 71": 2.8818519115448, "Epoch 95 Step 72": 2.890137195587158, "Epoch 95 Step 73": 2.8839914798736572, "Epoch 95 Step 74": 2.8836166858673096, "Epoch 95 Step 75": 2.8800337314605713, "Epoch 95 Step 76": 2.875612735748291, "Epoch 95 Step 77": 2.877612590789795, "Epoch 95 Step 78": 2.8914027214050293, "Epoch 95 Step 79": 2.8862650394439697, "Epoch 95 Step 80": 2.8724191188812256, "Epoch 95 Step 81": 2.88879656791687, "Epoch 95 Step 82": 2.8802406787872314, "Epoch 95 Step 83": 2.8734130859375, "Epoch 95 Step 84": 2.869109869003296, "Epoch 95 Step 85": 2.881497859954834, "Epoch 95 Step 86": 2.8859708309173584, "Epoch 95 Step 87": 2.87800931930542, "Epoch 95 Step 88": 2.876810073852539, "Epoch 95 Step 89": 2.8778116703033447}