{"Epoch 512 Step 0": 2.8933558464050293, "Epoch 512 Step 1": 2.875164270401001, "Epoch 512 Step 2": 2.8865461349487305, "Epoch 512 Step 3": 2.887028455734253, "Epoch 512 Step 4": 2.8913168907165527, "Epoch 512 Step 5": 2.895419120788574, "Epoch 512 Step 6": 2.8815791606903076, "Epoch 512 Step 7": 2.8940422534942627, "Epoch 512 Step 8": 2.8785552978515625, "Epoch 512 Step 9": 2.8845460414886475, "Epoch 512 Step 10": 2.8781161308288574, "Epoch 512 Step 11": 2.8911585807800293, "Epoch 512 Step 12": 2.877704381942749, "Epoch 512 Step 13": 2.8833141326904297, "Epoch 512 Step 14": 2.888707399368286, "Epoch 512 Step 15": 2.873789072036743, "Epoch 512 Step 16": 2.871957778930664, "Epoch 512 Step 17": 2.8723933696746826, "Epoch 512 Step 18": 2.8883097171783447, "Epoch 512 Step 19": 2.8820393085479736, "Epoch 512 Step 20": 2.8774805068969727, "Epoch 512 Step 21": 2.89042067527771, "Epoch 512 Step 22": 2.8953135013580322, "Epoch 512 Step 23": 2.8800082206726074, "Epoch 512 Step 24": 2.8759305477142334, "Epoch 512 Step 25": 2.8880345821380615, "Epoch 512 Step 26": 2.891599178314209, "Epoch 512 Step 27": 2.8807201385498047, "Epoch 512 Step 28": 2.88173508644104, "Epoch 512 Step 29": 2.877640962600708, "Epoch 512 Step 30": 2.887284517288208, "Epoch 512 Step 31": 2.8739840984344482, "Epoch 512 Step 32": 2.885336399078369, "Epoch 512 Step 33": 2.879199743270874, "Epoch 512 Step 34": 2.8831629753112793, "Epoch 512 Step 35": 2.8846969604492188, "Epoch 512 Step 36": 2.8710989952087402, "Epoch 512 Step 37": 2.8850584030151367, "Epoch 512 Step 38": 2.887751579284668, "Epoch 512 Step 39": 2.8857598304748535, "Epoch 512 Step 40": 2.889002561569214, "Epoch 512 Step 41": 2.884507656097412, "Epoch 512 Step 42": 2.8731706142425537, "Epoch 512 Step 43": 2.880666494369507, "Epoch 512 Step 44": 2.8774166107177734, "Epoch 512 Step 45": 2.882591724395752, "Epoch 512 Step 46": 2.883274793624878, "Epoch 512 Step 47": 2.8909809589385986, "Epoch 512 Step 48": 2.884838104248047, "Epoch 512 Step 49": 2.885387659072876, "Epoch 512 Step 50": 2.8810715675354004, "Epoch 512 Step 51": 2.8758749961853027, "Epoch 512 Step 52": 2.879286289215088, "Epoch 512 Step 53": 2.894259452819824, "Epoch 512 Step 54": 2.8881494998931885, "Epoch 512 Step 55": 2.873933792114258, "Epoch 512 Step 56": 2.8903615474700928, "Epoch 512 Step 57": 2.8821861743927, "Epoch 512 Step 58": 2.8763465881347656, "Epoch 512 Step 59": 2.8727633953094482, "Epoch 512 Step 60": 2.8825111389160156, "Epoch 512 Step 61": 2.8878068923950195, "Epoch 512 Step 62": 2.8802058696746826, "Epoch 512 Step 63": 2.8788564205169678, "Epoch 512 Step 64": 2.8782222270965576, "Epoch 512 Step 65": 2.876143455505371, "Epoch 512 Step 66": 2.887972116470337, "Epoch 512 Step 67": 2.874920606613159, "Epoch 512 Step 68": 2.8916139602661133, "Epoch 512 Step 69": 2.871487617492676, "Epoch 512 Step 70": 2.874336004257202, "Epoch 512 Step 71": 2.8797998428344727, "Epoch 512 Step 72": 2.868243455886841, "Epoch 512 Step 73": 2.886946439743042, "Epoch 512 Step 74": 2.8814473152160645, "Epoch 512 Step 75": 2.8869102001190186, "Epoch 512 Step 76": 2.8930156230926514, "Epoch 512 Step 77": 2.8862204551696777, "Epoch 512 Step 78": 2.8783838748931885, "Epoch 512 Step 79": 2.8852648735046387, "Epoch 512 Step 80": 2.895479440689087, "Epoch 512 Step 81": 2.8945159912109375, "Epoch 512 Step 82": 2.8935766220092773, "Epoch 512 Step 83": 2.8878581523895264, "Epoch 512 Step 84": 2.8856377601623535, "Epoch 512 Step 85": 2.8821425437927246, "Epoch 512 Step 86": 2.9047954082489014, "Epoch 512 Step 87": 2.899461507797241, "Epoch 512 Step 88": 2.896517753601074, "Epoch 512 Step 89": 2.876685619354248}