{"Epoch 377 Step 0": 2.877349853515625, "Epoch 377 Step 1": 2.8823494911193848, "Epoch 377 Step 2": 2.883244037628174, "Epoch 377 Step 3": 2.891477584838867, "Epoch 377 Step 4": 2.8848979473114014, "Epoch 377 Step 5": 2.8853490352630615, "Epoch 377 Step 6": 2.8808226585388184, "Epoch 377 Step 7": 2.87540340423584, "Epoch 377 Step 8": 2.879201889038086, "Epoch 377 Step 9": 2.8942949771881104, "Epoch 377 Step 10": 2.888173818588257, "Epoch 377 Step 11": 2.8742518424987793, "Epoch 377 Step 12": 2.890684127807617, "Epoch 377 Step 13": 2.8817026615142822, "Epoch 377 Step 14": 2.87568998336792, "Epoch 377 Step 15": 2.8718349933624268, "Epoch 377 Step 16": 2.8828701972961426, "Epoch 377 Step 17": 2.8877782821655273, "Epoch 377 Step 18": 2.880786895751953, "Epoch 377 Step 19": 2.878706693649292, "Epoch 377 Step 20": 2.8780829906463623, "Epoch 377 Step 21": 2.8762946128845215, "Epoch 377 Step 22": 2.8875277042388916, "Epoch 377 Step 23": 2.8741486072540283, "Epoch 377 Step 24": 2.891350507736206, "Epoch 377 Step 25": 2.8715248107910156, "Epoch 377 Step 26": 2.8746469020843506, "Epoch 377 Step 27": 2.8791818618774414, "Epoch 377 Step 28": 2.86757230758667, "Epoch 377 Step 29": 2.887331008911133, "Epoch 377 Step 30": 2.882263660430908, "Epoch 377 Step 31": 2.887120485305786, "Epoch 377 Step 32": 2.893301486968994, "Epoch 377 Step 33": 2.8865134716033936, "Epoch 377 Step 34": 2.8791255950927734, "Epoch 377 Step 35": 2.885098695755005, "Epoch 377 Step 36": 2.89506196975708, "Epoch 377 Step 37": 2.894002676010132, "Epoch 377 Step 38": 2.8935341835021973, "Epoch 377 Step 39": 2.887169361114502, "Epoch 377 Step 40": 2.8854103088378906, "Epoch 377 Step 41": 2.88350248336792, "Epoch 377 Step 42": 2.905137300491333, "Epoch 377 Step 43": 2.899543523788452, "Epoch 377 Step 44": 2.897132158279419, "Epoch 377 Step 45": 2.877384901046753, "Epoch 377 Step 46": 2.890920877456665, "Epoch 377 Step 47": 2.8946876525878906, "Epoch 377 Step 48": 2.874826669692993, "Epoch 377 Step 49": 2.8867251873016357, "Epoch 377 Step 50": 2.887227773666382, "Epoch 377 Step 51": 2.89235258102417, "Epoch 377 Step 52": 2.8957955837249756, "Epoch 377 Step 53": 2.8812623023986816, "Epoch 377 Step 54": 2.8919177055358887, "Epoch 377 Step 55": 2.878798723220825, "Epoch 377 Step 56": 2.8858559131622314, "Epoch 377 Step 57": 2.878361940383911, "Epoch 377 Step 58": 2.8920578956604004, "Epoch 377 Step 59": 2.87795090675354, "Epoch 377 Step 60": 2.882228136062622, "Epoch 377 Step 61": 2.888406276702881, "Epoch 377 Step 62": 2.8732950687408447, "Epoch 377 Step 63": 2.8720247745513916, "Epoch 377 Step 64": 2.87296986579895, "Epoch 377 Step 65": 2.888434410095215, "Epoch 377 Step 66": 2.8820016384124756, "Epoch 377 Step 67": 2.8777589797973633, "Epoch 377 Step 68": 2.8908228874206543, "Epoch 377 Step 69": 2.8957042694091797, "Epoch 377 Step 70": 2.88057804107666, "Epoch 377 Step 71": 2.876473903656006, "Epoch 377 Step 72": 2.8871467113494873, "Epoch 377 Step 73": 2.891385316848755, "Epoch 377 Step 74": 2.8804783821105957, "Epoch 377 Step 75": 2.881873369216919, "Epoch 377 Step 76": 2.877267360687256, "Epoch 377 Step 77": 2.8880984783172607, "Epoch 377 Step 78": 2.873664617538452, "Epoch 377 Step 79": 2.885662078857422, "Epoch 377 Step 80": 2.879443645477295, "Epoch 377 Step 81": 2.8833494186401367, "Epoch 377 Step 82": 2.8849575519561768, "Epoch 377 Step 83": 2.871342897415161, "Epoch 377 Step 84": 2.884387254714966, "Epoch 377 Step 85": 2.888148784637451, "Epoch 377 Step 86": 2.886092185974121, "Epoch 377 Step 87": 2.8889360427856445, "Epoch 377 Step 88": 2.8843986988067627, "Epoch 377 Step 89": 2.872612714767456}