{"Epoch 827 Step 0": 2.8851799964904785, "Epoch 827 Step 1": 2.881653070449829, "Epoch 827 Step 2": 2.8755671977996826, "Epoch 827 Step 3": 2.879521369934082, "Epoch 827 Step 4": 2.8938302993774414, "Epoch 827 Step 5": 2.888002634048462, "Epoch 827 Step 6": 2.87367582321167, "Epoch 827 Step 7": 2.8906702995300293, "Epoch 827 Step 8": 2.8818047046661377, "Epoch 827 Step 9": 2.8760743141174316, "Epoch 827 Step 10": 2.8729195594787598, "Epoch 827 Step 11": 2.881807804107666, "Epoch 827 Step 12": 2.8876264095306396, "Epoch 827 Step 13": 2.8804805278778076, "Epoch 827 Step 14": 2.878486394882202, "Epoch 827 Step 15": 2.878098726272583, "Epoch 827 Step 16": 2.876516103744507, "Epoch 827 Step 17": 2.8879666328430176, "Epoch 827 Step 18": 2.8751583099365234, "Epoch 827 Step 19": 2.8913958072662354, "Epoch 827 Step 20": 2.8717410564422607, "Epoch 827 Step 21": 2.8747642040252686, "Epoch 827 Step 22": 2.879951000213623, "Epoch 827 Step 23": 2.868250608444214, "Epoch 827 Step 24": 2.886594533920288, "Epoch 827 Step 25": 2.881457567214966, "Epoch 827 Step 26": 2.887152910232544, "Epoch 827 Step 27": 2.893311023712158, "Epoch 827 Step 28": 2.88594651222229, "Epoch 827 Step 29": 2.8786346912384033, "Epoch 827 Step 30": 2.8852181434631348, "Epoch 827 Step 31": 2.8959250450134277, "Epoch 827 Step 32": 2.8939011096954346, "Epoch 827 Step 33": 2.893089532852173, "Epoch 827 Step 34": 2.8880364894866943, "Epoch 827 Step 35": 2.886059284210205, "Epoch 827 Step 36": 2.881808280944824, "Epoch 827 Step 37": 2.9033796787261963, "Epoch 827 Step 38": 2.898496389389038, "Epoch 827 Step 39": 2.8982112407684326, "Epoch 827 Step 40": 2.875225782394409, "Epoch 827 Step 41": 2.8888256549835205, "Epoch 827 Step 42": 2.894598960876465, "Epoch 827 Step 43": 2.8756377696990967, "Epoch 827 Step 44": 2.8863584995269775, "Epoch 827 Step 45": 2.8867526054382324, "Epoch 827 Step 46": 2.891052484512329, "Epoch 827 Step 47": 2.895238161087036, "Epoch 827 Step 48": 2.8819472789764404, "Epoch 827 Step 49": 2.8940863609313965, "Epoch 827 Step 50": 2.8787734508514404, "Epoch 827 Step 51": 2.884782552719116, "Epoch 827 Step 52": 2.879845380783081, "Epoch 827 Step 53": 2.8905229568481445, "Epoch 827 Step 54": 2.878079891204834, "Epoch 827 Step 55": 2.882599353790283, "Epoch 827 Step 56": 2.8885293006896973, "Epoch 827 Step 57": 2.873436689376831, "Epoch 827 Step 58": 2.8724405765533447, "Epoch 827 Step 59": 2.872023344039917, "Epoch 827 Step 60": 2.888826370239258, "Epoch 827 Step 61": 2.883202314376831, "Epoch 827 Step 62": 2.878170967102051, "Epoch 827 Step 63": 2.8892838954925537, "Epoch 827 Step 64": 2.895648241043091, "Epoch 827 Step 65": 2.88114070892334, "Epoch 827 Step 66": 2.8763532638549805, "Epoch 827 Step 67": 2.8875772953033447, "Epoch 827 Step 68": 2.8920388221740723, "Epoch 827 Step 69": 2.8802971839904785, "Epoch 827 Step 70": 2.882065534591675, "Epoch 827 Step 71": 2.8780605792999268, "Epoch 827 Step 72": 2.888526201248169, "Epoch 827 Step 73": 2.8736813068389893, "Epoch 827 Step 74": 2.8851280212402344, "Epoch 827 Step 75": 2.879164457321167, "Epoch 827 Step 76": 2.883188247680664, "Epoch 827 Step 77": 2.8852438926696777, "Epoch 827 Step 78": 2.871119499206543, "Epoch 827 Step 79": 2.8858532905578613, "Epoch 827 Step 80": 2.8882105350494385, "Epoch 827 Step 81": 2.885847330093384, "Epoch 827 Step 82": 2.889780282974243, "Epoch 827 Step 83": 2.884958028793335, "Epoch 827 Step 84": 2.8724191188812256, "Epoch 827 Step 85": 2.880699872970581, "Epoch 827 Step 86": 2.8766977787017822, "Epoch 827 Step 87": 2.8822274208068848, "Epoch 827 Step 88": 2.8830771446228027, "Epoch 827 Step 89": 2.890716314315796}