{"Epoch 703 Step 0": 2.893303155899048, "Epoch 703 Step 1": 2.8883373737335205, "Epoch 703 Step 2": 2.88608455657959, "Epoch 703 Step 3": 2.883700370788574, "Epoch 703 Step 4": 2.9044950008392334, "Epoch 703 Step 5": 2.900165319442749, "Epoch 703 Step 6": 2.8976688385009766, "Epoch 703 Step 7": 2.8755946159362793, "Epoch 703 Step 8": 2.8897204399108887, "Epoch 703 Step 9": 2.894136428833008, "Epoch 703 Step 10": 2.8757336139678955, "Epoch 703 Step 11": 2.8867571353912354, "Epoch 703 Step 12": 2.886894941329956, "Epoch 703 Step 13": 2.892420530319214, "Epoch 703 Step 14": 2.8967607021331787, "Epoch 703 Step 15": 2.881969690322876, "Epoch 703 Step 16": 2.8936829566955566, "Epoch 703 Step 17": 2.8780174255371094, "Epoch 703 Step 18": 2.8848094940185547, "Epoch 703 Step 19": 2.8778135776519775, "Epoch 703 Step 20": 2.8921892642974854, "Epoch 703 Step 21": 2.8782665729522705, "Epoch 703 Step 22": 2.8830151557922363, "Epoch 703 Step 23": 2.888765335083008, "Epoch 703 Step 24": 2.873992681503296, "Epoch 703 Step 25": 2.871833562850952, "Epoch 703 Step 26": 2.8717474937438965, "Epoch 703 Step 27": 2.888653039932251, "Epoch 703 Step 28": 2.881575107574463, "Epoch 703 Step 29": 2.877474308013916, "Epoch 703 Step 30": 2.8913955688476562, "Epoch 703 Step 31": 2.895066976547241, "Epoch 703 Step 32": 2.880922555923462, "Epoch 703 Step 33": 2.8766610622406006, "Epoch 703 Step 34": 2.8867075443267822, "Epoch 703 Step 35": 2.8914639949798584, "Epoch 703 Step 36": 2.8813695907592773, "Epoch 703 Step 37": 2.8834972381591797, "Epoch 703 Step 38": 2.878082752227783, "Epoch 703 Step 39": 2.888225793838501, "Epoch 703 Step 40": 2.8736188411712646, "Epoch 703 Step 41": 2.885561943054199, "Epoch 703 Step 42": 2.878596782684326, "Epoch 703 Step 43": 2.8827991485595703, "Epoch 703 Step 44": 2.8845276832580566, "Epoch 703 Step 45": 2.8711798191070557, "Epoch 703 Step 46": 2.8855574131011963, "Epoch 703 Step 47": 2.8874285221099854, "Epoch 703 Step 48": 2.8856377601623535, "Epoch 703 Step 49": 2.889439105987549, "Epoch 703 Step 50": 2.8841307163238525, "Epoch 703 Step 51": 2.872220039367676, "Epoch 703 Step 52": 2.8813421726226807, "Epoch 703 Step 53": 2.876680612564087, "Epoch 703 Step 54": 2.882540225982666, "Epoch 703 Step 55": 2.8834753036499023, "Epoch 703 Step 56": 2.892073631286621, "Epoch 703 Step 57": 2.8851842880249023, "Epoch 703 Step 58": 2.885272264480591, "Epoch 703 Step 59": 2.881032705307007, "Epoch 703 Step 60": 2.8761045932769775, "Epoch 703 Step 61": 2.8797874450683594, "Epoch 703 Step 62": 2.894413948059082, "Epoch 703 Step 63": 2.888395071029663, "Epoch 703 Step 64": 2.873607873916626, "Epoch 703 Step 65": 2.8904173374176025, "Epoch 703 Step 66": 2.882662534713745, "Epoch 703 Step 67": 2.875303268432617, "Epoch 703 Step 68": 2.872865676879883, "Epoch 703 Step 69": 2.8822526931762695, "Epoch 703 Step 70": 2.887877941131592, "Epoch 703 Step 71": 2.880741834640503, "Epoch 703 Step 72": 2.879671335220337, "Epoch 703 Step 73": 2.8788676261901855, "Epoch 703 Step 74": 2.8762266635894775, "Epoch 703 Step 75": 2.887803316116333, "Epoch 703 Step 76": 2.87507700920105, "Epoch 703 Step 77": 2.8911759853363037, "Epoch 703 Step 78": 2.871455192565918, "Epoch 703 Step 79": 2.8747787475585938, "Epoch 703 Step 80": 2.8799078464508057, "Epoch 703 Step 81": 2.8684961795806885, "Epoch 703 Step 82": 2.8864612579345703, "Epoch 703 Step 83": 2.881324529647827, "Epoch 703 Step 84": 2.8870790004730225, "Epoch 703 Step 85": 2.893265724182129, "Epoch 703 Step 86": 2.886384963989258, "Epoch 703 Step 87": 2.877840042114258, "Epoch 703 Step 88": 2.885192394256592, "Epoch 703 Step 89": 2.8959200382232666}