{"Epoch 846 Step 0": 2.887850046157837, "Epoch 846 Step 1": 2.8737504482269287, "Epoch 846 Step 2": 2.884988784790039, "Epoch 846 Step 3": 2.8790512084960938, "Epoch 846 Step 4": 2.882906913757324, "Epoch 846 Step 5": 2.884955406188965, "Epoch 846 Step 6": 2.8713154792785645, "Epoch 846 Step 7": 2.8853299617767334, "Epoch 846 Step 8": 2.887568473815918, "Epoch 846 Step 9": 2.8862626552581787, "Epoch 846 Step 10": 2.8896536827087402, "Epoch 846 Step 11": 2.88440203666687, "Epoch 846 Step 12": 2.872040033340454, "Epoch 846 Step 13": 2.8814163208007812, "Epoch 846 Step 14": 2.877532720565796, "Epoch 846 Step 15": 2.8833465576171875, "Epoch 846 Step 16": 2.882720708847046, "Epoch 846 Step 17": 2.8906641006469727, "Epoch 846 Step 18": 2.884552001953125, "Epoch 846 Step 19": 2.8849048614501953, "Epoch 846 Step 20": 2.881592035293579, "Epoch 846 Step 21": 2.875619649887085, "Epoch 846 Step 22": 2.8802223205566406, "Epoch 846 Step 23": 2.893951416015625, "Epoch 846 Step 24": 2.8881418704986572, "Epoch 846 Step 25": 2.8746941089630127, "Epoch 846 Step 26": 2.8902790546417236, "Epoch 846 Step 27": 2.8824589252471924, "Epoch 846 Step 28": 2.8754138946533203, "Epoch 846 Step 29": 2.8731424808502197, "Epoch 846 Step 30": 2.881884813308716, "Epoch 846 Step 31": 2.8880655765533447, "Epoch 846 Step 32": 2.8795814514160156, "Epoch 846 Step 33": 2.8791182041168213, "Epoch 846 Step 34": 2.8788278102874756, "Epoch 846 Step 35": 2.8765158653259277, "Epoch 846 Step 36": 2.8879153728485107, "Epoch 846 Step 37": 2.8741064071655273, "Epoch 846 Step 38": 2.8915815353393555, "Epoch 846 Step 39": 2.871105194091797, "Epoch 846 Step 40": 2.875140905380249, "Epoch 846 Step 41": 2.8793842792510986, "Epoch 846 Step 42": 2.8681678771972656, "Epoch 846 Step 43": 2.887096643447876, "Epoch 846 Step 44": 2.881514549255371, "Epoch 846 Step 45": 2.887204885482788, "Epoch 846 Step 46": 2.8936634063720703, "Epoch 846 Step 47": 2.8868672847747803, "Epoch 846 Step 48": 2.8782622814178467, "Epoch 846 Step 49": 2.8843984603881836, "Epoch 846 Step 50": 2.8948776721954346, "Epoch 846 Step 51": 2.893686294555664, "Epoch 846 Step 52": 2.8927745819091797, "Epoch 846 Step 53": 2.888303279876709, "Epoch 846 Step 54": 2.8867475986480713, "Epoch 846 Step 55": 2.8839876651763916, "Epoch 846 Step 56": 2.9044134616851807, "Epoch 846 Step 57": 2.902027130126953, "Epoch 846 Step 58": 2.899836301803589, "Epoch 846 Step 59": 2.874986410140991, "Epoch 846 Step 60": 2.888159990310669, "Epoch 846 Step 61": 2.8924214839935303, "Epoch 846 Step 62": 2.875183582305908, "Epoch 846 Step 63": 2.8868885040283203, "Epoch 846 Step 64": 2.8869922161102295, "Epoch 846 Step 65": 2.8912456035614014, "Epoch 846 Step 66": 2.895794153213501, "Epoch 846 Step 67": 2.881972551345825, "Epoch 846 Step 68": 2.894179105758667, "Epoch 846 Step 69": 2.878713607788086, "Epoch 846 Step 70": 2.884950876235962, "Epoch 846 Step 71": 2.8785035610198975, "Epoch 846 Step 72": 2.8922951221466064, "Epoch 846 Step 73": 2.8786654472351074, "Epoch 846 Step 74": 2.8826582431793213, "Epoch 846 Step 75": 2.888460874557495, "Epoch 846 Step 76": 2.873220443725586, "Epoch 846 Step 77": 2.8723182678222656, "Epoch 846 Step 78": 2.872295618057251, "Epoch 846 Step 79": 2.888136863708496, "Epoch 846 Step 80": 2.8816678524017334, "Epoch 846 Step 81": 2.87803316116333, "Epoch 846 Step 82": 2.889047861099243, "Epoch 846 Step 83": 2.8953492641448975, "Epoch 846 Step 84": 2.8803749084472656, "Epoch 846 Step 85": 2.876145124435425, "Epoch 846 Step 86": 2.887934923171997, "Epoch 846 Step 87": 2.8919289112091064, "Epoch 846 Step 88": 2.8805696964263916, "Epoch 846 Step 89": 2.8814826011657715}