{"Epoch 218 Step 0": 2.881969451904297, "Epoch 218 Step 1": 2.8837027549743652, "Epoch 218 Step 2": 2.8707950115203857, "Epoch 218 Step 3": 2.8839454650878906, "Epoch 218 Step 4": 2.886366605758667, "Epoch 218 Step 5": 2.8844845294952393, "Epoch 218 Step 6": 2.888200044631958, "Epoch 218 Step 7": 2.884223222732544, "Epoch 218 Step 8": 2.8722050189971924, "Epoch 218 Step 9": 2.8798627853393555, "Epoch 218 Step 10": 2.876683473587036, "Epoch 218 Step 11": 2.8826231956481934, "Epoch 218 Step 12": 2.8815250396728516, "Epoch 218 Step 13": 2.890591859817505, "Epoch 218 Step 14": 2.884763240814209, "Epoch 218 Step 15": 2.8850300312042236, "Epoch 218 Step 16": 2.880666494369507, "Epoch 218 Step 17": 2.8746438026428223, "Epoch 218 Step 18": 2.8789761066436768, "Epoch 218 Step 19": 2.8922150135040283, "Epoch 218 Step 20": 2.8873181343078613, "Epoch 218 Step 21": 2.8734610080718994, "Epoch 218 Step 22": 2.8897202014923096, "Epoch 218 Step 23": 2.881025552749634, "Epoch 218 Step 24": 2.8753368854522705, "Epoch 218 Step 25": 2.8728599548339844, "Epoch 218 Step 26": 2.8814384937286377, "Epoch 218 Step 27": 2.8876798152923584, "Epoch 218 Step 28": 2.879538059234619, "Epoch 218 Step 29": 2.8783211708068848, "Epoch 218 Step 30": 2.878220796585083, "Epoch 218 Step 31": 2.875319719314575, "Epoch 218 Step 32": 2.8871989250183105, "Epoch 218 Step 33": 2.872507095336914, "Epoch 218 Step 34": 2.8901960849761963, "Epoch 218 Step 35": 2.871159315109253, "Epoch 218 Step 36": 2.8738644123077393, "Epoch 218 Step 37": 2.8794314861297607, "Epoch 218 Step 38": 2.867830514907837, "Epoch 218 Step 39": 2.886446952819824, "Epoch 218 Step 40": 2.8806331157684326, "Epoch 218 Step 41": 2.8861501216888428, "Epoch 218 Step 42": 2.891906261444092, "Epoch 218 Step 43": 2.8857247829437256, "Epoch 218 Step 44": 2.8768980503082275, "Epoch 218 Step 45": 2.883751392364502, "Epoch 218 Step 46": 2.8940536975860596, "Epoch 218 Step 47": 2.8943259716033936, "Epoch 218 Step 48": 2.892024040222168, "Epoch 218 Step 49": 2.8876230716705322, "Epoch 218 Step 50": 2.887305498123169, "Epoch 218 Step 51": 2.8834962844848633, "Epoch 218 Step 52": 2.9036574363708496, "Epoch 218 Step 53": 2.901446580886841, "Epoch 218 Step 54": 2.89823317527771, "Epoch 218 Step 55": 2.875760793685913, "Epoch 218 Step 56": 2.88745379447937, "Epoch 218 Step 57": 2.891716241836548, "Epoch 218 Step 58": 2.8746466636657715, "Epoch 218 Step 59": 2.8862931728363037, "Epoch 218 Step 60": 2.887540102005005, "Epoch 218 Step 61": 2.8922059535980225, "Epoch 218 Step 62": 2.8954741954803467, "Epoch 218 Step 63": 2.8820574283599854, "Epoch 218 Step 64": 2.892103433609009, "Epoch 218 Step 65": 2.878971576690674, "Epoch 218 Step 66": 2.8853776454925537, "Epoch 218 Step 67": 2.877329111099243, "Epoch 218 Step 68": 2.890967845916748, "Epoch 218 Step 69": 2.8772239685058594, "Epoch 218 Step 70": 2.8832623958587646, "Epoch 218 Step 71": 2.8882081508636475, "Epoch 218 Step 72": 2.8732709884643555, "Epoch 218 Step 73": 2.87178897857666, "Epoch 218 Step 74": 2.871736764907837, "Epoch 218 Step 75": 2.887413263320923, "Epoch 218 Step 76": 2.8830649852752686, "Epoch 218 Step 77": 2.877930164337158, "Epoch 218 Step 78": 2.890117883682251, "Epoch 218 Step 79": 2.894270181655884, "Epoch 218 Step 80": 2.880721092224121, "Epoch 218 Step 81": 2.8767313957214355, "Epoch 218 Step 82": 2.886098623275757, "Epoch 218 Step 83": 2.891178607940674, "Epoch 218 Step 84": 2.88014817237854, "Epoch 218 Step 85": 2.8811538219451904, "Epoch 218 Step 86": 2.8768889904022217, "Epoch 218 Step 87": 2.887366533279419, "Epoch 218 Step 88": 2.8740029335021973, "Epoch 218 Step 89": 2.8849551677703857}