{"Epoch 749 Step 0": 2.871392011642456, "Epoch 749 Step 1": 2.885967493057251, "Epoch 749 Step 2": 2.8882083892822266, "Epoch 749 Step 3": 2.88704252243042, "Epoch 749 Step 4": 2.8901867866516113, "Epoch 749 Step 5": 2.885070323944092, "Epoch 749 Step 6": 2.873018980026245, "Epoch 749 Step 7": 2.879889726638794, "Epoch 749 Step 8": 2.877018451690674, "Epoch 749 Step 9": 2.8832931518554688, "Epoch 749 Step 10": 2.8829145431518555, "Epoch 749 Step 11": 2.8905351161956787, "Epoch 749 Step 12": 2.884605646133423, "Epoch 749 Step 13": 2.8847742080688477, "Epoch 749 Step 14": 2.881387710571289, "Epoch 749 Step 15": 2.8772544860839844, "Epoch 749 Step 16": 2.8793160915374756, "Epoch 749 Step 17": 2.8937759399414062, "Epoch 749 Step 18": 2.888016939163208, "Epoch 749 Step 19": 2.8735623359680176, "Epoch 749 Step 20": 2.8903467655181885, "Epoch 749 Step 21": 2.8826725482940674, "Epoch 749 Step 22": 2.875556707382202, "Epoch 749 Step 23": 2.87345027923584, "Epoch 749 Step 24": 2.8818933963775635, "Epoch 749 Step 25": 2.8875792026519775, "Epoch 749 Step 26": 2.880082607269287, "Epoch 749 Step 27": 2.878988742828369, "Epoch 749 Step 28": 2.8788061141967773, "Epoch 749 Step 29": 2.8762106895446777, "Epoch 749 Step 30": 2.888113260269165, "Epoch 749 Step 31": 2.874224901199341, "Epoch 749 Step 32": 2.891016960144043, "Epoch 749 Step 33": 2.871248722076416, "Epoch 749 Step 34": 2.8746023178100586, "Epoch 749 Step 35": 2.8796887397766113, "Epoch 749 Step 36": 2.868130922317505, "Epoch 749 Step 37": 2.887521982192993, "Epoch 749 Step 38": 2.8812358379364014, "Epoch 749 Step 39": 2.886883020401001, "Epoch 749 Step 40": 2.893037796020508, "Epoch 749 Step 41": 2.887131929397583, "Epoch 749 Step 42": 2.8785576820373535, "Epoch 749 Step 43": 2.8845555782318115, "Epoch 749 Step 44": 2.8952646255493164, "Epoch 749 Step 45": 2.894869327545166, "Epoch 749 Step 46": 2.892944574356079, "Epoch 749 Step 47": 2.888024091720581, "Epoch 749 Step 48": 2.8867104053497314, "Epoch 749 Step 49": 2.8837015628814697, "Epoch 749 Step 50": 2.9077701568603516, "Epoch 749 Step 51": 2.8964438438415527, "Epoch 749 Step 52": 2.902634620666504, "Epoch 749 Step 53": 2.87614107131958, "Epoch 749 Step 54": 2.8889517784118652, "Epoch 749 Step 55": 2.894026756286621, "Epoch 749 Step 56": 2.875779390335083, "Epoch 749 Step 57": 2.887040853500366, "Epoch 749 Step 58": 2.886840581893921, "Epoch 749 Step 59": 2.8916354179382324, "Epoch 749 Step 60": 2.8958230018615723, "Epoch 749 Step 61": 2.881556987762451, "Epoch 749 Step 62": 2.892819881439209, "Epoch 749 Step 63": 2.879305839538574, "Epoch 749 Step 64": 2.8849260807037354, "Epoch 749 Step 65": 2.877835988998413, "Epoch 749 Step 66": 2.8911242485046387, "Epoch 749 Step 67": 2.8777015209198, "Epoch 749 Step 68": 2.8829293251037598, "Epoch 749 Step 69": 2.8888065814971924, "Epoch 749 Step 70": 2.8733677864074707, "Epoch 749 Step 71": 2.8717312812805176, "Epoch 749 Step 72": 2.8719043731689453, "Epoch 749 Step 73": 2.88828182220459, "Epoch 749 Step 74": 2.881915807723999, "Epoch 749 Step 75": 2.8782167434692383, "Epoch 749 Step 76": 2.8895273208618164, "Epoch 749 Step 77": 2.8955321311950684, "Epoch 749 Step 78": 2.8803160190582275, "Epoch 749 Step 79": 2.875349521636963, "Epoch 749 Step 80": 2.887969732284546, "Epoch 749 Step 81": 2.8923330307006836, "Epoch 749 Step 82": 2.880524158477783, "Epoch 749 Step 83": 2.8811635971069336, "Epoch 749 Step 84": 2.877554416656494, "Epoch 749 Step 85": 2.8877029418945312, "Epoch 749 Step 86": 2.8738300800323486, "Epoch 749 Step 87": 2.8853635787963867, "Epoch 749 Step 88": 2.8793392181396484, "Epoch 749 Step 89": 2.8831751346588135}