{"Epoch 676 Step 0": 2.8884828090667725, "Epoch 676 Step 1": 2.8818421363830566, "Epoch 676 Step 2": 2.877401351928711, "Epoch 676 Step 3": 2.8894426822662354, "Epoch 676 Step 4": 2.895062208175659, "Epoch 676 Step 5": 2.8809080123901367, "Epoch 676 Step 6": 2.876243829727173, "Epoch 676 Step 7": 2.8878936767578125, "Epoch 676 Step 8": 2.8920276165008545, "Epoch 676 Step 9": 2.8821465969085693, "Epoch 676 Step 10": 2.8822474479675293, "Epoch 676 Step 11": 2.8786001205444336, "Epoch 676 Step 12": 2.887523651123047, "Epoch 676 Step 13": 2.873645544052124, "Epoch 676 Step 14": 2.8855292797088623, "Epoch 676 Step 15": 2.8796708583831787, "Epoch 676 Step 16": 2.8827297687530518, "Epoch 676 Step 17": 2.884732246398926, "Epoch 676 Step 18": 2.871613025665283, "Epoch 676 Step 19": 2.885634183883667, "Epoch 676 Step 20": 2.8876187801361084, "Epoch 676 Step 21": 2.886254072189331, "Epoch 676 Step 22": 2.889939785003662, "Epoch 676 Step 23": 2.884204149246216, "Epoch 676 Step 24": 2.872427225112915, "Epoch 676 Step 25": 2.8811120986938477, "Epoch 676 Step 26": 2.877626419067383, "Epoch 676 Step 27": 2.883141040802002, "Epoch 676 Step 28": 2.8831937313079834, "Epoch 676 Step 29": 2.8906538486480713, "Epoch 676 Step 30": 2.8850302696228027, "Epoch 676 Step 31": 2.8847105503082275, "Epoch 676 Step 32": 2.8810882568359375, "Epoch 676 Step 33": 2.8761866092681885, "Epoch 676 Step 34": 2.87968111038208, "Epoch 676 Step 35": 2.894105911254883, "Epoch 676 Step 36": 2.8881101608276367, "Epoch 676 Step 37": 2.8738715648651123, "Epoch 676 Step 38": 2.890202522277832, "Epoch 676 Step 39": 2.882291078567505, "Epoch 676 Step 40": 2.8755059242248535, "Epoch 676 Step 41": 2.8725790977478027, "Epoch 676 Step 42": 2.8822107315063477, "Epoch 676 Step 43": 2.8877227306365967, "Epoch 676 Step 44": 2.8802261352539062, "Epoch 676 Step 45": 2.8790807723999023, "Epoch 676 Step 46": 2.878385305404663, "Epoch 676 Step 47": 2.8764877319335938, "Epoch 676 Step 48": 2.888002634048462, "Epoch 676 Step 49": 2.874338150024414, "Epoch 676 Step 50": 2.8909249305725098, "Epoch 676 Step 51": 2.871083974838257, "Epoch 676 Step 52": 2.8744661808013916, "Epoch 676 Step 53": 2.879469394683838, "Epoch 676 Step 54": 2.8679280281066895, "Epoch 676 Step 55": 2.8869690895080566, "Epoch 676 Step 56": 2.8813490867614746, "Epoch 676 Step 57": 2.886643648147583, "Epoch 676 Step 58": 2.892815589904785, "Epoch 676 Step 59": 2.8859736919403076, "Epoch 676 Step 60": 2.8785033226013184, "Epoch 676 Step 61": 2.884951591491699, "Epoch 676 Step 62": 2.895663261413574, "Epoch 676 Step 63": 2.894531011581421, "Epoch 676 Step 64": 2.8932461738586426, "Epoch 676 Step 65": 2.8887572288513184, "Epoch 676 Step 66": 2.886920928955078, "Epoch 676 Step 67": 2.8828084468841553, "Epoch 676 Step 68": 2.9041340351104736, "Epoch 676 Step 69": 2.9005372524261475, "Epoch 676 Step 70": 2.8998467922210693, "Epoch 676 Step 71": 2.874793767929077, "Epoch 676 Step 72": 2.8878605365753174, "Epoch 676 Step 73": 2.8929848670959473, "Epoch 676 Step 74": 2.875117063522339, "Epoch 676 Step 75": 2.8864028453826904, "Epoch 676 Step 76": 2.8867037296295166, "Epoch 676 Step 77": 2.8912875652313232, "Epoch 676 Step 78": 2.8950035572052, "Epoch 676 Step 79": 2.8809611797332764, "Epoch 676 Step 80": 2.892331123352051, "Epoch 676 Step 81": 2.8779656887054443, "Epoch 676 Step 82": 2.884521245956421, "Epoch 676 Step 83": 2.8787829875946045, "Epoch 676 Step 84": 2.8910531997680664, "Epoch 676 Step 85": 2.8780035972595215, "Epoch 676 Step 86": 2.8828752040863037, "Epoch 676 Step 87": 2.888594150543213, "Epoch 676 Step 88": 2.8736417293548584, "Epoch 676 Step 89": 2.872091054916382}