{"Epoch 824 Step 0": 2.879412889480591, "Epoch 824 Step 1": 2.893970251083374, "Epoch 824 Step 2": 2.8881099224090576, "Epoch 824 Step 3": 2.874039888381958, "Epoch 824 Step 4": 2.890652656555176, "Epoch 824 Step 5": 2.882174253463745, "Epoch 824 Step 6": 2.876155138015747, "Epoch 824 Step 7": 2.8731327056884766, "Epoch 824 Step 8": 2.882159948348999, "Epoch 824 Step 9": 2.8876240253448486, "Epoch 824 Step 10": 2.880744218826294, "Epoch 824 Step 11": 2.8793370723724365, "Epoch 824 Step 12": 2.878587245941162, "Epoch 824 Step 13": 2.8758137226104736, "Epoch 824 Step 14": 2.888068437576294, "Epoch 824 Step 15": 2.874868631362915, "Epoch 824 Step 16": 2.8916330337524414, "Epoch 824 Step 17": 2.8708858489990234, "Epoch 824 Step 18": 2.874620199203491, "Epoch 824 Step 19": 2.878859758377075, "Epoch 824 Step 20": 2.8677921295166016, "Epoch 824 Step 21": 2.887101888656616, "Epoch 824 Step 22": 2.8814942836761475, "Epoch 824 Step 23": 2.8869738578796387, "Epoch 824 Step 24": 2.8926286697387695, "Epoch 824 Step 25": 2.8862416744232178, "Epoch 824 Step 26": 2.8799285888671875, "Epoch 824 Step 27": 2.885394334793091, "Epoch 824 Step 28": 2.8945834636688232, "Epoch 824 Step 29": 2.89337420463562, "Epoch 824 Step 30": 2.892162799835205, "Epoch 824 Step 31": 2.888392925262451, "Epoch 824 Step 32": 2.887127637863159, "Epoch 824 Step 33": 2.885361433029175, "Epoch 824 Step 34": 2.9047937393188477, "Epoch 824 Step 35": 2.9029133319854736, "Epoch 824 Step 36": 2.8986756801605225, "Epoch 824 Step 37": 2.875699520111084, "Epoch 824 Step 38": 2.888000965118408, "Epoch 824 Step 39": 2.8930881023406982, "Epoch 824 Step 40": 2.8749871253967285, "Epoch 824 Step 41": 2.886338710784912, "Epoch 824 Step 42": 2.8870437145233154, "Epoch 824 Step 43": 2.8915724754333496, "Epoch 824 Step 44": 2.895902156829834, "Epoch 824 Step 45": 2.882385015487671, "Epoch 824 Step 46": 2.8941469192504883, "Epoch 824 Step 47": 2.8781914710998535, "Epoch 824 Step 48": 2.885500907897949, "Epoch 824 Step 49": 2.878265619277954, "Epoch 824 Step 50": 2.892636775970459, "Epoch 824 Step 51": 2.877986192703247, "Epoch 824 Step 52": 2.883258104324341, "Epoch 824 Step 53": 2.8887975215911865, "Epoch 824 Step 54": 2.8731765747070312, "Epoch 824 Step 55": 2.8723294734954834, "Epoch 824 Step 56": 2.8723933696746826, "Epoch 824 Step 57": 2.888427257537842, "Epoch 824 Step 58": 2.8825466632843018, "Epoch 824 Step 59": 2.877927303314209, "Epoch 824 Step 60": 2.890258550643921, "Epoch 824 Step 61": 2.896207332611084, "Epoch 824 Step 62": 2.881091594696045, "Epoch 824 Step 63": 2.876246452331543, "Epoch 824 Step 64": 2.88750958442688, "Epoch 824 Step 65": 2.8918774127960205, "Epoch 824 Step 66": 2.8804261684417725, "Epoch 824 Step 67": 2.8821513652801514, "Epoch 824 Step 68": 2.877861261367798, "Epoch 824 Step 69": 2.8873589038848877, "Epoch 824 Step 70": 2.873816967010498, "Epoch 824 Step 71": 2.8849411010742188, "Epoch 824 Step 72": 2.8789870738983154, "Epoch 824 Step 73": 2.882894277572632, "Epoch 824 Step 74": 2.884749174118042, "Epoch 824 Step 75": 2.871293306350708, "Epoch 824 Step 76": 2.8849542140960693, "Epoch 824 Step 77": 2.887817621231079, "Epoch 824 Step 78": 2.8862497806549072, "Epoch 824 Step 79": 2.8897194862365723, "Epoch 824 Step 80": 2.8848769664764404, "Epoch 824 Step 81": 2.872401475906372, "Epoch 824 Step 82": 2.8814380168914795, "Epoch 824 Step 83": 2.8770928382873535, "Epoch 824 Step 84": 2.882812023162842, "Epoch 824 Step 85": 2.883465528488159, "Epoch 824 Step 86": 2.89082407951355, "Epoch 824 Step 87": 2.884422779083252, "Epoch 824 Step 88": 2.885206699371338, "Epoch 824 Step 89": 2.881382703781128}