{"Epoch 388 Step 0": 2.87898588180542, "Epoch 388 Step 1": 2.882794141769409, "Epoch 388 Step 2": 2.8845367431640625, "Epoch 388 Step 3": 2.8714654445648193, "Epoch 388 Step 4": 2.884884834289551, "Epoch 388 Step 5": 2.8880081176757812, "Epoch 388 Step 6": 2.885906457901001, "Epoch 388 Step 7": 2.8896307945251465, "Epoch 388 Step 8": 2.8839590549468994, "Epoch 388 Step 9": 2.8719143867492676, "Epoch 388 Step 10": 2.8815534114837646, "Epoch 388 Step 11": 2.8776988983154297, "Epoch 388 Step 12": 2.882753372192383, "Epoch 388 Step 13": 2.883190155029297, "Epoch 388 Step 14": 2.890537977218628, "Epoch 388 Step 15": 2.884493350982666, "Epoch 388 Step 16": 2.8849172592163086, "Epoch 388 Step 17": 2.881277084350586, "Epoch 388 Step 18": 2.8751535415649414, "Epoch 388 Step 19": 2.8798699378967285, "Epoch 388 Step 20": 2.8939383029937744, "Epoch 388 Step 21": 2.8882861137390137, "Epoch 388 Step 22": 2.8737545013427734, "Epoch 388 Step 23": 2.8904547691345215, "Epoch 388 Step 24": 2.8819525241851807, "Epoch 388 Step 25": 2.875204563140869, "Epoch 388 Step 26": 2.871779441833496, "Epoch 388 Step 27": 2.8828046321868896, "Epoch 388 Step 28": 2.888054847717285, "Epoch 388 Step 29": 2.880235433578491, "Epoch 388 Step 30": 2.878810167312622, "Epoch 388 Step 31": 2.8780667781829834, "Epoch 388 Step 32": 2.876220941543579, "Epoch 388 Step 33": 2.887791395187378, "Epoch 388 Step 34": 2.8743321895599365, "Epoch 388 Step 35": 2.8913965225219727, "Epoch 388 Step 36": 2.8712899684906006, "Epoch 388 Step 37": 2.8746156692504883, "Epoch 388 Step 38": 2.879518985748291, "Epoch 388 Step 39": 2.8679215908050537, "Epoch 388 Step 40": 2.8868160247802734, "Epoch 388 Step 41": 2.8815226554870605, "Epoch 388 Step 42": 2.887216567993164, "Epoch 388 Step 43": 2.893213987350464, "Epoch 388 Step 44": 2.886270523071289, "Epoch 388 Step 45": 2.8782224655151367, "Epoch 388 Step 46": 2.885028600692749, "Epoch 388 Step 47": 2.895878791809082, "Epoch 388 Step 48": 2.8940834999084473, "Epoch 388 Step 49": 2.892791986465454, "Epoch 388 Step 50": 2.88836407661438, "Epoch 388 Step 51": 2.8869271278381348, "Epoch 388 Step 52": 2.882277011871338, "Epoch 388 Step 53": 2.9034900665283203, "Epoch 388 Step 54": 2.9012022018432617, "Epoch 388 Step 55": 2.9001412391662598, "Epoch 388 Step 56": 2.87528395652771, "Epoch 388 Step 57": 2.888747215270996, "Epoch 388 Step 58": 2.892287492752075, "Epoch 388 Step 59": 2.8752806186676025, "Epoch 388 Step 60": 2.886563777923584, "Epoch 388 Step 61": 2.8865208625793457, "Epoch 388 Step 62": 2.8906919956207275, "Epoch 388 Step 63": 2.895231008529663, "Epoch 388 Step 64": 2.8817152976989746, "Epoch 388 Step 65": 2.8937790393829346, "Epoch 388 Step 66": 2.878380060195923, "Epoch 388 Step 67": 2.8845298290252686, "Epoch 388 Step 68": 2.8780596256256104, "Epoch 388 Step 69": 2.8919758796691895, "Epoch 388 Step 70": 2.8782382011413574, "Epoch 388 Step 71": 2.882553815841675, "Epoch 388 Step 72": 2.888774871826172, "Epoch 388 Step 73": 2.8734254837036133, "Epoch 388 Step 74": 2.8718502521514893, "Epoch 388 Step 75": 2.872380256652832, "Epoch 388 Step 76": 2.888477087020874, "Epoch 388 Step 77": 2.881714344024658, "Epoch 388 Step 78": 2.877736806869507, "Epoch 388 Step 79": 2.89042329788208, "Epoch 388 Step 80": 2.8957440853118896, "Epoch 388 Step 81": 2.8802783489227295, "Epoch 388 Step 82": 2.8758604526519775, "Epoch 388 Step 83": 2.887599229812622, "Epoch 388 Step 84": 2.89125394821167, "Epoch 388 Step 85": 2.8813116550445557, "Epoch 388 Step 86": 2.88232421875, "Epoch 388 Step 87": 2.877885103225708, "Epoch 388 Step 88": 2.8873422145843506, "Epoch 388 Step 89": 2.8737728595733643}