{"Epoch 21 Step 0": 2.870180606842041, "Epoch 21 Step 1": 2.88085675239563, "Epoch 21 Step 2": 2.8866562843322754, "Epoch 21 Step 3": 2.878814220428467, "Epoch 21 Step 4": 2.8779091835021973, "Epoch 21 Step 5": 2.8778293132781982, "Epoch 21 Step 6": 2.8748385906219482, "Epoch 21 Step 7": 2.8862266540527344, "Epoch 21 Step 8": 2.872931957244873, "Epoch 21 Step 9": 2.8902952671051025, "Epoch 21 Step 10": 2.8716952800750732, "Epoch 21 Step 11": 2.87373948097229, "Epoch 21 Step 12": 2.878570795059204, "Epoch 21 Step 13": 2.8662359714508057, "Epoch 21 Step 14": 2.886211633682251, "Epoch 21 Step 15": 2.881026029586792, "Epoch 21 Step 16": 2.8856027126312256, "Epoch 21 Step 17": 2.8921778202056885, "Epoch 21 Step 18": 2.8848536014556885, "Epoch 21 Step 19": 2.8788247108459473, "Epoch 21 Step 20": 2.8836069107055664, "Epoch 21 Step 21": 2.893829822540283, "Epoch 21 Step 22": 2.894240140914917, "Epoch 21 Step 23": 2.8923537731170654, "Epoch 21 Step 24": 2.8879053592681885, "Epoch 21 Step 25": 2.8849856853485107, "Epoch 21 Step 26": 2.8813061714172363, "Epoch 21 Step 27": 2.9061574935913086, "Epoch 21 Step 28": 2.897407293319702, "Epoch 21 Step 29": 2.8957808017730713, "Epoch 21 Step 30": 2.8760178089141846, "Epoch 21 Step 31": 2.8881850242614746, "Epoch 21 Step 32": 2.892367362976074, "Epoch 21 Step 33": 2.8751161098480225, "Epoch 21 Step 34": 2.886005163192749, "Epoch 21 Step 35": 2.886098623275757, "Epoch 21 Step 36": 2.891040563583374, "Epoch 21 Step 37": 2.895552396774292, "Epoch 21 Step 38": 2.880984306335449, "Epoch 21 Step 39": 2.8938043117523193, "Epoch 21 Step 40": 2.8770458698272705, "Epoch 21 Step 41": 2.8834989070892334, "Epoch 21 Step 42": 2.8768270015716553, "Epoch 21 Step 43": 2.890040159225464, "Epoch 21 Step 44": 2.876859426498413, "Epoch 21 Step 45": 2.8819589614868164, "Epoch 21 Step 46": 2.88850998878479, "Epoch 21 Step 47": 2.8730931282043457, "Epoch 21 Step 48": 2.8721506595611572, "Epoch 21 Step 49": 2.8712291717529297, "Epoch 21 Step 50": 2.888256788253784, "Epoch 21 Step 51": 2.881094455718994, "Epoch 21 Step 52": 2.876447916030884, "Epoch 21 Step 53": 2.8898134231567383, "Epoch 21 Step 54": 2.8942461013793945, "Epoch 21 Step 55": 2.879114866256714, "Epoch 21 Step 56": 2.8769161701202393, "Epoch 21 Step 57": 2.8877744674682617, "Epoch 21 Step 58": 2.891185998916626, "Epoch 21 Step 59": 2.880308151245117, "Epoch 21 Step 60": 2.880662202835083, "Epoch 21 Step 61": 2.876993417739868, "Epoch 21 Step 62": 2.8867170810699463, "Epoch 21 Step 63": 2.8727259635925293, "Epoch 21 Step 64": 2.8846330642700195, "Epoch 21 Step 65": 2.878211259841919, "Epoch 21 Step 66": 2.882693290710449, "Epoch 21 Step 67": 2.884141206741333, "Epoch 21 Step 68": 2.869826078414917, "Epoch 21 Step 69": 2.884690284729004, "Epoch 21 Step 70": 2.8869009017944336, "Epoch 21 Step 71": 2.884542465209961, "Epoch 21 Step 72": 2.887928009033203, "Epoch 21 Step 73": 2.8834502696990967, "Epoch 21 Step 74": 2.8724546432495117, "Epoch 21 Step 75": 2.8793163299560547, "Epoch 21 Step 76": 2.876070976257324, "Epoch 21 Step 77": 2.882305860519409, "Epoch 21 Step 78": 2.8812832832336426, "Epoch 21 Step 79": 2.8901753425598145, "Epoch 21 Step 80": 2.885176420211792, "Epoch 21 Step 81": 2.8839528560638428, "Epoch 21 Step 82": 2.8808140754699707, "Epoch 21 Step 83": 2.873539686203003, "Epoch 21 Step 84": 2.877993583679199, "Epoch 21 Step 85": 2.8918027877807617, "Epoch 21 Step 86": 2.8871958255767822, "Epoch 21 Step 87": 2.873678207397461, "Epoch 21 Step 88": 2.88887357711792, "Epoch 21 Step 89": 2.8805124759674072}