{"Epoch 723 Step 0": 2.8807718753814697, "Epoch 723 Step 1": 2.8791050910949707, "Epoch 723 Step 2": 2.878295421600342, "Epoch 723 Step 3": 2.8760790824890137, "Epoch 723 Step 4": 2.8879051208496094, "Epoch 723 Step 5": 2.874734401702881, "Epoch 723 Step 6": 2.8909173011779785, "Epoch 723 Step 7": 2.871626138687134, "Epoch 723 Step 8": 2.874833822250366, "Epoch 723 Step 9": 2.8796980381011963, "Epoch 723 Step 10": 2.868408679962158, "Epoch 723 Step 11": 2.886798858642578, "Epoch 723 Step 12": 2.881561517715454, "Epoch 723 Step 13": 2.8872811794281006, "Epoch 723 Step 14": 2.8936827182769775, "Epoch 723 Step 15": 2.886455535888672, "Epoch 723 Step 16": 2.878110408782959, "Epoch 723 Step 17": 2.885237455368042, "Epoch 723 Step 18": 2.895920515060425, "Epoch 723 Step 19": 2.8955578804016113, "Epoch 723 Step 20": 2.8936445713043213, "Epoch 723 Step 21": 2.8877365589141846, "Epoch 723 Step 22": 2.8872666358947754, "Epoch 723 Step 23": 2.8858516216278076, "Epoch 723 Step 24": 2.9040613174438477, "Epoch 723 Step 25": 2.903923273086548, "Epoch 723 Step 26": 2.8970603942871094, "Epoch 723 Step 27": 2.8775088787078857, "Epoch 723 Step 28": 2.89143443107605, "Epoch 723 Step 29": 2.8960535526275635, "Epoch 723 Step 30": 2.8762526512145996, "Epoch 723 Step 31": 2.8868625164031982, "Epoch 723 Step 32": 2.888357162475586, "Epoch 723 Step 33": 2.8938138484954834, "Epoch 723 Step 34": 2.8965554237365723, "Epoch 723 Step 35": 2.881927967071533, "Epoch 723 Step 36": 2.893237352371216, "Epoch 723 Step 37": 2.8805272579193115, "Epoch 723 Step 38": 2.886441469192505, "Epoch 723 Step 39": 2.878882646560669, "Epoch 723 Step 40": 2.893486738204956, "Epoch 723 Step 41": 2.878286600112915, "Epoch 723 Step 42": 2.8839447498321533, "Epoch 723 Step 43": 2.8887877464294434, "Epoch 723 Step 44": 2.8736801147460938, "Epoch 723 Step 45": 2.8721110820770264, "Epoch 723 Step 46": 2.8730316162109375, "Epoch 723 Step 47": 2.8884074687957764, "Epoch 723 Step 48": 2.8824057579040527, "Epoch 723 Step 49": 2.877777099609375, "Epoch 723 Step 50": 2.8910973072052, "Epoch 723 Step 51": 2.8956458568573, "Epoch 723 Step 52": 2.880425214767456, "Epoch 723 Step 53": 2.875211477279663, "Epoch 723 Step 54": 2.8879051208496094, "Epoch 723 Step 55": 2.891958236694336, "Epoch 723 Step 56": 2.880810499191284, "Epoch 723 Step 57": 2.8814408779144287, "Epoch 723 Step 58": 2.877317190170288, "Epoch 723 Step 59": 2.8880012035369873, "Epoch 723 Step 60": 2.8737642765045166, "Epoch 723 Step 61": 2.8854434490203857, "Epoch 723 Step 62": 2.8794240951538086, "Epoch 723 Step 63": 2.882744312286377, "Epoch 723 Step 64": 2.8847711086273193, "Epoch 723 Step 65": 2.8716025352478027, "Epoch 723 Step 66": 2.8851420879364014, "Epoch 723 Step 67": 2.8876850605010986, "Epoch 723 Step 68": 2.8862218856811523, "Epoch 723 Step 69": 2.889799118041992, "Epoch 723 Step 70": 2.88466215133667, "Epoch 723 Step 71": 2.872020721435547, "Epoch 723 Step 72": 2.8814613819122314, "Epoch 723 Step 73": 2.8772804737091064, "Epoch 723 Step 74": 2.8825883865356445, "Epoch 723 Step 75": 2.8830676078796387, "Epoch 723 Step 76": 2.890852451324463, "Epoch 723 Step 77": 2.8846709728240967, "Epoch 723 Step 78": 2.8857648372650146, "Epoch 723 Step 79": 2.8818113803863525, "Epoch 723 Step 80": 2.875261068344116, "Epoch 723 Step 81": 2.879782199859619, "Epoch 723 Step 82": 2.894030809402466, "Epoch 723 Step 83": 2.888157844543457, "Epoch 723 Step 84": 2.8735854625701904, "Epoch 723 Step 85": 2.890728235244751, "Epoch 723 Step 86": 2.8821680545806885, "Epoch 723 Step 87": 2.876272439956665, "Epoch 723 Step 88": 2.873764753341675, "Epoch 723 Step 89": 2.8820409774780273}