{"Epoch 786 Step 0": 2.887913227081299, "Epoch 786 Step 1": 2.8909964561462402, "Epoch 786 Step 2": 2.874753475189209, "Epoch 786 Step 3": 2.8862946033477783, "Epoch 786 Step 4": 2.886458396911621, "Epoch 786 Step 5": 2.8913068771362305, "Epoch 786 Step 6": 2.8952128887176514, "Epoch 786 Step 7": 2.8817992210388184, "Epoch 786 Step 8": 2.893829584121704, "Epoch 786 Step 9": 2.878117084503174, "Epoch 786 Step 10": 2.8841710090637207, "Epoch 786 Step 11": 2.8778936862945557, "Epoch 786 Step 12": 2.890989303588867, "Epoch 786 Step 13": 2.877687931060791, "Epoch 786 Step 14": 2.8830983638763428, "Epoch 786 Step 15": 2.888585329055786, "Epoch 786 Step 16": 2.8736250400543213, "Epoch 786 Step 17": 2.8722245693206787, "Epoch 786 Step 18": 2.8718841075897217, "Epoch 786 Step 19": 2.8887906074523926, "Epoch 786 Step 20": 2.882324695587158, "Epoch 786 Step 21": 2.8781256675720215, "Epoch 786 Step 22": 2.8909974098205566, "Epoch 786 Step 23": 2.896103858947754, "Epoch 786 Step 24": 2.880732297897339, "Epoch 786 Step 25": 2.8767929077148438, "Epoch 786 Step 26": 2.8867125511169434, "Epoch 786 Step 27": 2.8915510177612305, "Epoch 786 Step 28": 2.8811123371124268, "Epoch 786 Step 29": 2.8824479579925537, "Epoch 786 Step 30": 2.8780786991119385, "Epoch 786 Step 31": 2.8874011039733887, "Epoch 786 Step 32": 2.8740153312683105, "Epoch 786 Step 33": 2.885348320007324, "Epoch 786 Step 34": 2.879202127456665, "Epoch 786 Step 35": 2.8831536769866943, "Epoch 786 Step 36": 2.8848509788513184, "Epoch 786 Step 37": 2.8709933757781982, "Epoch 786 Step 38": 2.8846518993377686, "Epoch 786 Step 39": 2.888183116912842, "Epoch 786 Step 40": 2.8860931396484375, "Epoch 786 Step 41": 2.8894474506378174, "Epoch 786 Step 42": 2.8846349716186523, "Epoch 786 Step 43": 2.8723464012145996, "Epoch 786 Step 44": 2.881535768508911, "Epoch 786 Step 45": 2.876988410949707, "Epoch 786 Step 46": 2.8828368186950684, "Epoch 786 Step 47": 2.883159875869751, "Epoch 786 Step 48": 2.890225410461426, "Epoch 786 Step 49": 2.885070562362671, "Epoch 786 Step 50": 2.885505437850952, "Epoch 786 Step 51": 2.8817787170410156, "Epoch 786 Step 52": 2.8751845359802246, "Epoch 786 Step 53": 2.8794915676116943, "Epoch 786 Step 54": 2.894263744354248, "Epoch 786 Step 55": 2.888068675994873, "Epoch 786 Step 56": 2.8745548725128174, "Epoch 786 Step 57": 2.8908889293670654, "Epoch 786 Step 58": 2.8818306922912598, "Epoch 786 Step 59": 2.875784158706665, "Epoch 786 Step 60": 2.8727784156799316, "Epoch 786 Step 61": 2.882213592529297, "Epoch 786 Step 62": 2.8887171745300293, "Epoch 786 Step 63": 2.8806779384613037, "Epoch 786 Step 64": 2.878920793533325, "Epoch 786 Step 65": 2.878577947616577, "Epoch 786 Step 66": 2.8766608238220215, "Epoch 786 Step 67": 2.8878226280212402, "Epoch 786 Step 68": 2.874387741088867, "Epoch 786 Step 69": 2.8908491134643555, "Epoch 786 Step 70": 2.871385097503662, "Epoch 786 Step 71": 2.8748607635498047, "Epoch 786 Step 72": 2.879631757736206, "Epoch 786 Step 73": 2.868213415145874, "Epoch 786 Step 74": 2.886875867843628, "Epoch 786 Step 75": 2.8816208839416504, "Epoch 786 Step 76": 2.8871421813964844, "Epoch 786 Step 77": 2.8932998180389404, "Epoch 786 Step 78": 2.886286735534668, "Epoch 786 Step 79": 2.8786098957061768, "Epoch 786 Step 80": 2.8854386806488037, "Epoch 786 Step 81": 2.895362615585327, "Epoch 786 Step 82": 2.895475149154663, "Epoch 786 Step 83": 2.893364667892456, "Epoch 786 Step 84": 2.8878138065338135, "Epoch 786 Step 85": 2.8867909908294678, "Epoch 786 Step 86": 2.8851146697998047, "Epoch 786 Step 87": 2.905024290084839, "Epoch 786 Step 88": 2.9021544456481934, "Epoch 786 Step 89": 2.9012885093688965}