{"Epoch 226 Step 0": 2.891366720199585, "Epoch 226 Step 1": 2.880192279815674, "Epoch 226 Step 2": 2.8813371658325195, "Epoch 226 Step 3": 2.877492666244507, "Epoch 226 Step 4": 2.8873517513275146, "Epoch 226 Step 5": 2.874262809753418, "Epoch 226 Step 6": 2.884523391723633, "Epoch 226 Step 7": 2.8782825469970703, "Epoch 226 Step 8": 2.881664276123047, "Epoch 226 Step 9": 2.8846075534820557, "Epoch 226 Step 10": 2.871042251586914, "Epoch 226 Step 11": 2.884613037109375, "Epoch 226 Step 12": 2.8871092796325684, "Epoch 226 Step 13": 2.8850512504577637, "Epoch 226 Step 14": 2.889061689376831, "Epoch 226 Step 15": 2.8843283653259277, "Epoch 226 Step 16": 2.871951103210449, "Epoch 226 Step 17": 2.8802154064178467, "Epoch 226 Step 18": 2.8764114379882812, "Epoch 226 Step 19": 2.882434129714966, "Epoch 226 Step 20": 2.8827199935913086, "Epoch 226 Step 21": 2.8907387256622314, "Epoch 226 Step 22": 2.884610414505005, "Epoch 226 Step 23": 2.8848392963409424, "Epoch 226 Step 24": 2.881190061569214, "Epoch 226 Step 25": 2.874605417251587, "Epoch 226 Step 26": 2.87933611869812, "Epoch 226 Step 27": 2.8932957649230957, "Epoch 226 Step 28": 2.8872857093811035, "Epoch 226 Step 29": 2.8734452724456787, "Epoch 226 Step 30": 2.890259265899658, "Epoch 226 Step 31": 2.8813419342041016, "Epoch 226 Step 32": 2.8748860359191895, "Epoch 226 Step 33": 2.8725719451904297, "Epoch 226 Step 34": 2.8814570903778076, "Epoch 226 Step 35": 2.8869619369506836, "Epoch 226 Step 36": 2.8800747394561768, "Epoch 226 Step 37": 2.8787472248077393, "Epoch 226 Step 38": 2.8784191608428955, "Epoch 226 Step 39": 2.8759005069732666, "Epoch 226 Step 40": 2.8872463703155518, "Epoch 226 Step 41": 2.8741257190704346, "Epoch 226 Step 42": 2.8907225131988525, "Epoch 226 Step 43": 2.8711092472076416, "Epoch 226 Step 44": 2.873823881149292, "Epoch 226 Step 45": 2.878849983215332, "Epoch 226 Step 46": 2.867673397064209, "Epoch 226 Step 47": 2.886723756790161, "Epoch 226 Step 48": 2.8809804916381836, "Epoch 226 Step 49": 2.886216640472412, "Epoch 226 Step 50": 2.8924431800842285, "Epoch 226 Step 51": 2.8857598304748535, "Epoch 226 Step 52": 2.877455472946167, "Epoch 226 Step 53": 2.884101390838623, "Epoch 226 Step 54": 2.894801378250122, "Epoch 226 Step 55": 2.8936140537261963, "Epoch 226 Step 56": 2.892136812210083, "Epoch 226 Step 57": 2.8869447708129883, "Epoch 226 Step 58": 2.8860275745391846, "Epoch 226 Step 59": 2.8830788135528564, "Epoch 226 Step 60": 2.904343366622925, "Epoch 226 Step 61": 2.899263381958008, "Epoch 226 Step 62": 2.897104263305664, "Epoch 226 Step 63": 2.875372886657715, "Epoch 226 Step 64": 2.8888378143310547, "Epoch 226 Step 65": 2.8916335105895996, "Epoch 226 Step 66": 2.874608039855957, "Epoch 226 Step 67": 2.885826349258423, "Epoch 226 Step 68": 2.886869192123413, "Epoch 226 Step 69": 2.8912572860717773, "Epoch 226 Step 70": 2.895812511444092, "Epoch 226 Step 71": 2.8817389011383057, "Epoch 226 Step 72": 2.8920371532440186, "Epoch 226 Step 73": 2.878146171569824, "Epoch 226 Step 74": 2.884993076324463, "Epoch 226 Step 75": 2.877964496612549, "Epoch 226 Step 76": 2.8921961784362793, "Epoch 226 Step 77": 2.877779722213745, "Epoch 226 Step 78": 2.8823487758636475, "Epoch 226 Step 79": 2.888167142868042, "Epoch 226 Step 80": 2.873002052307129, "Epoch 226 Step 81": 2.871737480163574, "Epoch 226 Step 82": 2.8724846839904785, "Epoch 226 Step 83": 2.887531042098999, "Epoch 226 Step 84": 2.882209062576294, "Epoch 226 Step 85": 2.87799072265625, "Epoch 226 Step 86": 2.890561103820801, "Epoch 226 Step 87": 2.8953254222869873, "Epoch 226 Step 88": 2.880138397216797, "Epoch 226 Step 89": 2.87593150138855}