{"Epoch 257 Step 0": 2.904730796813965, "Epoch 257 Step 1": 2.9000349044799805, "Epoch 257 Step 2": 2.898375988006592, "Epoch 257 Step 3": 2.875807523727417, "Epoch 257 Step 4": 2.8887925148010254, "Epoch 257 Step 5": 2.8924896717071533, "Epoch 257 Step 6": 2.874558687210083, "Epoch 257 Step 7": 2.886176824569702, "Epoch 257 Step 8": 2.8868885040283203, "Epoch 257 Step 9": 2.8915884494781494, "Epoch 257 Step 10": 2.8955390453338623, "Epoch 257 Step 11": 2.881157636642456, "Epoch 257 Step 12": 2.892082691192627, "Epoch 257 Step 13": 2.878556728363037, "Epoch 257 Step 14": 2.8844525814056396, "Epoch 257 Step 15": 2.8776209354400635, "Epoch 257 Step 16": 2.8911283016204834, "Epoch 257 Step 17": 2.877511501312256, "Epoch 257 Step 18": 2.88273286819458, "Epoch 257 Step 19": 2.8880865573883057, "Epoch 257 Step 20": 2.8726534843444824, "Epoch 257 Step 21": 2.870903491973877, "Epoch 257 Step 22": 2.8719396591186523, "Epoch 257 Step 23": 2.8878695964813232, "Epoch 257 Step 24": 2.8822853565216064, "Epoch 257 Step 25": 2.8772454261779785, "Epoch 257 Step 26": 2.890076160430908, "Epoch 257 Step 27": 2.8949179649353027, "Epoch 257 Step 28": 2.8799195289611816, "Epoch 257 Step 29": 2.875890016555786, "Epoch 257 Step 30": 2.887272596359253, "Epoch 257 Step 31": 2.89083194732666, "Epoch 257 Step 32": 2.8799028396606445, "Epoch 257 Step 33": 2.8816189765930176, "Epoch 257 Step 34": 2.877211332321167, "Epoch 257 Step 35": 2.8871898651123047, "Epoch 257 Step 36": 2.8736391067504883, "Epoch 257 Step 37": 2.8848752975463867, "Epoch 257 Step 38": 2.879150152206421, "Epoch 257 Step 39": 2.8829147815704346, "Epoch 257 Step 40": 2.885000228881836, "Epoch 257 Step 41": 2.8704910278320312, "Epoch 257 Step 42": 2.8842782974243164, "Epoch 257 Step 43": 2.8877673149108887, "Epoch 257 Step 44": 2.8849730491638184, "Epoch 257 Step 45": 2.888838529586792, "Epoch 257 Step 46": 2.8843672275543213, "Epoch 257 Step 47": 2.8725993633270264, "Epoch 257 Step 48": 2.8803367614746094, "Epoch 257 Step 49": 2.877133369445801, "Epoch 257 Step 50": 2.8825652599334717, "Epoch 257 Step 51": 2.882936477661133, "Epoch 257 Step 52": 2.890070915222168, "Epoch 257 Step 53": 2.8845386505126953, "Epoch 257 Step 54": 2.884199619293213, "Epoch 257 Step 55": 2.8807601928710938, "Epoch 257 Step 56": 2.8746049404144287, "Epoch 257 Step 57": 2.879086494445801, "Epoch 257 Step 58": 2.8932108879089355, "Epoch 257 Step 59": 2.8879756927490234, "Epoch 257 Step 60": 2.873842716217041, "Epoch 257 Step 61": 2.8904213905334473, "Epoch 257 Step 62": 2.881542921066284, "Epoch 257 Step 63": 2.8750839233398438, "Epoch 257 Step 64": 2.872750997543335, "Epoch 257 Step 65": 2.8814446926116943, "Epoch 257 Step 66": 2.887406349182129, "Epoch 257 Step 67": 2.8807125091552734, "Epoch 257 Step 68": 2.8785011768341064, "Epoch 257 Step 69": 2.878716468811035, "Epoch 257 Step 70": 2.8759896755218506, "Epoch 257 Step 71": 2.887465476989746, "Epoch 257 Step 72": 2.873938798904419, "Epoch 257 Step 73": 2.8907852172851562, "Epoch 257 Step 74": 2.8713743686676025, "Epoch 257 Step 75": 2.8743631839752197, "Epoch 257 Step 76": 2.878892660140991, "Epoch 257 Step 77": 2.867633581161499, "Epoch 257 Step 78": 2.886462926864624, "Epoch 257 Step 79": 2.8807437419891357, "Epoch 257 Step 80": 2.886455535888672, "Epoch 257 Step 81": 2.8927249908447266, "Epoch 257 Step 82": 2.886174440383911, "Epoch 257 Step 83": 2.8773717880249023, "Epoch 257 Step 84": 2.8841748237609863, "Epoch 257 Step 85": 2.894810199737549, "Epoch 257 Step 86": 2.894730567932129, "Epoch 257 Step 87": 2.8928158283233643, "Epoch 257 Step 88": 2.8871893882751465, "Epoch 257 Step 89": 2.885835886001587}