{"Epoch 10 Step 0": 2.8742265701293945, "Epoch 10 Step 1": 2.8780646324157715, "Epoch 10 Step 2": 2.867361307144165, "Epoch 10 Step 3": 2.8873369693756104, "Epoch 10 Step 4": 2.8812637329101562, "Epoch 10 Step 5": 2.88582706451416, "Epoch 10 Step 6": 2.8919010162353516, "Epoch 10 Step 7": 2.8858096599578857, "Epoch 10 Step 8": 2.879176378250122, "Epoch 10 Step 9": 2.885552167892456, "Epoch 10 Step 10": 2.894848585128784, "Epoch 10 Step 11": 2.894444465637207, "Epoch 10 Step 12": 2.892603874206543, "Epoch 10 Step 13": 2.8873724937438965, "Epoch 10 Step 14": 2.8847286701202393, "Epoch 10 Step 15": 2.879585027694702, "Epoch 10 Step 16": 2.9045863151550293, "Epoch 10 Step 17": 2.896075487136841, "Epoch 10 Step 18": 2.8975729942321777, "Epoch 10 Step 19": 2.8777263164520264, "Epoch 10 Step 20": 2.889279842376709, "Epoch 10 Step 21": 2.891240119934082, "Epoch 10 Step 22": 2.8770265579223633, "Epoch 10 Step 23": 2.8867709636688232, "Epoch 10 Step 24": 2.887725353240967, "Epoch 10 Step 25": 2.890669107437134, "Epoch 10 Step 26": 2.8946683406829834, "Epoch 10 Step 27": 2.881622076034546, "Epoch 10 Step 28": 2.8929507732391357, "Epoch 10 Step 29": 2.879072427749634, "Epoch 10 Step 30": 2.885173797607422, "Epoch 10 Step 31": 2.8771708011627197, "Epoch 10 Step 32": 2.890550374984741, "Epoch 10 Step 33": 2.8775782585144043, "Epoch 10 Step 34": 2.8828141689300537, "Epoch 10 Step 35": 2.889464855194092, "Epoch 10 Step 36": 2.8740181922912598, "Epoch 10 Step 37": 2.8736581802368164, "Epoch 10 Step 38": 2.871877908706665, "Epoch 10 Step 39": 2.8879342079162598, "Epoch 10 Step 40": 2.8827784061431885, "Epoch 10 Step 41": 2.8769280910491943, "Epoch 10 Step 42": 2.891366720199585, "Epoch 10 Step 43": 2.895970344543457, "Epoch 10 Step 44": 2.880483388900757, "Epoch 10 Step 45": 2.8763325214385986, "Epoch 10 Step 46": 2.8882861137390137, "Epoch 10 Step 47": 2.891582489013672, "Epoch 10 Step 48": 2.880763530731201, "Epoch 10 Step 49": 2.8817901611328125, "Epoch 10 Step 50": 2.8778955936431885, "Epoch 10 Step 51": 2.888653516769409, "Epoch 10 Step 52": 2.8729374408721924, "Epoch 10 Step 53": 2.8851640224456787, "Epoch 10 Step 54": 2.879063129425049, "Epoch 10 Step 55": 2.8821964263916016, "Epoch 10 Step 56": 2.8852057456970215, "Epoch 10 Step 57": 2.8708038330078125, "Epoch 10 Step 58": 2.8862061500549316, "Epoch 10 Step 59": 2.886962652206421, "Epoch 10 Step 60": 2.88539719581604, "Epoch 10 Step 61": 2.8898062705993652, "Epoch 10 Step 62": 2.884354829788208, "Epoch 10 Step 63": 2.872440814971924, "Epoch 10 Step 64": 2.8797826766967773, "Epoch 10 Step 65": 2.876185178756714, "Epoch 10 Step 66": 2.881526470184326, "Epoch 10 Step 67": 2.881657123565674, "Epoch 10 Step 68": 2.89113712310791, "Epoch 10 Step 69": 2.884221315383911, "Epoch 10 Step 70": 2.8849618434906006, "Epoch 10 Step 71": 2.882019519805908, "Epoch 10 Step 72": 2.8745601177215576, "Epoch 10 Step 73": 2.8785347938537598, "Epoch 10 Step 74": 2.892848253250122, "Epoch 10 Step 75": 2.8886196613311768, "Epoch 10 Step 76": 2.873150587081909, "Epoch 10 Step 77": 2.889756917953491, "Epoch 10 Step 78": 2.8809704780578613, "Epoch 10 Step 79": 2.8755078315734863, "Epoch 10 Step 80": 2.871614694595337, "Epoch 10 Step 81": 2.881417989730835, "Epoch 10 Step 82": 2.887340784072876, "Epoch 10 Step 83": 2.8794796466827393, "Epoch 10 Step 84": 2.8791310787200928, "Epoch 10 Step 85": 2.8787245750427246, "Epoch 10 Step 86": 2.8755605220794678, "Epoch 10 Step 87": 2.888080358505249, "Epoch 10 Step 88": 2.874436616897583, "Epoch 10 Step 89": 2.889944076538086}