{"Epoch 357 Step 0": 2.8782668113708496, "Epoch 357 Step 1": 2.875767946243286, "Epoch 357 Step 2": 2.887598991394043, "Epoch 357 Step 3": 2.874854803085327, "Epoch 357 Step 4": 2.8912041187286377, "Epoch 357 Step 5": 2.8712000846862793, "Epoch 357 Step 6": 2.8745229244232178, "Epoch 357 Step 7": 2.879610300064087, "Epoch 357 Step 8": 2.8682034015655518, "Epoch 357 Step 9": 2.8865931034088135, "Epoch 357 Step 10": 2.8813140392303467, "Epoch 357 Step 11": 2.8869664669036865, "Epoch 357 Step 12": 2.893263339996338, "Epoch 357 Step 13": 2.886345863342285, "Epoch 357 Step 14": 2.878235340118408, "Epoch 357 Step 15": 2.8851590156555176, "Epoch 357 Step 16": 2.895825147628784, "Epoch 357 Step 17": 2.895197629928589, "Epoch 357 Step 18": 2.894636631011963, "Epoch 357 Step 19": 2.887869358062744, "Epoch 357 Step 20": 2.8854196071624756, "Epoch 357 Step 21": 2.882596015930176, "Epoch 357 Step 22": 2.9038100242614746, "Epoch 357 Step 23": 2.899055242538452, "Epoch 357 Step 24": 2.8981988430023193, "Epoch 357 Step 25": 2.875664472579956, "Epoch 357 Step 26": 2.888908863067627, "Epoch 357 Step 27": 2.892672538757324, "Epoch 357 Step 28": 2.8754515647888184, "Epoch 357 Step 29": 2.8863747119903564, "Epoch 357 Step 30": 2.886498212814331, "Epoch 357 Step 31": 2.8914432525634766, "Epoch 357 Step 32": 2.895402431488037, "Epoch 357 Step 33": 2.8812432289123535, "Epoch 357 Step 34": 2.8925559520721436, "Epoch 357 Step 35": 2.877852439880371, "Epoch 357 Step 36": 2.88476300239563, "Epoch 357 Step 37": 2.8779654502868652, "Epoch 357 Step 38": 2.891322612762451, "Epoch 357 Step 39": 2.878005266189575, "Epoch 357 Step 40": 2.8829140663146973, "Epoch 357 Step 41": 2.8884735107421875, "Epoch 357 Step 42": 2.8735098838806152, "Epoch 357 Step 43": 2.8720569610595703, "Epoch 357 Step 44": 2.8722939491271973, "Epoch 357 Step 45": 2.888625383377075, "Epoch 357 Step 46": 2.882349967956543, "Epoch 357 Step 47": 2.8770525455474854, "Epoch 357 Step 48": 2.8904738426208496, "Epoch 357 Step 49": 2.895473003387451, "Epoch 357 Step 50": 2.8807578086853027, "Epoch 357 Step 51": 2.87623929977417, "Epoch 357 Step 52": 2.88718843460083, "Epoch 357 Step 53": 2.891413450241089, "Epoch 357 Step 54": 2.881214141845703, "Epoch 357 Step 55": 2.8828160762786865, "Epoch 357 Step 56": 2.877906560897827, "Epoch 357 Step 57": 2.8878393173217773, "Epoch 357 Step 58": 2.873342514038086, "Epoch 357 Step 59": 2.8851981163024902, "Epoch 357 Step 60": 2.8790926933288574, "Epoch 357 Step 61": 2.8830718994140625, "Epoch 357 Step 62": 2.8849329948425293, "Epoch 357 Step 63": 2.8711094856262207, "Epoch 357 Step 64": 2.885174512863159, "Epoch 357 Step 65": 2.8877406120300293, "Epoch 357 Step 66": 2.885995864868164, "Epoch 357 Step 67": 2.8897628784179688, "Epoch 357 Step 68": 2.8846843242645264, "Epoch 357 Step 69": 2.8727009296417236, "Epoch 357 Step 70": 2.8810484409332275, "Epoch 357 Step 71": 2.8771073818206787, "Epoch 357 Step 72": 2.8827309608459473, "Epoch 357 Step 73": 2.882913827896118, "Epoch 357 Step 74": 2.8907642364501953, "Epoch 357 Step 75": 2.8853235244750977, "Epoch 357 Step 76": 2.885457754135132, "Epoch 357 Step 77": 2.881108283996582, "Epoch 357 Step 78": 2.87595796585083, "Epoch 357 Step 79": 2.879166841506958, "Epoch 357 Step 80": 2.8941047191619873, "Epoch 357 Step 81": 2.8879408836364746, "Epoch 357 Step 82": 2.8742620944976807, "Epoch 357 Step 83": 2.890674591064453, "Epoch 357 Step 84": 2.882128953933716, "Epoch 357 Step 85": 2.8757169246673584, "Epoch 357 Step 86": 2.873072624206543, "Epoch 357 Step 87": 2.8820247650146484, "Epoch 357 Step 88": 2.887848138809204, "Epoch 357 Step 89": 2.880445718765259}