{"Epoch 376 Step 0": 2.883014678955078, "Epoch 376 Step 1": 2.8830366134643555, "Epoch 376 Step 2": 2.8913159370422363, "Epoch 376 Step 3": 2.8854947090148926, "Epoch 376 Step 4": 2.885561227798462, "Epoch 376 Step 5": 2.8812854290008545, "Epoch 376 Step 6": 2.8757920265197754, "Epoch 376 Step 7": 2.87960147857666, "Epoch 376 Step 8": 2.8937604427337646, "Epoch 376 Step 9": 2.887895107269287, "Epoch 376 Step 10": 2.8737504482269287, "Epoch 376 Step 11": 2.8902390003204346, "Epoch 376 Step 12": 2.8823418617248535, "Epoch 376 Step 13": 2.8754379749298096, "Epoch 376 Step 14": 2.8723385334014893, "Epoch 376 Step 15": 2.8820204734802246, "Epoch 376 Step 16": 2.888134717941284, "Epoch 376 Step 17": 2.880176305770874, "Epoch 376 Step 18": 2.878295660018921, "Epoch 376 Step 19": 2.8779520988464355, "Epoch 376 Step 20": 2.876554250717163, "Epoch 376 Step 21": 2.8880486488342285, "Epoch 376 Step 22": 2.8751916885375977, "Epoch 376 Step 23": 2.8910834789276123, "Epoch 376 Step 24": 2.8712317943573, "Epoch 376 Step 25": 2.874652147293091, "Epoch 376 Step 26": 2.8797061443328857, "Epoch 376 Step 27": 2.8680882453918457, "Epoch 376 Step 28": 2.887277364730835, "Epoch 376 Step 29": 2.8814594745635986, "Epoch 376 Step 30": 2.8868024349212646, "Epoch 376 Step 31": 2.8931052684783936, "Epoch 376 Step 32": 2.8864190578460693, "Epoch 376 Step 33": 2.8783512115478516, "Epoch 376 Step 34": 2.884357213973999, "Epoch 376 Step 35": 2.8956031799316406, "Epoch 376 Step 36": 2.894871711730957, "Epoch 376 Step 37": 2.8935868740081787, "Epoch 376 Step 38": 2.8885715007781982, "Epoch 376 Step 39": 2.885983943939209, "Epoch 376 Step 40": 2.8797004222869873, "Epoch 376 Step 41": 2.901959180831909, "Epoch 376 Step 42": 2.898519515991211, "Epoch 376 Step 43": 2.900963544845581, "Epoch 376 Step 44": 2.8754827976226807, "Epoch 376 Step 45": 2.889052391052246, "Epoch 376 Step 46": 2.891164779663086, "Epoch 376 Step 47": 2.8752641677856445, "Epoch 376 Step 48": 2.8866899013519287, "Epoch 376 Step 49": 2.886720895767212, "Epoch 376 Step 50": 2.891925096511841, "Epoch 376 Step 51": 2.895146608352661, "Epoch 376 Step 52": 2.8809568881988525, "Epoch 376 Step 53": 2.891784191131592, "Epoch 376 Step 54": 2.8779044151306152, "Epoch 376 Step 55": 2.8850204944610596, "Epoch 376 Step 56": 2.878143787384033, "Epoch 376 Step 57": 2.890340566635132, "Epoch 376 Step 58": 2.877763509750366, "Epoch 376 Step 59": 2.882821798324585, "Epoch 376 Step 60": 2.888853073120117, "Epoch 376 Step 61": 2.8741815090179443, "Epoch 376 Step 62": 2.872205972671509, "Epoch 376 Step 63": 2.8722293376922607, "Epoch 376 Step 64": 2.888756513595581, "Epoch 376 Step 65": 2.8824808597564697, "Epoch 376 Step 66": 2.877546787261963, "Epoch 376 Step 67": 2.8896501064300537, "Epoch 376 Step 68": 2.8947956562042236, "Epoch 376 Step 69": 2.880699872970581, "Epoch 376 Step 70": 2.876584768295288, "Epoch 376 Step 71": 2.887131452560425, "Epoch 376 Step 72": 2.891169786453247, "Epoch 376 Step 73": 2.881702423095703, "Epoch 376 Step 74": 2.883274793624878, "Epoch 376 Step 75": 2.878004312515259, "Epoch 376 Step 76": 2.8875694274902344, "Epoch 376 Step 77": 2.8739161491394043, "Epoch 376 Step 78": 2.8855233192443848, "Epoch 376 Step 79": 2.878443717956543, "Epoch 376 Step 80": 2.8829801082611084, "Epoch 376 Step 81": 2.8844313621520996, "Epoch 376 Step 82": 2.871319532394409, "Epoch 376 Step 83": 2.8849103450775146, "Epoch 376 Step 84": 2.887937307357788, "Epoch 376 Step 85": 2.885611057281494, "Epoch 376 Step 86": 2.8891794681549072, "Epoch 376 Step 87": 2.8841657638549805, "Epoch 376 Step 88": 2.8728578090667725, "Epoch 376 Step 89": 2.8821916580200195}