{"Epoch 684 Step 0": 2.878436803817749, "Epoch 684 Step 1": 2.890512228012085, "Epoch 684 Step 2": 2.8775200843811035, "Epoch 684 Step 3": 2.8835060596466064, "Epoch 684 Step 4": 2.8893096446990967, "Epoch 684 Step 5": 2.8743302822113037, "Epoch 684 Step 6": 2.872480869293213, "Epoch 684 Step 7": 2.872695207595825, "Epoch 684 Step 8": 2.888559341430664, "Epoch 684 Step 9": 2.8826379776000977, "Epoch 684 Step 10": 2.8771700859069824, "Epoch 684 Step 11": 2.8889360427856445, "Epoch 684 Step 12": 2.895019054412842, "Epoch 684 Step 13": 2.8810622692108154, "Epoch 684 Step 14": 2.876626491546631, "Epoch 684 Step 15": 2.8879332542419434, "Epoch 684 Step 16": 2.8916234970092773, "Epoch 684 Step 17": 2.881453275680542, "Epoch 684 Step 18": 2.882446765899658, "Epoch 684 Step 19": 2.8778934478759766, "Epoch 684 Step 20": 2.8881382942199707, "Epoch 684 Step 21": 2.8741939067840576, "Epoch 684 Step 22": 2.8854386806488037, "Epoch 684 Step 23": 2.8788485527038574, "Epoch 684 Step 24": 2.8831284046173096, "Epoch 684 Step 25": 2.8850889205932617, "Epoch 684 Step 26": 2.8717291355133057, "Epoch 684 Step 27": 2.885298013687134, "Epoch 684 Step 28": 2.8886845111846924, "Epoch 684 Step 29": 2.885556936264038, "Epoch 684 Step 30": 2.889547109603882, "Epoch 684 Step 31": 2.884174108505249, "Epoch 684 Step 32": 2.8723645210266113, "Epoch 684 Step 33": 2.8816003799438477, "Epoch 684 Step 34": 2.876873016357422, "Epoch 684 Step 35": 2.8822367191314697, "Epoch 684 Step 36": 2.8834400177001953, "Epoch 684 Step 37": 2.891939163208008, "Epoch 684 Step 38": 2.884951591491699, "Epoch 684 Step 39": 2.88539719581604, "Epoch 684 Step 40": 2.8809728622436523, "Epoch 684 Step 41": 2.875716209411621, "Epoch 684 Step 42": 2.879110813140869, "Epoch 684 Step 43": 2.893954038619995, "Epoch 684 Step 44": 2.8880908489227295, "Epoch 684 Step 45": 2.874303102493286, "Epoch 684 Step 46": 2.8908238410949707, "Epoch 684 Step 47": 2.8816795349121094, "Epoch 684 Step 48": 2.8761234283447266, "Epoch 684 Step 49": 2.872917890548706, "Epoch 684 Step 50": 2.8834283351898193, "Epoch 684 Step 51": 2.88799786567688, "Epoch 684 Step 52": 2.880746364593506, "Epoch 684 Step 53": 2.8787498474121094, "Epoch 684 Step 54": 2.8785457611083984, "Epoch 684 Step 55": 2.8764023780822754, "Epoch 684 Step 56": 2.8882415294647217, "Epoch 684 Step 57": 2.8742825984954834, "Epoch 684 Step 58": 2.891101121902466, "Epoch 684 Step 59": 2.8716704845428467, "Epoch 684 Step 60": 2.8746235370635986, "Epoch 684 Step 61": 2.87972092628479, "Epoch 684 Step 62": 2.8681232929229736, "Epoch 684 Step 63": 2.8872363567352295, "Epoch 684 Step 64": 2.8823530673980713, "Epoch 684 Step 65": 2.887481927871704, "Epoch 684 Step 66": 2.893972873687744, "Epoch 684 Step 67": 2.8863277435302734, "Epoch 684 Step 68": 2.8787503242492676, "Epoch 684 Step 69": 2.8853111267089844, "Epoch 684 Step 70": 2.895568609237671, "Epoch 684 Step 71": 2.894998788833618, "Epoch 684 Step 72": 2.893702268600464, "Epoch 684 Step 73": 2.888085126876831, "Epoch 684 Step 74": 2.8848936557769775, "Epoch 684 Step 75": 2.8807945251464844, "Epoch 684 Step 76": 2.9033548831939697, "Epoch 684 Step 77": 2.9003796577453613, "Epoch 684 Step 78": 2.897078514099121, "Epoch 684 Step 79": 2.8772051334381104, "Epoch 684 Step 80": 2.890150785446167, "Epoch 684 Step 81": 2.8933417797088623, "Epoch 684 Step 82": 2.8755877017974854, "Epoch 684 Step 83": 2.887225866317749, "Epoch 684 Step 84": 2.8871896266937256, "Epoch 684 Step 85": 2.892130136489868, "Epoch 684 Step 86": 2.8957693576812744, "Epoch 684 Step 87": 2.880776882171631, "Epoch 684 Step 88": 2.891864538192749, "Epoch 684 Step 89": 2.878556728363037}