{"Epoch 130 Step 0": 2.8716492652893066, "Epoch 130 Step 1": 2.8832814693450928, "Epoch 130 Step 2": 2.877911329269409, "Epoch 130 Step 3": 2.8818717002868652, "Epoch 130 Step 4": 2.8827426433563232, "Epoch 130 Step 5": 2.8686985969543457, "Epoch 130 Step 6": 2.882594108581543, "Epoch 130 Step 7": 2.8856101036071777, "Epoch 130 Step 8": 2.8827972412109375, "Epoch 130 Step 9": 2.88761830329895, "Epoch 130 Step 10": 2.88222336769104, "Epoch 130 Step 11": 2.8705520629882812, "Epoch 130 Step 12": 2.8788039684295654, "Epoch 130 Step 13": 2.875623941421509, "Epoch 130 Step 14": 2.881680488586426, "Epoch 130 Step 15": 2.880997896194458, "Epoch 130 Step 16": 2.889033079147339, "Epoch 130 Step 17": 2.8837921619415283, "Epoch 130 Step 18": 2.884218692779541, "Epoch 130 Step 19": 2.879795789718628, "Epoch 130 Step 20": 2.8739326000213623, "Epoch 130 Step 21": 2.877802848815918, "Epoch 130 Step 22": 2.891324281692505, "Epoch 130 Step 23": 2.887040138244629, "Epoch 130 Step 24": 2.8716821670532227, "Epoch 130 Step 25": 2.8881092071533203, "Epoch 130 Step 26": 2.879958391189575, "Epoch 130 Step 27": 2.8735175132751465, "Epoch 130 Step 28": 2.8694324493408203, "Epoch 130 Step 29": 2.8803977966308594, "Epoch 130 Step 30": 2.8866782188415527, "Epoch 130 Step 31": 2.8782949447631836, "Epoch 130 Step 32": 2.878347873687744, "Epoch 130 Step 33": 2.8781161308288574, "Epoch 130 Step 34": 2.8747141361236572, "Epoch 130 Step 35": 2.8849902153015137, "Epoch 130 Step 36": 2.8710620403289795, "Epoch 130 Step 37": 2.889853000640869, "Epoch 130 Step 38": 2.8705804347991943, "Epoch 130 Step 39": 2.8725242614746094, "Epoch 130 Step 40": 2.8784406185150146, "Epoch 130 Step 41": 2.865595817565918, "Epoch 130 Step 42": 2.884963035583496, "Epoch 130 Step 43": 2.8795220851898193, "Epoch 130 Step 44": 2.8826637268066406, "Epoch 130 Step 45": 2.8902273178100586, "Epoch 130 Step 46": 2.8852057456970215, "Epoch 130 Step 47": 2.8775131702423096, "Epoch 130 Step 48": 2.882274627685547, "Epoch 130 Step 49": 2.8951590061187744, "Epoch 130 Step 50": 2.8941688537597656, "Epoch 130 Step 51": 2.8919742107391357, "Epoch 130 Step 52": 2.8868966102600098, "Epoch 130 Step 53": 2.885928153991699, "Epoch 130 Step 54": 2.883335590362549, "Epoch 130 Step 55": 2.902085065841675, "Epoch 130 Step 56": 2.9005956649780273, "Epoch 130 Step 57": 2.896653652191162, "Epoch 130 Step 58": 2.8745853900909424, "Epoch 130 Step 59": 2.8890981674194336, "Epoch 130 Step 60": 2.8916873931884766, "Epoch 130 Step 61": 2.8734641075134277, "Epoch 130 Step 62": 2.885765552520752, "Epoch 130 Step 63": 2.886436700820923, "Epoch 130 Step 64": 2.8909482955932617, "Epoch 130 Step 65": 2.8943846225738525, "Epoch 130 Step 66": 2.879932165145874, "Epoch 130 Step 67": 2.8911876678466797, "Epoch 130 Step 68": 2.8776934146881104, "Epoch 130 Step 69": 2.885653257369995, "Epoch 130 Step 70": 2.8766839504241943, "Epoch 130 Step 71": 2.8909549713134766, "Epoch 130 Step 72": 2.8756489753723145, "Epoch 130 Step 73": 2.882246494293213, "Epoch 130 Step 74": 2.8874168395996094, "Epoch 130 Step 75": 2.871269941329956, "Epoch 130 Step 76": 2.8697712421417236, "Epoch 130 Step 77": 2.870419979095459, "Epoch 130 Step 78": 2.8866126537323, "Epoch 130 Step 79": 2.881208658218384, "Epoch 130 Step 80": 2.876192331314087, "Epoch 130 Step 81": 2.8896420001983643, "Epoch 130 Step 82": 2.893287181854248, "Epoch 130 Step 83": 2.8788552284240723, "Epoch 130 Step 84": 2.875296115875244, "Epoch 130 Step 85": 2.8857991695404053, "Epoch 130 Step 86": 2.8897550106048584, "Epoch 130 Step 87": 2.8781466484069824, "Epoch 130 Step 88": 2.88097882270813, "Epoch 130 Step 89": 2.8747427463531494}