{"Epoch 30 Step 0": 2.8800017833709717, "Epoch 30 Step 1": 2.8732991218566895, "Epoch 30 Step 2": 2.87898850440979, "Epoch 30 Step 3": 2.8929145336151123, "Epoch 30 Step 4": 2.8869636058807373, "Epoch 30 Step 5": 2.873021364212036, "Epoch 30 Step 6": 2.889843463897705, "Epoch 30 Step 7": 2.881431818008423, "Epoch 30 Step 8": 2.875737428665161, "Epoch 30 Step 9": 2.8714468479156494, "Epoch 30 Step 10": 2.8815033435821533, "Epoch 30 Step 11": 2.8870816230773926, "Epoch 30 Step 12": 2.8793787956237793, "Epoch 30 Step 13": 2.8791332244873047, "Epoch 30 Step 14": 2.8783633708953857, "Epoch 30 Step 15": 2.875138282775879, "Epoch 30 Step 16": 2.886709213256836, "Epoch 30 Step 17": 2.8743817806243896, "Epoch 30 Step 18": 2.8905625343322754, "Epoch 30 Step 19": 2.8703842163085938, "Epoch 30 Step 20": 2.873758554458618, "Epoch 30 Step 21": 2.877798080444336, "Epoch 30 Step 22": 2.866842031478882, "Epoch 30 Step 23": 2.8864500522613525, "Epoch 30 Step 24": 2.8808019161224365, "Epoch 30 Step 25": 2.8852145671844482, "Epoch 30 Step 26": 2.8922717571258545, "Epoch 30 Step 27": 2.8853254318237305, "Epoch 30 Step 28": 2.878178119659424, "Epoch 30 Step 29": 2.8842990398406982, "Epoch 30 Step 30": 2.8943796157836914, "Epoch 30 Step 31": 2.89430832862854, "Epoch 30 Step 32": 2.8927347660064697, "Epoch 30 Step 33": 2.887291193008423, "Epoch 30 Step 34": 2.8862802982330322, "Epoch 30 Step 35": 2.88222336769104, "Epoch 30 Step 36": 2.904092311859131, "Epoch 30 Step 37": 2.8976645469665527, "Epoch 30 Step 38": 2.893887996673584, "Epoch 30 Step 39": 2.8763885498046875, "Epoch 30 Step 40": 2.8905303478240967, "Epoch 30 Step 41": 2.893550157546997, "Epoch 30 Step 42": 2.874652862548828, "Epoch 30 Step 43": 2.88614821434021, "Epoch 30 Step 44": 2.886751174926758, "Epoch 30 Step 45": 2.8915278911590576, "Epoch 30 Step 46": 2.8955187797546387, "Epoch 30 Step 47": 2.8807194232940674, "Epoch 30 Step 48": 2.892380475997925, "Epoch 30 Step 49": 2.8776345252990723, "Epoch 30 Step 50": 2.883995294570923, "Epoch 30 Step 51": 2.8768885135650635, "Epoch 30 Step 52": 2.8903684616088867, "Epoch 30 Step 53": 2.8772943019866943, "Epoch 30 Step 54": 2.8821728229522705, "Epoch 30 Step 55": 2.88835072517395, "Epoch 30 Step 56": 2.8724584579467773, "Epoch 30 Step 57": 2.8721039295196533, "Epoch 30 Step 58": 2.871039867401123, "Epoch 30 Step 59": 2.887761116027832, "Epoch 30 Step 60": 2.880858898162842, "Epoch 30 Step 61": 2.8766252994537354, "Epoch 30 Step 62": 2.8908867835998535, "Epoch 30 Step 63": 2.8959548473358154, "Epoch 30 Step 64": 2.8793413639068604, "Epoch 30 Step 65": 2.874728202819824, "Epoch 30 Step 66": 2.8866703510284424, "Epoch 30 Step 67": 2.890472650527954, "Epoch 30 Step 68": 2.880643844604492, "Epoch 30 Step 69": 2.8826160430908203, "Epoch 30 Step 70": 2.877225875854492, "Epoch 30 Step 71": 2.8864383697509766, "Epoch 30 Step 72": 2.8726320266723633, "Epoch 30 Step 73": 2.884697198867798, "Epoch 30 Step 74": 2.8790040016174316, "Epoch 30 Step 75": 2.882486343383789, "Epoch 30 Step 76": 2.8842270374298096, "Epoch 30 Step 77": 2.86950421333313, "Epoch 30 Step 78": 2.8837478160858154, "Epoch 30 Step 79": 2.887571096420288, "Epoch 30 Step 80": 2.8851521015167236, "Epoch 30 Step 81": 2.889007329940796, "Epoch 30 Step 82": 2.8832151889801025, "Epoch 30 Step 83": 2.8727242946624756, "Epoch 30 Step 84": 2.879880666732788, "Epoch 30 Step 85": 2.877058982849121, "Epoch 30 Step 86": 2.8825037479400635, "Epoch 30 Step 87": 2.8818681240081787, "Epoch 30 Step 88": 2.889317750930786, "Epoch 30 Step 89": 2.8845624923706055}