{"Epoch 421 Step 0": 2.8934202194213867, "Epoch 421 Step 1": 2.875173330307007, "Epoch 421 Step 2": 2.8859660625457764, "Epoch 421 Step 3": 2.886760950088501, "Epoch 421 Step 4": 2.891467571258545, "Epoch 421 Step 5": 2.8956377506256104, "Epoch 421 Step 6": 2.8821463584899902, "Epoch 421 Step 7": 2.8934757709503174, "Epoch 421 Step 8": 2.877974510192871, "Epoch 421 Step 9": 2.884932279586792, "Epoch 421 Step 10": 2.878328561782837, "Epoch 421 Step 11": 2.892117738723755, "Epoch 421 Step 12": 2.8785247802734375, "Epoch 421 Step 13": 2.8826963901519775, "Epoch 421 Step 14": 2.8885374069213867, "Epoch 421 Step 15": 2.873056650161743, "Epoch 421 Step 16": 2.8722002506256104, "Epoch 421 Step 17": 2.8720505237579346, "Epoch 421 Step 18": 2.888424873352051, "Epoch 421 Step 19": 2.882035732269287, "Epoch 421 Step 20": 2.8778061866760254, "Epoch 421 Step 21": 2.890613555908203, "Epoch 421 Step 22": 2.8955013751983643, "Epoch 421 Step 23": 2.880711078643799, "Epoch 421 Step 24": 2.8760087490081787, "Epoch 421 Step 25": 2.887723445892334, "Epoch 421 Step 26": 2.891407012939453, "Epoch 421 Step 27": 2.880943536758423, "Epoch 421 Step 28": 2.8821470737457275, "Epoch 421 Step 29": 2.877589702606201, "Epoch 421 Step 30": 2.8875601291656494, "Epoch 421 Step 31": 2.8738505840301514, "Epoch 421 Step 32": 2.8857014179229736, "Epoch 421 Step 33": 2.8793156147003174, "Epoch 421 Step 34": 2.883103370666504, "Epoch 421 Step 35": 2.8845677375793457, "Epoch 421 Step 36": 2.8709981441497803, "Epoch 421 Step 37": 2.8846864700317383, "Epoch 421 Step 38": 2.8880057334899902, "Epoch 421 Step 39": 2.8858635425567627, "Epoch 421 Step 40": 2.8890597820281982, "Epoch 421 Step 41": 2.884338140487671, "Epoch 421 Step 42": 2.8726859092712402, "Epoch 421 Step 43": 2.8809900283813477, "Epoch 421 Step 44": 2.877229928970337, "Epoch 421 Step 45": 2.8827970027923584, "Epoch 421 Step 46": 2.883345127105713, "Epoch 421 Step 47": 2.890511989593506, "Epoch 421 Step 48": 2.884906053543091, "Epoch 421 Step 49": 2.8845207691192627, "Epoch 421 Step 50": 2.8806378841400146, "Epoch 421 Step 51": 2.8758764266967773, "Epoch 421 Step 52": 2.8798184394836426, "Epoch 421 Step 53": 2.8939759731292725, "Epoch 421 Step 54": 2.8880224227905273, "Epoch 421 Step 55": 2.8742308616638184, "Epoch 421 Step 56": 2.8904826641082764, "Epoch 421 Step 57": 2.8822669982910156, "Epoch 421 Step 58": 2.875469446182251, "Epoch 421 Step 59": 2.872915744781494, "Epoch 421 Step 60": 2.88207745552063, "Epoch 421 Step 61": 2.8878285884857178, "Epoch 421 Step 62": 2.8799688816070557, "Epoch 421 Step 63": 2.87935733795166, "Epoch 421 Step 64": 2.8785781860351562, "Epoch 421 Step 65": 2.8760688304901123, "Epoch 421 Step 66": 2.887707471847534, "Epoch 421 Step 67": 2.8741793632507324, "Epoch 421 Step 68": 2.891005277633667, "Epoch 421 Step 69": 2.8710951805114746, "Epoch 421 Step 70": 2.8745357990264893, "Epoch 421 Step 71": 2.8794078826904297, "Epoch 421 Step 72": 2.867884397506714, "Epoch 421 Step 73": 2.8865413665771484, "Epoch 421 Step 74": 2.8816490173339844, "Epoch 421 Step 75": 2.886820077896118, "Epoch 421 Step 76": 2.8932549953460693, "Epoch 421 Step 77": 2.88604736328125, "Epoch 421 Step 78": 2.8784942626953125, "Epoch 421 Step 79": 2.8851401805877686, "Epoch 421 Step 80": 2.8953022956848145, "Epoch 421 Step 81": 2.894014596939087, "Epoch 421 Step 82": 2.893174648284912, "Epoch 421 Step 83": 2.887993812561035, "Epoch 421 Step 84": 2.8868324756622314, "Epoch 421 Step 85": 2.883683204650879, "Epoch 421 Step 86": 2.904177188873291, "Epoch 421 Step 87": 2.901380777359009, "Epoch 421 Step 88": 2.8989925384521484, "Epoch 421 Step 89": 2.8751211166381836}