{"Epoch 766 Step 0": 2.8819634914398193, "Epoch 766 Step 1": 2.8777475357055664, "Epoch 766 Step 2": 2.8900842666625977, "Epoch 766 Step 3": 2.895205497741699, "Epoch 766 Step 4": 2.880467414855957, "Epoch 766 Step 5": 2.8751890659332275, "Epoch 766 Step 6": 2.8886218070983887, "Epoch 766 Step 7": 2.892657518386841, "Epoch 766 Step 8": 2.880326509475708, "Epoch 766 Step 9": 2.881403684616089, "Epoch 766 Step 10": 2.877565860748291, "Epoch 766 Step 11": 2.8878090381622314, "Epoch 766 Step 12": 2.8740410804748535, "Epoch 766 Step 13": 2.8851583003997803, "Epoch 766 Step 14": 2.8792879581451416, "Epoch 766 Step 15": 2.882561445236206, "Epoch 766 Step 16": 2.884819746017456, "Epoch 766 Step 17": 2.8713529109954834, "Epoch 766 Step 18": 2.885145664215088, "Epoch 766 Step 19": 2.887627363204956, "Epoch 766 Step 20": 2.88651442527771, "Epoch 766 Step 21": 2.8899567127227783, "Epoch 766 Step 22": 2.8845369815826416, "Epoch 766 Step 23": 2.8721632957458496, "Epoch 766 Step 24": 2.8808960914611816, "Epoch 766 Step 25": 2.87735915184021, "Epoch 766 Step 26": 2.882655143737793, "Epoch 766 Step 27": 2.883143424987793, "Epoch 766 Step 28": 2.8912692070007324, "Epoch 766 Step 29": 2.8843772411346436, "Epoch 766 Step 30": 2.8846371173858643, "Epoch 766 Step 31": 2.881490707397461, "Epoch 766 Step 32": 2.8762781620025635, "Epoch 766 Step 33": 2.8795504570007324, "Epoch 766 Step 34": 2.893690824508667, "Epoch 766 Step 35": 2.888232707977295, "Epoch 766 Step 36": 2.873159170150757, "Epoch 766 Step 37": 2.890376091003418, "Epoch 766 Step 38": 2.8831052780151367, "Epoch 766 Step 39": 2.8753881454467773, "Epoch 766 Step 40": 2.873180627822876, "Epoch 766 Step 41": 2.8818888664245605, "Epoch 766 Step 42": 2.8877129554748535, "Epoch 766 Step 43": 2.8802366256713867, "Epoch 766 Step 44": 2.879333257675171, "Epoch 766 Step 45": 2.8785855770111084, "Epoch 766 Step 46": 2.876209020614624, "Epoch 766 Step 47": 2.8875575065612793, "Epoch 766 Step 48": 2.8746912479400635, "Epoch 766 Step 49": 2.8910562992095947, "Epoch 766 Step 50": 2.871218681335449, "Epoch 766 Step 51": 2.87450909614563, "Epoch 766 Step 52": 2.8794331550598145, "Epoch 766 Step 53": 2.8679609298706055, "Epoch 766 Step 54": 2.8870761394500732, "Epoch 766 Step 55": 2.881434917449951, "Epoch 766 Step 56": 2.887700080871582, "Epoch 766 Step 57": 2.8940443992614746, "Epoch 766 Step 58": 2.8871073722839355, "Epoch 766 Step 59": 2.8783328533172607, "Epoch 766 Step 60": 2.8844709396362305, "Epoch 766 Step 61": 2.8952486515045166, "Epoch 766 Step 62": 2.895604372024536, "Epoch 766 Step 63": 2.8936617374420166, "Epoch 766 Step 64": 2.888603448867798, "Epoch 766 Step 65": 2.8873894214630127, "Epoch 766 Step 66": 2.88572359085083, "Epoch 766 Step 67": 2.904963731765747, "Epoch 766 Step 68": 2.90171217918396, "Epoch 766 Step 69": 2.8984010219573975, "Epoch 766 Step 70": 2.875290632247925, "Epoch 766 Step 71": 2.8893392086029053, "Epoch 766 Step 72": 2.89353346824646, "Epoch 766 Step 73": 2.8759851455688477, "Epoch 766 Step 74": 2.886516809463501, "Epoch 766 Step 75": 2.8874104022979736, "Epoch 766 Step 76": 2.892228126525879, "Epoch 766 Step 77": 2.8970890045166016, "Epoch 766 Step 78": 2.882540702819824, "Epoch 766 Step 79": 2.893950939178467, "Epoch 766 Step 80": 2.878693103790283, "Epoch 766 Step 81": 2.8855535984039307, "Epoch 766 Step 82": 2.8788137435913086, "Epoch 766 Step 83": 2.8918192386627197, "Epoch 766 Step 84": 2.877979040145874, "Epoch 766 Step 85": 2.8824167251586914, "Epoch 766 Step 86": 2.889106512069702, "Epoch 766 Step 87": 2.874032497406006, "Epoch 766 Step 88": 2.8718557357788086, "Epoch 766 Step 89": 2.872835874557495}