{"Epoch 301 Step 0": 2.8719444274902344, "Epoch 301 Step 1": 2.8802785873413086, "Epoch 301 Step 2": 2.8764333724975586, "Epoch 301 Step 3": 2.8821964263916016, "Epoch 301 Step 4": 2.883068084716797, "Epoch 301 Step 5": 2.8900818824768066, "Epoch 301 Step 6": 2.8842623233795166, "Epoch 301 Step 7": 2.8846118450164795, "Epoch 301 Step 8": 2.881237506866455, "Epoch 301 Step 9": 2.8758385181427, "Epoch 301 Step 10": 2.8792314529418945, "Epoch 301 Step 11": 2.8932626247406006, "Epoch 301 Step 12": 2.8877792358398438, "Epoch 301 Step 13": 2.8739395141601562, "Epoch 301 Step 14": 2.8900222778320312, "Epoch 301 Step 15": 2.882072687149048, "Epoch 301 Step 16": 2.8759360313415527, "Epoch 301 Step 17": 2.8708903789520264, "Epoch 301 Step 18": 2.881343364715576, "Epoch 301 Step 19": 2.8867619037628174, "Epoch 301 Step 20": 2.8801770210266113, "Epoch 301 Step 21": 2.8785059452056885, "Epoch 301 Step 22": 2.878479242324829, "Epoch 301 Step 23": 2.875809907913208, "Epoch 301 Step 24": 2.8875999450683594, "Epoch 301 Step 25": 2.8738441467285156, "Epoch 301 Step 26": 2.890206813812256, "Epoch 301 Step 27": 2.8714072704315186, "Epoch 301 Step 28": 2.8741962909698486, "Epoch 301 Step 29": 2.8796439170837402, "Epoch 301 Step 30": 2.866565704345703, "Epoch 301 Step 31": 2.8871655464172363, "Epoch 301 Step 32": 2.881507396697998, "Epoch 301 Step 33": 2.8865737915039062, "Epoch 301 Step 34": 2.8927102088928223, "Epoch 301 Step 35": 2.8860206604003906, "Epoch 301 Step 36": 2.8785195350646973, "Epoch 301 Step 37": 2.8846678733825684, "Epoch 301 Step 38": 2.894235610961914, "Epoch 301 Step 39": 2.8933212757110596, "Epoch 301 Step 40": 2.8926491737365723, "Epoch 301 Step 41": 2.8870601654052734, "Epoch 301 Step 42": 2.8859639167785645, "Epoch 301 Step 43": 2.883737564086914, "Epoch 301 Step 44": 2.9043009281158447, "Epoch 301 Step 45": 2.900285482406616, "Epoch 301 Step 46": 2.897963762283325, "Epoch 301 Step 47": 2.8756558895111084, "Epoch 301 Step 48": 2.8892693519592285, "Epoch 301 Step 49": 2.892878770828247, "Epoch 301 Step 50": 2.8746917247772217, "Epoch 301 Step 51": 2.8864314556121826, "Epoch 301 Step 52": 2.8870692253112793, "Epoch 301 Step 53": 2.8917062282562256, "Epoch 301 Step 54": 2.8962793350219727, "Epoch 301 Step 55": 2.8811941146850586, "Epoch 301 Step 56": 2.89306378364563, "Epoch 301 Step 57": 2.8780579566955566, "Epoch 301 Step 58": 2.8854610919952393, "Epoch 301 Step 59": 2.877119541168213, "Epoch 301 Step 60": 2.8917112350463867, "Epoch 301 Step 61": 2.8775923252105713, "Epoch 301 Step 62": 2.8823890686035156, "Epoch 301 Step 63": 2.888033390045166, "Epoch 301 Step 64": 2.872401475906372, "Epoch 301 Step 65": 2.871961832046509, "Epoch 301 Step 66": 2.871351957321167, "Epoch 301 Step 67": 2.8875572681427, "Epoch 301 Step 68": 2.881782054901123, "Epoch 301 Step 69": 2.8771986961364746, "Epoch 301 Step 70": 2.889554023742676, "Epoch 301 Step 71": 2.8951940536499023, "Epoch 301 Step 72": 2.8797545433044434, "Epoch 301 Step 73": 2.876605272293091, "Epoch 301 Step 74": 2.8867413997650146, "Epoch 301 Step 75": 2.890960216522217, "Epoch 301 Step 76": 2.880345344543457, "Epoch 301 Step 77": 2.88140869140625, "Epoch 301 Step 78": 2.8783435821533203, "Epoch 301 Step 79": 2.8875086307525635, "Epoch 301 Step 80": 2.8732669353485107, "Epoch 301 Step 81": 2.8850903511047363, "Epoch 301 Step 82": 2.8793294429779053, "Epoch 301 Step 83": 2.8830018043518066, "Epoch 301 Step 84": 2.8845572471618652, "Epoch 301 Step 85": 2.870586633682251, "Epoch 301 Step 86": 2.8839213848114014, "Epoch 301 Step 87": 2.8874480724334717, "Epoch 301 Step 88": 2.8854222297668457, "Epoch 301 Step 89": 2.888606071472168}