{"Epoch 663 Step 0": 2.8738808631896973, "Epoch 663 Step 1": 2.8853845596313477, "Epoch 663 Step 2": 2.879293918609619, "Epoch 663 Step 3": 2.8829567432403564, "Epoch 663 Step 4": 2.8851523399353027, "Epoch 663 Step 5": 2.8714096546173096, "Epoch 663 Step 6": 2.8857181072235107, "Epoch 663 Step 7": 2.887542724609375, "Epoch 663 Step 8": 2.8857243061065674, "Epoch 663 Step 9": 2.889763116836548, "Epoch 663 Step 10": 2.8844618797302246, "Epoch 663 Step 11": 2.8722424507141113, "Epoch 663 Step 12": 2.88093638420105, "Epoch 663 Step 13": 2.8767497539520264, "Epoch 663 Step 14": 2.8825368881225586, "Epoch 663 Step 15": 2.8829402923583984, "Epoch 663 Step 16": 2.890794038772583, "Epoch 663 Step 17": 2.884932518005371, "Epoch 663 Step 18": 2.8853566646575928, "Epoch 663 Step 19": 2.8814587593078613, "Epoch 663 Step 20": 2.875497817993164, "Epoch 663 Step 21": 2.8794243335723877, "Epoch 663 Step 22": 2.8941845893859863, "Epoch 663 Step 23": 2.888350009918213, "Epoch 663 Step 24": 2.8740286827087402, "Epoch 663 Step 25": 2.8907222747802734, "Epoch 663 Step 26": 2.8819539546966553, "Epoch 663 Step 27": 2.87565279006958, "Epoch 663 Step 28": 2.872399091720581, "Epoch 663 Step 29": 2.881770372390747, "Epoch 663 Step 30": 2.887903928756714, "Epoch 663 Step 31": 2.8804070949554443, "Epoch 663 Step 32": 2.8791098594665527, "Epoch 663 Step 33": 2.878082275390625, "Epoch 663 Step 34": 2.8763067722320557, "Epoch 663 Step 35": 2.887622833251953, "Epoch 663 Step 36": 2.8751187324523926, "Epoch 663 Step 37": 2.8911690711975098, "Epoch 663 Step 38": 2.8711445331573486, "Epoch 663 Step 39": 2.8747270107269287, "Epoch 663 Step 40": 2.8792872428894043, "Epoch 663 Step 41": 2.8678619861602783, "Epoch 663 Step 42": 2.887017011642456, "Epoch 663 Step 43": 2.8815720081329346, "Epoch 663 Step 44": 2.886850357055664, "Epoch 663 Step 45": 2.8927969932556152, "Epoch 663 Step 46": 2.886009931564331, "Epoch 663 Step 47": 2.8789665699005127, "Epoch 663 Step 48": 2.885242462158203, "Epoch 663 Step 49": 2.895278215408325, "Epoch 663 Step 50": 2.8935160636901855, "Epoch 663 Step 51": 2.8931546211242676, "Epoch 663 Step 52": 2.8887035846710205, "Epoch 663 Step 53": 2.8864705562591553, "Epoch 663 Step 54": 2.881232261657715, "Epoch 663 Step 55": 2.905808925628662, "Epoch 663 Step 56": 2.8972249031066895, "Epoch 663 Step 57": 2.901029348373413, "Epoch 663 Step 58": 2.8757338523864746, "Epoch 663 Step 59": 2.8879902362823486, "Epoch 663 Step 60": 2.8924174308776855, "Epoch 663 Step 61": 2.8749582767486572, "Epoch 663 Step 62": 2.8869550228118896, "Epoch 663 Step 63": 2.886737823486328, "Epoch 663 Step 64": 2.8911008834838867, "Epoch 663 Step 65": 2.895071506500244, "Epoch 663 Step 66": 2.8807969093322754, "Epoch 663 Step 67": 2.8922314643859863, "Epoch 663 Step 68": 2.8781492710113525, "Epoch 663 Step 69": 2.8845443725585938, "Epoch 663 Step 70": 2.877528429031372, "Epoch 663 Step 71": 2.890913248062134, "Epoch 663 Step 72": 2.878134250640869, "Epoch 663 Step 73": 2.8829002380371094, "Epoch 663 Step 74": 2.8890433311462402, "Epoch 663 Step 75": 2.873569965362549, "Epoch 663 Step 76": 2.872403621673584, "Epoch 663 Step 77": 2.8722543716430664, "Epoch 663 Step 78": 2.8887791633605957, "Epoch 663 Step 79": 2.88179874420166, "Epoch 663 Step 80": 2.877319097518921, "Epoch 663 Step 81": 2.8894498348236084, "Epoch 663 Step 82": 2.8949763774871826, "Epoch 663 Step 83": 2.880277156829834, "Epoch 663 Step 84": 2.8756680488586426, "Epoch 663 Step 85": 2.887599229812622, "Epoch 663 Step 86": 2.8918051719665527, "Epoch 663 Step 87": 2.8805651664733887, "Epoch 663 Step 88": 2.882122755050659, "Epoch 663 Step 89": 2.8780829906463623}