{"Epoch 503 Step 0": 2.885249614715576, "Epoch 503 Step 1": 2.8787076473236084, "Epoch 503 Step 2": 2.891876459121704, "Epoch 503 Step 3": 2.8777542114257812, "Epoch 503 Step 4": 2.8832671642303467, "Epoch 503 Step 5": 2.8887059688568115, "Epoch 503 Step 6": 2.8739349842071533, "Epoch 503 Step 7": 2.8716697692871094, "Epoch 503 Step 8": 2.8719429969787598, "Epoch 503 Step 9": 2.889145612716675, "Epoch 503 Step 10": 2.8825950622558594, "Epoch 503 Step 11": 2.8776323795318604, "Epoch 503 Step 12": 2.8920390605926514, "Epoch 503 Step 13": 2.895369052886963, "Epoch 503 Step 14": 2.8807551860809326, "Epoch 503 Step 15": 2.8762850761413574, "Epoch 503 Step 16": 2.8871207237243652, "Epoch 503 Step 17": 2.891648054122925, "Epoch 503 Step 18": 2.8806369304656982, "Epoch 503 Step 19": 2.8819704055786133, "Epoch 503 Step 20": 2.8777406215667725, "Epoch 503 Step 21": 2.8879051208496094, "Epoch 503 Step 22": 2.8735945224761963, "Epoch 503 Step 23": 2.8855013847351074, "Epoch 503 Step 24": 2.878983974456787, "Epoch 503 Step 25": 2.8832449913024902, "Epoch 503 Step 26": 2.8854243755340576, "Epoch 503 Step 27": 2.870985984802246, "Epoch 503 Step 28": 2.885206937789917, "Epoch 503 Step 29": 2.8881256580352783, "Epoch 503 Step 30": 2.8860714435577393, "Epoch 503 Step 31": 2.88944411277771, "Epoch 503 Step 32": 2.884166955947876, "Epoch 503 Step 33": 2.8725669384002686, "Epoch 503 Step 34": 2.881420373916626, "Epoch 503 Step 35": 2.8774962425231934, "Epoch 503 Step 36": 2.8832039833068848, "Epoch 503 Step 37": 2.8833093643188477, "Epoch 503 Step 38": 2.8913228511810303, "Epoch 503 Step 39": 2.8848421573638916, "Epoch 503 Step 40": 2.8849878311157227, "Epoch 503 Step 41": 2.8814995288848877, "Epoch 503 Step 42": 2.876309394836426, "Epoch 503 Step 43": 2.879585027694702, "Epoch 503 Step 44": 2.893670082092285, "Epoch 503 Step 45": 2.887782573699951, "Epoch 503 Step 46": 2.87402081489563, "Epoch 503 Step 47": 2.890392541885376, "Epoch 503 Step 48": 2.8821964263916016, "Epoch 503 Step 49": 2.8757126331329346, "Epoch 503 Step 50": 2.873204231262207, "Epoch 503 Step 51": 2.8817920684814453, "Epoch 503 Step 52": 2.887782096862793, "Epoch 503 Step 53": 2.8804140090942383, "Epoch 503 Step 54": 2.878861904144287, "Epoch 503 Step 55": 2.8783349990844727, "Epoch 503 Step 56": 2.8761959075927734, "Epoch 503 Step 57": 2.8876588344573975, "Epoch 503 Step 58": 2.87491774559021, "Epoch 503 Step 59": 2.8913486003875732, "Epoch 503 Step 60": 2.8711962699890137, "Epoch 503 Step 61": 2.8749513626098633, "Epoch 503 Step 62": 2.8795433044433594, "Epoch 503 Step 63": 2.868023633956909, "Epoch 503 Step 64": 2.8866491317749023, "Epoch 503 Step 65": 2.8814697265625, "Epoch 503 Step 66": 2.887439489364624, "Epoch 503 Step 67": 2.893418073654175, "Epoch 503 Step 68": 2.8863840103149414, "Epoch 503 Step 69": 2.8780155181884766, "Epoch 503 Step 70": 2.885101318359375, "Epoch 503 Step 71": 2.8957533836364746, "Epoch 503 Step 72": 2.894770622253418, "Epoch 503 Step 73": 2.8933417797088623, "Epoch 503 Step 74": 2.888333559036255, "Epoch 503 Step 75": 2.886162757873535, "Epoch 503 Step 76": 2.8821861743927, "Epoch 503 Step 77": 2.9031033515930176, "Epoch 503 Step 78": 2.8997883796691895, "Epoch 503 Step 79": 2.898831367492676, "Epoch 503 Step 80": 2.875631093978882, "Epoch 503 Step 81": 2.8889780044555664, "Epoch 503 Step 82": 2.8932390213012695, "Epoch 503 Step 83": 2.8755369186401367, "Epoch 503 Step 84": 2.8866565227508545, "Epoch 503 Step 85": 2.886840581893921, "Epoch 503 Step 86": 2.8908677101135254, "Epoch 503 Step 87": 2.894730806350708, "Epoch 503 Step 88": 2.880610704421997, "Epoch 503 Step 89": 2.8919565677642822}