{"Epoch 89 Step 0": 2.8667144775390625, "Epoch 89 Step 1": 2.8839266300201416, "Epoch 89 Step 2": 2.8802433013916016, "Epoch 89 Step 3": 2.8837928771972656, "Epoch 89 Step 4": 2.891559362411499, "Epoch 89 Step 5": 2.8848326206207275, "Epoch 89 Step 6": 2.877161979675293, "Epoch 89 Step 7": 2.8821916580200195, "Epoch 89 Step 8": 2.894878625869751, "Epoch 89 Step 9": 2.8937675952911377, "Epoch 89 Step 10": 2.8924601078033447, "Epoch 89 Step 11": 2.886514186859131, "Epoch 89 Step 12": 2.8845629692077637, "Epoch 89 Step 13": 2.880249500274658, "Epoch 89 Step 14": 2.9018948078155518, "Epoch 89 Step 15": 2.898127555847168, "Epoch 89 Step 16": 2.8943488597869873, "Epoch 89 Step 17": 2.8750596046447754, "Epoch 89 Step 18": 2.8880884647369385, "Epoch 89 Step 19": 2.8916451930999756, "Epoch 89 Step 20": 2.8736789226531982, "Epoch 89 Step 21": 2.8840062618255615, "Epoch 89 Step 22": 2.8855936527252197, "Epoch 89 Step 23": 2.889899969100952, "Epoch 89 Step 24": 2.8948960304260254, "Epoch 89 Step 25": 2.8794596195220947, "Epoch 89 Step 26": 2.8917441368103027, "Epoch 89 Step 27": 2.876817464828491, "Epoch 89 Step 28": 2.8849880695343018, "Epoch 89 Step 29": 2.8751492500305176, "Epoch 89 Step 30": 2.8897738456726074, "Epoch 89 Step 31": 2.875075578689575, "Epoch 89 Step 32": 2.8806419372558594, "Epoch 89 Step 33": 2.8867197036743164, "Epoch 89 Step 34": 2.871229410171509, "Epoch 89 Step 35": 2.8701634407043457, "Epoch 89 Step 36": 2.871027708053589, "Epoch 89 Step 37": 2.886016845703125, "Epoch 89 Step 38": 2.880298137664795, "Epoch 89 Step 39": 2.875915765762329, "Epoch 89 Step 40": 2.8899292945861816, "Epoch 89 Step 41": 2.8941757678985596, "Epoch 89 Step 42": 2.8777596950531006, "Epoch 89 Step 43": 2.8750991821289062, "Epoch 89 Step 44": 2.8846678733825684, "Epoch 89 Step 45": 2.8893463611602783, "Epoch 89 Step 46": 2.879866600036621, "Epoch 89 Step 47": 2.8811399936676025, "Epoch 89 Step 48": 2.875746965408325, "Epoch 89 Step 49": 2.885157346725464, "Epoch 89 Step 50": 2.8717780113220215, "Epoch 89 Step 51": 2.8837249279022217, "Epoch 89 Step 52": 2.877504348754883, "Epoch 89 Step 53": 2.8817214965820312, "Epoch 89 Step 54": 2.8832931518554688, "Epoch 89 Step 55": 2.8688507080078125, "Epoch 89 Step 56": 2.882408618927002, "Epoch 89 Step 57": 2.886242389678955, "Epoch 89 Step 58": 2.8829071521759033, "Epoch 89 Step 59": 2.886770248413086, "Epoch 89 Step 60": 2.882981061935425, "Epoch 89 Step 61": 2.8710813522338867, "Epoch 89 Step 62": 2.878929615020752, "Epoch 89 Step 63": 2.8758347034454346, "Epoch 89 Step 64": 2.8820908069610596, "Epoch 89 Step 65": 2.880505084991455, "Epoch 89 Step 66": 2.888563871383667, "Epoch 89 Step 67": 2.8838112354278564, "Epoch 89 Step 68": 2.8835580348968506, "Epoch 89 Step 69": 2.8808977603912354, "Epoch 89 Step 70": 2.8732385635375977, "Epoch 89 Step 71": 2.8780033588409424, "Epoch 89 Step 72": 2.891777992248535, "Epoch 89 Step 73": 2.8871846199035645, "Epoch 89 Step 74": 2.8729074001312256, "Epoch 89 Step 75": 2.8881478309631348, "Epoch 89 Step 76": 2.8806869983673096, "Epoch 89 Step 77": 2.873767614364624, "Epoch 89 Step 78": 2.868436813354492, "Epoch 89 Step 79": 2.881516218185425, "Epoch 89 Step 80": 2.886319160461426, "Epoch 89 Step 81": 2.877668857574463, "Epoch 89 Step 82": 2.8765904903411865, "Epoch 89 Step 83": 2.8783323764801025, "Epoch 89 Step 84": 2.875288963317871, "Epoch 89 Step 85": 2.8846864700317383, "Epoch 89 Step 86": 2.8695671558380127, "Epoch 89 Step 87": 2.8892810344696045, "Epoch 89 Step 88": 2.8708016872406006, "Epoch 89 Step 89": 2.873349189758301}