{"Epoch 534 Step 0": 2.871469497680664, "Epoch 534 Step 1": 2.874994993209839, "Epoch 534 Step 2": 2.879328966140747, "Epoch 534 Step 3": 2.8682668209075928, "Epoch 534 Step 4": 2.8870153427124023, "Epoch 534 Step 5": 2.8814072608947754, "Epoch 534 Step 6": 2.887058734893799, "Epoch 534 Step 7": 2.893125057220459, "Epoch 534 Step 8": 2.8859593868255615, "Epoch 534 Step 9": 2.8781235218048096, "Epoch 534 Step 10": 2.884690046310425, "Epoch 534 Step 11": 2.8957607746124268, "Epoch 534 Step 12": 2.8939926624298096, "Epoch 534 Step 13": 2.8934884071350098, "Epoch 534 Step 14": 2.8873448371887207, "Epoch 534 Step 15": 2.8855628967285156, "Epoch 534 Step 16": 2.8818206787109375, "Epoch 534 Step 17": 2.9048726558685303, "Epoch 534 Step 18": 2.8988873958587646, "Epoch 534 Step 19": 2.899048328399658, "Epoch 534 Step 20": 2.8754477500915527, "Epoch 534 Step 21": 2.888866662979126, "Epoch 534 Step 22": 2.8929247856140137, "Epoch 534 Step 23": 2.8748483657836914, "Epoch 534 Step 24": 2.8863914012908936, "Epoch 534 Step 25": 2.886681318283081, "Epoch 534 Step 26": 2.891279458999634, "Epoch 534 Step 27": 2.895800828933716, "Epoch 534 Step 28": 2.8816680908203125, "Epoch 534 Step 29": 2.8930585384368896, "Epoch 534 Step 30": 2.8786489963531494, "Epoch 534 Step 31": 2.8846468925476074, "Epoch 534 Step 32": 2.878965377807617, "Epoch 534 Step 33": 2.8911309242248535, "Epoch 534 Step 34": 2.877824544906616, "Epoch 534 Step 35": 2.882570505142212, "Epoch 534 Step 36": 2.888402223587036, "Epoch 534 Step 37": 2.8732807636260986, "Epoch 534 Step 38": 2.8715882301330566, "Epoch 534 Step 39": 2.871856927871704, "Epoch 534 Step 40": 2.8885176181793213, "Epoch 534 Step 41": 2.8819284439086914, "Epoch 534 Step 42": 2.8777997493743896, "Epoch 534 Step 43": 2.8898470401763916, "Epoch 534 Step 44": 2.8956241607666016, "Epoch 534 Step 45": 2.8802342414855957, "Epoch 534 Step 46": 2.875708818435669, "Epoch 534 Step 47": 2.887615442276001, "Epoch 534 Step 48": 2.8914716243743896, "Epoch 534 Step 49": 2.8810389041900635, "Epoch 534 Step 50": 2.8816797733306885, "Epoch 534 Step 51": 2.877709150314331, "Epoch 534 Step 52": 2.8872220516204834, "Epoch 534 Step 53": 2.8739800453186035, "Epoch 534 Step 54": 2.885061025619507, "Epoch 534 Step 55": 2.8796119689941406, "Epoch 534 Step 56": 2.8832263946533203, "Epoch 534 Step 57": 2.885161876678467, "Epoch 534 Step 58": 2.871112108230591, "Epoch 534 Step 59": 2.885070323944092, "Epoch 534 Step 60": 2.8873069286346436, "Epoch 534 Step 61": 2.8858723640441895, "Epoch 534 Step 62": 2.8892085552215576, "Epoch 534 Step 63": 2.884552001953125, "Epoch 534 Step 64": 2.8727893829345703, "Epoch 534 Step 65": 2.8807740211486816, "Epoch 534 Step 66": 2.877408981323242, "Epoch 534 Step 67": 2.8827970027923584, "Epoch 534 Step 68": 2.8830320835113525, "Epoch 534 Step 69": 2.8903791904449463, "Epoch 534 Step 70": 2.8849780559539795, "Epoch 534 Step 71": 2.8854832649230957, "Epoch 534 Step 72": 2.8813772201538086, "Epoch 534 Step 73": 2.875378370285034, "Epoch 534 Step 74": 2.8789873123168945, "Epoch 534 Step 75": 2.8944294452667236, "Epoch 534 Step 76": 2.8880059719085693, "Epoch 534 Step 77": 2.8737809658050537, "Epoch 534 Step 78": 2.89062762260437, "Epoch 534 Step 79": 2.882599115371704, "Epoch 534 Step 80": 2.8766040802001953, "Epoch 534 Step 81": 2.8732476234436035, "Epoch 534 Step 82": 2.881463050842285, "Epoch 534 Step 83": 2.8874857425689697, "Epoch 534 Step 84": 2.8804478645324707, "Epoch 534 Step 85": 2.8793563842773438, "Epoch 534 Step 86": 2.878416061401367, "Epoch 534 Step 87": 2.8762078285217285, "Epoch 534 Step 88": 2.8879454135894775, "Epoch 534 Step 89": 2.8743534088134766}