{"Epoch 453 Step 0": 2.8725218772888184, "Epoch 453 Step 1": 2.8822734355926514, "Epoch 453 Step 2": 2.8877475261688232, "Epoch 453 Step 3": 2.8802757263183594, "Epoch 453 Step 4": 2.8789889812469482, "Epoch 453 Step 5": 2.8785455226898193, "Epoch 453 Step 6": 2.876114845275879, "Epoch 453 Step 7": 2.887838125228882, "Epoch 453 Step 8": 2.874769449234009, "Epoch 453 Step 9": 2.8912906646728516, "Epoch 453 Step 10": 2.8711259365081787, "Epoch 453 Step 11": 2.8745131492614746, "Epoch 453 Step 12": 2.879255533218384, "Epoch 453 Step 13": 2.8680715560913086, "Epoch 453 Step 14": 2.887192964553833, "Epoch 453 Step 15": 2.881455898284912, "Epoch 453 Step 16": 2.886429786682129, "Epoch 453 Step 17": 2.8928756713867188, "Epoch 453 Step 18": 2.886343240737915, "Epoch 453 Step 19": 2.8784945011138916, "Epoch 453 Step 20": 2.884430408477783, "Epoch 453 Step 21": 2.8950388431549072, "Epoch 453 Step 22": 2.893864154815674, "Epoch 453 Step 23": 2.892477512359619, "Epoch 453 Step 24": 2.887706995010376, "Epoch 453 Step 25": 2.887340545654297, "Epoch 453 Step 26": 2.883444309234619, "Epoch 453 Step 27": 2.9036202430725098, "Epoch 453 Step 28": 2.9003684520721436, "Epoch 453 Step 29": 2.8988771438598633, "Epoch 453 Step 30": 2.8759963512420654, "Epoch 453 Step 31": 2.8882789611816406, "Epoch 453 Step 32": 2.8924148082733154, "Epoch 453 Step 33": 2.8751113414764404, "Epoch 453 Step 34": 2.886573553085327, "Epoch 453 Step 35": 2.8871591091156006, "Epoch 453 Step 36": 2.891547918319702, "Epoch 453 Step 37": 2.895817279815674, "Epoch 453 Step 38": 2.882197618484497, "Epoch 453 Step 39": 2.89359450340271, "Epoch 453 Step 40": 2.8791418075561523, "Epoch 453 Step 41": 2.8854167461395264, "Epoch 453 Step 42": 2.878265142440796, "Epoch 453 Step 43": 2.8915772438049316, "Epoch 453 Step 44": 2.877823829650879, "Epoch 453 Step 45": 2.882488965988159, "Epoch 453 Step 46": 2.8888192176818848, "Epoch 453 Step 47": 2.873338460922241, "Epoch 453 Step 48": 2.8719024658203125, "Epoch 453 Step 49": 2.8717408180236816, "Epoch 453 Step 50": 2.8883235454559326, "Epoch 453 Step 51": 2.8820037841796875, "Epoch 453 Step 52": 2.8779098987579346, "Epoch 453 Step 53": 2.88965106010437, "Epoch 453 Step 54": 2.8944761753082275, "Epoch 453 Step 55": 2.8807144165039062, "Epoch 453 Step 56": 2.8774845600128174, "Epoch 453 Step 57": 2.8876373767852783, "Epoch 453 Step 58": 2.8908374309539795, "Epoch 453 Step 59": 2.8810951709747314, "Epoch 453 Step 60": 2.8820340633392334, "Epoch 453 Step 61": 2.8776445388793945, "Epoch 453 Step 62": 2.887697458267212, "Epoch 453 Step 63": 2.873945713043213, "Epoch 453 Step 64": 2.884925127029419, "Epoch 453 Step 65": 2.8790831565856934, "Epoch 453 Step 66": 2.882594585418701, "Epoch 453 Step 67": 2.8844380378723145, "Epoch 453 Step 68": 2.871166944503784, "Epoch 453 Step 69": 2.884929656982422, "Epoch 453 Step 70": 2.8872034549713135, "Epoch 453 Step 71": 2.8859975337982178, "Epoch 453 Step 72": 2.8895397186279297, "Epoch 453 Step 73": 2.884317398071289, "Epoch 453 Step 74": 2.8726303577423096, "Epoch 453 Step 75": 2.8810908794403076, "Epoch 453 Step 76": 2.877363681793213, "Epoch 453 Step 77": 2.882481813430786, "Epoch 453 Step 78": 2.883366584777832, "Epoch 453 Step 79": 2.8901383876800537, "Epoch 453 Step 80": 2.8846356868743896, "Epoch 453 Step 81": 2.88507080078125, "Epoch 453 Step 82": 2.881225109100342, "Epoch 453 Step 83": 2.8755884170532227, "Epoch 453 Step 84": 2.879603862762451, "Epoch 453 Step 85": 2.8937976360321045, "Epoch 453 Step 86": 2.8879847526550293, "Epoch 453 Step 87": 2.873607873916626, "Epoch 453 Step 88": 2.890662670135498, "Epoch 453 Step 89": 2.882427930831909}