{"Epoch 286 Step 0": 2.881652355194092, "Epoch 286 Step 1": 2.875216245651245, "Epoch 286 Step 2": 2.871149778366089, "Epoch 286 Step 3": 2.8814611434936523, "Epoch 286 Step 4": 2.887000322341919, "Epoch 286 Step 5": 2.8803844451904297, "Epoch 286 Step 6": 2.8781635761260986, "Epoch 286 Step 7": 2.8780839443206787, "Epoch 286 Step 8": 2.875663995742798, "Epoch 286 Step 9": 2.8872547149658203, "Epoch 286 Step 10": 2.873361587524414, "Epoch 286 Step 11": 2.8901431560516357, "Epoch 286 Step 12": 2.8711977005004883, "Epoch 286 Step 13": 2.874668836593628, "Epoch 286 Step 14": 2.878577947616577, "Epoch 286 Step 15": 2.8673152923583984, "Epoch 286 Step 16": 2.8865303993225098, "Epoch 286 Step 17": 2.880983829498291, "Epoch 286 Step 18": 2.8862290382385254, "Epoch 286 Step 19": 2.8928050994873047, "Epoch 286 Step 20": 2.8858911991119385, "Epoch 286 Step 21": 2.8770620822906494, "Epoch 286 Step 22": 2.884486675262451, "Epoch 286 Step 23": 2.8951666355133057, "Epoch 286 Step 24": 2.8949310779571533, "Epoch 286 Step 25": 2.8931777477264404, "Epoch 286 Step 26": 2.887866973876953, "Epoch 286 Step 27": 2.8858261108398438, "Epoch 286 Step 28": 2.8843958377838135, "Epoch 286 Step 29": 2.9029245376586914, "Epoch 286 Step 30": 2.900014877319336, "Epoch 286 Step 31": 2.897487163543701, "Epoch 286 Step 32": 2.8754489421844482, "Epoch 286 Step 33": 2.889784336090088, "Epoch 286 Step 34": 2.893688917160034, "Epoch 286 Step 35": 2.8752386569976807, "Epoch 286 Step 36": 2.88618803024292, "Epoch 286 Step 37": 2.886322259902954, "Epoch 286 Step 38": 2.8911452293395996, "Epoch 286 Step 39": 2.8950304985046387, "Epoch 286 Step 40": 2.880673408508301, "Epoch 286 Step 41": 2.892845869064331, "Epoch 286 Step 42": 2.8779830932617188, "Epoch 286 Step 43": 2.8841240406036377, "Epoch 286 Step 44": 2.8773088455200195, "Epoch 286 Step 45": 2.891118049621582, "Epoch 286 Step 46": 2.8772459030151367, "Epoch 286 Step 47": 2.882371664047241, "Epoch 286 Step 48": 2.8882884979248047, "Epoch 286 Step 49": 2.8727471828460693, "Epoch 286 Step 50": 2.871589183807373, "Epoch 286 Step 51": 2.8720779418945312, "Epoch 286 Step 52": 2.8878090381622314, "Epoch 286 Step 53": 2.8817687034606934, "Epoch 286 Step 54": 2.876721143722534, "Epoch 286 Step 55": 2.8895175457000732, "Epoch 286 Step 56": 2.8947107791900635, "Epoch 286 Step 57": 2.879775047302246, "Epoch 286 Step 58": 2.8757376670837402, "Epoch 286 Step 59": 2.8863375186920166, "Epoch 286 Step 60": 2.8910319805145264, "Epoch 286 Step 61": 2.880138874053955, "Epoch 286 Step 62": 2.8819642066955566, "Epoch 286 Step 63": 2.8777716159820557, "Epoch 286 Step 64": 2.8875064849853516, "Epoch 286 Step 65": 2.8727176189422607, "Epoch 286 Step 66": 2.8849263191223145, "Epoch 286 Step 67": 2.878800630569458, "Epoch 286 Step 68": 2.882659673690796, "Epoch 286 Step 69": 2.8846399784088135, "Epoch 286 Step 70": 2.8700435161590576, "Epoch 286 Step 71": 2.884336233139038, "Epoch 286 Step 72": 2.8869845867156982, "Epoch 286 Step 73": 2.8849704265594482, "Epoch 286 Step 74": 2.8893024921417236, "Epoch 286 Step 75": 2.883336305618286, "Epoch 286 Step 76": 2.8720834255218506, "Epoch 286 Step 77": 2.88047194480896, "Epoch 286 Step 78": 2.8770155906677246, "Epoch 286 Step 79": 2.8823609352111816, "Epoch 286 Step 80": 2.882153034210205, "Epoch 286 Step 81": 2.8907182216644287, "Epoch 286 Step 82": 2.8849992752075195, "Epoch 286 Step 83": 2.8852264881134033, "Epoch 286 Step 84": 2.880803346633911, "Epoch 286 Step 85": 2.8744630813598633, "Epoch 286 Step 86": 2.87857723236084, "Epoch 286 Step 87": 2.89353609085083, "Epoch 286 Step 88": 2.8880035877227783, "Epoch 286 Step 89": 2.8734934329986572}