{"Epoch 105 Step 0": 2.8880844116210938, "Epoch 105 Step 1": 2.8803212642669678, "Epoch 105 Step 2": 2.8732335567474365, "Epoch 105 Step 3": 2.8685660362243652, "Epoch 105 Step 4": 2.8801262378692627, "Epoch 105 Step 5": 2.8864903450012207, "Epoch 105 Step 6": 2.878739595413208, "Epoch 105 Step 7": 2.877904176712036, "Epoch 105 Step 8": 2.8786540031433105, "Epoch 105 Step 9": 2.8760218620300293, "Epoch 105 Step 10": 2.8857293128967285, "Epoch 105 Step 11": 2.8694357872009277, "Epoch 105 Step 12": 2.889998197555542, "Epoch 105 Step 13": 2.8703455924987793, "Epoch 105 Step 14": 2.8728678226470947, "Epoch 105 Step 15": 2.8789052963256836, "Epoch 105 Step 16": 2.866199016571045, "Epoch 105 Step 17": 2.8845114707946777, "Epoch 105 Step 18": 2.880016803741455, "Epoch 105 Step 19": 2.883047580718994, "Epoch 105 Step 20": 2.892066717147827, "Epoch 105 Step 21": 2.8848116397857666, "Epoch 105 Step 22": 2.876574754714966, "Epoch 105 Step 23": 2.8823606967926025, "Epoch 105 Step 24": 2.8933236598968506, "Epoch 105 Step 25": 2.8943915367126465, "Epoch 105 Step 26": 2.89139986038208, "Epoch 105 Step 27": 2.886870861053467, "Epoch 105 Step 28": 2.884964942932129, "Epoch 105 Step 29": 2.8814992904663086, "Epoch 105 Step 30": 2.9032044410705566, "Epoch 105 Step 31": 2.900623321533203, "Epoch 105 Step 32": 2.8954153060913086, "Epoch 105 Step 33": 2.8752195835113525, "Epoch 105 Step 34": 2.888439178466797, "Epoch 105 Step 35": 2.8923087120056152, "Epoch 105 Step 36": 2.8734545707702637, "Epoch 105 Step 37": 2.8851351737976074, "Epoch 105 Step 38": 2.886532783508301, "Epoch 105 Step 39": 2.8910834789276123, "Epoch 105 Step 40": 2.895691394805908, "Epoch 105 Step 41": 2.88063383102417, "Epoch 105 Step 42": 2.8912086486816406, "Epoch 105 Step 43": 2.8771467208862305, "Epoch 105 Step 44": 2.8856453895568848, "Epoch 105 Step 45": 2.8765790462493896, "Epoch 105 Step 46": 2.890476942062378, "Epoch 105 Step 47": 2.874737501144409, "Epoch 105 Step 48": 2.8812084197998047, "Epoch 105 Step 49": 2.8875832557678223, "Epoch 105 Step 50": 2.8718044757843018, "Epoch 105 Step 51": 2.8705966472625732, "Epoch 105 Step 52": 2.870004177093506, "Epoch 105 Step 53": 2.886305570602417, "Epoch 105 Step 54": 2.880286693572998, "Epoch 105 Step 55": 2.8760201930999756, "Epoch 105 Step 56": 2.8889243602752686, "Epoch 105 Step 57": 2.8938286304473877, "Epoch 105 Step 58": 2.8795766830444336, "Epoch 105 Step 59": 2.8736417293548584, "Epoch 105 Step 60": 2.885413646697998, "Epoch 105 Step 61": 2.890377998352051, "Epoch 105 Step 62": 2.8796169757843018, "Epoch 105 Step 63": 2.880183219909668, "Epoch 105 Step 64": 2.87599778175354, "Epoch 105 Step 65": 2.8853800296783447, "Epoch 105 Step 66": 2.872044801712036, "Epoch 105 Step 67": 2.8837733268737793, "Epoch 105 Step 68": 2.8776957988739014, "Epoch 105 Step 69": 2.881108045578003, "Epoch 105 Step 70": 2.8833653926849365, "Epoch 105 Step 71": 2.8689849376678467, "Epoch 105 Step 72": 2.8826687335968018, "Epoch 105 Step 73": 2.8859174251556396, "Epoch 105 Step 74": 2.883586883544922, "Epoch 105 Step 75": 2.887700080871582, "Epoch 105 Step 76": 2.882551908493042, "Epoch 105 Step 77": 2.870657205581665, "Epoch 105 Step 78": 2.8784568309783936, "Epoch 105 Step 79": 2.8760128021240234, "Epoch 105 Step 80": 2.8817732334136963, "Epoch 105 Step 81": 2.8804776668548584, "Epoch 105 Step 82": 2.888406276702881, "Epoch 105 Step 83": 2.884105920791626, "Epoch 105 Step 84": 2.884096145629883, "Epoch 105 Step 85": 2.8798255920410156, "Epoch 105 Step 86": 2.873194456100464, "Epoch 105 Step 87": 2.8782083988189697, "Epoch 105 Step 88": 2.8914003372192383, "Epoch 105 Step 89": 2.8876564502716064}