{"Epoch 436 Step 0": 2.8936004638671875, "Epoch 436 Step 1": 2.8861656188964844, "Epoch 436 Step 2": 2.8785548210144043, "Epoch 436 Step 3": 2.8850228786468506, "Epoch 436 Step 4": 2.8954544067382812, "Epoch 436 Step 5": 2.8934192657470703, "Epoch 436 Step 6": 2.8924543857574463, "Epoch 436 Step 7": 2.8872878551483154, "Epoch 436 Step 8": 2.8862266540527344, "Epoch 436 Step 9": 2.8844475746154785, "Epoch 436 Step 10": 2.9052071571350098, "Epoch 436 Step 11": 2.9013454914093018, "Epoch 436 Step 12": 2.8979969024658203, "Epoch 436 Step 13": 2.875610589981079, "Epoch 436 Step 14": 2.8887667655944824, "Epoch 436 Step 15": 2.892967939376831, "Epoch 436 Step 16": 2.87483549118042, "Epoch 436 Step 17": 2.8864188194274902, "Epoch 436 Step 18": 2.886734962463379, "Epoch 436 Step 19": 2.8918068408966064, "Epoch 436 Step 20": 2.895817279815674, "Epoch 436 Step 21": 2.8814806938171387, "Epoch 436 Step 22": 2.8919644355773926, "Epoch 436 Step 23": 2.8790576457977295, "Epoch 436 Step 24": 2.8859493732452393, "Epoch 436 Step 25": 2.8783822059631348, "Epoch 436 Step 26": 2.892157554626465, "Epoch 436 Step 27": 2.877981662750244, "Epoch 436 Step 28": 2.883401870727539, "Epoch 436 Step 29": 2.8888702392578125, "Epoch 436 Step 30": 2.873171329498291, "Epoch 436 Step 31": 2.871746063232422, "Epoch 436 Step 32": 2.8721513748168945, "Epoch 436 Step 33": 2.8883297443389893, "Epoch 436 Step 34": 2.883596658706665, "Epoch 436 Step 35": 2.87746524810791, "Epoch 436 Step 36": 2.8896710872650146, "Epoch 436 Step 37": 2.8954522609710693, "Epoch 436 Step 38": 2.880620241165161, "Epoch 436 Step 39": 2.875528573989868, "Epoch 436 Step 40": 2.8880670070648193, "Epoch 436 Step 41": 2.8917157649993896, "Epoch 436 Step 42": 2.880556344985962, "Epoch 436 Step 43": 2.8816683292388916, "Epoch 436 Step 44": 2.8777236938476562, "Epoch 436 Step 45": 2.8876590728759766, "Epoch 436 Step 46": 2.873716354370117, "Epoch 436 Step 47": 2.8856422901153564, "Epoch 436 Step 48": 2.8794925212860107, "Epoch 436 Step 49": 2.882868528366089, "Epoch 436 Step 50": 2.8847312927246094, "Epoch 436 Step 51": 2.871281862258911, "Epoch 436 Step 52": 2.884890079498291, "Epoch 436 Step 53": 2.8877475261688232, "Epoch 436 Step 54": 2.8857626914978027, "Epoch 436 Step 55": 2.8893332481384277, "Epoch 436 Step 56": 2.8845467567443848, "Epoch 436 Step 57": 2.8727471828460693, "Epoch 436 Step 58": 2.8807761669158936, "Epoch 436 Step 59": 2.8770015239715576, "Epoch 436 Step 60": 2.8829562664031982, "Epoch 436 Step 61": 2.8830809593200684, "Epoch 436 Step 62": 2.890280246734619, "Epoch 436 Step 63": 2.88501238822937, "Epoch 436 Step 64": 2.8850812911987305, "Epoch 436 Step 65": 2.881314277648926, "Epoch 436 Step 66": 2.8757972717285156, "Epoch 436 Step 67": 2.8792927265167236, "Epoch 436 Step 68": 2.8936824798583984, "Epoch 436 Step 69": 2.888059139251709, "Epoch 436 Step 70": 2.8743090629577637, "Epoch 436 Step 71": 2.890765428543091, "Epoch 436 Step 72": 2.882219076156616, "Epoch 436 Step 73": 2.875506639480591, "Epoch 436 Step 74": 2.872185230255127, "Epoch 436 Step 75": 2.8819923400878906, "Epoch 436 Step 76": 2.888010025024414, "Epoch 436 Step 77": 2.880307912826538, "Epoch 436 Step 78": 2.8788692951202393, "Epoch 436 Step 79": 2.878696918487549, "Epoch 436 Step 80": 2.876264810562134, "Epoch 436 Step 81": 2.887716293334961, "Epoch 436 Step 82": 2.8742916584014893, "Epoch 436 Step 83": 2.891380786895752, "Epoch 436 Step 84": 2.8710806369781494, "Epoch 436 Step 85": 2.8745317459106445, "Epoch 436 Step 86": 2.879751682281494, "Epoch 436 Step 87": 2.8680973052978516, "Epoch 436 Step 88": 2.8870248794555664, "Epoch 436 Step 89": 2.8810510635375977}