{"Epoch 924 Step 0": 2.8808672428131104, "Epoch 924 Step 1": 2.87685227394104, "Epoch 924 Step 2": 2.882277727127075, "Epoch 924 Step 3": 2.8836379051208496, "Epoch 924 Step 4": 2.890587329864502, "Epoch 924 Step 5": 2.885087728500366, "Epoch 924 Step 6": 2.8853306770324707, "Epoch 924 Step 7": 2.881075143814087, "Epoch 924 Step 8": 2.875351905822754, "Epoch 924 Step 9": 2.879749059677124, "Epoch 924 Step 10": 2.894385576248169, "Epoch 924 Step 11": 2.8885250091552734, "Epoch 924 Step 12": 2.873976707458496, "Epoch 924 Step 13": 2.8904147148132324, "Epoch 924 Step 14": 2.8818185329437256, "Epoch 924 Step 15": 2.8759312629699707, "Epoch 924 Step 16": 2.873197078704834, "Epoch 924 Step 17": 2.882652759552002, "Epoch 924 Step 18": 2.8874928951263428, "Epoch 924 Step 19": 2.88045072555542, "Epoch 924 Step 20": 2.878730535507202, "Epoch 924 Step 21": 2.879133701324463, "Epoch 924 Step 22": 2.876905679702759, "Epoch 924 Step 23": 2.888984203338623, "Epoch 924 Step 24": 2.875896692276001, "Epoch 924 Step 25": 2.891852378845215, "Epoch 924 Step 26": 2.8709795475006104, "Epoch 924 Step 27": 2.8749561309814453, "Epoch 924 Step 28": 2.878880023956299, "Epoch 924 Step 29": 2.8686795234680176, "Epoch 924 Step 30": 2.8868789672851562, "Epoch 924 Step 31": 2.881409168243408, "Epoch 924 Step 32": 2.8870434761047363, "Epoch 924 Step 33": 2.892453670501709, "Epoch 924 Step 34": 2.8862380981445312, "Epoch 924 Step 35": 2.879211902618408, "Epoch 924 Step 36": 2.884788751602173, "Epoch 924 Step 37": 2.89569354057312, "Epoch 924 Step 38": 2.8955161571502686, "Epoch 924 Step 39": 2.8941080570220947, "Epoch 924 Step 40": 2.888519525527954, "Epoch 924 Step 41": 2.886577844619751, "Epoch 924 Step 42": 2.8811471462249756, "Epoch 924 Step 43": 2.905683755874634, "Epoch 924 Step 44": 2.899496078491211, "Epoch 924 Step 45": 2.900414228439331, "Epoch 924 Step 46": 2.8769519329071045, "Epoch 924 Step 47": 2.8883235454559326, "Epoch 924 Step 48": 2.892077922821045, "Epoch 924 Step 49": 2.8752851486206055, "Epoch 924 Step 50": 2.8875672817230225, "Epoch 924 Step 51": 2.887256383895874, "Epoch 924 Step 52": 2.8915700912475586, "Epoch 924 Step 53": 2.895581007003784, "Epoch 924 Step 54": 2.8816630840301514, "Epoch 924 Step 55": 2.892664670944214, "Epoch 924 Step 56": 2.878544807434082, "Epoch 924 Step 57": 2.884702444076538, "Epoch 924 Step 58": 2.8780436515808105, "Epoch 924 Step 59": 2.8911681175231934, "Epoch 924 Step 60": 2.8783905506134033, "Epoch 924 Step 61": 2.883502960205078, "Epoch 924 Step 62": 2.88844895362854, "Epoch 924 Step 63": 2.8732199668884277, "Epoch 924 Step 64": 2.872431993484497, "Epoch 924 Step 65": 2.8717896938323975, "Epoch 924 Step 66": 2.888354539871216, "Epoch 924 Step 67": 2.882100820541382, "Epoch 924 Step 68": 2.87758207321167, "Epoch 924 Step 69": 2.890780210494995, "Epoch 924 Step 70": 2.896271228790283, "Epoch 924 Step 71": 2.881192922592163, "Epoch 924 Step 72": 2.876312255859375, "Epoch 924 Step 73": 2.887193441390991, "Epoch 924 Step 74": 2.891342878341675, "Epoch 924 Step 75": 2.880378007888794, "Epoch 924 Step 76": 2.882455587387085, "Epoch 924 Step 77": 2.879000663757324, "Epoch 924 Step 78": 2.887981414794922, "Epoch 924 Step 79": 2.8738057613372803, "Epoch 924 Step 80": 2.8852596282958984, "Epoch 924 Step 81": 2.880481004714966, "Epoch 924 Step 82": 2.882955312728882, "Epoch 924 Step 83": 2.884798049926758, "Epoch 924 Step 84": 2.8717432022094727, "Epoch 924 Step 85": 2.8851919174194336, "Epoch 924 Step 86": 2.888169050216675, "Epoch 924 Step 87": 2.8863437175750732, "Epoch 924 Step 88": 2.89007830619812, "Epoch 924 Step 89": 2.8850948810577393}