{"Epoch 496 Step 0": 2.872307538986206, "Epoch 496 Step 1": 2.8728079795837402, "Epoch 496 Step 2": 2.888477087020874, "Epoch 496 Step 3": 2.8824782371520996, "Epoch 496 Step 4": 2.877790689468384, "Epoch 496 Step 5": 2.8910605907440186, "Epoch 496 Step 6": 2.895766258239746, "Epoch 496 Step 7": 2.879978895187378, "Epoch 496 Step 8": 2.875685453414917, "Epoch 496 Step 9": 2.887556314468384, "Epoch 496 Step 10": 2.891793966293335, "Epoch 496 Step 11": 2.8805813789367676, "Epoch 496 Step 12": 2.8819103240966797, "Epoch 496 Step 13": 2.877554416656494, "Epoch 496 Step 14": 2.8875067234039307, "Epoch 496 Step 15": 2.873750925064087, "Epoch 496 Step 16": 2.8854410648345947, "Epoch 496 Step 17": 2.879657506942749, "Epoch 496 Step 18": 2.8833727836608887, "Epoch 496 Step 19": 2.8848414421081543, "Epoch 496 Step 20": 2.8714351654052734, "Epoch 496 Step 21": 2.885324001312256, "Epoch 496 Step 22": 2.887547731399536, "Epoch 496 Step 23": 2.886068105697632, "Epoch 496 Step 24": 2.888836145401001, "Epoch 496 Step 25": 2.884600877761841, "Epoch 496 Step 26": 2.872609853744507, "Epoch 496 Step 27": 2.8804266452789307, "Epoch 496 Step 28": 2.8772871494293213, "Epoch 496 Step 29": 2.883272171020508, "Epoch 496 Step 30": 2.8831663131713867, "Epoch 496 Step 31": 2.890674591064453, "Epoch 496 Step 32": 2.8849430084228516, "Epoch 496 Step 33": 2.8848164081573486, "Epoch 496 Step 34": 2.8814141750335693, "Epoch 496 Step 35": 2.876307964324951, "Epoch 496 Step 36": 2.8798606395721436, "Epoch 496 Step 37": 2.893695592880249, "Epoch 496 Step 38": 2.8880045413970947, "Epoch 496 Step 39": 2.8741233348846436, "Epoch 496 Step 40": 2.890307664871216, "Epoch 496 Step 41": 2.8827219009399414, "Epoch 496 Step 42": 2.875652551651001, "Epoch 496 Step 43": 2.8726308345794678, "Epoch 496 Step 44": 2.881918430328369, "Epoch 496 Step 45": 2.887970447540283, "Epoch 496 Step 46": 2.880331516265869, "Epoch 496 Step 47": 2.8786001205444336, "Epoch 496 Step 48": 2.8785548210144043, "Epoch 496 Step 49": 2.876161575317383, "Epoch 496 Step 50": 2.8880884647369385, "Epoch 496 Step 51": 2.874051332473755, "Epoch 496 Step 52": 2.8911921977996826, "Epoch 496 Step 53": 2.8714518547058105, "Epoch 496 Step 54": 2.874948024749756, "Epoch 496 Step 55": 2.8795859813690186, "Epoch 496 Step 56": 2.86822772026062, "Epoch 496 Step 57": 2.887124538421631, "Epoch 496 Step 58": 2.881635904312134, "Epoch 496 Step 59": 2.8871307373046875, "Epoch 496 Step 60": 2.89330792427063, "Epoch 496 Step 61": 2.8873438835144043, "Epoch 496 Step 62": 2.878114938735962, "Epoch 496 Step 63": 2.8844127655029297, "Epoch 496 Step 64": 2.895404815673828, "Epoch 496 Step 65": 2.8948171138763428, "Epoch 496 Step 66": 2.89335298538208, "Epoch 496 Step 67": 2.8875420093536377, "Epoch 496 Step 68": 2.8856112957000732, "Epoch 496 Step 69": 2.883094072341919, "Epoch 496 Step 70": 2.905012607574463, "Epoch 496 Step 71": 2.8993003368377686, "Epoch 496 Step 72": 2.8980331420898438, "Epoch 496 Step 73": 2.876418352127075, "Epoch 496 Step 74": 2.8894267082214355, "Epoch 496 Step 75": 2.893296718597412, "Epoch 496 Step 76": 2.8754029273986816, "Epoch 496 Step 77": 2.8864965438842773, "Epoch 496 Step 78": 2.886963367462158, "Epoch 496 Step 79": 2.8916852474212646, "Epoch 496 Step 80": 2.8959009647369385, "Epoch 496 Step 81": 2.8816425800323486, "Epoch 496 Step 82": 2.893585681915283, "Epoch 496 Step 83": 2.878596067428589, "Epoch 496 Step 84": 2.884570360183716, "Epoch 496 Step 85": 2.877946376800537, "Epoch 496 Step 86": 2.891416311264038, "Epoch 496 Step 87": 2.8774564266204834, "Epoch 496 Step 88": 2.8829808235168457, "Epoch 496 Step 89": 2.8890442848205566}