{"Epoch 907 Step 0": 2.882387399673462, "Epoch 907 Step 1": 2.8884997367858887, "Epoch 907 Step 2": 2.880470037460327, "Epoch 907 Step 3": 2.878264904022217, "Epoch 907 Step 4": 2.8780980110168457, "Epoch 907 Step 5": 2.8773186206817627, "Epoch 907 Step 6": 2.8876960277557373, "Epoch 907 Step 7": 2.873843193054199, "Epoch 907 Step 8": 2.890822410583496, "Epoch 907 Step 9": 2.87151837348938, "Epoch 907 Step 10": 2.875239372253418, "Epoch 907 Step 11": 2.8795580863952637, "Epoch 907 Step 12": 2.8678977489471436, "Epoch 907 Step 13": 2.887187957763672, "Epoch 907 Step 14": 2.8812978267669678, "Epoch 907 Step 15": 2.8870925903320312, "Epoch 907 Step 16": 2.892988920211792, "Epoch 907 Step 17": 2.887592077255249, "Epoch 907 Step 18": 2.87904691696167, "Epoch 907 Step 19": 2.885073661804199, "Epoch 907 Step 20": 2.896573781967163, "Epoch 907 Step 21": 2.8952481746673584, "Epoch 907 Step 22": 2.8930540084838867, "Epoch 907 Step 23": 2.887936592102051, "Epoch 907 Step 24": 2.8864340782165527, "Epoch 907 Step 25": 2.8840551376342773, "Epoch 907 Step 26": 2.903806686401367, "Epoch 907 Step 27": 2.901235580444336, "Epoch 907 Step 28": 2.897486686706543, "Epoch 907 Step 29": 2.8775241374969482, "Epoch 907 Step 30": 2.890472650527954, "Epoch 907 Step 31": 2.896148443222046, "Epoch 907 Step 32": 2.8766870498657227, "Epoch 907 Step 33": 2.886589765548706, "Epoch 907 Step 34": 2.886766195297241, "Epoch 907 Step 35": 2.8916196823120117, "Epoch 907 Step 36": 2.895986795425415, "Epoch 907 Step 37": 2.882192373275757, "Epoch 907 Step 38": 2.8945815563201904, "Epoch 907 Step 39": 2.878441095352173, "Epoch 907 Step 40": 2.8851239681243896, "Epoch 907 Step 41": 2.878092050552368, "Epoch 907 Step 42": 2.892617702484131, "Epoch 907 Step 43": 2.878355026245117, "Epoch 907 Step 44": 2.8838863372802734, "Epoch 907 Step 45": 2.889789342880249, "Epoch 907 Step 46": 2.8740394115448, "Epoch 907 Step 47": 2.87158203125, "Epoch 907 Step 48": 2.872711181640625, "Epoch 907 Step 49": 2.8885016441345215, "Epoch 907 Step 50": 2.8822059631347656, "Epoch 907 Step 51": 2.8783862590789795, "Epoch 907 Step 52": 2.8892292976379395, "Epoch 907 Step 53": 2.894087791442871, "Epoch 907 Step 54": 2.880486488342285, "Epoch 907 Step 55": 2.875610589981079, "Epoch 907 Step 56": 2.888319730758667, "Epoch 907 Step 57": 2.8922653198242188, "Epoch 907 Step 58": 2.880542039871216, "Epoch 907 Step 59": 2.881298065185547, "Epoch 907 Step 60": 2.877126932144165, "Epoch 907 Step 61": 2.887911319732666, "Epoch 907 Step 62": 2.8741378784179688, "Epoch 907 Step 63": 2.88527512550354, "Epoch 907 Step 64": 2.87933087348938, "Epoch 907 Step 65": 2.8829543590545654, "Epoch 907 Step 66": 2.8849129676818848, "Epoch 907 Step 67": 2.8717052936553955, "Epoch 907 Step 68": 2.884906530380249, "Epoch 907 Step 69": 2.8881213665008545, "Epoch 907 Step 70": 2.8857946395874023, "Epoch 907 Step 71": 2.889568567276001, "Epoch 907 Step 72": 2.884557008743286, "Epoch 907 Step 73": 2.8716487884521484, "Epoch 907 Step 74": 2.8816256523132324, "Epoch 907 Step 75": 2.876877784729004, "Epoch 907 Step 76": 2.8822760581970215, "Epoch 907 Step 77": 2.8836214542388916, "Epoch 907 Step 78": 2.8910367488861084, "Epoch 907 Step 79": 2.884427309036255, "Epoch 907 Step 80": 2.8850064277648926, "Epoch 907 Step 81": 2.881960153579712, "Epoch 907 Step 82": 2.875270128250122, "Epoch 907 Step 83": 2.8799660205841064, "Epoch 907 Step 84": 2.8935208320617676, "Epoch 907 Step 85": 2.887936592102051, "Epoch 907 Step 86": 2.8737032413482666, "Epoch 907 Step 87": 2.8905136585235596, "Epoch 907 Step 88": 2.8824503421783447, "Epoch 907 Step 89": 2.87557053565979}