{"Epoch 194 Step 0": 2.8754725456237793, "Epoch 194 Step 1": 2.871020793914795, "Epoch 194 Step 2": 2.882253646850586, "Epoch 194 Step 3": 2.887549877166748, "Epoch 194 Step 4": 2.8799850940704346, "Epoch 194 Step 5": 2.878654956817627, "Epoch 194 Step 6": 2.8781025409698486, "Epoch 194 Step 7": 2.8762316703796387, "Epoch 194 Step 8": 2.886674642562866, "Epoch 194 Step 9": 2.8751542568206787, "Epoch 194 Step 10": 2.8905019760131836, "Epoch 194 Step 11": 2.871256113052368, "Epoch 194 Step 12": 2.874070882797241, "Epoch 194 Step 13": 2.8795077800750732, "Epoch 194 Step 14": 2.86789870262146, "Epoch 194 Step 15": 2.886986255645752, "Epoch 194 Step 16": 2.8809309005737305, "Epoch 194 Step 17": 2.8858845233917236, "Epoch 194 Step 18": 2.892254590988159, "Epoch 194 Step 19": 2.8862500190734863, "Epoch 194 Step 20": 2.877106189727783, "Epoch 194 Step 21": 2.883159637451172, "Epoch 194 Step 22": 2.8933701515197754, "Epoch 194 Step 23": 2.8958077430725098, "Epoch 194 Step 24": 2.893407106399536, "Epoch 194 Step 25": 2.8875091075897217, "Epoch 194 Step 26": 2.886471748352051, "Epoch 194 Step 27": 2.8843369483947754, "Epoch 194 Step 28": 2.9032177925109863, "Epoch 194 Step 29": 2.9021084308624268, "Epoch 194 Step 30": 2.8973875045776367, "Epoch 194 Step 31": 2.876281261444092, "Epoch 194 Step 32": 2.88885760307312, "Epoch 194 Step 33": 2.8925657272338867, "Epoch 194 Step 34": 2.874305248260498, "Epoch 194 Step 35": 2.885556936264038, "Epoch 194 Step 36": 2.886927604675293, "Epoch 194 Step 37": 2.892111301422119, "Epoch 194 Step 38": 2.8964719772338867, "Epoch 194 Step 39": 2.8813114166259766, "Epoch 194 Step 40": 2.892328977584839, "Epoch 194 Step 41": 2.8786890506744385, "Epoch 194 Step 42": 2.885667324066162, "Epoch 194 Step 43": 2.878350019454956, "Epoch 194 Step 44": 2.891226291656494, "Epoch 194 Step 45": 2.877054214477539, "Epoch 194 Step 46": 2.8825104236602783, "Epoch 194 Step 47": 2.8882923126220703, "Epoch 194 Step 48": 2.8731753826141357, "Epoch 194 Step 49": 2.8712034225463867, "Epoch 194 Step 50": 2.8722457885742188, "Epoch 194 Step 51": 2.8884763717651367, "Epoch 194 Step 52": 2.882075071334839, "Epoch 194 Step 53": 2.877570152282715, "Epoch 194 Step 54": 2.8893022537231445, "Epoch 194 Step 55": 2.893291711807251, "Epoch 194 Step 56": 2.8797171115875244, "Epoch 194 Step 57": 2.878321409225464, "Epoch 194 Step 58": 2.8868231773376465, "Epoch 194 Step 59": 2.8903284072875977, "Epoch 194 Step 60": 2.879537343978882, "Epoch 194 Step 61": 2.880510091781616, "Epoch 194 Step 62": 2.8762009143829346, "Epoch 194 Step 63": 2.8886539936065674, "Epoch 194 Step 64": 2.873267412185669, "Epoch 194 Step 65": 2.8844263553619385, "Epoch 194 Step 66": 2.8787927627563477, "Epoch 194 Step 67": 2.8819005489349365, "Epoch 194 Step 68": 2.88315486907959, "Epoch 194 Step 69": 2.8701183795928955, "Epoch 194 Step 70": 2.8840482234954834, "Epoch 194 Step 71": 2.8869388103485107, "Epoch 194 Step 72": 2.8849005699157715, "Epoch 194 Step 73": 2.888739585876465, "Epoch 194 Step 74": 2.88297438621521, "Epoch 194 Step 75": 2.871734142303467, "Epoch 194 Step 76": 2.8793907165527344, "Epoch 194 Step 77": 2.8758466243743896, "Epoch 194 Step 78": 2.8821685314178467, "Epoch 194 Step 79": 2.883082389831543, "Epoch 194 Step 80": 2.890320301055908, "Epoch 194 Step 81": 2.8855040073394775, "Epoch 194 Step 82": 2.884920358657837, "Epoch 194 Step 83": 2.8807108402252197, "Epoch 194 Step 84": 2.874687433242798, "Epoch 194 Step 85": 2.8794054985046387, "Epoch 194 Step 86": 2.8926753997802734, "Epoch 194 Step 87": 2.8875744342803955, "Epoch 194 Step 88": 2.8737692832946777, "Epoch 194 Step 89": 2.8894782066345215}