{"Epoch 828 Step 0": 2.884887218475342, "Epoch 828 Step 1": 2.885228157043457, "Epoch 828 Step 2": 2.8815999031066895, "Epoch 828 Step 3": 2.8761401176452637, "Epoch 828 Step 4": 2.8795015811920166, "Epoch 828 Step 5": 2.894080400466919, "Epoch 828 Step 6": 2.8880577087402344, "Epoch 828 Step 7": 2.8737378120422363, "Epoch 828 Step 8": 2.890510082244873, "Epoch 828 Step 9": 2.8820486068725586, "Epoch 828 Step 10": 2.875774621963501, "Epoch 828 Step 11": 2.8729310035705566, "Epoch 828 Step 12": 2.882080316543579, "Epoch 828 Step 13": 2.887735366821289, "Epoch 828 Step 14": 2.880567789077759, "Epoch 828 Step 15": 2.8793785572052, "Epoch 828 Step 16": 2.8785107135772705, "Epoch 828 Step 17": 2.8763158321380615, "Epoch 828 Step 18": 2.8881471157073975, "Epoch 828 Step 19": 2.874035596847534, "Epoch 828 Step 20": 2.890625, "Epoch 828 Step 21": 2.8713557720184326, "Epoch 828 Step 22": 2.874598264694214, "Epoch 828 Step 23": 2.879410982131958, "Epoch 828 Step 24": 2.8678905963897705, "Epoch 828 Step 25": 2.88684344291687, "Epoch 828 Step 26": 2.8814775943756104, "Epoch 828 Step 27": 2.8873276710510254, "Epoch 828 Step 28": 2.8936350345611572, "Epoch 828 Step 29": 2.885808229446411, "Epoch 828 Step 30": 2.8784358501434326, "Epoch 828 Step 31": 2.885420083999634, "Epoch 828 Step 32": 2.8959970474243164, "Epoch 828 Step 33": 2.8934154510498047, "Epoch 828 Step 34": 2.892425298690796, "Epoch 828 Step 35": 2.8882689476013184, "Epoch 828 Step 36": 2.8859264850616455, "Epoch 828 Step 37": 2.8806822299957275, "Epoch 828 Step 38": 2.903158187866211, "Epoch 828 Step 39": 2.9008798599243164, "Epoch 828 Step 40": 2.8985979557037354, "Epoch 828 Step 41": 2.87542462348938, "Epoch 828 Step 42": 2.888549566268921, "Epoch 828 Step 43": 2.8927440643310547, "Epoch 828 Step 44": 2.875429630279541, "Epoch 828 Step 45": 2.886594772338867, "Epoch 828 Step 46": 2.8869059085845947, "Epoch 828 Step 47": 2.8914408683776855, "Epoch 828 Step 48": 2.8954455852508545, "Epoch 828 Step 49": 2.8814144134521484, "Epoch 828 Step 50": 2.8931591510772705, "Epoch 828 Step 51": 2.8785552978515625, "Epoch 828 Step 52": 2.8848958015441895, "Epoch 828 Step 53": 2.8790063858032227, "Epoch 828 Step 54": 2.8904857635498047, "Epoch 828 Step 55": 2.8776485919952393, "Epoch 828 Step 56": 2.883043050765991, "Epoch 828 Step 57": 2.888826370239258, "Epoch 828 Step 58": 2.8737852573394775, "Epoch 828 Step 59": 2.872718095779419, "Epoch 828 Step 60": 2.8719422817230225, "Epoch 828 Step 61": 2.888941526412964, "Epoch 828 Step 62": 2.88232159614563, "Epoch 828 Step 63": 2.8770270347595215, "Epoch 828 Step 64": 2.8899571895599365, "Epoch 828 Step 65": 2.8952744007110596, "Epoch 828 Step 66": 2.881455183029175, "Epoch 828 Step 67": 2.876554489135742, "Epoch 828 Step 68": 2.8876001834869385, "Epoch 828 Step 69": 2.8919897079467773, "Epoch 828 Step 70": 2.8809940814971924, "Epoch 828 Step 71": 2.882164716720581, "Epoch 828 Step 72": 2.878131151199341, "Epoch 828 Step 73": 2.887699604034424, "Epoch 828 Step 74": 2.873661994934082, "Epoch 828 Step 75": 2.88543963432312, "Epoch 828 Step 76": 2.879190444946289, "Epoch 828 Step 77": 2.8830373287200928, "Epoch 828 Step 78": 2.884916305541992, "Epoch 828 Step 79": 2.8710200786590576, "Epoch 828 Step 80": 2.8850998878479004, "Epoch 828 Step 81": 2.888198137283325, "Epoch 828 Step 82": 2.8860013484954834, "Epoch 828 Step 83": 2.8903212547302246, "Epoch 828 Step 84": 2.884733200073242, "Epoch 828 Step 85": 2.871758222579956, "Epoch 828 Step 86": 2.8816990852355957, "Epoch 828 Step 87": 2.8770391941070557, "Epoch 828 Step 88": 2.8823890686035156, "Epoch 828 Step 89": 2.883319139480591}