{"Epoch 31 Step 0": 2.8839800357818604, "Epoch 31 Step 1": 2.8795769214630127, "Epoch 31 Step 2": 2.873764991760254, "Epoch 31 Step 3": 2.8779633045196533, "Epoch 31 Step 4": 2.8927693367004395, "Epoch 31 Step 5": 2.8877573013305664, "Epoch 31 Step 6": 2.8736979961395264, "Epoch 31 Step 7": 2.8893089294433594, "Epoch 31 Step 8": 2.8811254501342773, "Epoch 31 Step 9": 2.874324083328247, "Epoch 31 Step 10": 2.870607376098633, "Epoch 31 Step 11": 2.88150954246521, "Epoch 31 Step 12": 2.8867244720458984, "Epoch 31 Step 13": 2.8795926570892334, "Epoch 31 Step 14": 2.8792171478271484, "Epoch 31 Step 15": 2.8786098957061768, "Epoch 31 Step 16": 2.8751118183135986, "Epoch 31 Step 17": 2.886894464492798, "Epoch 31 Step 18": 2.8730504512786865, "Epoch 31 Step 19": 2.889718532562256, "Epoch 31 Step 20": 2.87077260017395, "Epoch 31 Step 21": 2.873364210128784, "Epoch 31 Step 22": 2.8773388862609863, "Epoch 31 Step 23": 2.8664541244506836, "Epoch 31 Step 24": 2.886281728744507, "Epoch 31 Step 25": 2.8809080123901367, "Epoch 31 Step 26": 2.8845701217651367, "Epoch 31 Step 27": 2.8913872241973877, "Epoch 31 Step 28": 2.8858349323272705, "Epoch 31 Step 29": 2.877861499786377, "Epoch 31 Step 30": 2.883413553237915, "Epoch 31 Step 31": 2.894117832183838, "Epoch 31 Step 32": 2.8946781158447266, "Epoch 31 Step 33": 2.8924782276153564, "Epoch 31 Step 34": 2.886815309524536, "Epoch 31 Step 35": 2.8862218856811523, "Epoch 31 Step 36": 2.8817670345306396, "Epoch 31 Step 37": 2.9045042991638184, "Epoch 31 Step 38": 2.897657871246338, "Epoch 31 Step 39": 2.8932788372039795, "Epoch 31 Step 40": 2.8775031566619873, "Epoch 31 Step 41": 2.890528678894043, "Epoch 31 Step 42": 2.8933420181274414, "Epoch 31 Step 43": 2.8745310306549072, "Epoch 31 Step 44": 2.8862192630767822, "Epoch 31 Step 45": 2.8869354724884033, "Epoch 31 Step 46": 2.8916962146759033, "Epoch 31 Step 47": 2.8949127197265625, "Epoch 31 Step 48": 2.8804714679718018, "Epoch 31 Step 49": 2.8929543495178223, "Epoch 31 Step 50": 2.87727952003479, "Epoch 31 Step 51": 2.884535551071167, "Epoch 31 Step 52": 2.876617193222046, "Epoch 31 Step 53": 2.890491485595703, "Epoch 31 Step 54": 2.8773088455200195, "Epoch 31 Step 55": 2.88226318359375, "Epoch 31 Step 56": 2.8879997730255127, "Epoch 31 Step 57": 2.8719918727874756, "Epoch 31 Step 58": 2.8713135719299316, "Epoch 31 Step 59": 2.8712000846862793, "Epoch 31 Step 60": 2.8880414962768555, "Epoch 31 Step 61": 2.8810784816741943, "Epoch 31 Step 62": 2.876009225845337, "Epoch 31 Step 63": 2.889993906021118, "Epoch 31 Step 64": 2.8949320316314697, "Epoch 31 Step 65": 2.87995982170105, "Epoch 31 Step 66": 2.874779224395752, "Epoch 31 Step 67": 2.8865013122558594, "Epoch 31 Step 68": 2.891533136367798, "Epoch 31 Step 69": 2.880676507949829, "Epoch 31 Step 70": 2.881941795349121, "Epoch 31 Step 71": 2.8776402473449707, "Epoch 31 Step 72": 2.8872053623199463, "Epoch 31 Step 73": 2.8730556964874268, "Epoch 31 Step 74": 2.884721040725708, "Epoch 31 Step 75": 2.8781332969665527, "Epoch 31 Step 76": 2.8819282054901123, "Epoch 31 Step 77": 2.88372540473938, "Epoch 31 Step 78": 2.8697457313537598, "Epoch 31 Step 79": 2.884519338607788, "Epoch 31 Step 80": 2.8876242637634277, "Epoch 31 Step 81": 2.88504958152771, "Epoch 31 Step 82": 2.8887813091278076, "Epoch 31 Step 83": 2.883051633834839, "Epoch 31 Step 84": 2.8712515830993652, "Epoch 31 Step 85": 2.880077362060547, "Epoch 31 Step 86": 2.8773651123046875, "Epoch 31 Step 87": 2.8829243183135986, "Epoch 31 Step 88": 2.8812367916107178, "Epoch 31 Step 89": 2.8898799419403076}