{"Epoch 729 Step 0": 2.890455484390259, "Epoch 729 Step 1": 2.8824806213378906, "Epoch 729 Step 2": 2.8762001991271973, "Epoch 729 Step 3": 2.873493194580078, "Epoch 729 Step 4": 2.8825764656066895, "Epoch 729 Step 5": 2.8880233764648438, "Epoch 729 Step 6": 2.8808140754699707, "Epoch 729 Step 7": 2.8801164627075195, "Epoch 729 Step 8": 2.8787777423858643, "Epoch 729 Step 9": 2.876701831817627, "Epoch 729 Step 10": 2.887802839279175, "Epoch 729 Step 11": 2.8752708435058594, "Epoch 729 Step 12": 2.891201972961426, "Epoch 729 Step 13": 2.870894193649292, "Epoch 729 Step 14": 2.874851703643799, "Epoch 729 Step 15": 2.879746913909912, "Epoch 729 Step 16": 2.8679754734039307, "Epoch 729 Step 17": 2.8872694969177246, "Epoch 729 Step 18": 2.8813371658325195, "Epoch 729 Step 19": 2.8869309425354004, "Epoch 729 Step 20": 2.8930249214172363, "Epoch 729 Step 21": 2.887601852416992, "Epoch 729 Step 22": 2.8789777755737305, "Epoch 729 Step 23": 2.884793758392334, "Epoch 729 Step 24": 2.896188735961914, "Epoch 729 Step 25": 2.8948819637298584, "Epoch 729 Step 26": 2.892320394515991, "Epoch 729 Step 27": 2.887787103652954, "Epoch 729 Step 28": 2.8876545429229736, "Epoch 729 Step 29": 2.885639190673828, "Epoch 729 Step 30": 2.904308557510376, "Epoch 729 Step 31": 2.901740550994873, "Epoch 729 Step 32": 2.8995962142944336, "Epoch 729 Step 33": 2.8757293224334717, "Epoch 729 Step 34": 2.888639450073242, "Epoch 729 Step 35": 2.892949342727661, "Epoch 729 Step 36": 2.8750267028808594, "Epoch 729 Step 37": 2.88647723197937, "Epoch 729 Step 38": 2.8875248432159424, "Epoch 729 Step 39": 2.8914287090301514, "Epoch 729 Step 40": 2.895580291748047, "Epoch 729 Step 41": 2.882646083831787, "Epoch 729 Step 42": 2.894014596939087, "Epoch 729 Step 43": 2.8791182041168213, "Epoch 729 Step 44": 2.8856303691864014, "Epoch 729 Step 45": 2.8785653114318848, "Epoch 729 Step 46": 2.8917324542999268, "Epoch 729 Step 47": 2.8779637813568115, "Epoch 729 Step 48": 2.8845632076263428, "Epoch 729 Step 49": 2.888814687728882, "Epoch 729 Step 50": 2.8732359409332275, "Epoch 729 Step 51": 2.8722801208496094, "Epoch 729 Step 52": 2.872307300567627, "Epoch 729 Step 53": 2.889681100845337, "Epoch 729 Step 54": 2.883239984512329, "Epoch 729 Step 55": 2.8788397312164307, "Epoch 729 Step 56": 2.8885581493377686, "Epoch 729 Step 57": 2.894914150238037, "Epoch 729 Step 58": 2.8814730644226074, "Epoch 729 Step 59": 2.877476215362549, "Epoch 729 Step 60": 2.8872780799865723, "Epoch 729 Step 61": 2.891997814178467, "Epoch 729 Step 62": 2.880504846572876, "Epoch 729 Step 63": 2.8814971446990967, "Epoch 729 Step 64": 2.8775479793548584, "Epoch 729 Step 65": 2.887751817703247, "Epoch 729 Step 66": 2.8740334510803223, "Epoch 729 Step 67": 2.8851194381713867, "Epoch 729 Step 68": 2.879112482070923, "Epoch 729 Step 69": 2.882887363433838, "Epoch 729 Step 70": 2.8848936557769775, "Epoch 729 Step 71": 2.871488571166992, "Epoch 729 Step 72": 2.884986639022827, "Epoch 729 Step 73": 2.887533187866211, "Epoch 729 Step 74": 2.8861236572265625, "Epoch 729 Step 75": 2.8894805908203125, "Epoch 729 Step 76": 2.884578227996826, "Epoch 729 Step 77": 2.872368097305298, "Epoch 729 Step 78": 2.881312847137451, "Epoch 729 Step 79": 2.876710891723633, "Epoch 729 Step 80": 2.8825106620788574, "Epoch 729 Step 81": 2.8833060264587402, "Epoch 729 Step 82": 2.8910670280456543, "Epoch 729 Step 83": 2.8846147060394287, "Epoch 729 Step 84": 2.885662317276001, "Epoch 729 Step 85": 2.8819942474365234, "Epoch 729 Step 86": 2.8744542598724365, "Epoch 729 Step 87": 2.879929304122925, "Epoch 729 Step 88": 2.894033908843994, "Epoch 729 Step 89": 2.8878190517425537}