{"Epoch 38 Step 0": 2.845111608505249, "Epoch 38 Step 1": 2.8694088459014893, "Epoch 38 Step 2": 2.8636066913604736, "Epoch 38 Step 3": 2.861893653869629, "Epoch 38 Step 4": 2.862920045852661, "Epoch 38 Step 5": 2.8652079105377197, "Epoch 38 Step 6": 2.8552019596099854, "Epoch 38 Step 7": 2.862335681915283, "Epoch 38 Step 8": 2.8579225540161133, "Epoch 38 Step 9": 2.8469245433807373, "Epoch 38 Step 10": 2.8464622497558594, "Epoch 38 Step 11": 2.8134799003601074, "Epoch 38 Step 12": 2.8500709533691406, "Epoch 38 Step 13": 2.868534564971924, "Epoch 38 Step 14": 2.8393726348876953, "Epoch 38 Step 15": 2.8392248153686523, "Epoch 38 Step 16": 2.881708860397339, "Epoch 38 Step 17": 2.8577423095703125, "Epoch 38 Step 18": 2.8782150745391846, "Epoch 38 Step 19": 2.877972364425659, "Epoch 38 Step 20": 2.86610746383667, "Epoch 38 Step 21": 2.8476316928863525, "Epoch 38 Step 22": 2.8761229515075684, "Epoch 38 Step 23": 2.874321937561035, "Epoch 38 Step 24": 2.8667612075805664, "Epoch 38 Step 25": 2.8619821071624756, "Epoch 38 Step 26": 2.8756303787231445, "Epoch 38 Step 27": 2.883539915084839, "Epoch 38 Step 28": 2.804269552230835, "Epoch 38 Step 29": 2.8458144664764404, "Epoch 38 Step 30": 2.780858039855957, "Epoch 38 Step 31": 2.8322203159332275, "Epoch 38 Step 32": 2.8788931369781494, "Epoch 38 Step 33": 2.874209403991699, "Epoch 38 Step 34": 2.8829569816589355, "Epoch 38 Step 35": 2.8755791187286377, "Epoch 38 Step 36": 2.7484335899353027, "Epoch 38 Step 37": 2.674036741256714, "Epoch 38 Step 38": 2.8060662746429443, "Epoch 38 Step 39": 2.8807084560394287, "Epoch 38 Step 40": 2.8732521533966064, "Epoch 38 Step 41": 2.8551218509674072, "Epoch 38 Step 42": 2.8613696098327637, "Epoch 38 Step 43": 2.877363443374634, "Epoch 38 Step 44": 2.8786957263946533, "Epoch 38 Step 45": 2.8790926933288574, "Epoch 38 Step 46": 2.862090826034546, "Epoch 38 Step 47": 2.880406379699707, "Epoch 38 Step 48": 2.8802566528320312, "Epoch 38 Step 49": 2.839963436126709, "Epoch 38 Step 50": 2.852794885635376, "Epoch 38 Step 51": 2.8564155101776123, "Epoch 38 Step 52": 2.86092209815979, "Epoch 38 Step 53": 2.8735432624816895, "Epoch 38 Step 54": 2.8652939796447754, "Epoch 38 Step 55": 2.8755850791931152, "Epoch 38 Step 56": 2.8751845359802246, "Epoch 38 Step 57": 2.8690288066864014, "Epoch 38 Step 58": 2.8872363567352295, "Epoch 38 Step 59": 2.8663036823272705, "Epoch 38 Step 60": 2.872039794921875, "Epoch 38 Step 61": 2.882110118865967, "Epoch 38 Step 62": 2.8772778511047363, "Epoch 38 Step 63": 2.870805025100708, "Epoch 38 Step 64": 2.8745086193084717, "Epoch 38 Step 65": 2.859215259552002, "Epoch 38 Step 66": 2.8373684883117676, "Epoch 38 Step 67": 2.8626065254211426, "Epoch 38 Step 68": 2.8741302490234375, "Epoch 38 Step 69": 2.8421671390533447, "Epoch 38 Step 70": 2.860039472579956, "Epoch 38 Step 71": 2.8633384704589844, "Epoch 38 Step 72": 2.8483896255493164, "Epoch 38 Step 73": 2.880664110183716, "Epoch 38 Step 74": 2.8550825119018555, "Epoch 38 Step 75": 2.8727073669433594, "Epoch 38 Step 76": 2.856172561645508, "Epoch 38 Step 77": 2.871156930923462, "Epoch 38 Step 78": 2.823225975036621, "Epoch 38 Step 79": 2.8843986988067627, "Epoch 38 Step 80": 2.847991943359375, "Epoch 38 Step 81": 2.881959915161133, "Epoch 38 Step 82": 2.864626407623291, "Epoch 38 Step 83": 2.8466174602508545, "Epoch 38 Step 84": 2.8429391384124756, "Epoch 38 Step 85": 2.861333131790161, "Epoch 38 Step 86": 2.851963996887207, "Epoch 38 Step 87": 2.8403539657592773, "Epoch 38 Step 88": 2.8792712688446045, "Epoch 38 Step 89": 2.8685953617095947, "Epoch 38 Step 90": 2.8589963912963867, "Epoch 38 Step 91": 2.8430678844451904, "Epoch 38 Step 92": 2.859401226043701, "Epoch 38 Step 93": 2.8567349910736084, "Epoch 38 Step 94": 2.831303834915161, "Epoch 38 Step 95": 2.8476316928863525, "Epoch 38 Step 96": 2.848245143890381, "Epoch 38 Step 97": 2.8431754112243652, "Epoch 38 Step 98": 2.833805561065674, "Epoch 38 Step 99": 2.8697757720947266, "Epoch 38 Step 100": 2.8460853099823, "Epoch 38 Step 101": 2.878573179244995, "Epoch 38 Step 102": 2.8577449321746826, "Epoch 38 Step 103": 2.8363029956817627, "Epoch 38 Step 104": 2.87361741065979, "Epoch 38 Step 105": 2.8498079776763916, "Epoch 38 Step 106": 2.859076499938965, "Epoch 38 Step 107": 2.8631956577301025, "Epoch 38 Step 108": 2.8284666538238525, "Epoch 38 Step 109": 2.876274824142456, "Epoch 38 Step 110": 2.8550684452056885, "Epoch 38 Step 111": 2.8740100860595703, "Epoch 38 Step 112": 2.8706438541412354, "Epoch 38 Step 113": 2.8934996128082275, "Epoch 38 Step 114": 2.8781139850616455, "Epoch 38 Step 115": 2.8343253135681152, "Epoch 38 Step 116": 2.8729772567749023, "Epoch 38 Step 117": 2.8575336933135986, "Epoch 38 Step 118": 2.845223903656006, "Epoch 38 Step 119": 2.8560914993286133, "Epoch 38 Step 120": 2.8553614616394043, "Epoch 38 Step 121": 2.875842571258545, "Epoch 38 Step 122": 2.8628616333007812, "Epoch 38 Step 123": 2.878284454345703, "Epoch 38 Step 124": 2.8726539611816406, "Epoch 38 Step 125": 2.8788957595825195, "Epoch 38 Step 126": 2.854079008102417, "Epoch 38 Step 127": 2.8688955307006836, "Epoch 38 Step 128": 2.8615214824676514, "Epoch 38 Step 129": 2.8535547256469727, "Epoch 38 Step 130": 2.866743326187134, "Epoch 38 Step 131": 2.840785264968872, "Epoch 38 Step 132": 2.866021156311035, "Epoch 38 Step 133": 2.8714985847473145, "Epoch 38 Step 134": 2.813929557800293, "Epoch 38 Step 135": 2.8532800674438477, "Epoch 38 Step 136": 2.8518171310424805, "Epoch 38 Step 137": 2.8632113933563232, "Epoch 38 Step 138": 2.870884418487549, "Epoch 38 Step 139": 2.8445982933044434, "Epoch 38 Step 140": 2.866380453109741, "Epoch 38 Step 141": 2.8125624656677246, "Epoch 38 Step 142": 2.84987473487854, "Epoch 38 Step 143": 2.8736727237701416, "Epoch 38 Step 144": 2.863828420639038, "Epoch 38 Step 145": 2.855851888656616, "Epoch 38 Step 146": 2.845600128173828, "Epoch 38 Step 147": 2.863311529159546, "Epoch 38 Step 148": 2.8495676517486572, "Epoch 38 Step 149": 2.8606460094451904, "Epoch 38 Step 150": 2.8638057708740234, "Epoch 38 Step 151": 2.8620829582214355, "Epoch 38 Step 152": 2.855714797973633, "Epoch 38 Step 153": 2.859052896499634, "Epoch 38 Step 154": 2.832573175430298, "Epoch 38 Step 155": 2.838982343673706, "Epoch 38 Step 156": 2.8324596881866455, "Epoch 38 Step 157": 2.8647117614746094, "Epoch 38 Step 158": 2.8694188594818115, "Epoch 38 Step 159": 2.8607735633850098, "Epoch 38 Step 160": 2.8577892780303955, "Epoch 38 Step 161": 2.851673126220703, "Epoch 38 Step 162": 2.8676259517669678, "Epoch 38 Step 163": 2.8909263610839844, "Epoch 38 Step 164": 2.8115804195404053, "Epoch 38 Step 165": 2.857697010040283, "Epoch 38 Step 166": 2.8536314964294434, "Epoch 38 Step 167": 2.876709461212158, "Epoch 38 Step 168": 2.8565797805786133, "Epoch 38 Step 169": 2.877713203430176, "Epoch 38 Step 170": 2.8521149158477783, "Epoch 38 Step 171": 2.843858480453491, "Epoch 38 Step 172": 2.851625442504883, "Epoch 38 Step 173": 2.8625361919403076, "Epoch 38 Step 174": 2.849668025970459, "Epoch 38 Step 175": 2.874499559402466, "Epoch 38 Step 176": 2.8580920696258545, "Epoch 38 Step 177": 2.8235204219818115, "Epoch 38 Step 178": 2.8502466678619385, "Epoch 38 Step 179": 2.851670980453491, "Epoch 38 Step 180": 2.8510162830352783, "Epoch 38 Step 181": 2.869917154312134, "Epoch 38 Step 182": 2.8662848472595215, "Epoch 38 Step 183": 2.865518093109131, "Epoch 38 Step 184": 2.81199312210083, "Epoch 38 Step 185": 2.8614516258239746, "Epoch 38 Step 186": 2.856720209121704, "Epoch 38 Step 187": 2.862213373184204, "Epoch 38 Step 188": 2.8632943630218506, "Epoch 38 Step 189": 2.87321138381958, "Epoch 38 Step 190": 2.8683605194091797, "Epoch 38 Step 191": 2.8500659465789795, "Epoch 38 Step 192": 2.87681245803833, "Epoch 38 Step 193": 2.875990390777588, "Epoch 38 Step 194": 2.8661320209503174, "Epoch 38 Step 195": 2.8598062992095947, "Epoch 38 Step 196": 2.8676135540008545, "Epoch 38 Step 197": 2.857532262802124, "Epoch 38 Step 198": 2.8549885749816895, "Epoch 38 Step 199": 2.839338779449463,