{"Epoch 198 Step 0": 2.887136936187744, "Epoch 198 Step 1": 2.8738467693328857, "Epoch 198 Step 2": 2.8899357318878174, "Epoch 198 Step 3": 2.8803961277008057, "Epoch 198 Step 4": 2.875417947769165, "Epoch 198 Step 5": 2.870471954345703, "Epoch 198 Step 6": 2.881728410720825, "Epoch 198 Step 7": 2.8876430988311768, "Epoch 198 Step 8": 2.8793654441833496, "Epoch 198 Step 9": 2.878912925720215, "Epoch 198 Step 10": 2.8778791427612305, "Epoch 198 Step 11": 2.876140594482422, "Epoch 198 Step 12": 2.886692762374878, "Epoch 198 Step 13": 2.8743555545806885, "Epoch 198 Step 14": 2.8908472061157227, "Epoch 198 Step 15": 2.8707287311553955, "Epoch 198 Step 16": 2.873948335647583, "Epoch 198 Step 17": 2.8791768550872803, "Epoch 198 Step 18": 2.8678579330444336, "Epoch 198 Step 19": 2.886693000793457, "Epoch 198 Step 20": 2.880423069000244, "Epoch 198 Step 21": 2.8855035305023193, "Epoch 198 Step 22": 2.891946315765381, "Epoch 198 Step 23": 2.8859381675720215, "Epoch 198 Step 24": 2.877568244934082, "Epoch 198 Step 25": 2.8838603496551514, "Epoch 198 Step 26": 2.8944947719573975, "Epoch 198 Step 27": 2.8960766792297363, "Epoch 198 Step 28": 2.894129753112793, "Epoch 198 Step 29": 2.888134241104126, "Epoch 198 Step 30": 2.8865773677825928, "Epoch 198 Step 31": 2.884087324142456, "Epoch 198 Step 32": 2.903815746307373, "Epoch 198 Step 33": 2.9024930000305176, "Epoch 198 Step 34": 2.8974878787994385, "Epoch 198 Step 35": 2.875624895095825, "Epoch 198 Step 36": 2.889040470123291, "Epoch 198 Step 37": 2.89345121383667, "Epoch 198 Step 38": 2.874464273452759, "Epoch 198 Step 39": 2.8862648010253906, "Epoch 198 Step 40": 2.886427879333496, "Epoch 198 Step 41": 2.891263961791992, "Epoch 198 Step 42": 2.8961713314056396, "Epoch 198 Step 43": 2.8814492225646973, "Epoch 198 Step 44": 2.8927700519561768, "Epoch 198 Step 45": 2.879479169845581, "Epoch 198 Step 46": 2.8853774070739746, "Epoch 198 Step 47": 2.8778295516967773, "Epoch 198 Step 48": 2.891587972640991, "Epoch 198 Step 49": 2.8775672912597656, "Epoch 198 Step 50": 2.8832573890686035, "Epoch 198 Step 51": 2.888132095336914, "Epoch 198 Step 52": 2.8735084533691406, "Epoch 198 Step 53": 2.8716793060302734, "Epoch 198 Step 54": 2.8719658851623535, "Epoch 198 Step 55": 2.888089418411255, "Epoch 198 Step 56": 2.881500482559204, "Epoch 198 Step 57": 2.8783953189849854, "Epoch 198 Step 58": 2.8904969692230225, "Epoch 198 Step 59": 2.8940155506134033, "Epoch 198 Step 60": 2.8801119327545166, "Epoch 198 Step 61": 2.877129077911377, "Epoch 198 Step 62": 2.885967969894409, "Epoch 198 Step 63": 2.8904881477355957, "Epoch 198 Step 64": 2.8798787593841553, "Epoch 198 Step 65": 2.881514549255371, "Epoch 198 Step 66": 2.8771393299102783, "Epoch 198 Step 67": 2.8874399662017822, "Epoch 198 Step 68": 2.8738701343536377, "Epoch 198 Step 69": 2.884692668914795, "Epoch 198 Step 70": 2.8789684772491455, "Epoch 198 Step 71": 2.882802963256836, "Epoch 198 Step 72": 2.8836748600006104, "Epoch 198 Step 73": 2.870579242706299, "Epoch 198 Step 74": 2.8837814331054688, "Epoch 198 Step 75": 2.887575387954712, "Epoch 198 Step 76": 2.8851754665374756, "Epoch 198 Step 77": 2.888690710067749, "Epoch 198 Step 78": 2.882939338684082, "Epoch 198 Step 79": 2.8717191219329834, "Epoch 198 Step 80": 2.8807992935180664, "Epoch 198 Step 81": 2.876246452331543, "Epoch 198 Step 82": 2.8823587894439697, "Epoch 198 Step 83": 2.883056163787842, "Epoch 198 Step 84": 2.89031720161438, "Epoch 198 Step 85": 2.8845105171203613, "Epoch 198 Step 86": 2.884143829345703, "Epoch 198 Step 87": 2.880638837814331, "Epoch 198 Step 88": 2.8753585815429688, "Epoch 198 Step 89": 2.8792104721069336}