{"Epoch 262 Step 0": 2.8943753242492676, "Epoch 262 Step 1": 2.892556667327881, "Epoch 262 Step 2": 2.8872714042663574, "Epoch 262 Step 3": 2.8857603073120117, "Epoch 262 Step 4": 2.882863759994507, "Epoch 262 Step 5": 2.9036083221435547, "Epoch 262 Step 6": 2.9008219242095947, "Epoch 262 Step 7": 2.8974640369415283, "Epoch 262 Step 8": 2.8751721382141113, "Epoch 262 Step 9": 2.888956069946289, "Epoch 262 Step 10": 2.8926913738250732, "Epoch 262 Step 11": 2.8748111724853516, "Epoch 262 Step 12": 2.886714220046997, "Epoch 262 Step 13": 2.8864905834198, "Epoch 262 Step 14": 2.8910715579986572, "Epoch 262 Step 15": 2.8955533504486084, "Epoch 262 Step 16": 2.881190299987793, "Epoch 262 Step 17": 2.8923890590667725, "Epoch 262 Step 18": 2.878584384918213, "Epoch 262 Step 19": 2.884613037109375, "Epoch 262 Step 20": 2.8774023056030273, "Epoch 262 Step 21": 2.8914124965667725, "Epoch 262 Step 22": 2.877387285232544, "Epoch 262 Step 23": 2.8827452659606934, "Epoch 262 Step 24": 2.8882720470428467, "Epoch 262 Step 25": 2.8734805583953857, "Epoch 262 Step 26": 2.871520757675171, "Epoch 262 Step 27": 2.872500419616699, "Epoch 262 Step 28": 2.887195587158203, "Epoch 262 Step 29": 2.8815903663635254, "Epoch 262 Step 30": 2.876615285873413, "Epoch 262 Step 31": 2.889021396636963, "Epoch 262 Step 32": 2.8941967487335205, "Epoch 262 Step 33": 2.8797476291656494, "Epoch 262 Step 34": 2.875013589859009, "Epoch 262 Step 35": 2.8876984119415283, "Epoch 262 Step 36": 2.890979766845703, "Epoch 262 Step 37": 2.8808979988098145, "Epoch 262 Step 38": 2.8815412521362305, "Epoch 262 Step 39": 2.877805233001709, "Epoch 262 Step 40": 2.8875961303710938, "Epoch 262 Step 41": 2.873584747314453, "Epoch 262 Step 42": 2.884713649749756, "Epoch 262 Step 43": 2.8785438537597656, "Epoch 262 Step 44": 2.8820738792419434, "Epoch 262 Step 45": 2.884814739227295, "Epoch 262 Step 46": 2.870650291442871, "Epoch 262 Step 47": 2.885068893432617, "Epoch 262 Step 48": 2.887462615966797, "Epoch 262 Step 49": 2.8841919898986816, "Epoch 262 Step 50": 2.8894119262695312, "Epoch 262 Step 51": 2.8838765621185303, "Epoch 262 Step 52": 2.8717315196990967, "Epoch 262 Step 53": 2.880434513092041, "Epoch 262 Step 54": 2.877063512802124, "Epoch 262 Step 55": 2.8823153972625732, "Epoch 262 Step 56": 2.882232666015625, "Epoch 262 Step 57": 2.8906803131103516, "Epoch 262 Step 58": 2.884617567062378, "Epoch 262 Step 59": 2.884209632873535, "Epoch 262 Step 60": 2.881289005279541, "Epoch 262 Step 61": 2.874350070953369, "Epoch 262 Step 62": 2.8787057399749756, "Epoch 262 Step 63": 2.893456220626831, "Epoch 262 Step 64": 2.8879647254943848, "Epoch 262 Step 65": 2.8738458156585693, "Epoch 262 Step 66": 2.8912644386291504, "Epoch 262 Step 67": 2.880922555923462, "Epoch 262 Step 68": 2.875127077102661, "Epoch 262 Step 69": 2.871079206466675, "Epoch 262 Step 70": 2.882336378097534, "Epoch 262 Step 71": 2.887801170349121, "Epoch 262 Step 72": 2.8806309700012207, "Epoch 262 Step 73": 2.8791816234588623, "Epoch 262 Step 74": 2.878535032272339, "Epoch 262 Step 75": 2.8756213188171387, "Epoch 262 Step 76": 2.8878540992736816, "Epoch 262 Step 77": 2.8738677501678467, "Epoch 262 Step 78": 2.891162633895874, "Epoch 262 Step 79": 2.871262311935425, "Epoch 262 Step 80": 2.8738512992858887, "Epoch 262 Step 81": 2.879220724105835, "Epoch 262 Step 82": 2.8671364784240723, "Epoch 262 Step 83": 2.886763572692871, "Epoch 262 Step 84": 2.8813366889953613, "Epoch 262 Step 85": 2.886481761932373, "Epoch 262 Step 86": 2.892720937728882, "Epoch 262 Step 87": 2.885525941848755, "Epoch 262 Step 88": 2.878218650817871, "Epoch 262 Step 89": 2.8846986293792725}