{"Epoch 138 Step 0": 2.8777549266815186, "Epoch 138 Step 1": 2.8735735416412354, "Epoch 138 Step 2": 2.885268449783325, "Epoch 138 Step 3": 2.890458106994629, "Epoch 138 Step 4": 2.8786237239837646, "Epoch 138 Step 5": 2.8815886974334717, "Epoch 138 Step 6": 2.875049352645874, "Epoch 138 Step 7": 2.886122465133667, "Epoch 138 Step 8": 2.8711252212524414, "Epoch 138 Step 9": 2.882427930831909, "Epoch 138 Step 10": 2.87685489654541, "Epoch 138 Step 11": 2.8804147243499756, "Epoch 138 Step 12": 2.8815770149230957, "Epoch 138 Step 13": 2.867893934249878, "Epoch 138 Step 14": 2.8820836544036865, "Epoch 138 Step 15": 2.885133743286133, "Epoch 138 Step 16": 2.8829545974731445, "Epoch 138 Step 17": 2.887969732284546, "Epoch 138 Step 18": 2.880913734436035, "Epoch 138 Step 19": 2.8701701164245605, "Epoch 138 Step 20": 2.8783886432647705, "Epoch 138 Step 21": 2.8746252059936523, "Epoch 138 Step 22": 2.881105422973633, "Epoch 138 Step 23": 2.881821870803833, "Epoch 138 Step 24": 2.889162063598633, "Epoch 138 Step 25": 2.8833420276641846, "Epoch 138 Step 26": 2.8825509548187256, "Epoch 138 Step 27": 2.8802058696746826, "Epoch 138 Step 28": 2.8736495971679688, "Epoch 138 Step 29": 2.877678871154785, "Epoch 138 Step 30": 2.8914644718170166, "Epoch 138 Step 31": 2.886384963989258, "Epoch 138 Step 32": 2.870718002319336, "Epoch 138 Step 33": 2.8879008293151855, "Epoch 138 Step 34": 2.87933349609375, "Epoch 138 Step 35": 2.8731319904327393, "Epoch 138 Step 36": 2.868238687515259, "Epoch 138 Step 37": 2.881514072418213, "Epoch 138 Step 38": 2.886390209197998, "Epoch 138 Step 39": 2.877230167388916, "Epoch 138 Step 40": 2.8770809173583984, "Epoch 138 Step 41": 2.877578020095825, "Epoch 138 Step 42": 2.8750030994415283, "Epoch 138 Step 43": 2.884521961212158, "Epoch 138 Step 44": 2.871046543121338, "Epoch 138 Step 45": 2.8898162841796875, "Epoch 138 Step 46": 2.8701257705688477, "Epoch 138 Step 47": 2.8720147609710693, "Epoch 138 Step 48": 2.8769419193267822, "Epoch 138 Step 49": 2.864856004714966, "Epoch 138 Step 50": 2.885014295578003, "Epoch 138 Step 51": 2.8790676593780518, "Epoch 138 Step 52": 2.8817360401153564, "Epoch 138 Step 53": 2.8905718326568604, "Epoch 138 Step 54": 2.883547782897949, "Epoch 138 Step 55": 2.8776283264160156, "Epoch 138 Step 56": 2.88130784034729, "Epoch 138 Step 57": 2.89156436920166, "Epoch 138 Step 58": 2.892770767211914, "Epoch 138 Step 59": 2.8913424015045166, "Epoch 138 Step 60": 2.886178493499756, "Epoch 138 Step 61": 2.8856000900268555, "Epoch 138 Step 62": 2.8810946941375732, "Epoch 138 Step 63": 2.900245189666748, "Epoch 138 Step 64": 2.897618055343628, "Epoch 138 Step 65": 2.893967628479004, "Epoch 138 Step 66": 2.8766887187957764, "Epoch 138 Step 67": 2.8889567852020264, "Epoch 138 Step 68": 2.8921446800231934, "Epoch 138 Step 69": 2.8726954460144043, "Epoch 138 Step 70": 2.885195732116699, "Epoch 138 Step 71": 2.885793685913086, "Epoch 138 Step 72": 2.889909505844116, "Epoch 138 Step 73": 2.8950867652893066, "Epoch 138 Step 74": 2.878948211669922, "Epoch 138 Step 75": 2.8892951011657715, "Epoch 138 Step 76": 2.8777015209198, "Epoch 138 Step 77": 2.884972333908081, "Epoch 138 Step 78": 2.876790761947632, "Epoch 138 Step 79": 2.890873908996582, "Epoch 138 Step 80": 2.8756959438323975, "Epoch 138 Step 81": 2.880275011062622, "Epoch 138 Step 82": 2.8870630264282227, "Epoch 138 Step 83": 2.8714280128479004, "Epoch 138 Step 84": 2.8695693016052246, "Epoch 138 Step 85": 2.870638132095337, "Epoch 138 Step 86": 2.885039806365967, "Epoch 138 Step 87": 2.8804616928100586, "Epoch 138 Step 88": 2.8748981952667236, "Epoch 138 Step 89": 2.8888561725616455}