{"Epoch 389 Step 0": 2.8854544162750244, "Epoch 389 Step 1": 2.8790934085845947, "Epoch 389 Step 2": 2.882747173309326, "Epoch 389 Step 3": 2.8846919536590576, "Epoch 389 Step 4": 2.8712003231048584, "Epoch 389 Step 5": 2.884831190109253, "Epoch 389 Step 6": 2.88804030418396, "Epoch 389 Step 7": 2.885934829711914, "Epoch 389 Step 8": 2.8895576000213623, "Epoch 389 Step 9": 2.8844034671783447, "Epoch 389 Step 10": 2.872415781021118, "Epoch 389 Step 11": 2.8813230991363525, "Epoch 389 Step 12": 2.877051830291748, "Epoch 389 Step 13": 2.8828940391540527, "Epoch 389 Step 14": 2.8835034370422363, "Epoch 389 Step 15": 2.8908908367156982, "Epoch 389 Step 16": 2.8850595951080322, "Epoch 389 Step 17": 2.885263204574585, "Epoch 389 Step 18": 2.8810300827026367, "Epoch 389 Step 19": 2.875732421875, "Epoch 389 Step 20": 2.879610776901245, "Epoch 389 Step 21": 2.8938915729522705, "Epoch 389 Step 22": 2.8880507946014404, "Epoch 389 Step 23": 2.8742148876190186, "Epoch 389 Step 24": 2.8904635906219482, "Epoch 389 Step 25": 2.8821375370025635, "Epoch 389 Step 26": 2.8761682510375977, "Epoch 389 Step 27": 2.872614622116089, "Epoch 389 Step 28": 2.8818328380584717, "Epoch 389 Step 29": 2.887587070465088, "Epoch 389 Step 30": 2.8808541297912598, "Epoch 389 Step 31": 2.8788373470306396, "Epoch 389 Step 32": 2.8786277770996094, "Epoch 389 Step 33": 2.8760416507720947, "Epoch 389 Step 34": 2.8879880905151367, "Epoch 389 Step 35": 2.8747990131378174, "Epoch 389 Step 36": 2.8909671306610107, "Epoch 389 Step 37": 2.871492385864258, "Epoch 389 Step 38": 2.8744046688079834, "Epoch 389 Step 39": 2.879344940185547, "Epoch 389 Step 40": 2.8682265281677246, "Epoch 389 Step 41": 2.88702392578125, "Epoch 389 Step 42": 2.8812479972839355, "Epoch 389 Step 43": 2.8872010707855225, "Epoch 389 Step 44": 2.8935458660125732, "Epoch 389 Step 45": 2.88611102104187, "Epoch 389 Step 46": 2.8782799243927, "Epoch 389 Step 47": 2.885171413421631, "Epoch 389 Step 48": 2.895618438720703, "Epoch 389 Step 49": 2.8950912952423096, "Epoch 389 Step 50": 2.893385410308838, "Epoch 389 Step 51": 2.8872618675231934, "Epoch 389 Step 52": 2.8864099979400635, "Epoch 389 Step 53": 2.884871482849121, "Epoch 389 Step 54": 2.904682159423828, "Epoch 389 Step 55": 2.9005141258239746, "Epoch 389 Step 56": 2.90006947517395, "Epoch 389 Step 57": 2.8755362033843994, "Epoch 389 Step 58": 2.8881843090057373, "Epoch 389 Step 59": 2.8935086727142334, "Epoch 389 Step 60": 2.8751444816589355, "Epoch 389 Step 61": 2.8863065242767334, "Epoch 389 Step 62": 2.886737108230591, "Epoch 389 Step 63": 2.8911375999450684, "Epoch 389 Step 64": 2.8954243659973145, "Epoch 389 Step 65": 2.882089376449585, "Epoch 389 Step 66": 2.892836570739746, "Epoch 389 Step 67": 2.878938674926758, "Epoch 389 Step 68": 2.8861732482910156, "Epoch 389 Step 69": 2.87896990776062, "Epoch 389 Step 70": 2.8918397426605225, "Epoch 389 Step 71": 2.87770414352417, "Epoch 389 Step 72": 2.8839852809906006, "Epoch 389 Step 73": 2.8887557983398438, "Epoch 389 Step 74": 2.873305559158325, "Epoch 389 Step 75": 2.8718926906585693, "Epoch 389 Step 76": 2.87186336517334, "Epoch 389 Step 77": 2.8891406059265137, "Epoch 389 Step 78": 2.8837926387786865, "Epoch 389 Step 79": 2.878093719482422, "Epoch 389 Step 80": 2.889343023300171, "Epoch 389 Step 81": 2.894726276397705, "Epoch 389 Step 82": 2.880835771560669, "Epoch 389 Step 83": 2.876774311065674, "Epoch 389 Step 84": 2.8877503871917725, "Epoch 389 Step 85": 2.8919529914855957, "Epoch 389 Step 86": 2.880061626434326, "Epoch 389 Step 87": 2.8812766075134277, "Epoch 389 Step 88": 2.8772950172424316, "Epoch 389 Step 89": 2.887495279312134}