{"Epoch 875 Step 0": 2.8749799728393555, "Epoch 875 Step 1": 2.886756181716919, "Epoch 875 Step 2": 2.886836528778076, "Epoch 875 Step 3": 2.8911211490631104, "Epoch 875 Step 4": 2.895179510116577, "Epoch 875 Step 5": 2.881239414215088, "Epoch 875 Step 6": 2.892228126525879, "Epoch 875 Step 7": 2.878122568130493, "Epoch 875 Step 8": 2.8852038383483887, "Epoch 875 Step 9": 2.878328561782837, "Epoch 875 Step 10": 2.8911280632019043, "Epoch 875 Step 11": 2.8779256343841553, "Epoch 875 Step 12": 2.8835067749023438, "Epoch 875 Step 13": 2.8885302543640137, "Epoch 875 Step 14": 2.8734869956970215, "Epoch 875 Step 15": 2.8723361492156982, "Epoch 875 Step 16": 2.8720715045928955, "Epoch 875 Step 17": 2.889341354370117, "Epoch 875 Step 18": 2.881911039352417, "Epoch 875 Step 19": 2.8774592876434326, "Epoch 875 Step 20": 2.8896548748016357, "Epoch 875 Step 21": 2.8951516151428223, "Epoch 875 Step 22": 2.8807196617126465, "Epoch 875 Step 23": 2.876866340637207, "Epoch 875 Step 24": 2.8876941204071045, "Epoch 875 Step 25": 2.8917338848114014, "Epoch 875 Step 26": 2.881870985031128, "Epoch 875 Step 27": 2.8825557231903076, "Epoch 875 Step 28": 2.878230094909668, "Epoch 875 Step 29": 2.888132333755493, "Epoch 875 Step 30": 2.874001979827881, "Epoch 875 Step 31": 2.8854928016662598, "Epoch 875 Step 32": 2.87967586517334, "Epoch 875 Step 33": 2.8831706047058105, "Epoch 875 Step 34": 2.885627031326294, "Epoch 875 Step 35": 2.8714091777801514, "Epoch 875 Step 36": 2.885499954223633, "Epoch 875 Step 37": 2.8876214027404785, "Epoch 875 Step 38": 2.885892152786255, "Epoch 875 Step 39": 2.8891005516052246, "Epoch 875 Step 40": 2.8845856189727783, "Epoch 875 Step 41": 2.8729584217071533, "Epoch 875 Step 42": 2.8814783096313477, "Epoch 875 Step 43": 2.8767054080963135, "Epoch 875 Step 44": 2.882018804550171, "Epoch 875 Step 45": 2.8836567401885986, "Epoch 875 Step 46": 2.8915293216705322, "Epoch 875 Step 47": 2.8851664066314697, "Epoch 875 Step 48": 2.8856780529022217, "Epoch 875 Step 49": 2.881389617919922, "Epoch 875 Step 50": 2.8752400875091553, "Epoch 875 Step 51": 2.8797473907470703, "Epoch 875 Step 52": 2.8937668800354004, "Epoch 875 Step 53": 2.8879306316375732, "Epoch 875 Step 54": 2.8741586208343506, "Epoch 875 Step 55": 2.8906610012054443, "Epoch 875 Step 56": 2.8816888332366943, "Epoch 875 Step 57": 2.8761606216430664, "Epoch 875 Step 58": 2.873363494873047, "Epoch 875 Step 59": 2.882423162460327, "Epoch 875 Step 60": 2.8877768516540527, "Epoch 875 Step 61": 2.880645513534546, "Epoch 875 Step 62": 2.878533124923706, "Epoch 875 Step 63": 2.878419876098633, "Epoch 875 Step 64": 2.87669038772583, "Epoch 875 Step 65": 2.8881900310516357, "Epoch 875 Step 66": 2.876192331314087, "Epoch 875 Step 67": 2.8914239406585693, "Epoch 875 Step 68": 2.8714499473571777, "Epoch 875 Step 69": 2.874437093734741, "Epoch 875 Step 70": 2.879672050476074, "Epoch 875 Step 71": 2.8683669567108154, "Epoch 875 Step 72": 2.886887550354004, "Epoch 875 Step 73": 2.881377696990967, "Epoch 875 Step 74": 2.8870487213134766, "Epoch 875 Step 75": 2.892892360687256, "Epoch 875 Step 76": 2.8857221603393555, "Epoch 875 Step 77": 2.8785512447357178, "Epoch 875 Step 78": 2.8857510089874268, "Epoch 875 Step 79": 2.895840644836426, "Epoch 875 Step 80": 2.8943216800689697, "Epoch 875 Step 81": 2.894498586654663, "Epoch 875 Step 82": 2.8882665634155273, "Epoch 875 Step 83": 2.8865137100219727, "Epoch 875 Step 84": 2.8815653324127197, "Epoch 875 Step 85": 2.90669584274292, "Epoch 875 Step 86": 2.8972110748291016, "Epoch 875 Step 87": 2.9006142616271973, "Epoch 875 Step 88": 2.876422882080078, "Epoch 875 Step 89": 2.887986183166504}