{"Epoch 217 Step 0": 2.883946418762207, "Epoch 217 Step 1": 2.870818853378296, "Epoch 217 Step 2": 2.8839633464813232, "Epoch 217 Step 3": 2.8876423835754395, "Epoch 217 Step 4": 2.8843462467193604, "Epoch 217 Step 5": 2.8875534534454346, "Epoch 217 Step 6": 2.8841099739074707, "Epoch 217 Step 7": 2.8724374771118164, "Epoch 217 Step 8": 2.880235195159912, "Epoch 217 Step 9": 2.876333713531494, "Epoch 217 Step 10": 2.8826534748077393, "Epoch 217 Step 11": 2.8820672035217285, "Epoch 217 Step 12": 2.890498399734497, "Epoch 217 Step 13": 2.884902000427246, "Epoch 217 Step 14": 2.8844215869903564, "Epoch 217 Step 15": 2.8810925483703613, "Epoch 217 Step 16": 2.873922109603882, "Epoch 217 Step 17": 2.879005193710327, "Epoch 217 Step 18": 2.89201021194458, "Epoch 217 Step 19": 2.8874692916870117, "Epoch 217 Step 20": 2.8729684352874756, "Epoch 217 Step 21": 2.8897616863250732, "Epoch 217 Step 22": 2.8809733390808105, "Epoch 217 Step 23": 2.8750898838043213, "Epoch 217 Step 24": 2.8718225955963135, "Epoch 217 Step 25": 2.8814404010772705, "Epoch 217 Step 26": 2.8871347904205322, "Epoch 217 Step 27": 2.879124164581299, "Epoch 217 Step 28": 2.8781001567840576, "Epoch 217 Step 29": 2.8781545162200928, "Epoch 217 Step 30": 2.8756394386291504, "Epoch 217 Step 31": 2.8871638774871826, "Epoch 217 Step 32": 2.872708797454834, "Epoch 217 Step 33": 2.89042592048645, "Epoch 217 Step 34": 2.8715708255767822, "Epoch 217 Step 35": 2.8737099170684814, "Epoch 217 Step 36": 2.8795206546783447, "Epoch 217 Step 37": 2.8676538467407227, "Epoch 217 Step 38": 2.8853840827941895, "Epoch 217 Step 39": 2.880903482437134, "Epoch 217 Step 40": 2.8856699466705322, "Epoch 217 Step 41": 2.892115831375122, "Epoch 217 Step 42": 2.8855252265930176, "Epoch 217 Step 43": 2.8765976428985596, "Epoch 217 Step 44": 2.8835883140563965, "Epoch 217 Step 45": 2.894381523132324, "Epoch 217 Step 46": 2.8935818672180176, "Epoch 217 Step 47": 2.8919677734375, "Epoch 217 Step 48": 2.8870437145233154, "Epoch 217 Step 49": 2.885629892349243, "Epoch 217 Step 50": 2.8818411827087402, "Epoch 217 Step 51": 2.9036879539489746, "Epoch 217 Step 52": 2.8998937606811523, "Epoch 217 Step 53": 2.895216226577759, "Epoch 217 Step 54": 2.876009941101074, "Epoch 217 Step 55": 2.8888461589813232, "Epoch 217 Step 56": 2.8934950828552246, "Epoch 217 Step 57": 2.874332904815674, "Epoch 217 Step 58": 2.8855462074279785, "Epoch 217 Step 59": 2.8875110149383545, "Epoch 217 Step 60": 2.89166259765625, "Epoch 217 Step 61": 2.8952929973602295, "Epoch 217 Step 62": 2.8814518451690674, "Epoch 217 Step 63": 2.8922946453094482, "Epoch 217 Step 64": 2.8772568702697754, "Epoch 217 Step 65": 2.8844618797302246, "Epoch 217 Step 66": 2.876450538635254, "Epoch 217 Step 67": 2.891444206237793, "Epoch 217 Step 68": 2.876643419265747, "Epoch 217 Step 69": 2.882307767868042, "Epoch 217 Step 70": 2.8881542682647705, "Epoch 217 Step 71": 2.872378349304199, "Epoch 217 Step 72": 2.871915578842163, "Epoch 217 Step 73": 2.8723719120025635, "Epoch 217 Step 74": 2.8866963386535645, "Epoch 217 Step 75": 2.881725549697876, "Epoch 217 Step 76": 2.876875638961792, "Epoch 217 Step 77": 2.8888301849365234, "Epoch 217 Step 78": 2.894993305206299, "Epoch 217 Step 79": 2.8798916339874268, "Epoch 217 Step 80": 2.8753881454467773, "Epoch 217 Step 81": 2.8868350982666016, "Epoch 217 Step 82": 2.890812635421753, "Epoch 217 Step 83": 2.8802900314331055, "Epoch 217 Step 84": 2.881225109100342, "Epoch 217 Step 85": 2.876375436782837, "Epoch 217 Step 86": 2.886784315109253, "Epoch 217 Step 87": 2.873140811920166, "Epoch 217 Step 88": 2.8844525814056396, "Epoch 217 Step 89": 2.8791778087615967}