{"Epoch 881 Step 0": 2.9039323329925537, "Epoch 881 Step 1": 2.899472951889038, "Epoch 881 Step 2": 2.8982176780700684, "Epoch 881 Step 3": 2.8762781620025635, "Epoch 881 Step 4": 2.8895440101623535, "Epoch 881 Step 5": 2.8933355808258057, "Epoch 881 Step 6": 2.875255584716797, "Epoch 881 Step 7": 2.886636257171631, "Epoch 881 Step 8": 2.886937141418457, "Epoch 881 Step 9": 2.8922054767608643, "Epoch 881 Step 10": 2.8960444927215576, "Epoch 881 Step 11": 2.8812990188598633, "Epoch 881 Step 12": 2.892259359359741, "Epoch 881 Step 13": 2.8776285648345947, "Epoch 881 Step 14": 2.884772777557373, "Epoch 881 Step 15": 2.8777472972869873, "Epoch 881 Step 16": 2.8917720317840576, "Epoch 881 Step 17": 2.8777756690979004, "Epoch 881 Step 18": 2.8829257488250732, "Epoch 881 Step 19": 2.888763904571533, "Epoch 881 Step 20": 2.8743550777435303, "Epoch 881 Step 21": 2.873650312423706, "Epoch 881 Step 22": 2.872671604156494, "Epoch 881 Step 23": 2.8884031772613525, "Epoch 881 Step 24": 2.8828656673431396, "Epoch 881 Step 25": 2.8771841526031494, "Epoch 881 Step 26": 2.889643430709839, "Epoch 881 Step 27": 2.8950576782226562, "Epoch 881 Step 28": 2.8813843727111816, "Epoch 881 Step 29": 2.8761746883392334, "Epoch 881 Step 30": 2.888115167617798, "Epoch 881 Step 31": 2.8925633430480957, "Epoch 881 Step 32": 2.880195379257202, "Epoch 881 Step 33": 2.8816075325012207, "Epoch 881 Step 34": 2.8778560161590576, "Epoch 881 Step 35": 2.8877644538879395, "Epoch 881 Step 36": 2.8735506534576416, "Epoch 881 Step 37": 2.8853561878204346, "Epoch 881 Step 38": 2.8800079822540283, "Epoch 881 Step 39": 2.8829047679901123, "Epoch 881 Step 40": 2.8852317333221436, "Epoch 881 Step 41": 2.8712575435638428, "Epoch 881 Step 42": 2.884931802749634, "Epoch 881 Step 43": 2.8881442546844482, "Epoch 881 Step 44": 2.886960983276367, "Epoch 881 Step 45": 2.89081072807312, "Epoch 881 Step 46": 2.885967493057251, "Epoch 881 Step 47": 2.871666431427002, "Epoch 881 Step 48": 2.8815813064575195, "Epoch 881 Step 49": 2.877441167831421, "Epoch 881 Step 50": 2.8829829692840576, "Epoch 881 Step 51": 2.8837578296661377, "Epoch 881 Step 52": 2.8905293941497803, "Epoch 881 Step 53": 2.8847439289093018, "Epoch 881 Step 54": 2.8853931427001953, "Epoch 881 Step 55": 2.8812389373779297, "Epoch 881 Step 56": 2.8746769428253174, "Epoch 881 Step 57": 2.8805131912231445, "Epoch 881 Step 58": 2.8942856788635254, "Epoch 881 Step 59": 2.8878283500671387, "Epoch 881 Step 60": 2.8740882873535156, "Epoch 881 Step 61": 2.8911781311035156, "Epoch 881 Step 62": 2.8814966678619385, "Epoch 881 Step 63": 2.876621961593628, "Epoch 881 Step 64": 2.872945547103882, "Epoch 881 Step 65": 2.8828158378601074, "Epoch 881 Step 66": 2.8882312774658203, "Epoch 881 Step 67": 2.880974054336548, "Epoch 881 Step 68": 2.8795125484466553, "Epoch 881 Step 69": 2.8793952465057373, "Epoch 881 Step 70": 2.8767645359039307, "Epoch 881 Step 71": 2.888949394226074, "Epoch 881 Step 72": 2.874143362045288, "Epoch 881 Step 73": 2.890886068344116, "Epoch 881 Step 74": 2.871323585510254, "Epoch 881 Step 75": 2.874821424484253, "Epoch 881 Step 76": 2.8796701431274414, "Epoch 881 Step 77": 2.8683152198791504, "Epoch 881 Step 78": 2.887889862060547, "Epoch 881 Step 79": 2.8817949295043945, "Epoch 881 Step 80": 2.8875465393066406, "Epoch 881 Step 81": 2.893732786178589, "Epoch 881 Step 82": 2.8860692977905273, "Epoch 881 Step 83": 2.8791494369506836, "Epoch 881 Step 84": 2.885326862335205, "Epoch 881 Step 85": 2.8956847190856934, "Epoch 881 Step 86": 2.8939175605773926, "Epoch 881 Step 87": 2.893296480178833, "Epoch 881 Step 88": 2.887977123260498, "Epoch 881 Step 89": 2.885944128036499}