{"Epoch 491 Step 0": 2.8901307582855225, "Epoch 491 Step 1": 2.8960282802581787, "Epoch 491 Step 2": 2.880908489227295, "Epoch 491 Step 3": 2.8757805824279785, "Epoch 491 Step 4": 2.8875513076782227, "Epoch 491 Step 5": 2.89211106300354, "Epoch 491 Step 6": 2.8806514739990234, "Epoch 491 Step 7": 2.881347417831421, "Epoch 491 Step 8": 2.877546548843384, "Epoch 491 Step 9": 2.8877296447753906, "Epoch 491 Step 10": 2.8740739822387695, "Epoch 491 Step 11": 2.8852524757385254, "Epoch 491 Step 12": 2.879556655883789, "Epoch 491 Step 13": 2.8831074237823486, "Epoch 491 Step 14": 2.8850176334381104, "Epoch 491 Step 15": 2.8710215091705322, "Epoch 491 Step 16": 2.8848071098327637, "Epoch 491 Step 17": 2.888287305831909, "Epoch 491 Step 18": 2.886539936065674, "Epoch 491 Step 19": 2.8898305892944336, "Epoch 491 Step 20": 2.884455680847168, "Epoch 491 Step 21": 2.872497797012329, "Epoch 491 Step 22": 2.8809010982513428, "Epoch 491 Step 23": 2.877415180206299, "Epoch 491 Step 24": 2.8830721378326416, "Epoch 491 Step 25": 2.8833861351013184, "Epoch 491 Step 26": 2.8905186653137207, "Epoch 491 Step 27": 2.8847806453704834, "Epoch 491 Step 28": 2.8847603797912598, "Epoch 491 Step 29": 2.881535530090332, "Epoch 491 Step 30": 2.8754258155822754, "Epoch 491 Step 31": 2.87967848777771, "Epoch 491 Step 32": 2.8937299251556396, "Epoch 491 Step 33": 2.8878073692321777, "Epoch 491 Step 34": 2.874110221862793, "Epoch 491 Step 35": 2.890411138534546, "Epoch 491 Step 36": 2.8822591304779053, "Epoch 491 Step 37": 2.8761966228485107, "Epoch 491 Step 38": 2.8734183311462402, "Epoch 491 Step 39": 2.8814260959625244, "Epoch 491 Step 40": 2.887467861175537, "Epoch 491 Step 41": 2.879885196685791, "Epoch 491 Step 42": 2.8789241313934326, "Epoch 491 Step 43": 2.8786673545837402, "Epoch 491 Step 44": 2.87589693069458, "Epoch 491 Step 45": 2.88805890083313, "Epoch 491 Step 46": 2.8748388290405273, "Epoch 491 Step 47": 2.890937566757202, "Epoch 491 Step 48": 2.8710978031158447, "Epoch 491 Step 49": 2.8744685649871826, "Epoch 491 Step 50": 2.8794662952423096, "Epoch 491 Step 51": 2.868239164352417, "Epoch 491 Step 52": 2.8868014812469482, "Epoch 491 Step 53": 2.8811633586883545, "Epoch 491 Step 54": 2.8869073390960693, "Epoch 491 Step 55": 2.8928825855255127, "Epoch 491 Step 56": 2.8862545490264893, "Epoch 491 Step 57": 2.8782477378845215, "Epoch 491 Step 58": 2.8847098350524902, "Epoch 491 Step 59": 2.895606279373169, "Epoch 491 Step 60": 2.8945181369781494, "Epoch 491 Step 61": 2.89289927482605, "Epoch 491 Step 62": 2.887640953063965, "Epoch 491 Step 63": 2.886859178543091, "Epoch 491 Step 64": 2.884295701980591, "Epoch 491 Step 65": 2.9046378135681152, "Epoch 491 Step 66": 2.9005424976348877, "Epoch 491 Step 67": 2.8994624614715576, "Epoch 491 Step 68": 2.875558853149414, "Epoch 491 Step 69": 2.8886566162109375, "Epoch 491 Step 70": 2.893690586090088, "Epoch 491 Step 71": 2.8750829696655273, "Epoch 491 Step 72": 2.8867506980895996, "Epoch 491 Step 73": 2.8866705894470215, "Epoch 491 Step 74": 2.8914854526519775, "Epoch 491 Step 75": 2.8959648609161377, "Epoch 491 Step 76": 2.881861686706543, "Epoch 491 Step 77": 2.893411159515381, "Epoch 491 Step 78": 2.878695487976074, "Epoch 491 Step 79": 2.8851912021636963, "Epoch 491 Step 80": 2.8785393238067627, "Epoch 491 Step 81": 2.8918516635894775, "Epoch 491 Step 82": 2.8779542446136475, "Epoch 491 Step 83": 2.8830668926239014, "Epoch 491 Step 84": 2.8885154724121094, "Epoch 491 Step 85": 2.8735311031341553, "Epoch 491 Step 86": 2.8719229698181152, "Epoch 491 Step 87": 2.8722376823425293, "Epoch 491 Step 88": 2.8882668018341064, "Epoch 491 Step 89": 2.8821868896484375}