{"Epoch 181 Step 0": 2.8781673908233643, "Epoch 181 Step 1": 2.86746883392334, "Epoch 181 Step 2": 2.8858206272125244, "Epoch 181 Step 3": 2.8799290657043457, "Epoch 181 Step 4": 2.8831236362457275, "Epoch 181 Step 5": 2.8916828632354736, "Epoch 181 Step 6": 2.8858466148376465, "Epoch 181 Step 7": 2.8762426376342773, "Epoch 181 Step 8": 2.882333517074585, "Epoch 181 Step 9": 2.893531084060669, "Epoch 181 Step 10": 2.894145965576172, "Epoch 181 Step 11": 2.892043113708496, "Epoch 181 Step 12": 2.8870816230773926, "Epoch 181 Step 13": 2.8854453563690186, "Epoch 181 Step 14": 2.8821613788604736, "Epoch 181 Step 15": 2.9028401374816895, "Epoch 181 Step 16": 2.8994977474212646, "Epoch 181 Step 17": 2.896655559539795, "Epoch 181 Step 18": 2.8759677410125732, "Epoch 181 Step 19": 2.88826322555542, "Epoch 181 Step 20": 2.892221689224243, "Epoch 181 Step 21": 2.87388014793396, "Epoch 181 Step 22": 2.8846514225006104, "Epoch 181 Step 23": 2.8864552974700928, "Epoch 181 Step 24": 2.8902523517608643, "Epoch 181 Step 25": 2.894134283065796, "Epoch 181 Step 26": 2.8794045448303223, "Epoch 181 Step 27": 2.891587972640991, "Epoch 181 Step 28": 2.8773014545440674, "Epoch 181 Step 29": 2.8850650787353516, "Epoch 181 Step 30": 2.8770124912261963, "Epoch 181 Step 31": 2.8897898197174072, "Epoch 181 Step 32": 2.875678539276123, "Epoch 181 Step 33": 2.881011486053467, "Epoch 181 Step 34": 2.887354612350464, "Epoch 181 Step 35": 2.8722078800201416, "Epoch 181 Step 36": 2.870264768600464, "Epoch 181 Step 37": 2.8710546493530273, "Epoch 181 Step 38": 2.8869924545288086, "Epoch 181 Step 39": 2.8803210258483887, "Epoch 181 Step 40": 2.876154899597168, "Epoch 181 Step 41": 2.8889613151550293, "Epoch 181 Step 42": 2.893035888671875, "Epoch 181 Step 43": 2.8787083625793457, "Epoch 181 Step 44": 2.8748397827148438, "Epoch 181 Step 45": 2.8856656551361084, "Epoch 181 Step 46": 2.88971209526062, "Epoch 181 Step 47": 2.879315137863159, "Epoch 181 Step 48": 2.8801300525665283, "Epoch 181 Step 49": 2.8755972385406494, "Epoch 181 Step 50": 2.886492967605591, "Epoch 181 Step 51": 2.8728439807891846, "Epoch 181 Step 52": 2.883514642715454, "Epoch 181 Step 53": 2.8775854110717773, "Epoch 181 Step 54": 2.8817622661590576, "Epoch 181 Step 55": 2.882791519165039, "Epoch 181 Step 56": 2.8695690631866455, "Epoch 181 Step 57": 2.88299560546875, "Epoch 181 Step 58": 2.885462999343872, "Epoch 181 Step 59": 2.883747100830078, "Epoch 181 Step 60": 2.8874006271362305, "Epoch 181 Step 61": 2.8828983306884766, "Epoch 181 Step 62": 2.8706791400909424, "Epoch 181 Step 63": 2.879396915435791, "Epoch 181 Step 64": 2.87451434135437, "Epoch 181 Step 65": 2.8803749084472656, "Epoch 181 Step 66": 2.8803653717041016, "Epoch 181 Step 67": 2.8901455402374268, "Epoch 181 Step 68": 2.8851568698883057, "Epoch 181 Step 69": 2.8835337162017822, "Epoch 181 Step 70": 2.879777669906616, "Epoch 181 Step 71": 2.874445915222168, "Epoch 181 Step 72": 2.877346992492676, "Epoch 181 Step 73": 2.891864061355591, "Epoch 181 Step 74": 2.886662483215332, "Epoch 181 Step 75": 2.8719186782836914, "Epoch 181 Step 76": 2.888425350189209, "Epoch 181 Step 77": 2.8816452026367188, "Epoch 181 Step 78": 2.8743624687194824, "Epoch 181 Step 79": 2.86993670463562, "Epoch 181 Step 80": 2.8815720081329346, "Epoch 181 Step 81": 2.8862946033477783, "Epoch 181 Step 82": 2.878890037536621, "Epoch 181 Step 83": 2.8778176307678223, "Epoch 181 Step 84": 2.877258062362671, "Epoch 181 Step 85": 2.8752853870391846, "Epoch 181 Step 86": 2.8842713832855225, "Epoch 181 Step 87": 2.8708655834198, "Epoch 181 Step 88": 2.890305757522583, "Epoch 181 Step 89": 2.871645927429199}