{"Epoch 162 Step 0": 2.887277841567993, "Epoch 162 Step 1": 2.891923666000366, "Epoch 162 Step 2": 2.87308669090271, "Epoch 162 Step 3": 2.8841514587402344, "Epoch 162 Step 4": 2.8855507373809814, "Epoch 162 Step 5": 2.8899173736572266, "Epoch 162 Step 6": 2.8948588371276855, "Epoch 162 Step 7": 2.8788540363311768, "Epoch 162 Step 8": 2.8913817405700684, "Epoch 162 Step 9": 2.8761799335479736, "Epoch 162 Step 10": 2.8839974403381348, "Epoch 162 Step 11": 2.8758883476257324, "Epoch 162 Step 12": 2.8901565074920654, "Epoch 162 Step 13": 2.8752267360687256, "Epoch 162 Step 14": 2.881303548812866, "Epoch 162 Step 15": 2.8862392902374268, "Epoch 162 Step 16": 2.8719065189361572, "Epoch 162 Step 17": 2.870054006576538, "Epoch 162 Step 18": 2.8699395656585693, "Epoch 162 Step 19": 2.88620924949646, "Epoch 162 Step 20": 2.8803091049194336, "Epoch 162 Step 21": 2.875620126724243, "Epoch 162 Step 22": 2.8880932331085205, "Epoch 162 Step 23": 2.892971992492676, "Epoch 162 Step 24": 2.8783586025238037, "Epoch 162 Step 25": 2.8742268085479736, "Epoch 162 Step 26": 2.8851916790008545, "Epoch 162 Step 27": 2.8895986080169678, "Epoch 162 Step 28": 2.8801376819610596, "Epoch 162 Step 29": 2.8801109790802, "Epoch 162 Step 30": 2.875181198120117, "Epoch 162 Step 31": 2.8856558799743652, "Epoch 162 Step 32": 2.8716766834259033, "Epoch 162 Step 33": 2.883171319961548, "Epoch 162 Step 34": 2.8774096965789795, "Epoch 162 Step 35": 2.8815841674804688, "Epoch 162 Step 36": 2.8821210861206055, "Epoch 162 Step 37": 2.8688929080963135, "Epoch 162 Step 38": 2.8828015327453613, "Epoch 162 Step 39": 2.8858802318573, "Epoch 162 Step 40": 2.8822181224823, "Epoch 162 Step 41": 2.886599063873291, "Epoch 162 Step 42": 2.8814034461975098, "Epoch 162 Step 43": 2.871065378189087, "Epoch 162 Step 44": 2.8780229091644287, "Epoch 162 Step 45": 2.875156879425049, "Epoch 162 Step 46": 2.8815114498138428, "Epoch 162 Step 47": 2.880101203918457, "Epoch 162 Step 48": 2.8876571655273438, "Epoch 162 Step 49": 2.883875608444214, "Epoch 162 Step 50": 2.8839447498321533, "Epoch 162 Step 51": 2.8811352252960205, "Epoch 162 Step 52": 2.873793601989746, "Epoch 162 Step 53": 2.8764705657958984, "Epoch 162 Step 54": 2.891422748565674, "Epoch 162 Step 55": 2.8863611221313477, "Epoch 162 Step 56": 2.8708951473236084, "Epoch 162 Step 57": 2.887974739074707, "Epoch 162 Step 58": 2.881479024887085, "Epoch 162 Step 59": 2.8727030754089355, "Epoch 162 Step 60": 2.8697803020477295, "Epoch 162 Step 61": 2.8798818588256836, "Epoch 162 Step 62": 2.885148048400879, "Epoch 162 Step 63": 2.8782529830932617, "Epoch 162 Step 64": 2.877819061279297, "Epoch 162 Step 65": 2.8774850368499756, "Epoch 162 Step 66": 2.8739922046661377, "Epoch 162 Step 67": 2.88517427444458, "Epoch 162 Step 68": 2.870002508163452, "Epoch 162 Step 69": 2.888360023498535, "Epoch 162 Step 70": 2.871103286743164, "Epoch 162 Step 71": 2.8707997798919678, "Epoch 162 Step 72": 2.8777687549591064, "Epoch 162 Step 73": 2.8670244216918945, "Epoch 162 Step 74": 2.884121894836426, "Epoch 162 Step 75": 2.87953519821167, "Epoch 162 Step 76": 2.882920742034912, "Epoch 162 Step 77": 2.890928268432617, "Epoch 162 Step 78": 2.885500907897949, "Epoch 162 Step 79": 2.8779456615448, "Epoch 162 Step 80": 2.882636785507202, "Epoch 162 Step 81": 2.895547866821289, "Epoch 162 Step 82": 2.8949925899505615, "Epoch 162 Step 83": 2.8925774097442627, "Epoch 162 Step 84": 2.886686086654663, "Epoch 162 Step 85": 2.8843860626220703, "Epoch 162 Step 86": 2.882589817047119, "Epoch 162 Step 87": 2.902963876724243, "Epoch 162 Step 88": 2.8989202976226807, "Epoch 162 Step 89": 2.8963160514831543}