{"Epoch 499 Step 0": 2.883288860321045, "Epoch 499 Step 1": 2.8889083862304688, "Epoch 499 Step 2": 2.873335123062134, "Epoch 499 Step 3": 2.8720815181732178, "Epoch 499 Step 4": 2.8723645210266113, "Epoch 499 Step 5": 2.8883938789367676, "Epoch 499 Step 6": 2.882612943649292, "Epoch 499 Step 7": 2.8784284591674805, "Epoch 499 Step 8": 2.8902230262756348, "Epoch 499 Step 9": 2.8954601287841797, "Epoch 499 Step 10": 2.8806679248809814, "Epoch 499 Step 11": 2.877044439315796, "Epoch 499 Step 12": 2.887282609939575, "Epoch 499 Step 13": 2.8917248249053955, "Epoch 499 Step 14": 2.8802754878997803, "Epoch 499 Step 15": 2.8814494609832764, "Epoch 499 Step 16": 2.877542495727539, "Epoch 499 Step 17": 2.8877155780792236, "Epoch 499 Step 18": 2.874340057373047, "Epoch 499 Step 19": 2.885202407836914, "Epoch 499 Step 20": 2.879162311553955, "Epoch 499 Step 21": 2.8829009532928467, "Epoch 499 Step 22": 2.8847227096557617, "Epoch 499 Step 23": 2.871478319168091, "Epoch 499 Step 24": 2.884636878967285, "Epoch 499 Step 25": 2.8880650997161865, "Epoch 499 Step 26": 2.8858535289764404, "Epoch 499 Step 27": 2.889456033706665, "Epoch 499 Step 28": 2.8842625617980957, "Epoch 499 Step 29": 2.87207293510437, "Epoch 499 Step 30": 2.8812782764434814, "Epoch 499 Step 31": 2.87730073928833, "Epoch 499 Step 32": 2.8829095363616943, "Epoch 499 Step 33": 2.8830056190490723, "Epoch 499 Step 34": 2.890619993209839, "Epoch 499 Step 35": 2.884946823120117, "Epoch 499 Step 36": 2.885498285293579, "Epoch 499 Step 37": 2.882176160812378, "Epoch 499 Step 38": 2.8749945163726807, "Epoch 499 Step 39": 2.8804478645324707, "Epoch 499 Step 40": 2.893575429916382, "Epoch 499 Step 41": 2.887892246246338, "Epoch 499 Step 42": 2.8738741874694824, "Epoch 499 Step 43": 2.889991044998169, "Epoch 499 Step 44": 2.882256507873535, "Epoch 499 Step 45": 2.875215530395508, "Epoch 499 Step 46": 2.8718485832214355, "Epoch 499 Step 47": 2.8827812671661377, "Epoch 499 Step 48": 2.8880462646484375, "Epoch 499 Step 49": 2.880258798599243, "Epoch 499 Step 50": 2.8786611557006836, "Epoch 499 Step 51": 2.8780596256256104, "Epoch 499 Step 52": 2.8763551712036133, "Epoch 499 Step 53": 2.8876595497131348, "Epoch 499 Step 54": 2.8748064041137695, "Epoch 499 Step 55": 2.8912558555603027, "Epoch 499 Step 56": 2.8712010383605957, "Epoch 499 Step 57": 2.87449312210083, "Epoch 499 Step 58": 2.879481554031372, "Epoch 499 Step 59": 2.868177652359009, "Epoch 499 Step 60": 2.8864474296569824, "Epoch 499 Step 61": 2.881277561187744, "Epoch 499 Step 62": 2.886690855026245, "Epoch 499 Step 63": 2.8934497833251953, "Epoch 499 Step 64": 2.886080741882324, "Epoch 499 Step 65": 2.877990961074829, "Epoch 499 Step 66": 2.8851025104522705, "Epoch 499 Step 67": 2.895914077758789, "Epoch 499 Step 68": 2.8946359157562256, "Epoch 499 Step 69": 2.893280267715454, "Epoch 499 Step 70": 2.8880503177642822, "Epoch 499 Step 71": 2.88641619682312, "Epoch 499 Step 72": 2.8827953338623047, "Epoch 499 Step 73": 2.9041836261749268, "Epoch 499 Step 74": 2.9004976749420166, "Epoch 499 Step 75": 2.8973395824432373, "Epoch 499 Step 76": 2.876401662826538, "Epoch 499 Step 77": 2.8899552822113037, "Epoch 499 Step 78": 2.8935601711273193, "Epoch 499 Step 79": 2.875657796859741, "Epoch 499 Step 80": 2.886772632598877, "Epoch 499 Step 81": 2.8866891860961914, "Epoch 499 Step 82": 2.891430616378784, "Epoch 499 Step 83": 2.8956103324890137, "Epoch 499 Step 84": 2.8811733722686768, "Epoch 499 Step 85": 2.892155647277832, "Epoch 499 Step 86": 2.87844181060791, "Epoch 499 Step 87": 2.885195732116699, "Epoch 499 Step 88": 2.877865791320801, "Epoch 499 Step 89": 2.8920111656188965}