{"Epoch 187 Step 0": 2.8762176036834717, "Epoch 187 Step 1": 2.8851566314697266, "Epoch 187 Step 2": 2.870628833770752, "Epoch 187 Step 3": 2.8905889987945557, "Epoch 187 Step 4": 2.870264768600464, "Epoch 187 Step 5": 2.872823715209961, "Epoch 187 Step 6": 2.8786869049072266, "Epoch 187 Step 7": 2.866258382797241, "Epoch 187 Step 8": 2.885401487350464, "Epoch 187 Step 9": 2.879171133041382, "Epoch 187 Step 10": 2.8829925060272217, "Epoch 187 Step 11": 2.891148567199707, "Epoch 187 Step 12": 2.88502836227417, "Epoch 187 Step 13": 2.876559257507324, "Epoch 187 Step 14": 2.882888078689575, "Epoch 187 Step 15": 2.89333438873291, "Epoch 187 Step 16": 2.894592046737671, "Epoch 187 Step 17": 2.892029047012329, "Epoch 187 Step 18": 2.886363983154297, "Epoch 187 Step 19": 2.8855772018432617, "Epoch 187 Step 20": 2.8838212490081787, "Epoch 187 Step 21": 2.9023854732513428, "Epoch 187 Step 22": 2.899585485458374, "Epoch 187 Step 23": 2.895327091217041, "Epoch 187 Step 24": 2.8765511512756348, "Epoch 187 Step 25": 2.8894083499908447, "Epoch 187 Step 26": 2.891718626022339, "Epoch 187 Step 27": 2.873373031616211, "Epoch 187 Step 28": 2.8862853050231934, "Epoch 187 Step 29": 2.8887386322021484, "Epoch 187 Step 30": 2.890211343765259, "Epoch 187 Step 31": 2.894196033477783, "Epoch 187 Step 32": 2.880218505859375, "Epoch 187 Step 33": 2.890519380569458, "Epoch 187 Step 34": 2.8796284198760986, "Epoch 187 Step 35": 2.886409282684326, "Epoch 187 Step 36": 2.8775277137756348, "Epoch 187 Step 37": 2.890436887741089, "Epoch 187 Step 38": 2.875765085220337, "Epoch 187 Step 39": 2.8820269107818604, "Epoch 187 Step 40": 2.8872509002685547, "Epoch 187 Step 41": 2.8727519512176514, "Epoch 187 Step 42": 2.8699188232421875, "Epoch 187 Step 43": 2.869840145111084, "Epoch 187 Step 44": 2.888845205307007, "Epoch 187 Step 45": 2.882324457168579, "Epoch 187 Step 46": 2.8762848377227783, "Epoch 187 Step 47": 2.8889377117156982, "Epoch 187 Step 48": 2.892267942428589, "Epoch 187 Step 49": 2.8785905838012695, "Epoch 187 Step 50": 2.8775455951690674, "Epoch 187 Step 51": 2.8844456672668457, "Epoch 187 Step 52": 2.889247417449951, "Epoch 187 Step 53": 2.878781318664551, "Epoch 187 Step 54": 2.87930965423584, "Epoch 187 Step 55": 2.8747200965881348, "Epoch 187 Step 56": 2.8868255615234375, "Epoch 187 Step 57": 2.8723440170288086, "Epoch 187 Step 58": 2.883115291595459, "Epoch 187 Step 59": 2.877314329147339, "Epoch 187 Step 60": 2.881826639175415, "Epoch 187 Step 61": 2.8827126026153564, "Epoch 187 Step 62": 2.868299961090088, "Epoch 187 Step 63": 2.883073568344116, "Epoch 187 Step 64": 2.885481357574463, "Epoch 187 Step 65": 2.8826208114624023, "Epoch 187 Step 66": 2.8873722553253174, "Epoch 187 Step 67": 2.8820719718933105, "Epoch 187 Step 68": 2.870272636413574, "Epoch 187 Step 69": 2.879556179046631, "Epoch 187 Step 70": 2.8750383853912354, "Epoch 187 Step 71": 2.8809354305267334, "Epoch 187 Step 72": 2.8795254230499268, "Epoch 187 Step 73": 2.889583110809326, "Epoch 187 Step 74": 2.8844118118286133, "Epoch 187 Step 75": 2.883601188659668, "Epoch 187 Step 76": 2.879958391189575, "Epoch 187 Step 77": 2.8736557960510254, "Epoch 187 Step 78": 2.876441240310669, "Epoch 187 Step 79": 2.891209125518799, "Epoch 187 Step 80": 2.8872570991516113, "Epoch 187 Step 81": 2.8727333545684814, "Epoch 187 Step 82": 2.889152765274048, "Epoch 187 Step 83": 2.8813564777374268, "Epoch 187 Step 84": 2.8744609355926514, "Epoch 187 Step 85": 2.868989944458008, "Epoch 187 Step 86": 2.8813116550445557, "Epoch 187 Step 87": 2.886570453643799, "Epoch 187 Step 88": 2.878626823425293, "Epoch 187 Step 89": 2.877244472503662}