{"Epoch 238 Step 0": 2.887773036956787, "Epoch 238 Step 1": 2.8722634315490723, "Epoch 238 Step 2": 2.8715007305145264, "Epoch 238 Step 3": 2.872002363204956, "Epoch 238 Step 4": 2.8874709606170654, "Epoch 238 Step 5": 2.8811237812042236, "Epoch 238 Step 6": 2.8768563270568848, "Epoch 238 Step 7": 2.8898284435272217, "Epoch 238 Step 8": 2.8955576419830322, "Epoch 238 Step 9": 2.880545139312744, "Epoch 238 Step 10": 2.8763809204101562, "Epoch 238 Step 11": 2.8865158557891846, "Epoch 238 Step 12": 2.8904502391815186, "Epoch 238 Step 13": 2.8808772563934326, "Epoch 238 Step 14": 2.8820412158966064, "Epoch 238 Step 15": 2.8774449825286865, "Epoch 238 Step 16": 2.8880789279937744, "Epoch 238 Step 17": 2.873121500015259, "Epoch 238 Step 18": 2.8848893642425537, "Epoch 238 Step 19": 2.8790183067321777, "Epoch 238 Step 20": 2.882453680038452, "Epoch 238 Step 21": 2.8846802711486816, "Epoch 238 Step 22": 2.870943546295166, "Epoch 238 Step 23": 2.8845021724700928, "Epoch 238 Step 24": 2.8872737884521484, "Epoch 238 Step 25": 2.884944200515747, "Epoch 238 Step 26": 2.8886866569519043, "Epoch 238 Step 27": 2.883875846862793, "Epoch 238 Step 28": 2.8717870712280273, "Epoch 238 Step 29": 2.8808798789978027, "Epoch 238 Step 30": 2.876983880996704, "Epoch 238 Step 31": 2.8827216625213623, "Epoch 238 Step 32": 2.881943941116333, "Epoch 238 Step 33": 2.8907461166381836, "Epoch 238 Step 34": 2.8849575519561768, "Epoch 238 Step 35": 2.8845789432525635, "Epoch 238 Step 36": 2.88100528717041, "Epoch 238 Step 37": 2.8750460147857666, "Epoch 238 Step 38": 2.8785364627838135, "Epoch 238 Step 39": 2.8933165073394775, "Epoch 238 Step 40": 2.888068675994873, "Epoch 238 Step 41": 2.8736941814422607, "Epoch 238 Step 42": 2.890413284301758, "Epoch 238 Step 43": 2.881110668182373, "Epoch 238 Step 44": 2.8752989768981934, "Epoch 238 Step 45": 2.872361660003662, "Epoch 238 Step 46": 2.8820719718933105, "Epoch 238 Step 47": 2.8871405124664307, "Epoch 238 Step 48": 2.8798274993896484, "Epoch 238 Step 49": 2.878892183303833, "Epoch 238 Step 50": 2.878101348876953, "Epoch 238 Step 51": 2.876107692718506, "Epoch 238 Step 52": 2.8874857425689697, "Epoch 238 Step 53": 2.8741073608398438, "Epoch 238 Step 54": 2.8907124996185303, "Epoch 238 Step 55": 2.871223211288452, "Epoch 238 Step 56": 2.874589681625366, "Epoch 238 Step 57": 2.878718852996826, "Epoch 238 Step 58": 2.8672332763671875, "Epoch 238 Step 59": 2.886598587036133, "Epoch 238 Step 60": 2.881253719329834, "Epoch 238 Step 61": 2.8861138820648193, "Epoch 238 Step 62": 2.892916202545166, "Epoch 238 Step 63": 2.8856306076049805, "Epoch 238 Step 64": 2.878453254699707, "Epoch 238 Step 65": 2.884632110595703, "Epoch 238 Step 66": 2.8948800563812256, "Epoch 238 Step 67": 2.893892288208008, "Epoch 238 Step 68": 2.8923144340515137, "Epoch 238 Step 69": 2.8871967792510986, "Epoch 238 Step 70": 2.8870460987091064, "Epoch 238 Step 71": 2.883898973464966, "Epoch 238 Step 72": 2.9032490253448486, "Epoch 238 Step 73": 2.9011294841766357, "Epoch 238 Step 74": 2.8984079360961914, "Epoch 238 Step 75": 2.8750524520874023, "Epoch 238 Step 76": 2.8883888721466064, "Epoch 238 Step 77": 2.8927111625671387, "Epoch 238 Step 78": 2.8749845027923584, "Epoch 238 Step 79": 2.8861799240112305, "Epoch 238 Step 80": 2.887089252471924, "Epoch 238 Step 81": 2.891852378845215, "Epoch 238 Step 82": 2.8958585262298584, "Epoch 238 Step 83": 2.8822484016418457, "Epoch 238 Step 84": 2.8926992416381836, "Epoch 238 Step 85": 2.8788340091705322, "Epoch 238 Step 86": 2.8846702575683594, "Epoch 238 Step 87": 2.877232074737549, "Epoch 238 Step 88": 2.891646385192871, "Epoch 238 Step 89": 2.8774044513702393}