{"Epoch 709 Step 0": 2.893465757369995, "Epoch 709 Step 1": 2.886070489883423, "Epoch 709 Step 2": 2.8786861896514893, "Epoch 709 Step 3": 2.8852157592773438, "Epoch 709 Step 4": 2.8956334590911865, "Epoch 709 Step 5": 2.8942067623138428, "Epoch 709 Step 6": 2.892940044403076, "Epoch 709 Step 7": 2.886944055557251, "Epoch 709 Step 8": 2.8861231803894043, "Epoch 709 Step 9": 2.8843295574188232, "Epoch 709 Step 10": 2.906126022338867, "Epoch 709 Step 11": 2.900012969970703, "Epoch 709 Step 12": 2.897995948791504, "Epoch 709 Step 13": 2.877631664276123, "Epoch 709 Step 14": 2.8905293941497803, "Epoch 709 Step 15": 2.8934073448181152, "Epoch 709 Step 16": 2.875471830368042, "Epoch 709 Step 17": 2.8863301277160645, "Epoch 709 Step 18": 2.8869729042053223, "Epoch 709 Step 19": 2.8917553424835205, "Epoch 709 Step 20": 2.896280288696289, "Epoch 709 Step 21": 2.882227897644043, "Epoch 709 Step 22": 2.8923332691192627, "Epoch 709 Step 23": 2.8784210681915283, "Epoch 709 Step 24": 2.885969400405884, "Epoch 709 Step 25": 2.8780245780944824, "Epoch 709 Step 26": 2.892791271209717, "Epoch 709 Step 27": 2.8785271644592285, "Epoch 709 Step 28": 2.883063554763794, "Epoch 709 Step 29": 2.8888094425201416, "Epoch 709 Step 30": 2.8736610412597656, "Epoch 709 Step 31": 2.871694564819336, "Epoch 709 Step 32": 2.8724312782287598, "Epoch 709 Step 33": 2.8891825675964355, "Epoch 709 Step 34": 2.8822946548461914, "Epoch 709 Step 35": 2.8786280155181885, "Epoch 709 Step 36": 2.890484094619751, "Epoch 709 Step 37": 2.8951547145843506, "Epoch 709 Step 38": 2.8808910846710205, "Epoch 709 Step 39": 2.877470016479492, "Epoch 709 Step 40": 2.8875620365142822, "Epoch 709 Step 41": 2.891721725463867, "Epoch 709 Step 42": 2.8813509941101074, "Epoch 709 Step 43": 2.8821115493774414, "Epoch 709 Step 44": 2.8776674270629883, "Epoch 709 Step 45": 2.8879828453063965, "Epoch 709 Step 46": 2.8739731311798096, "Epoch 709 Step 47": 2.8856990337371826, "Epoch 709 Step 48": 2.8792660236358643, "Epoch 709 Step 49": 2.8832225799560547, "Epoch 709 Step 50": 2.8846468925476074, "Epoch 709 Step 51": 2.871680736541748, "Epoch 709 Step 52": 2.884676456451416, "Epoch 709 Step 53": 2.8881664276123047, "Epoch 709 Step 54": 2.885770320892334, "Epoch 709 Step 55": 2.889096975326538, "Epoch 709 Step 56": 2.884427070617676, "Epoch 709 Step 57": 2.8734469413757324, "Epoch 709 Step 58": 2.8821496963500977, "Epoch 709 Step 59": 2.8783364295959473, "Epoch 709 Step 60": 2.883096218109131, "Epoch 709 Step 61": 2.8831899166107178, "Epoch 709 Step 62": 2.8906590938568115, "Epoch 709 Step 63": 2.884192943572998, "Epoch 709 Step 64": 2.8846871852874756, "Epoch 709 Step 65": 2.8808181285858154, "Epoch 709 Step 66": 2.875493288040161, "Epoch 709 Step 67": 2.8797168731689453, "Epoch 709 Step 68": 2.894230604171753, "Epoch 709 Step 69": 2.8880608081817627, "Epoch 709 Step 70": 2.8740274906158447, "Epoch 709 Step 71": 2.8911728858947754, "Epoch 709 Step 72": 2.882291793823242, "Epoch 709 Step 73": 2.8759939670562744, "Epoch 709 Step 74": 2.873542308807373, "Epoch 709 Step 75": 2.882603883743286, "Epoch 709 Step 76": 2.8880045413970947, "Epoch 709 Step 77": 2.8809967041015625, "Epoch 709 Step 78": 2.8792691230773926, "Epoch 709 Step 79": 2.878376007080078, "Epoch 709 Step 80": 2.875873327255249, "Epoch 709 Step 81": 2.8876993656158447, "Epoch 709 Step 82": 2.8738210201263428, "Epoch 709 Step 83": 2.891664505004883, "Epoch 709 Step 84": 2.871645450592041, "Epoch 709 Step 85": 2.875000476837158, "Epoch 709 Step 86": 2.8797531127929688, "Epoch 709 Step 87": 2.868267059326172, "Epoch 709 Step 88": 2.8869590759277344, "Epoch 709 Step 89": 2.88187313079834}