{"Epoch 77 Step 0": 2.8869218826293945, "Epoch 77 Step 1": 2.8909573554992676, "Epoch 77 Step 2": 2.8953585624694824, "Epoch 77 Step 3": 2.8806352615356445, "Epoch 77 Step 4": 2.891650676727295, "Epoch 77 Step 5": 2.8768529891967773, "Epoch 77 Step 6": 2.884425640106201, "Epoch 77 Step 7": 2.875875234603882, "Epoch 77 Step 8": 2.8903372287750244, "Epoch 77 Step 9": 2.8767619132995605, "Epoch 77 Step 10": 2.8815970420837402, "Epoch 77 Step 11": 2.8876144886016846, "Epoch 77 Step 12": 2.872361660003662, "Epoch 77 Step 13": 2.8701632022857666, "Epoch 77 Step 14": 2.870818853378296, "Epoch 77 Step 15": 2.8870391845703125, "Epoch 77 Step 16": 2.8815417289733887, "Epoch 77 Step 17": 2.8763320446014404, "Epoch 77 Step 18": 2.8897252082824707, "Epoch 77 Step 19": 2.8947556018829346, "Epoch 77 Step 20": 2.88004994392395, "Epoch 77 Step 21": 2.875868797302246, "Epoch 77 Step 22": 2.886028289794922, "Epoch 77 Step 23": 2.8900275230407715, "Epoch 77 Step 24": 2.8804924488067627, "Epoch 77 Step 25": 2.8816261291503906, "Epoch 77 Step 26": 2.876814842224121, "Epoch 77 Step 27": 2.887103319168091, "Epoch 77 Step 28": 2.8732736110687256, "Epoch 77 Step 29": 2.8849666118621826, "Epoch 77 Step 30": 2.8787686824798584, "Epoch 77 Step 31": 2.8827483654022217, "Epoch 77 Step 32": 2.8838465213775635, "Epoch 77 Step 33": 2.8699328899383545, "Epoch 77 Step 34": 2.883835792541504, "Epoch 77 Step 35": 2.8869681358337402, "Epoch 77 Step 36": 2.884737014770508, "Epoch 77 Step 37": 2.888240337371826, "Epoch 77 Step 38": 2.883197784423828, "Epoch 77 Step 39": 2.87241530418396, "Epoch 77 Step 40": 2.879483461380005, "Epoch 77 Step 41": 2.876432180404663, "Epoch 77 Step 42": 2.8830175399780273, "Epoch 77 Step 43": 2.8807387351989746, "Epoch 77 Step 44": 2.8891797065734863, "Epoch 77 Step 45": 2.8843159675598145, "Epoch 77 Step 46": 2.884031057357788, "Epoch 77 Step 47": 2.8812384605407715, "Epoch 77 Step 48": 2.8739495277404785, "Epoch 77 Step 49": 2.878073215484619, "Epoch 77 Step 50": 2.89160418510437, "Epoch 77 Step 51": 2.8872618675231934, "Epoch 77 Step 52": 2.8735761642456055, "Epoch 77 Step 53": 2.8891494274139404, "Epoch 77 Step 54": 2.8811097145080566, "Epoch 77 Step 55": 2.8740899562835693, "Epoch 77 Step 56": 2.870218515396118, "Epoch 77 Step 57": 2.88116455078125, "Epoch 77 Step 58": 2.8870418071746826, "Epoch 77 Step 59": 2.8796868324279785, "Epoch 77 Step 60": 2.8779451847076416, "Epoch 77 Step 61": 2.877537488937378, "Epoch 77 Step 62": 2.8749067783355713, "Epoch 77 Step 63": 2.886265277862549, "Epoch 77 Step 64": 2.8713669776916504, "Epoch 77 Step 65": 2.889996290206909, "Epoch 77 Step 66": 2.8709335327148438, "Epoch 77 Step 67": 2.8741886615753174, "Epoch 77 Step 68": 2.8790206909179688, "Epoch 77 Step 69": 2.8673858642578125, "Epoch 77 Step 70": 2.8848817348480225, "Epoch 77 Step 71": 2.880927324295044, "Epoch 77 Step 72": 2.8855741024017334, "Epoch 77 Step 73": 2.8917689323425293, "Epoch 77 Step 74": 2.885754108428955, "Epoch 77 Step 75": 2.8767783641815186, "Epoch 77 Step 76": 2.8827879428863525, "Epoch 77 Step 77": 2.8941190242767334, "Epoch 77 Step 78": 2.8931853771209717, "Epoch 77 Step 79": 2.8921427726745605, "Epoch 77 Step 80": 2.887197971343994, "Epoch 77 Step 81": 2.8861498832702637, "Epoch 77 Step 82": 2.882199287414551, "Epoch 77 Step 83": 2.902418851852417, "Epoch 77 Step 84": 2.899777412414551, "Epoch 77 Step 85": 2.8928604125976562, "Epoch 77 Step 86": 2.8762924671173096, "Epoch 77 Step 87": 2.8899357318878174, "Epoch 77 Step 88": 2.8925836086273193, "Epoch 77 Step 89": 2.874145984649658}