{"Epoch 579 Step 0": 2.8753724098205566, "Epoch 579 Step 1": 2.888239622116089, "Epoch 579 Step 2": 2.891772985458374, "Epoch 579 Step 3": 2.8809878826141357, "Epoch 579 Step 4": 2.8820767402648926, "Epoch 579 Step 5": 2.8774850368499756, "Epoch 579 Step 6": 2.888763189315796, "Epoch 579 Step 7": 2.8738210201263428, "Epoch 579 Step 8": 2.8854682445526123, "Epoch 579 Step 9": 2.8792519569396973, "Epoch 579 Step 10": 2.8830835819244385, "Epoch 579 Step 11": 2.8852362632751465, "Epoch 579 Step 12": 2.871502637863159, "Epoch 579 Step 13": 2.8856844902038574, "Epoch 579 Step 14": 2.887638807296753, "Epoch 579 Step 15": 2.885787010192871, "Epoch 579 Step 16": 2.889275074005127, "Epoch 579 Step 17": 2.884166955947876, "Epoch 579 Step 18": 2.8723437786102295, "Epoch 579 Step 19": 2.8808703422546387, "Epoch 579 Step 20": 2.8767647743225098, "Epoch 579 Step 21": 2.8824009895324707, "Epoch 579 Step 22": 2.8829898834228516, "Epoch 579 Step 23": 2.8904805183410645, "Epoch 579 Step 24": 2.884795904159546, "Epoch 579 Step 25": 2.885462999343872, "Epoch 579 Step 26": 2.881510019302368, "Epoch 579 Step 27": 2.875236749649048, "Epoch 579 Step 28": 2.879024028778076, "Epoch 579 Step 29": 2.8940415382385254, "Epoch 579 Step 30": 2.888322591781616, "Epoch 579 Step 31": 2.87402606010437, "Epoch 579 Step 32": 2.8905112743377686, "Epoch 579 Step 33": 2.8823161125183105, "Epoch 579 Step 34": 2.8762481212615967, "Epoch 579 Step 35": 2.8731727600097656, "Epoch 579 Step 36": 2.8819286823272705, "Epoch 579 Step 37": 2.887478828430176, "Epoch 579 Step 38": 2.880357503890991, "Epoch 579 Step 39": 2.8790953159332275, "Epoch 579 Step 40": 2.8786187171936035, "Epoch 579 Step 41": 2.876577138900757, "Epoch 579 Step 42": 2.887935161590576, "Epoch 579 Step 43": 2.8749406337738037, "Epoch 579 Step 44": 2.8908181190490723, "Epoch 579 Step 45": 2.8714122772216797, "Epoch 579 Step 46": 2.8746750354766846, "Epoch 579 Step 47": 2.8793163299560547, "Epoch 579 Step 48": 2.867824077606201, "Epoch 579 Step 49": 2.88739013671875, "Epoch 579 Step 50": 2.8814918994903564, "Epoch 579 Step 51": 2.8870997428894043, "Epoch 579 Step 52": 2.8927371501922607, "Epoch 579 Step 53": 2.886321783065796, "Epoch 579 Step 54": 2.8796184062957764, "Epoch 579 Step 55": 2.8853280544281006, "Epoch 579 Step 56": 2.8956780433654785, "Epoch 579 Step 57": 2.894227981567383, "Epoch 579 Step 58": 2.893803596496582, "Epoch 579 Step 59": 2.887907028198242, "Epoch 579 Step 60": 2.885603666305542, "Epoch 579 Step 61": 2.881775140762329, "Epoch 579 Step 62": 2.903921365737915, "Epoch 579 Step 63": 2.899576187133789, "Epoch 579 Step 64": 2.8984177112579346, "Epoch 579 Step 65": 2.87553071975708, "Epoch 579 Step 66": 2.8885486125946045, "Epoch 579 Step 67": 2.8930892944335938, "Epoch 579 Step 68": 2.8751673698425293, "Epoch 579 Step 69": 2.8866138458251953, "Epoch 579 Step 70": 2.8869216442108154, "Epoch 579 Step 71": 2.891070604324341, "Epoch 579 Step 72": 2.8951284885406494, "Epoch 579 Step 73": 2.881028890609741, "Epoch 579 Step 74": 2.893052101135254, "Epoch 579 Step 75": 2.8780500888824463, "Epoch 579 Step 76": 2.8845484256744385, "Epoch 579 Step 77": 2.8779149055480957, "Epoch 579 Step 78": 2.8914380073547363, "Epoch 579 Step 79": 2.877666473388672, "Epoch 579 Step 80": 2.882753610610962, "Epoch 579 Step 81": 2.8885488510131836, "Epoch 579 Step 82": 2.8730831146240234, "Epoch 579 Step 83": 2.871708869934082, "Epoch 579 Step 84": 2.872096300125122, "Epoch 579 Step 85": 2.8889946937561035, "Epoch 579 Step 86": 2.882392406463623, "Epoch 579 Step 87": 2.8773393630981445, "Epoch 579 Step 88": 2.889437437057495, "Epoch 579 Step 89": 2.895656108856201}