{"Epoch 2 Step 0": 2.882033109664917, "Epoch 2 Step 1": 2.8859810829162598, "Epoch 2 Step 2": 2.895801305770874, "Epoch 2 Step 3": 2.8940207958221436, "Epoch 2 Step 4": 2.8918087482452393, "Epoch 2 Step 5": 2.8884246349334717, "Epoch 2 Step 6": 2.8880670070648193, "Epoch 2 Step 7": 2.888070821762085, "Epoch 2 Step 8": 2.9097683429718018, "Epoch 2 Step 9": 2.898406505584717, "Epoch 2 Step 10": 2.894859790802002, "Epoch 2 Step 11": 2.8800246715545654, "Epoch 2 Step 12": 2.8949921131134033, "Epoch 2 Step 13": 2.901660442352295, "Epoch 2 Step 14": 2.878355026245117, "Epoch 2 Step 15": 2.8876373767852783, "Epoch 2 Step 16": 2.888913869857788, "Epoch 2 Step 17": 2.8946712017059326, "Epoch 2 Step 18": 2.8983652591705322, "Epoch 2 Step 19": 2.8849809169769287, "Epoch 2 Step 20": 2.8982369899749756, "Epoch 2 Step 21": 2.880363941192627, "Epoch 2 Step 22": 2.8868367671966553, "Epoch 2 Step 23": 2.8791110515594482, "Epoch 2 Step 24": 2.8945064544677734, "Epoch 2 Step 25": 2.879093647003174, "Epoch 2 Step 26": 2.8852827548980713, "Epoch 2 Step 27": 2.890681743621826, "Epoch 2 Step 28": 2.8754384517669678, "Epoch 2 Step 29": 2.8730008602142334, "Epoch 2 Step 30": 2.8752894401550293, "Epoch 2 Step 31": 2.8915915489196777, "Epoch 2 Step 32": 2.885075569152832, "Epoch 2 Step 33": 2.8783209323883057, "Epoch 2 Step 34": 2.891737937927246, "Epoch 2 Step 35": 2.896059989929199, "Epoch 2 Step 36": 2.881962776184082, "Epoch 2 Step 37": 2.8779523372650146, "Epoch 2 Step 38": 2.8886516094207764, "Epoch 2 Step 39": 2.89306640625, "Epoch 2 Step 40": 2.8817715644836426, "Epoch 2 Step 41": 2.883544683456421, "Epoch 2 Step 42": 2.87862229347229, "Epoch 2 Step 43": 2.888335704803467, "Epoch 2 Step 44": 2.875288963317871, "Epoch 2 Step 45": 2.886275291442871, "Epoch 2 Step 46": 2.8812997341156006, "Epoch 2 Step 47": 2.884826421737671, "Epoch 2 Step 48": 2.885504961013794, "Epoch 2 Step 49": 2.871393918991089, "Epoch 2 Step 50": 2.885028839111328, "Epoch 2 Step 51": 2.8884263038635254, "Epoch 2 Step 52": 2.8861238956451416, "Epoch 2 Step 53": 2.889152765274048, "Epoch 2 Step 54": 2.885399103164673, "Epoch 2 Step 55": 2.8745920658111572, "Epoch 2 Step 56": 2.88147234916687, "Epoch 2 Step 57": 2.878239154815674, "Epoch 2 Step 58": 2.883765935897827, "Epoch 2 Step 59": 2.884498357772827, "Epoch 2 Step 60": 2.8926496505737305, "Epoch 2 Step 61": 2.885829448699951, "Epoch 2 Step 62": 2.8864996433258057, "Epoch 2 Step 63": 2.882181167602539, "Epoch 2 Step 64": 2.876166820526123, "Epoch 2 Step 65": 2.8800272941589355, "Epoch 2 Step 66": 2.894397735595703, "Epoch 2 Step 67": 2.8890950679779053, "Epoch 2 Step 68": 2.876335620880127, "Epoch 2 Step 69": 2.8934240341186523, "Epoch 2 Step 70": 2.8820862770080566, "Epoch 2 Step 71": 2.8760576248168945, "Epoch 2 Step 72": 2.8739194869995117, "Epoch 2 Step 73": 2.883625030517578, "Epoch 2 Step 74": 2.8892338275909424, "Epoch 2 Step 75": 2.8808610439300537, "Epoch 2 Step 76": 2.8781707286834717, "Epoch 2 Step 77": 2.879032850265503, "Epoch 2 Step 78": 2.8785197734832764, "Epoch 2 Step 79": 2.888449192047119, "Epoch 2 Step 80": 2.8787357807159424, "Epoch 2 Step 81": 2.8932547569274902, "Epoch 2 Step 82": 2.8720972537994385, "Epoch 2 Step 83": 2.8754899501800537, "Epoch 2 Step 84": 2.880531072616577, "Epoch 2 Step 85": 2.8687984943389893, "Epoch 2 Step 86": 2.8890674114227295, "Epoch 2 Step 87": 2.8819406032562256, "Epoch 2 Step 88": 2.886986017227173, "Epoch 2 Step 89": 2.8933019638061523}