{"Epoch 806 Step 0": 2.8750457763671875, "Epoch 806 Step 1": 2.8804454803466797, "Epoch 806 Step 2": 2.868844747543335, "Epoch 806 Step 3": 2.8862671852111816, "Epoch 806 Step 4": 2.8811652660369873, "Epoch 806 Step 5": 2.887019634246826, "Epoch 806 Step 6": 2.893126964569092, "Epoch 806 Step 7": 2.887052059173584, "Epoch 806 Step 8": 2.8784892559051514, "Epoch 806 Step 9": 2.8858659267425537, "Epoch 806 Step 10": 2.897804021835327, "Epoch 806 Step 11": 2.8960025310516357, "Epoch 806 Step 12": 2.8945322036743164, "Epoch 806 Step 13": 2.888209581375122, "Epoch 806 Step 14": 2.8853957653045654, "Epoch 806 Step 15": 2.8811216354370117, "Epoch 806 Step 16": 2.9049127101898193, "Epoch 806 Step 17": 2.898669719696045, "Epoch 806 Step 18": 2.897087574005127, "Epoch 806 Step 19": 2.879925012588501, "Epoch 806 Step 20": 2.8924560546875, "Epoch 806 Step 21": 2.8945772647857666, "Epoch 806 Step 22": 2.8752126693725586, "Epoch 806 Step 23": 2.8865549564361572, "Epoch 806 Step 24": 2.8870584964752197, "Epoch 806 Step 25": 2.8918139934539795, "Epoch 806 Step 26": 2.8950953483581543, "Epoch 806 Step 27": 2.8808345794677734, "Epoch 806 Step 28": 2.891369581222534, "Epoch 806 Step 29": 2.879626750946045, "Epoch 806 Step 30": 2.8871877193450928, "Epoch 806 Step 31": 2.8817715644836426, "Epoch 806 Step 32": 2.8954663276672363, "Epoch 806 Step 33": 2.8793082237243652, "Epoch 806 Step 34": 2.883877754211426, "Epoch 806 Step 35": 2.8896782398223877, "Epoch 806 Step 36": 2.8762624263763428, "Epoch 806 Step 37": 2.873082160949707, "Epoch 806 Step 38": 2.8746838569641113, "Epoch 806 Step 39": 2.8885364532470703, "Epoch 806 Step 40": 2.8831164836883545, "Epoch 806 Step 41": 2.87721586227417, "Epoch 806 Step 42": 2.8894903659820557, "Epoch 806 Step 43": 2.8950483798980713, "Epoch 806 Step 44": 2.8812358379364014, "Epoch 806 Step 45": 2.8778107166290283, "Epoch 806 Step 46": 2.8881845474243164, "Epoch 806 Step 47": 2.891885757446289, "Epoch 806 Step 48": 2.8808255195617676, "Epoch 806 Step 49": 2.882235527038574, "Epoch 806 Step 50": 2.877849578857422, "Epoch 806 Step 51": 2.889092206954956, "Epoch 806 Step 52": 2.8741583824157715, "Epoch 806 Step 53": 2.885794162750244, "Epoch 806 Step 54": 2.8794100284576416, "Epoch 806 Step 55": 2.882892370223999, "Epoch 806 Step 56": 2.884840250015259, "Epoch 806 Step 57": 2.871915578842163, "Epoch 806 Step 58": 2.8851964473724365, "Epoch 806 Step 59": 2.88757061958313, "Epoch 806 Step 60": 2.8856112957000732, "Epoch 806 Step 61": 2.889812469482422, "Epoch 806 Step 62": 2.8844428062438965, "Epoch 806 Step 63": 2.8722009658813477, "Epoch 806 Step 64": 2.8813869953155518, "Epoch 806 Step 65": 2.8772356510162354, "Epoch 806 Step 66": 2.883369207382202, "Epoch 806 Step 67": 2.8838136196136475, "Epoch 806 Step 68": 2.890869140625, "Epoch 806 Step 69": 2.884754180908203, "Epoch 806 Step 70": 2.885685682296753, "Epoch 806 Step 71": 2.8829171657562256, "Epoch 806 Step 72": 2.8763556480407715, "Epoch 806 Step 73": 2.879784107208252, "Epoch 806 Step 74": 2.895073652267456, "Epoch 806 Step 75": 2.8891375064849854, "Epoch 806 Step 76": 2.87304425239563, "Epoch 806 Step 77": 2.8912060260772705, "Epoch 806 Step 78": 2.8814890384674072, "Epoch 806 Step 79": 2.875739097595215, "Epoch 806 Step 80": 2.8734493255615234, "Epoch 806 Step 81": 2.883586883544922, "Epoch 806 Step 82": 2.888232469558716, "Epoch 806 Step 83": 2.88076114654541, "Epoch 806 Step 84": 2.8801703453063965, "Epoch 806 Step 85": 2.8793740272521973, "Epoch 806 Step 86": 2.876443862915039, "Epoch 806 Step 87": 2.888607978820801, "Epoch 806 Step 88": 2.874002456665039, "Epoch 806 Step 89": 2.8913161754608154}