{"Epoch 801 Step 0": 2.887061595916748, "Epoch 801 Step 1": 2.8933372497558594, "Epoch 801 Step 2": 2.886373519897461, "Epoch 801 Step 3": 2.8784918785095215, "Epoch 801 Step 4": 2.8861289024353027, "Epoch 801 Step 5": 2.895202875137329, "Epoch 801 Step 6": 2.8937785625457764, "Epoch 801 Step 7": 2.8929600715637207, "Epoch 801 Step 8": 2.8886024951934814, "Epoch 801 Step 9": 2.885742425918579, "Epoch 801 Step 10": 2.8825457096099854, "Epoch 801 Step 11": 2.90470814704895, "Epoch 801 Step 12": 2.900470495223999, "Epoch 801 Step 13": 2.8996849060058594, "Epoch 801 Step 14": 2.8762242794036865, "Epoch 801 Step 15": 2.8896825313568115, "Epoch 801 Step 16": 2.8932418823242188, "Epoch 801 Step 17": 2.875351905822754, "Epoch 801 Step 18": 2.886680841445923, "Epoch 801 Step 19": 2.887166976928711, "Epoch 801 Step 20": 2.8921866416931152, "Epoch 801 Step 21": 2.8954038619995117, "Epoch 801 Step 22": 2.8804306983947754, "Epoch 801 Step 23": 2.891960620880127, "Epoch 801 Step 24": 2.877779960632324, "Epoch 801 Step 25": 2.8848445415496826, "Epoch 801 Step 26": 2.878082036972046, "Epoch 801 Step 27": 2.891069173812866, "Epoch 801 Step 28": 2.8780736923217773, "Epoch 801 Step 29": 2.882936954498291, "Epoch 801 Step 30": 2.888247489929199, "Epoch 801 Step 31": 2.8735105991363525, "Epoch 801 Step 32": 2.8718111515045166, "Epoch 801 Step 33": 2.8723514080047607, "Epoch 801 Step 34": 2.888808488845825, "Epoch 801 Step 35": 2.8823907375335693, "Epoch 801 Step 36": 2.8775157928466797, "Epoch 801 Step 37": 2.890078544616699, "Epoch 801 Step 38": 2.8957431316375732, "Epoch 801 Step 39": 2.881096124649048, "Epoch 801 Step 40": 2.877053737640381, "Epoch 801 Step 41": 2.8868095874786377, "Epoch 801 Step 42": 2.8917484283447266, "Epoch 801 Step 43": 2.8806018829345703, "Epoch 801 Step 44": 2.883352279663086, "Epoch 801 Step 45": 2.8787405490875244, "Epoch 801 Step 46": 2.888087511062622, "Epoch 801 Step 47": 2.87359881401062, "Epoch 801 Step 48": 2.8854639530181885, "Epoch 801 Step 49": 2.879211187362671, "Epoch 801 Step 50": 2.8827035427093506, "Epoch 801 Step 51": 2.885188579559326, "Epoch 801 Step 52": 2.871108293533325, "Epoch 801 Step 53": 2.8854732513427734, "Epoch 801 Step 54": 2.887432336807251, "Epoch 801 Step 55": 2.8861286640167236, "Epoch 801 Step 56": 2.889908790588379, "Epoch 801 Step 57": 2.88472318649292, "Epoch 801 Step 58": 2.8719570636749268, "Epoch 801 Step 59": 2.8811185359954834, "Epoch 801 Step 60": 2.8763935565948486, "Epoch 801 Step 61": 2.8820950984954834, "Epoch 801 Step 62": 2.8834290504455566, "Epoch 801 Step 63": 2.8907315731048584, "Epoch 801 Step 64": 2.8847670555114746, "Epoch 801 Step 65": 2.8853750228881836, "Epoch 801 Step 66": 2.881373167037964, "Epoch 801 Step 67": 2.875495433807373, "Epoch 801 Step 68": 2.879469633102417, "Epoch 801 Step 69": 2.893582820892334, "Epoch 801 Step 70": 2.887869119644165, "Epoch 801 Step 71": 2.8742430210113525, "Epoch 801 Step 72": 2.8908498287200928, "Epoch 801 Step 73": 2.8820528984069824, "Epoch 801 Step 74": 2.8767569065093994, "Epoch 801 Step 75": 2.8729937076568604, "Epoch 801 Step 76": 2.882033109664917, "Epoch 801 Step 77": 2.887178659439087, "Epoch 801 Step 78": 2.880427360534668, "Epoch 801 Step 79": 2.878403902053833, "Epoch 801 Step 80": 2.878373384475708, "Epoch 801 Step 81": 2.876904249191284, "Epoch 801 Step 82": 2.8891654014587402, "Epoch 801 Step 83": 2.875558614730835, "Epoch 801 Step 84": 2.8913276195526123, "Epoch 801 Step 85": 2.8717544078826904, "Epoch 801 Step 86": 2.8743691444396973, "Epoch 801 Step 87": 2.879962682723999, "Epoch 801 Step 88": 2.868412494659424, "Epoch 801 Step 89": 2.886692523956299}