{"Epoch 791 Step 0": 2.8820769786834717, "Epoch 791 Step 1": 2.9042420387268066, "Epoch 791 Step 2": 2.899508237838745, "Epoch 791 Step 3": 2.900766611099243, "Epoch 791 Step 4": 2.8754286766052246, "Epoch 791 Step 5": 2.888533592224121, "Epoch 791 Step 6": 2.892488479614258, "Epoch 791 Step 7": 2.875598669052124, "Epoch 791 Step 8": 2.886747360229492, "Epoch 791 Step 9": 2.8869740962982178, "Epoch 791 Step 10": 2.891716718673706, "Epoch 791 Step 11": 2.8953139781951904, "Epoch 791 Step 12": 2.880580186843872, "Epoch 791 Step 13": 2.8910579681396484, "Epoch 791 Step 14": 2.8776116371154785, "Epoch 791 Step 15": 2.884474992752075, "Epoch 791 Step 16": 2.877647638320923, "Epoch 791 Step 17": 2.890821695327759, "Epoch 791 Step 18": 2.8775947093963623, "Epoch 791 Step 19": 2.8830857276916504, "Epoch 791 Step 20": 2.888474941253662, "Epoch 791 Step 21": 2.873117446899414, "Epoch 791 Step 22": 2.8716511726379395, "Epoch 791 Step 23": 2.8718762397766113, "Epoch 791 Step 24": 2.889403820037842, "Epoch 791 Step 25": 2.8822600841522217, "Epoch 791 Step 26": 2.87786865234375, "Epoch 791 Step 27": 2.8903567790985107, "Epoch 791 Step 28": 2.896071195602417, "Epoch 791 Step 29": 2.881772994995117, "Epoch 791 Step 30": 2.877476453781128, "Epoch 791 Step 31": 2.886629581451416, "Epoch 791 Step 32": 2.891949415206909, "Epoch 791 Step 33": 2.8796896934509277, "Epoch 791 Step 34": 2.8815646171569824, "Epoch 791 Step 35": 2.8777761459350586, "Epoch 791 Step 36": 2.888136148452759, "Epoch 791 Step 37": 2.873635768890381, "Epoch 791 Step 38": 2.885176181793213, "Epoch 791 Step 39": 2.879653215408325, "Epoch 791 Step 40": 2.8835771083831787, "Epoch 791 Step 41": 2.8858933448791504, "Epoch 791 Step 42": 2.8711819648742676, "Epoch 791 Step 43": 2.885413885116577, "Epoch 791 Step 44": 2.88750958442688, "Epoch 791 Step 45": 2.886228561401367, "Epoch 791 Step 46": 2.8899457454681396, "Epoch 791 Step 47": 2.8843462467193604, "Epoch 791 Step 48": 2.8724637031555176, "Epoch 791 Step 49": 2.8813183307647705, "Epoch 791 Step 50": 2.8771865367889404, "Epoch 791 Step 51": 2.883230447769165, "Epoch 791 Step 52": 2.8828108310699463, "Epoch 791 Step 53": 2.8908562660217285, "Epoch 791 Step 54": 2.8846850395202637, "Epoch 791 Step 55": 2.885345935821533, "Epoch 791 Step 56": 2.881558895111084, "Epoch 791 Step 57": 2.876526355743408, "Epoch 791 Step 58": 2.8792364597320557, "Epoch 791 Step 59": 2.8935904502868652, "Epoch 791 Step 60": 2.888019561767578, "Epoch 791 Step 61": 2.8738656044006348, "Epoch 791 Step 62": 2.8906240463256836, "Epoch 791 Step 63": 2.882667303085327, "Epoch 791 Step 64": 2.8764562606811523, "Epoch 791 Step 65": 2.8731298446655273, "Epoch 791 Step 66": 2.8816919326782227, "Epoch 791 Step 67": 2.8874783515930176, "Epoch 791 Step 68": 2.8812127113342285, "Epoch 791 Step 69": 2.87923264503479, "Epoch 791 Step 70": 2.878255605697632, "Epoch 791 Step 71": 2.876403570175171, "Epoch 791 Step 72": 2.887998104095459, "Epoch 791 Step 73": 2.8749818801879883, "Epoch 791 Step 74": 2.890730381011963, "Epoch 791 Step 75": 2.871677875518799, "Epoch 791 Step 76": 2.874845504760742, "Epoch 791 Step 77": 2.879927635192871, "Epoch 791 Step 78": 2.8685224056243896, "Epoch 791 Step 79": 2.8867218494415283, "Epoch 791 Step 80": 2.8814070224761963, "Epoch 791 Step 81": 2.8871047496795654, "Epoch 791 Step 82": 2.8934226036071777, "Epoch 791 Step 83": 2.8859689235687256, "Epoch 791 Step 84": 2.8785388469696045, "Epoch 791 Step 85": 2.8856399059295654, "Epoch 791 Step 86": 2.895923376083374, "Epoch 791 Step 87": 2.893796682357788, "Epoch 791 Step 88": 2.8922858238220215, "Epoch 791 Step 89": 2.8877902030944824}