{"Epoch 374 Step 0": 2.890087604522705, "Epoch 374 Step 1": 2.8847272396087646, "Epoch 374 Step 2": 2.885298252105713, "Epoch 374 Step 3": 2.881256103515625, "Epoch 374 Step 4": 2.875826120376587, "Epoch 374 Step 5": 2.8794827461242676, "Epoch 374 Step 6": 2.8940887451171875, "Epoch 374 Step 7": 2.888270616531372, "Epoch 374 Step 8": 2.8736889362335205, "Epoch 374 Step 9": 2.8905606269836426, "Epoch 374 Step 10": 2.882025718688965, "Epoch 374 Step 11": 2.875863552093506, "Epoch 374 Step 12": 2.873539924621582, "Epoch 374 Step 13": 2.8814306259155273, "Epoch 374 Step 14": 2.887759208679199, "Epoch 374 Step 15": 2.880664110183716, "Epoch 374 Step 16": 2.878918409347534, "Epoch 374 Step 17": 2.8786072731018066, "Epoch 374 Step 18": 2.8765881061553955, "Epoch 374 Step 19": 2.8878989219665527, "Epoch 374 Step 20": 2.8747143745422363, "Epoch 374 Step 21": 2.890559196472168, "Epoch 374 Step 22": 2.871490955352783, "Epoch 374 Step 23": 2.874438524246216, "Epoch 374 Step 24": 2.8796794414520264, "Epoch 374 Step 25": 2.8677480220794678, "Epoch 374 Step 26": 2.8871378898620605, "Epoch 374 Step 27": 2.8813817501068115, "Epoch 374 Step 28": 2.8870201110839844, "Epoch 374 Step 29": 2.893061399459839, "Epoch 374 Step 30": 2.88631534576416, "Epoch 374 Step 31": 2.8785150051116943, "Epoch 374 Step 32": 2.885061025619507, "Epoch 374 Step 33": 2.895176887512207, "Epoch 374 Step 34": 2.8938183784484863, "Epoch 374 Step 35": 2.8928816318511963, "Epoch 374 Step 36": 2.888312816619873, "Epoch 374 Step 37": 2.8866004943847656, "Epoch 374 Step 38": 2.881704092025757, "Epoch 374 Step 39": 2.903916835784912, "Epoch 374 Step 40": 2.900214672088623, "Epoch 374 Step 41": 2.899500846862793, "Epoch 374 Step 42": 2.8749022483825684, "Epoch 374 Step 43": 2.8882083892822266, "Epoch 374 Step 44": 2.8926029205322266, "Epoch 374 Step 45": 2.875577449798584, "Epoch 374 Step 46": 2.8867008686065674, "Epoch 374 Step 47": 2.886756658554077, "Epoch 374 Step 48": 2.890599012374878, "Epoch 374 Step 49": 2.8948686122894287, "Epoch 374 Step 50": 2.881434202194214, "Epoch 374 Step 51": 2.8932993412017822, "Epoch 374 Step 52": 2.878256320953369, "Epoch 374 Step 53": 2.8846309185028076, "Epoch 374 Step 54": 2.878521203994751, "Epoch 374 Step 55": 2.89172101020813, "Epoch 374 Step 56": 2.878080129623413, "Epoch 374 Step 57": 2.8826918601989746, "Epoch 374 Step 58": 2.8885087966918945, "Epoch 374 Step 59": 2.8731536865234375, "Epoch 374 Step 60": 2.8718483448028564, "Epoch 374 Step 61": 2.8721275329589844, "Epoch 374 Step 62": 2.888530969619751, "Epoch 374 Step 63": 2.8820652961730957, "Epoch 374 Step 64": 2.8774032592773438, "Epoch 374 Step 65": 2.890249490737915, "Epoch 374 Step 66": 2.8955113887786865, "Epoch 374 Step 67": 2.880657434463501, "Epoch 374 Step 68": 2.8759586811065674, "Epoch 374 Step 69": 2.8873791694641113, "Epoch 374 Step 70": 2.891345500946045, "Epoch 374 Step 71": 2.880948543548584, "Epoch 374 Step 72": 2.8824939727783203, "Epoch 374 Step 73": 2.8777263164520264, "Epoch 374 Step 74": 2.887906551361084, "Epoch 374 Step 75": 2.8734655380249023, "Epoch 374 Step 76": 2.8852875232696533, "Epoch 374 Step 77": 2.87933611869812, "Epoch 374 Step 78": 2.883193254470825, "Epoch 374 Step 79": 2.885064125061035, "Epoch 374 Step 80": 2.8709495067596436, "Epoch 374 Step 81": 2.8850889205932617, "Epoch 374 Step 82": 2.8877289295196533, "Epoch 374 Step 83": 2.8859150409698486, "Epoch 374 Step 84": 2.889493227005005, "Epoch 374 Step 85": 2.8846466541290283, "Epoch 374 Step 86": 2.8728201389312744, "Epoch 374 Step 87": 2.881072521209717, "Epoch 374 Step 88": 2.877268075942993, "Epoch 374 Step 89": 2.882601499557495}