{"Epoch 599 Step 0": 2.8909592628479004, "Epoch 599 Step 1": 2.8954622745513916, "Epoch 599 Step 2": 2.8816823959350586, "Epoch 599 Step 3": 2.894320487976074, "Epoch 599 Step 4": 2.8781116008758545, "Epoch 599 Step 5": 2.8846471309661865, "Epoch 599 Step 6": 2.877641439437866, "Epoch 599 Step 7": 2.8913345336914062, "Epoch 599 Step 8": 2.8777894973754883, "Epoch 599 Step 9": 2.882866859436035, "Epoch 599 Step 10": 2.8886423110961914, "Epoch 599 Step 11": 2.873687267303467, "Epoch 599 Step 12": 2.87168288230896, "Epoch 599 Step 13": 2.871652126312256, "Epoch 599 Step 14": 2.8884999752044678, "Epoch 599 Step 15": 2.8816370964050293, "Epoch 599 Step 16": 2.877135992050171, "Epoch 599 Step 17": 2.891112804412842, "Epoch 599 Step 18": 2.895139694213867, "Epoch 599 Step 19": 2.879944324493408, "Epoch 599 Step 20": 2.8764593601226807, "Epoch 599 Step 21": 2.887575149536133, "Epoch 599 Step 22": 2.8913938999176025, "Epoch 599 Step 23": 2.880678176879883, "Epoch 599 Step 24": 2.881868362426758, "Epoch 599 Step 25": 2.8779449462890625, "Epoch 599 Step 26": 2.8872509002685547, "Epoch 599 Step 27": 2.8739945888519287, "Epoch 599 Step 28": 2.885462760925293, "Epoch 599 Step 29": 2.8794496059417725, "Epoch 599 Step 30": 2.882966995239258, "Epoch 599 Step 31": 2.884756326675415, "Epoch 599 Step 32": 2.8713126182556152, "Epoch 599 Step 33": 2.885040760040283, "Epoch 599 Step 34": 2.8878393173217773, "Epoch 599 Step 35": 2.885542631149292, "Epoch 599 Step 36": 2.8895034790039062, "Epoch 599 Step 37": 2.884383201599121, "Epoch 599 Step 38": 2.872377634048462, "Epoch 599 Step 39": 2.8808774948120117, "Epoch 599 Step 40": 2.8773438930511475, "Epoch 599 Step 41": 2.882575511932373, "Epoch 599 Step 42": 2.8830513954162598, "Epoch 599 Step 43": 2.8905630111694336, "Epoch 599 Step 44": 2.884568214416504, "Epoch 599 Step 45": 2.8851795196533203, "Epoch 599 Step 46": 2.8815011978149414, "Epoch 599 Step 47": 2.8755269050598145, "Epoch 599 Step 48": 2.879507064819336, "Epoch 599 Step 49": 2.8938145637512207, "Epoch 599 Step 50": 2.887768268585205, "Epoch 599 Step 51": 2.8731701374053955, "Epoch 599 Step 52": 2.8905138969421387, "Epoch 599 Step 53": 2.8822996616363525, "Epoch 599 Step 54": 2.8756401538848877, "Epoch 599 Step 55": 2.8722474575042725, "Epoch 599 Step 56": 2.8828210830688477, "Epoch 599 Step 57": 2.888073205947876, "Epoch 599 Step 58": 2.880197525024414, "Epoch 599 Step 59": 2.878952741622925, "Epoch 599 Step 60": 2.8779456615448, "Epoch 599 Step 61": 2.87624192237854, "Epoch 599 Step 62": 2.8872897624969482, "Epoch 599 Step 63": 2.87393856048584, "Epoch 599 Step 64": 2.891378402709961, "Epoch 599 Step 65": 2.871419668197632, "Epoch 599 Step 66": 2.874704360961914, "Epoch 599 Step 67": 2.879526138305664, "Epoch 599 Step 68": 2.86796236038208, "Epoch 599 Step 69": 2.886859893798828, "Epoch 599 Step 70": 2.8817899227142334, "Epoch 599 Step 71": 2.8870315551757812, "Epoch 599 Step 72": 2.893388271331787, "Epoch 599 Step 73": 2.886242151260376, "Epoch 599 Step 74": 2.879117727279663, "Epoch 599 Step 75": 2.8859004974365234, "Epoch 599 Step 76": 2.89536190032959, "Epoch 599 Step 77": 2.8940718173980713, "Epoch 599 Step 78": 2.8934388160705566, "Epoch 599 Step 79": 2.88816237449646, "Epoch 599 Step 80": 2.88553786277771, "Epoch 599 Step 81": 2.8823161125183105, "Epoch 599 Step 82": 2.902669906616211, "Epoch 599 Step 83": 2.899184465408325, "Epoch 599 Step 84": 2.8975448608398438, "Epoch 599 Step 85": 2.875807285308838, "Epoch 599 Step 86": 2.88893985748291, "Epoch 599 Step 87": 2.8930141925811768, "Epoch 599 Step 88": 2.8754591941833496, "Epoch 599 Step 89": 2.8863589763641357}