{"Epoch 62 Step 0": 2.88736891746521, "Epoch 62 Step 1": 2.88137149810791, "Epoch 62 Step 2": 2.875119924545288, "Epoch 62 Step 3": 2.8885955810546875, "Epoch 62 Step 4": 2.8952581882476807, "Epoch 62 Step 5": 2.8804664611816406, "Epoch 62 Step 6": 2.8750159740448, "Epoch 62 Step 7": 2.886223077774048, "Epoch 62 Step 8": 2.8905632495880127, "Epoch 62 Step 9": 2.8806819915771484, "Epoch 62 Step 10": 2.8811514377593994, "Epoch 62 Step 11": 2.876206159591675, "Epoch 62 Step 12": 2.8866822719573975, "Epoch 62 Step 13": 2.8722941875457764, "Epoch 62 Step 14": 2.8844785690307617, "Epoch 62 Step 15": 2.8787474632263184, "Epoch 62 Step 16": 2.882530927658081, "Epoch 62 Step 17": 2.8837552070617676, "Epoch 62 Step 18": 2.8697168827056885, "Epoch 62 Step 19": 2.884373426437378, "Epoch 62 Step 20": 2.8866851329803467, "Epoch 62 Step 21": 2.883523464202881, "Epoch 62 Step 22": 2.8883864879608154, "Epoch 62 Step 23": 2.883049726486206, "Epoch 62 Step 24": 2.872326374053955, "Epoch 62 Step 25": 2.878715991973877, "Epoch 62 Step 26": 2.876140832901001, "Epoch 62 Step 27": 2.883164405822754, "Epoch 62 Step 28": 2.880373954772949, "Epoch 62 Step 29": 2.887789487838745, "Epoch 62 Step 30": 2.8833000659942627, "Epoch 62 Step 31": 2.884629964828491, "Epoch 62 Step 32": 2.881023645401001, "Epoch 62 Step 33": 2.872692584991455, "Epoch 62 Step 34": 2.8786566257476807, "Epoch 62 Step 35": 2.8929896354675293, "Epoch 62 Step 36": 2.887835741043091, "Epoch 62 Step 37": 2.873737096786499, "Epoch 62 Step 38": 2.8894433975219727, "Epoch 62 Step 39": 2.881510019302368, "Epoch 62 Step 40": 2.8737454414367676, "Epoch 62 Step 41": 2.8691442012786865, "Epoch 62 Step 42": 2.881446361541748, "Epoch 62 Step 43": 2.887329578399658, "Epoch 62 Step 44": 2.8787927627563477, "Epoch 62 Step 45": 2.877955198287964, "Epoch 62 Step 46": 2.877143383026123, "Epoch 62 Step 47": 2.874920606613159, "Epoch 62 Step 48": 2.885715961456299, "Epoch 62 Step 49": 2.8696539402008057, "Epoch 62 Step 50": 2.8895676136016846, "Epoch 62 Step 51": 2.870723009109497, "Epoch 62 Step 52": 2.8731930255889893, "Epoch 62 Step 53": 2.879257917404175, "Epoch 62 Step 54": 2.8664727210998535, "Epoch 62 Step 55": 2.885831832885742, "Epoch 62 Step 56": 2.8808107376098633, "Epoch 62 Step 57": 2.885479688644409, "Epoch 62 Step 58": 2.8917386531829834, "Epoch 62 Step 59": 2.8856770992279053, "Epoch 62 Step 60": 2.877711772918701, "Epoch 62 Step 61": 2.8829586505889893, "Epoch 62 Step 62": 2.894275188446045, "Epoch 62 Step 63": 2.892608642578125, "Epoch 62 Step 64": 2.8909010887145996, "Epoch 62 Step 65": 2.886753559112549, "Epoch 62 Step 66": 2.886565685272217, "Epoch 62 Step 67": 2.882664442062378, "Epoch 62 Step 68": 2.901526689529419, "Epoch 62 Step 69": 2.8997879028320312, "Epoch 62 Step 70": 2.8925554752349854, "Epoch 62 Step 71": 2.876119375228882, "Epoch 62 Step 72": 2.8896865844726562, "Epoch 62 Step 73": 2.8924272060394287, "Epoch 62 Step 74": 2.8756587505340576, "Epoch 62 Step 75": 2.8858275413513184, "Epoch 62 Step 76": 2.8863418102264404, "Epoch 62 Step 77": 2.8909778594970703, "Epoch 62 Step 78": 2.895594596862793, "Epoch 62 Step 79": 2.8815367221832275, "Epoch 62 Step 80": 2.8923799991607666, "Epoch 62 Step 81": 2.877354145050049, "Epoch 62 Step 82": 2.8861706256866455, "Epoch 62 Step 83": 2.8771121501922607, "Epoch 62 Step 84": 2.8925342559814453, "Epoch 62 Step 85": 2.878174066543579, "Epoch 62 Step 86": 2.8822133541107178, "Epoch 62 Step 87": 2.8879549503326416, "Epoch 62 Step 88": 2.8725242614746094, "Epoch 62 Step 89": 2.870809316635132}