{"Epoch 586 Step 0": 2.871687650680542, "Epoch 586 Step 1": 2.8884878158569336, "Epoch 586 Step 2": 2.882338762283325, "Epoch 586 Step 3": 2.8779938220977783, "Epoch 586 Step 4": 2.890496015548706, "Epoch 586 Step 5": 2.8955206871032715, "Epoch 586 Step 6": 2.88061261177063, "Epoch 586 Step 7": 2.8765647411346436, "Epoch 586 Step 8": 2.8868660926818848, "Epoch 586 Step 9": 2.8915371894836426, "Epoch 586 Step 10": 2.8804962635040283, "Epoch 586 Step 11": 2.8819379806518555, "Epoch 586 Step 12": 2.8776261806488037, "Epoch 586 Step 13": 2.8873465061187744, "Epoch 586 Step 14": 2.8738255500793457, "Epoch 586 Step 15": 2.885524034500122, "Epoch 586 Step 16": 2.8794403076171875, "Epoch 586 Step 17": 2.882965326309204, "Epoch 586 Step 18": 2.884481191635132, "Epoch 586 Step 19": 2.8709046840667725, "Epoch 586 Step 20": 2.8845016956329346, "Epoch 586 Step 21": 2.8881924152374268, "Epoch 586 Step 22": 2.8857052326202393, "Epoch 586 Step 23": 2.8891279697418213, "Epoch 586 Step 24": 2.8844454288482666, "Epoch 586 Step 25": 2.87207293510437, "Epoch 586 Step 26": 2.881307363510132, "Epoch 586 Step 27": 2.876967191696167, "Epoch 586 Step 28": 2.8826799392700195, "Epoch 586 Step 29": 2.8834738731384277, "Epoch 586 Step 30": 2.889907121658325, "Epoch 586 Step 31": 2.8848562240600586, "Epoch 586 Step 32": 2.8852977752685547, "Epoch 586 Step 33": 2.8826584815979004, "Epoch 586 Step 34": 2.8751280307769775, "Epoch 586 Step 35": 2.879958391189575, "Epoch 586 Step 36": 2.893279552459717, "Epoch 586 Step 37": 2.8878824710845947, "Epoch 586 Step 38": 2.87339186668396, "Epoch 586 Step 39": 2.8903543949127197, "Epoch 586 Step 40": 2.882129669189453, "Epoch 586 Step 41": 2.8755276203155518, "Epoch 586 Step 42": 2.871525526046753, "Epoch 586 Step 43": 2.882213592529297, "Epoch 586 Step 44": 2.887315034866333, "Epoch 586 Step 45": 2.8800740242004395, "Epoch 586 Step 46": 2.8783445358276367, "Epoch 586 Step 47": 2.8785884380340576, "Epoch 586 Step 48": 2.8762261867523193, "Epoch 586 Step 49": 2.888096809387207, "Epoch 586 Step 50": 2.873276472091675, "Epoch 586 Step 51": 2.8907623291015625, "Epoch 586 Step 52": 2.8716413974761963, "Epoch 586 Step 53": 2.8746607303619385, "Epoch 586 Step 54": 2.8799028396606445, "Epoch 586 Step 55": 2.867971420288086, "Epoch 586 Step 56": 2.8868894577026367, "Epoch 586 Step 57": 2.8812613487243652, "Epoch 586 Step 58": 2.8871424198150635, "Epoch 586 Step 59": 2.893608331680298, "Epoch 586 Step 60": 2.886613130569458, "Epoch 586 Step 61": 2.8779804706573486, "Epoch 586 Step 62": 2.8849306106567383, "Epoch 586 Step 63": 2.896263837814331, "Epoch 586 Step 64": 2.894544839859009, "Epoch 586 Step 65": 2.8927907943725586, "Epoch 586 Step 66": 2.8878793716430664, "Epoch 586 Step 67": 2.8862249851226807, "Epoch 586 Step 68": 2.884915590286255, "Epoch 586 Step 69": 2.904538631439209, "Epoch 586 Step 70": 2.901244878768921, "Epoch 586 Step 71": 2.89667010307312, "Epoch 586 Step 72": 2.877145767211914, "Epoch 586 Step 73": 2.8898656368255615, "Epoch 586 Step 74": 2.8940024375915527, "Epoch 586 Step 75": 2.87485671043396, "Epoch 586 Step 76": 2.8872573375701904, "Epoch 586 Step 77": 2.8879590034484863, "Epoch 586 Step 78": 2.8920202255249023, "Epoch 586 Step 79": 2.895059823989868, "Epoch 586 Step 80": 2.8823647499084473, "Epoch 586 Step 81": 2.8933680057525635, "Epoch 586 Step 82": 2.8794145584106445, "Epoch 586 Step 83": 2.8857009410858154, "Epoch 586 Step 84": 2.8787927627563477, "Epoch 586 Step 85": 2.8918938636779785, "Epoch 586 Step 86": 2.8781466484069824, "Epoch 586 Step 87": 2.883084297180176, "Epoch 586 Step 88": 2.8883633613586426, "Epoch 586 Step 89": 2.8736815452575684}