{"Epoch 925 Step 0": 2.8729476928710938, "Epoch 925 Step 1": 2.8811774253845215, "Epoch 925 Step 2": 2.876910448074341, "Epoch 925 Step 3": 2.8827245235443115, "Epoch 925 Step 4": 2.884049892425537, "Epoch 925 Step 5": 2.8917946815490723, "Epoch 925 Step 6": 2.884784460067749, "Epoch 925 Step 7": 2.8849191665649414, "Epoch 925 Step 8": 2.881664752960205, "Epoch 925 Step 9": 2.8757846355438232, "Epoch 925 Step 10": 2.8796632289886475, "Epoch 925 Step 11": 2.8939218521118164, "Epoch 925 Step 12": 2.8880441188812256, "Epoch 925 Step 13": 2.874648094177246, "Epoch 925 Step 14": 2.8905270099639893, "Epoch 925 Step 15": 2.8833084106445312, "Epoch 925 Step 16": 2.8759889602661133, "Epoch 925 Step 17": 2.8729982376098633, "Epoch 925 Step 18": 2.881619691848755, "Epoch 925 Step 19": 2.8879482746124268, "Epoch 925 Step 20": 2.8802647590637207, "Epoch 925 Step 21": 2.8785300254821777, "Epoch 925 Step 22": 2.878326892852783, "Epoch 925 Step 23": 2.876491069793701, "Epoch 925 Step 24": 2.8875679969787598, "Epoch 925 Step 25": 2.8749427795410156, "Epoch 925 Step 26": 2.8910083770751953, "Epoch 925 Step 27": 2.8713839054107666, "Epoch 925 Step 28": 2.874645709991455, "Epoch 925 Step 29": 2.8795878887176514, "Epoch 925 Step 30": 2.8684725761413574, "Epoch 925 Step 31": 2.8868377208709717, "Epoch 925 Step 32": 2.881495237350464, "Epoch 925 Step 33": 2.887134313583374, "Epoch 925 Step 34": 2.8933660984039307, "Epoch 925 Step 35": 2.8865771293640137, "Epoch 925 Step 36": 2.8785250186920166, "Epoch 925 Step 37": 2.8845067024230957, "Epoch 925 Step 38": 2.8949666023254395, "Epoch 925 Step 39": 2.896317958831787, "Epoch 925 Step 40": 2.8949549198150635, "Epoch 925 Step 41": 2.8881077766418457, "Epoch 925 Step 42": 2.885807752609253, "Epoch 925 Step 43": 2.880582571029663, "Epoch 925 Step 44": 2.9026615619659424, "Epoch 925 Step 45": 2.89870023727417, "Epoch 925 Step 46": 2.8979673385620117, "Epoch 925 Step 47": 2.8763797283172607, "Epoch 925 Step 48": 2.8892829418182373, "Epoch 925 Step 49": 2.8922934532165527, "Epoch 925 Step 50": 2.875260829925537, "Epoch 925 Step 51": 2.8867623805999756, "Epoch 925 Step 52": 2.8869569301605225, "Epoch 925 Step 53": 2.891597270965576, "Epoch 925 Step 54": 2.8950161933898926, "Epoch 925 Step 55": 2.8807036876678467, "Epoch 925 Step 56": 2.8925111293792725, "Epoch 925 Step 57": 2.8783607482910156, "Epoch 925 Step 58": 2.8847239017486572, "Epoch 925 Step 59": 2.8786251544952393, "Epoch 925 Step 60": 2.8905372619628906, "Epoch 925 Step 61": 2.877675771713257, "Epoch 925 Step 62": 2.8834078311920166, "Epoch 925 Step 63": 2.8890697956085205, "Epoch 925 Step 64": 2.8739066123962402, "Epoch 925 Step 65": 2.8728280067443848, "Epoch 925 Step 66": 2.873065233230591, "Epoch 925 Step 67": 2.888704299926758, "Epoch 925 Step 68": 2.8826141357421875, "Epoch 925 Step 69": 2.8777472972869873, "Epoch 925 Step 70": 2.8892440795898438, "Epoch 925 Step 71": 2.8952107429504395, "Epoch 925 Step 72": 2.8805952072143555, "Epoch 925 Step 73": 2.8761725425720215, "Epoch 925 Step 74": 2.8880436420440674, "Epoch 925 Step 75": 2.8916730880737305, "Epoch 925 Step 76": 2.881836414337158, "Epoch 925 Step 77": 2.8839900493621826, "Epoch 925 Step 78": 2.8783373832702637, "Epoch 925 Step 79": 2.8879380226135254, "Epoch 925 Step 80": 2.8738913536071777, "Epoch 925 Step 81": 2.8851890563964844, "Epoch 925 Step 82": 2.879070997238159, "Epoch 925 Step 83": 2.8836300373077393, "Epoch 925 Step 84": 2.8856558799743652, "Epoch 925 Step 85": 2.8711841106414795, "Epoch 925 Step 86": 2.8856618404388428, "Epoch 925 Step 87": 2.8879990577697754, "Epoch 925 Step 88": 2.8862690925598145, "Epoch 925 Step 89": 2.889857530593872}