{"Epoch 411 Step 0": 2.878458023071289, "Epoch 411 Step 1": 2.89245867729187, "Epoch 411 Step 2": 2.87799072265625, "Epoch 411 Step 3": 2.883133888244629, "Epoch 411 Step 4": 2.888645887374878, "Epoch 411 Step 5": 2.8737289905548096, "Epoch 411 Step 6": 2.8719210624694824, "Epoch 411 Step 7": 2.8727893829345703, "Epoch 411 Step 8": 2.888340473175049, "Epoch 411 Step 9": 2.882103681564331, "Epoch 411 Step 10": 2.8779592514038086, "Epoch 411 Step 11": 2.8898768424987793, "Epoch 411 Step 12": 2.8951470851898193, "Epoch 411 Step 13": 2.8799538612365723, "Epoch 411 Step 14": 2.8758363723754883, "Epoch 411 Step 15": 2.8878049850463867, "Epoch 411 Step 16": 2.8917675018310547, "Epoch 411 Step 17": 2.881169319152832, "Epoch 411 Step 18": 2.8819580078125, "Epoch 411 Step 19": 2.877967119216919, "Epoch 411 Step 20": 2.887319326400757, "Epoch 411 Step 21": 2.8739967346191406, "Epoch 411 Step 22": 2.8849716186523438, "Epoch 411 Step 23": 2.87916898727417, "Epoch 411 Step 24": 2.8825926780700684, "Epoch 411 Step 25": 2.8842384815216064, "Epoch 411 Step 26": 2.8713934421539307, "Epoch 411 Step 27": 2.885373830795288, "Epoch 411 Step 28": 2.887047290802002, "Epoch 411 Step 29": 2.885791301727295, "Epoch 411 Step 30": 2.889472484588623, "Epoch 411 Step 31": 2.8845667839050293, "Epoch 411 Step 32": 2.872403860092163, "Epoch 411 Step 33": 2.8806285858154297, "Epoch 411 Step 34": 2.877304792404175, "Epoch 411 Step 35": 2.88236403465271, "Epoch 411 Step 36": 2.883202075958252, "Epoch 411 Step 37": 2.8899660110473633, "Epoch 411 Step 38": 2.8848323822021484, "Epoch 411 Step 39": 2.8849430084228516, "Epoch 411 Step 40": 2.8814642429351807, "Epoch 411 Step 41": 2.876276969909668, "Epoch 411 Step 42": 2.879371404647827, "Epoch 411 Step 43": 2.8932783603668213, "Epoch 411 Step 44": 2.887680768966675, "Epoch 411 Step 45": 2.872964859008789, "Epoch 411 Step 46": 2.8900325298309326, "Epoch 411 Step 47": 2.882563829421997, "Epoch 411 Step 48": 2.8755812644958496, "Epoch 411 Step 49": 2.873382568359375, "Epoch 411 Step 50": 2.882011890411377, "Epoch 411 Step 51": 2.886837959289551, "Epoch 411 Step 52": 2.879865884780884, "Epoch 411 Step 53": 2.878345012664795, "Epoch 411 Step 54": 2.8787009716033936, "Epoch 411 Step 55": 2.8760337829589844, "Epoch 411 Step 56": 2.887878894805908, "Epoch 411 Step 57": 2.8747007846832275, "Epoch 411 Step 58": 2.8907110691070557, "Epoch 411 Step 59": 2.8710813522338867, "Epoch 411 Step 60": 2.8738458156585693, "Epoch 411 Step 61": 2.8791277408599854, "Epoch 411 Step 62": 2.8677518367767334, "Epoch 411 Step 63": 2.886789083480835, "Epoch 411 Step 64": 2.880990505218506, "Epoch 411 Step 65": 2.886371612548828, "Epoch 411 Step 66": 2.8930001258850098, "Epoch 411 Step 67": 2.8855373859405518, "Epoch 411 Step 68": 2.878831624984741, "Epoch 411 Step 69": 2.884249687194824, "Epoch 411 Step 70": 2.895340919494629, "Epoch 411 Step 71": 2.8954591751098633, "Epoch 411 Step 72": 2.893902540206909, "Epoch 411 Step 73": 2.8877553939819336, "Epoch 411 Step 74": 2.8862335681915283, "Epoch 411 Step 75": 2.885660171508789, "Epoch 411 Step 76": 2.905972719192505, "Epoch 411 Step 77": 2.9000203609466553, "Epoch 411 Step 78": 2.8984620571136475, "Epoch 411 Step 79": 2.8761067390441895, "Epoch 411 Step 80": 2.8891735076904297, "Epoch 411 Step 81": 2.8932180404663086, "Epoch 411 Step 82": 2.8748321533203125, "Epoch 411 Step 83": 2.8859071731567383, "Epoch 411 Step 84": 2.88673996925354, "Epoch 411 Step 85": 2.8919131755828857, "Epoch 411 Step 86": 2.8964767456054688, "Epoch 411 Step 87": 2.8822712898254395, "Epoch 411 Step 88": 2.8932418823242188, "Epoch 411 Step 89": 2.8784680366516113}