{"Epoch 787 Step 0": 2.876943588256836, "Epoch 787 Step 1": 2.889028549194336, "Epoch 787 Step 2": 2.8927345275878906, "Epoch 787 Step 3": 2.8747708797454834, "Epoch 787 Step 4": 2.8871734142303467, "Epoch 787 Step 5": 2.887882947921753, "Epoch 787 Step 6": 2.891772508621216, "Epoch 787 Step 7": 2.8952322006225586, "Epoch 787 Step 8": 2.8820242881774902, "Epoch 787 Step 9": 2.892198085784912, "Epoch 787 Step 10": 2.8796772956848145, "Epoch 787 Step 11": 2.8869194984436035, "Epoch 787 Step 12": 2.87910795211792, "Epoch 787 Step 13": 2.891329526901245, "Epoch 787 Step 14": 2.8793139457702637, "Epoch 787 Step 15": 2.8871371746063232, "Epoch 787 Step 16": 2.889540433883667, "Epoch 787 Step 17": 2.873642683029175, "Epoch 787 Step 18": 2.872480869293213, "Epoch 787 Step 19": 2.871572732925415, "Epoch 787 Step 20": 2.8906009197235107, "Epoch 787 Step 21": 2.8850395679473877, "Epoch 787 Step 22": 2.8781793117523193, "Epoch 787 Step 23": 2.888263702392578, "Epoch 787 Step 24": 2.89467191696167, "Epoch 787 Step 25": 2.881258726119995, "Epoch 787 Step 26": 2.8766958713531494, "Epoch 787 Step 27": 2.8885841369628906, "Epoch 787 Step 28": 2.8930203914642334, "Epoch 787 Step 29": 2.880366802215576, "Epoch 787 Step 30": 2.881474018096924, "Epoch 787 Step 31": 2.8776636123657227, "Epoch 787 Step 32": 2.887460231781006, "Epoch 787 Step 33": 2.8741800785064697, "Epoch 787 Step 34": 2.885615825653076, "Epoch 787 Step 35": 2.8797874450683594, "Epoch 787 Step 36": 2.883399248123169, "Epoch 787 Step 37": 2.8856327533721924, "Epoch 787 Step 38": 2.8710389137268066, "Epoch 787 Step 39": 2.8853025436401367, "Epoch 787 Step 40": 2.8878800868988037, "Epoch 787 Step 41": 2.8859572410583496, "Epoch 787 Step 42": 2.8894529342651367, "Epoch 787 Step 43": 2.884091854095459, "Epoch 787 Step 44": 2.8721303939819336, "Epoch 787 Step 45": 2.8815157413482666, "Epoch 787 Step 46": 2.8769400119781494, "Epoch 787 Step 47": 2.882709503173828, "Epoch 787 Step 48": 2.8830389976501465, "Epoch 787 Step 49": 2.8916542530059814, "Epoch 787 Step 50": 2.8851850032806396, "Epoch 787 Step 51": 2.8855676651000977, "Epoch 787 Step 52": 2.8815228939056396, "Epoch 787 Step 53": 2.876014232635498, "Epoch 787 Step 54": 2.8794238567352295, "Epoch 787 Step 55": 2.8946030139923096, "Epoch 787 Step 56": 2.8886024951934814, "Epoch 787 Step 57": 2.8737151622772217, "Epoch 787 Step 58": 2.8906214237213135, "Epoch 787 Step 59": 2.8824708461761475, "Epoch 787 Step 60": 2.8758695125579834, "Epoch 787 Step 61": 2.8729426860809326, "Epoch 787 Step 62": 2.8822333812713623, "Epoch 787 Step 63": 2.8877928256988525, "Epoch 787 Step 64": 2.880030393600464, "Epoch 787 Step 65": 2.8788905143737793, "Epoch 787 Step 66": 2.878373861312866, "Epoch 787 Step 67": 2.876667022705078, "Epoch 787 Step 68": 2.8879482746124268, "Epoch 787 Step 69": 2.874953031539917, "Epoch 787 Step 70": 2.891251802444458, "Epoch 787 Step 71": 2.871095657348633, "Epoch 787 Step 72": 2.8746440410614014, "Epoch 787 Step 73": 2.8794455528259277, "Epoch 787 Step 74": 2.8680436611175537, "Epoch 787 Step 75": 2.887251138687134, "Epoch 787 Step 76": 2.88171648979187, "Epoch 787 Step 77": 2.887420654296875, "Epoch 787 Step 78": 2.8942959308624268, "Epoch 787 Step 79": 2.886284112930298, "Epoch 787 Step 80": 2.8785793781280518, "Epoch 787 Step 81": 2.8849785327911377, "Epoch 787 Step 82": 2.8956456184387207, "Epoch 787 Step 83": 2.8939902782440186, "Epoch 787 Step 84": 2.8929479122161865, "Epoch 787 Step 85": 2.8879892826080322, "Epoch 787 Step 86": 2.886875629425049, "Epoch 787 Step 87": 2.88429594039917, "Epoch 787 Step 88": 2.9046714305877686, "Epoch 787 Step 89": 2.9019532203674316}