{"Epoch 841 Step 0": 2.884732246398926, "Epoch 841 Step 1": 2.871619939804077, "Epoch 841 Step 2": 2.8856685161590576, "Epoch 841 Step 3": 2.8879456520080566, "Epoch 841 Step 4": 2.8858203887939453, "Epoch 841 Step 5": 2.8894805908203125, "Epoch 841 Step 6": 2.884645700454712, "Epoch 841 Step 7": 2.8724002838134766, "Epoch 841 Step 8": 2.8808627128601074, "Epoch 841 Step 9": 2.877225875854492, "Epoch 841 Step 10": 2.882706642150879, "Epoch 841 Step 11": 2.8833565711975098, "Epoch 841 Step 12": 2.8913540840148926, "Epoch 841 Step 13": 2.8849709033966064, "Epoch 841 Step 14": 2.8853230476379395, "Epoch 841 Step 15": 2.8815572261810303, "Epoch 841 Step 16": 2.8756814002990723, "Epoch 841 Step 17": 2.8792965412139893, "Epoch 841 Step 18": 2.893866539001465, "Epoch 841 Step 19": 2.8880529403686523, "Epoch 841 Step 20": 2.8742361068725586, "Epoch 841 Step 21": 2.8913607597351074, "Epoch 841 Step 22": 2.882362127304077, "Epoch 841 Step 23": 2.876692295074463, "Epoch 841 Step 24": 2.8731067180633545, "Epoch 841 Step 25": 2.8826019763946533, "Epoch 841 Step 26": 2.887688636779785, "Epoch 841 Step 27": 2.8812639713287354, "Epoch 841 Step 28": 2.8798105716705322, "Epoch 841 Step 29": 2.8782248497009277, "Epoch 841 Step 30": 2.8762147426605225, "Epoch 841 Step 31": 2.888242721557617, "Epoch 841 Step 32": 2.8741042613983154, "Epoch 841 Step 33": 2.8911356925964355, "Epoch 841 Step 34": 2.8718976974487305, "Epoch 841 Step 35": 2.8745782375335693, "Epoch 841 Step 36": 2.879690647125244, "Epoch 841 Step 37": 2.867871046066284, "Epoch 841 Step 38": 2.8869709968566895, "Epoch 841 Step 39": 2.8817245960235596, "Epoch 841 Step 40": 2.8873095512390137, "Epoch 841 Step 41": 2.89337158203125, "Epoch 841 Step 42": 2.8862063884735107, "Epoch 841 Step 43": 2.878653049468994, "Epoch 841 Step 44": 2.885497808456421, "Epoch 841 Step 45": 2.8954036235809326, "Epoch 841 Step 46": 2.893913507461548, "Epoch 841 Step 47": 2.895016670227051, "Epoch 841 Step 48": 2.8885958194732666, "Epoch 841 Step 49": 2.8852546215057373, "Epoch 841 Step 50": 2.8786427974700928, "Epoch 841 Step 51": 2.9031929969787598, "Epoch 841 Step 52": 2.89841365814209, "Epoch 841 Step 53": 2.898527145385742, "Epoch 841 Step 54": 2.8766353130340576, "Epoch 841 Step 55": 2.8892412185668945, "Epoch 841 Step 56": 2.8922877311706543, "Epoch 841 Step 57": 2.875570058822632, "Epoch 841 Step 58": 2.8865609169006348, "Epoch 841 Step 59": 2.886829376220703, "Epoch 841 Step 60": 2.891880512237549, "Epoch 841 Step 61": 2.8958535194396973, "Epoch 841 Step 62": 2.8810884952545166, "Epoch 841 Step 63": 2.89203143119812, "Epoch 841 Step 64": 2.877960443496704, "Epoch 841 Step 65": 2.884906768798828, "Epoch 841 Step 66": 2.8780763149261475, "Epoch 841 Step 67": 2.891221523284912, "Epoch 841 Step 68": 2.878905773162842, "Epoch 841 Step 69": 2.8832080364227295, "Epoch 841 Step 70": 2.8883602619171143, "Epoch 841 Step 71": 2.8736984729766846, "Epoch 841 Step 72": 2.8726377487182617, "Epoch 841 Step 73": 2.8723394870758057, "Epoch 841 Step 74": 2.8885066509246826, "Epoch 841 Step 75": 2.8821308612823486, "Epoch 841 Step 76": 2.8771941661834717, "Epoch 841 Step 77": 2.889265775680542, "Epoch 841 Step 78": 2.895378828048706, "Epoch 841 Step 79": 2.880524158477783, "Epoch 841 Step 80": 2.876178741455078, "Epoch 841 Step 81": 2.8869788646698, "Epoch 841 Step 82": 2.891326665878296, "Epoch 841 Step 83": 2.8815042972564697, "Epoch 841 Step 84": 2.8832852840423584, "Epoch 841 Step 85": 2.878178834915161, "Epoch 841 Step 86": 2.8882551193237305, "Epoch 841 Step 87": 2.8739140033721924, "Epoch 841 Step 88": 2.885674476623535, "Epoch 841 Step 89": 2.879040479660034}