{"Epoch 123 Step 0": 2.8858532905578613, "Epoch 123 Step 1": 2.882416009902954, "Epoch 123 Step 2": 2.8872463703155518, "Epoch 123 Step 3": 2.8817453384399414, "Epoch 123 Step 4": 2.870084285736084, "Epoch 123 Step 5": 2.878345251083374, "Epoch 123 Step 6": 2.8751559257507324, "Epoch 123 Step 7": 2.881330966949463, "Epoch 123 Step 8": 2.8806958198547363, "Epoch 123 Step 9": 2.8872838020324707, "Epoch 123 Step 10": 2.8842203617095947, "Epoch 123 Step 11": 2.88394832611084, "Epoch 123 Step 12": 2.879969358444214, "Epoch 123 Step 13": 2.874692440032959, "Epoch 123 Step 14": 2.876471757888794, "Epoch 123 Step 15": 2.891028881072998, "Epoch 123 Step 16": 2.8864734172821045, "Epoch 123 Step 17": 2.8710508346557617, "Epoch 123 Step 18": 2.888339042663574, "Epoch 123 Step 19": 2.8806982040405273, "Epoch 123 Step 20": 2.87365460395813, "Epoch 123 Step 21": 2.8668224811553955, "Epoch 123 Step 22": 2.8809947967529297, "Epoch 123 Step 23": 2.8869049549102783, "Epoch 123 Step 24": 2.878671646118164, "Epoch 123 Step 25": 2.87662410736084, "Epoch 123 Step 26": 2.878286361694336, "Epoch 123 Step 27": 2.874849557876587, "Epoch 123 Step 28": 2.8844001293182373, "Epoch 123 Step 29": 2.8702890872955322, "Epoch 123 Step 30": 2.8903417587280273, "Epoch 123 Step 31": 2.869643449783325, "Epoch 123 Step 32": 2.8716723918914795, "Epoch 123 Step 33": 2.877387285232544, "Epoch 123 Step 34": 2.8663337230682373, "Epoch 123 Step 35": 2.883519411087036, "Epoch 123 Step 36": 2.8797504901885986, "Epoch 123 Step 37": 2.882997512817383, "Epoch 123 Step 38": 2.8902881145477295, "Epoch 123 Step 39": 2.884380578994751, "Epoch 123 Step 40": 2.8769338130950928, "Epoch 123 Step 41": 2.8820207118988037, "Epoch 123 Step 42": 2.8916332721710205, "Epoch 123 Step 43": 2.8937699794769287, "Epoch 123 Step 44": 2.8913052082061768, "Epoch 123 Step 45": 2.8864705562591553, "Epoch 123 Step 46": 2.884751081466675, "Epoch 123 Step 47": 2.8818812370300293, "Epoch 123 Step 48": 2.9021823406219482, "Epoch 123 Step 49": 2.8975119590759277, "Epoch 123 Step 50": 2.894331932067871, "Epoch 123 Step 51": 2.874678134918213, "Epoch 123 Step 52": 2.8884196281433105, "Epoch 123 Step 53": 2.8908345699310303, "Epoch 123 Step 54": 2.872321844100952, "Epoch 123 Step 55": 2.885054111480713, "Epoch 123 Step 56": 2.885822296142578, "Epoch 123 Step 57": 2.8902597427368164, "Epoch 123 Step 58": 2.8942513465881348, "Epoch 123 Step 59": 2.879491090774536, "Epoch 123 Step 60": 2.8908722400665283, "Epoch 123 Step 61": 2.8773984909057617, "Epoch 123 Step 62": 2.8843655586242676, "Epoch 123 Step 63": 2.8760626316070557, "Epoch 123 Step 64": 2.890273094177246, "Epoch 123 Step 65": 2.874732255935669, "Epoch 123 Step 66": 2.8809707164764404, "Epoch 123 Step 67": 2.886497735977173, "Epoch 123 Step 68": 2.870900869369507, "Epoch 123 Step 69": 2.869316339492798, "Epoch 123 Step 70": 2.8698618412017822, "Epoch 123 Step 71": 2.8863213062286377, "Epoch 123 Step 72": 2.8804659843444824, "Epoch 123 Step 73": 2.8751564025878906, "Epoch 123 Step 74": 2.8882596492767334, "Epoch 123 Step 75": 2.893280029296875, "Epoch 123 Step 76": 2.878520965576172, "Epoch 123 Step 77": 2.8740193843841553, "Epoch 123 Step 78": 2.88401460647583, "Epoch 123 Step 79": 2.8897857666015625, "Epoch 123 Step 80": 2.878021717071533, "Epoch 123 Step 81": 2.880574941635132, "Epoch 123 Step 82": 2.8757174015045166, "Epoch 123 Step 83": 2.885369062423706, "Epoch 123 Step 84": 2.871290445327759, "Epoch 123 Step 85": 2.8827948570251465, "Epoch 123 Step 86": 2.876615524291992, "Epoch 123 Step 87": 2.881279468536377, "Epoch 123 Step 88": 2.8819966316223145, "Epoch 123 Step 89": 2.8675365447998047}