{"Epoch 103 Step 0": 2.8735885620117188, "Epoch 103 Step 1": 2.868781566619873, "Epoch 103 Step 2": 2.8804852962493896, "Epoch 103 Step 3": 2.8854763507843018, "Epoch 103 Step 4": 2.878561496734619, "Epoch 103 Step 5": 2.8776280879974365, "Epoch 103 Step 6": 2.878852367401123, "Epoch 103 Step 7": 2.87520170211792, "Epoch 103 Step 8": 2.8859522342681885, "Epoch 103 Step 9": 2.869748830795288, "Epoch 103 Step 10": 2.888895034790039, "Epoch 103 Step 11": 2.8704371452331543, "Epoch 103 Step 12": 2.872267723083496, "Epoch 103 Step 13": 2.8786981105804443, "Epoch 103 Step 14": 2.8670527935028076, "Epoch 103 Step 15": 2.8839690685272217, "Epoch 103 Step 16": 2.8806114196777344, "Epoch 103 Step 17": 2.8833577632904053, "Epoch 103 Step 18": 2.8908839225769043, "Epoch 103 Step 19": 2.8851945400238037, "Epoch 103 Step 20": 2.877265214920044, "Epoch 103 Step 21": 2.8820295333862305, "Epoch 103 Step 22": 2.893831729888916, "Epoch 103 Step 23": 2.8939597606658936, "Epoch 103 Step 24": 2.8913052082061768, "Epoch 103 Step 25": 2.886286497116089, "Epoch 103 Step 26": 2.8846166133880615, "Epoch 103 Step 27": 2.8806283473968506, "Epoch 103 Step 28": 2.903005599975586, "Epoch 103 Step 29": 2.8984313011169434, "Epoch 103 Step 30": 2.89667010307312, "Epoch 103 Step 31": 2.8747706413269043, "Epoch 103 Step 32": 2.8882312774658203, "Epoch 103 Step 33": 2.8920247554779053, "Epoch 103 Step 34": 2.8733229637145996, "Epoch 103 Step 35": 2.884251832962036, "Epoch 103 Step 36": 2.885585308074951, "Epoch 103 Step 37": 2.8897619247436523, "Epoch 103 Step 38": 2.8943445682525635, "Epoch 103 Step 39": 2.8796982765197754, "Epoch 103 Step 40": 2.8913662433624268, "Epoch 103 Step 41": 2.8769729137420654, "Epoch 103 Step 42": 2.884129762649536, "Epoch 103 Step 43": 2.8759689331054688, "Epoch 103 Step 44": 2.8896381855010986, "Epoch 103 Step 45": 2.874311685562134, "Epoch 103 Step 46": 2.88071608543396, "Epoch 103 Step 47": 2.886965274810791, "Epoch 103 Step 48": 2.8712942600250244, "Epoch 103 Step 49": 2.869534969329834, "Epoch 103 Step 50": 2.8695945739746094, "Epoch 103 Step 51": 2.8859264850616455, "Epoch 103 Step 52": 2.879992723464966, "Epoch 103 Step 53": 2.8748326301574707, "Epoch 103 Step 54": 2.888824462890625, "Epoch 103 Step 55": 2.89410400390625, "Epoch 103 Step 56": 2.8782782554626465, "Epoch 103 Step 57": 2.8749070167541504, "Epoch 103 Step 58": 2.8849680423736572, "Epoch 103 Step 59": 2.889991521835327, "Epoch 103 Step 60": 2.8789522647857666, "Epoch 103 Step 61": 2.8800010681152344, "Epoch 103 Step 62": 2.875580072402954, "Epoch 103 Step 63": 2.885331153869629, "Epoch 103 Step 64": 2.871706962585449, "Epoch 103 Step 65": 2.8829052448272705, "Epoch 103 Step 66": 2.8771462440490723, "Epoch 103 Step 67": 2.88114333152771, "Epoch 103 Step 68": 2.8825490474700928, "Epoch 103 Step 69": 2.8693583011627197, "Epoch 103 Step 70": 2.8826446533203125, "Epoch 103 Step 71": 2.88570237159729, "Epoch 103 Step 72": 2.8837711811065674, "Epoch 103 Step 73": 2.887183904647827, "Epoch 103 Step 74": 2.8830254077911377, "Epoch 103 Step 75": 2.870964527130127, "Epoch 103 Step 76": 2.879152297973633, "Epoch 103 Step 77": 2.8752171993255615, "Epoch 103 Step 78": 2.8822879791259766, "Epoch 103 Step 79": 2.8802313804626465, "Epoch 103 Step 80": 2.8878672122955322, "Epoch 103 Step 81": 2.8834614753723145, "Epoch 103 Step 82": 2.883101463317871, "Epoch 103 Step 83": 2.880370855331421, "Epoch 103 Step 84": 2.8749375343322754, "Epoch 103 Step 85": 2.877413749694824, "Epoch 103 Step 86": 2.891249895095825, "Epoch 103 Step 87": 2.8868956565856934, "Epoch 103 Step 88": 2.872026205062866, "Epoch 103 Step 89": 2.8877429962158203}