{"Epoch 504 Step 0": 2.878357172012329, "Epoch 504 Step 1": 2.8847665786743164, "Epoch 504 Step 2": 2.8780620098114014, "Epoch 504 Step 3": 2.891033887863159, "Epoch 504 Step 4": 2.8775582313537598, "Epoch 504 Step 5": 2.882934331893921, "Epoch 504 Step 6": 2.8892500400543213, "Epoch 504 Step 7": 2.8742682933807373, "Epoch 504 Step 8": 2.8718438148498535, "Epoch 504 Step 9": 2.872487783432007, "Epoch 504 Step 10": 2.8884620666503906, "Epoch 504 Step 11": 2.8826000690460205, "Epoch 504 Step 12": 2.877406358718872, "Epoch 504 Step 13": 2.8892853260040283, "Epoch 504 Step 14": 2.894667863845825, "Epoch 504 Step 15": 2.880397319793701, "Epoch 504 Step 16": 2.876436948776245, "Epoch 504 Step 17": 2.887518882751465, "Epoch 504 Step 18": 2.8917124271392822, "Epoch 504 Step 19": 2.8814592361450195, "Epoch 504 Step 20": 2.8828067779541016, "Epoch 504 Step 21": 2.878101110458374, "Epoch 504 Step 22": 2.8875715732574463, "Epoch 504 Step 23": 2.8742470741271973, "Epoch 504 Step 24": 2.885606288909912, "Epoch 504 Step 25": 2.8787670135498047, "Epoch 504 Step 26": 2.8829147815704346, "Epoch 504 Step 27": 2.8846611976623535, "Epoch 504 Step 28": 2.871197462081909, "Epoch 504 Step 29": 2.8848655223846436, "Epoch 504 Step 30": 2.8880081176757812, "Epoch 504 Step 31": 2.8859472274780273, "Epoch 504 Step 32": 2.889390707015991, "Epoch 504 Step 33": 2.884063959121704, "Epoch 504 Step 34": 2.871997117996216, "Epoch 504 Step 35": 2.881714344024658, "Epoch 504 Step 36": 2.8771564960479736, "Epoch 504 Step 37": 2.8821215629577637, "Epoch 504 Step 38": 2.883405923843384, "Epoch 504 Step 39": 2.8917596340179443, "Epoch 504 Step 40": 2.8846566677093506, "Epoch 504 Step 41": 2.8851678371429443, "Epoch 504 Step 42": 2.881175994873047, "Epoch 504 Step 43": 2.87557315826416, "Epoch 504 Step 44": 2.879183530807495, "Epoch 504 Step 45": 2.8941729068756104, "Epoch 504 Step 46": 2.8884472846984863, "Epoch 504 Step 47": 2.8739123344421387, "Epoch 504 Step 48": 2.890559434890747, "Epoch 504 Step 49": 2.8818299770355225, "Epoch 504 Step 50": 2.8756637573242188, "Epoch 504 Step 51": 2.872009515762329, "Epoch 504 Step 52": 2.8828744888305664, "Epoch 504 Step 53": 2.887835741043091, "Epoch 504 Step 54": 2.880465269088745, "Epoch 504 Step 55": 2.8789641857147217, "Epoch 504 Step 56": 2.878145933151245, "Epoch 504 Step 57": 2.8766844272613525, "Epoch 504 Step 58": 2.887948989868164, "Epoch 504 Step 59": 2.8747236728668213, "Epoch 504 Step 60": 2.891116142272949, "Epoch 504 Step 61": 2.8714325428009033, "Epoch 504 Step 62": 2.8744590282440186, "Epoch 504 Step 63": 2.8800861835479736, "Epoch 504 Step 64": 2.868213653564453, "Epoch 504 Step 65": 2.8871912956237793, "Epoch 504 Step 66": 2.881857395172119, "Epoch 504 Step 67": 2.887082815170288, "Epoch 504 Step 68": 2.893430233001709, "Epoch 504 Step 69": 2.8859314918518066, "Epoch 504 Step 70": 2.8784725666046143, "Epoch 504 Step 71": 2.8852741718292236, "Epoch 504 Step 72": 2.895392417907715, "Epoch 504 Step 73": 2.8940274715423584, "Epoch 504 Step 74": 2.892881393432617, "Epoch 504 Step 75": 2.8878262042999268, "Epoch 504 Step 76": 2.8869402408599854, "Epoch 504 Step 77": 2.884261131286621, "Epoch 504 Step 78": 2.905527353286743, "Epoch 504 Step 79": 2.901991367340088, "Epoch 504 Step 80": 2.8983352184295654, "Epoch 504 Step 81": 2.875382661819458, "Epoch 504 Step 82": 2.8888309001922607, "Epoch 504 Step 83": 2.8929333686828613, "Epoch 504 Step 84": 2.8746302127838135, "Epoch 504 Step 85": 2.886488676071167, "Epoch 504 Step 86": 2.8867757320404053, "Epoch 504 Step 87": 2.891577959060669, "Epoch 504 Step 88": 2.895845890045166, "Epoch 504 Step 89": 2.881864547729492}