{"Epoch 167 Step 0": 2.8811213970184326, "Epoch 167 Step 1": 2.903440475463867, "Epoch 167 Step 2": 2.8971669673919678, "Epoch 167 Step 3": 2.8970749378204346, "Epoch 167 Step 4": 2.874572277069092, "Epoch 167 Step 5": 2.8876171112060547, "Epoch 167 Step 6": 2.891209363937378, "Epoch 167 Step 7": 2.8727948665618896, "Epoch 167 Step 8": 2.884887933731079, "Epoch 167 Step 9": 2.88645601272583, "Epoch 167 Step 10": 2.890115737915039, "Epoch 167 Step 11": 2.8946733474731445, "Epoch 167 Step 12": 2.880425214767456, "Epoch 167 Step 13": 2.891692638397217, "Epoch 167 Step 14": 2.8753345012664795, "Epoch 167 Step 15": 2.884577751159668, "Epoch 167 Step 16": 2.8761472702026367, "Epoch 167 Step 17": 2.8902149200439453, "Epoch 167 Step 18": 2.8749873638153076, "Epoch 167 Step 19": 2.8812103271484375, "Epoch 167 Step 20": 2.8870251178741455, "Epoch 167 Step 21": 2.870795726776123, "Epoch 167 Step 22": 2.8706917762756348, "Epoch 167 Step 23": 2.8709681034088135, "Epoch 167 Step 24": 2.8876326084136963, "Epoch 167 Step 25": 2.8808388710021973, "Epoch 167 Step 26": 2.876737594604492, "Epoch 167 Step 27": 2.889180898666382, "Epoch 167 Step 28": 2.892102003097534, "Epoch 167 Step 29": 2.878262519836426, "Epoch 167 Step 30": 2.87654709815979, "Epoch 167 Step 31": 2.8846702575683594, "Epoch 167 Step 32": 2.889805793762207, "Epoch 167 Step 33": 2.8796725273132324, "Epoch 167 Step 34": 2.8802857398986816, "Epoch 167 Step 35": 2.8757097721099854, "Epoch 167 Step 36": 2.886012554168701, "Epoch 167 Step 37": 2.8722267150878906, "Epoch 167 Step 38": 2.883613348007202, "Epoch 167 Step 39": 2.876727342605591, "Epoch 167 Step 40": 2.8817942142486572, "Epoch 167 Step 41": 2.882371425628662, "Epoch 167 Step 42": 2.8686132431030273, "Epoch 167 Step 43": 2.8824985027313232, "Epoch 167 Step 44": 2.8857789039611816, "Epoch 167 Step 45": 2.882786989212036, "Epoch 167 Step 46": 2.886697292327881, "Epoch 167 Step 47": 2.8823442459106445, "Epoch 167 Step 48": 2.871102809906006, "Epoch 167 Step 49": 2.879862070083618, "Epoch 167 Step 50": 2.8759100437164307, "Epoch 167 Step 51": 2.8822975158691406, "Epoch 167 Step 52": 2.881091594696045, "Epoch 167 Step 53": 2.8886771202087402, "Epoch 167 Step 54": 2.883707046508789, "Epoch 167 Step 55": 2.8841657638549805, "Epoch 167 Step 56": 2.8809356689453125, "Epoch 167 Step 57": 2.874376058578491, "Epoch 167 Step 58": 2.877121925354004, "Epoch 167 Step 59": 2.891989231109619, "Epoch 167 Step 60": 2.8871583938598633, "Epoch 167 Step 61": 2.8722589015960693, "Epoch 167 Step 62": 2.8887453079223633, "Epoch 167 Step 63": 2.8811845779418945, "Epoch 167 Step 64": 2.873920202255249, "Epoch 167 Step 65": 2.8706369400024414, "Epoch 167 Step 66": 2.880918502807617, "Epoch 167 Step 67": 2.8861193656921387, "Epoch 167 Step 68": 2.8792531490325928, "Epoch 167 Step 69": 2.877504587173462, "Epoch 167 Step 70": 2.8771800994873047, "Epoch 167 Step 71": 2.875040292739868, "Epoch 167 Step 72": 2.885157585144043, "Epoch 167 Step 73": 2.871868848800659, "Epoch 167 Step 74": 2.889598846435547, "Epoch 167 Step 75": 2.8714327812194824, "Epoch 167 Step 76": 2.8720383644104004, "Epoch 167 Step 77": 2.878005266189575, "Epoch 167 Step 78": 2.8663246631622314, "Epoch 167 Step 79": 2.885376453399658, "Epoch 167 Step 80": 2.8805654048919678, "Epoch 167 Step 81": 2.8838024139404297, "Epoch 167 Step 82": 2.8914871215820312, "Epoch 167 Step 83": 2.8842945098876953, "Epoch 167 Step 84": 2.8784306049346924, "Epoch 167 Step 85": 2.8834168910980225, "Epoch 167 Step 86": 2.8959035873413086, "Epoch 167 Step 87": 2.8933727741241455, "Epoch 167 Step 88": 2.8909449577331543, "Epoch 167 Step 89": 2.8864212036132812}