{"Epoch 391 Step 0": 2.887139081954956, "Epoch 391 Step 1": 2.8743860721588135, "Epoch 391 Step 2": 2.885512351989746, "Epoch 391 Step 3": 2.878554105758667, "Epoch 391 Step 4": 2.882319450378418, "Epoch 391 Step 5": 2.884228229522705, "Epoch 391 Step 6": 2.8711607456207275, "Epoch 391 Step 7": 2.884209632873535, "Epoch 391 Step 8": 2.887633800506592, "Epoch 391 Step 9": 2.885432481765747, "Epoch 391 Step 10": 2.8895652294158936, "Epoch 391 Step 11": 2.8844153881073, "Epoch 391 Step 12": 2.8725240230560303, "Epoch 391 Step 13": 2.8807694911956787, "Epoch 391 Step 14": 2.8772616386413574, "Epoch 391 Step 15": 2.882429838180542, "Epoch 391 Step 16": 2.8830552101135254, "Epoch 391 Step 17": 2.8906824588775635, "Epoch 391 Step 18": 2.8846194744110107, "Epoch 391 Step 19": 2.884734869003296, "Epoch 391 Step 20": 2.8812355995178223, "Epoch 391 Step 21": 2.875270366668701, "Epoch 391 Step 22": 2.879451274871826, "Epoch 391 Step 23": 2.8936448097229004, "Epoch 391 Step 24": 2.888038158416748, "Epoch 391 Step 25": 2.8745615482330322, "Epoch 391 Step 26": 2.8906233310699463, "Epoch 391 Step 27": 2.881549835205078, "Epoch 391 Step 28": 2.8770925998687744, "Epoch 391 Step 29": 2.872389793395996, "Epoch 391 Step 30": 2.882028818130493, "Epoch 391 Step 31": 2.8876335620880127, "Epoch 391 Step 32": 2.8807332515716553, "Epoch 391 Step 33": 2.878984212875366, "Epoch 391 Step 34": 2.878739356994629, "Epoch 391 Step 35": 2.875861883163452, "Epoch 391 Step 36": 2.888153553009033, "Epoch 391 Step 37": 2.8744876384735107, "Epoch 391 Step 38": 2.891072988510132, "Epoch 391 Step 39": 2.871626377105713, "Epoch 391 Step 40": 2.874302387237549, "Epoch 391 Step 41": 2.8793253898620605, "Epoch 391 Step 42": 2.8678579330444336, "Epoch 391 Step 43": 2.8867697715759277, "Epoch 391 Step 44": 2.8816258907318115, "Epoch 391 Step 45": 2.8863728046417236, "Epoch 391 Step 46": 2.8936352729797363, "Epoch 391 Step 47": 2.8857271671295166, "Epoch 391 Step 48": 2.8778998851776123, "Epoch 391 Step 49": 2.885023593902588, "Epoch 391 Step 50": 2.895738363265991, "Epoch 391 Step 51": 2.8938028812408447, "Epoch 391 Step 52": 2.8922133445739746, "Epoch 391 Step 53": 2.888582706451416, "Epoch 391 Step 54": 2.8878426551818848, "Epoch 391 Step 55": 2.8837993144989014, "Epoch 391 Step 56": 2.9022932052612305, "Epoch 391 Step 57": 2.9031546115875244, "Epoch 391 Step 58": 2.900198459625244, "Epoch 391 Step 59": 2.875772714614868, "Epoch 391 Step 60": 2.8884644508361816, "Epoch 391 Step 61": 2.8922431468963623, "Epoch 391 Step 62": 2.8762969970703125, "Epoch 391 Step 63": 2.8863413333892822, "Epoch 391 Step 64": 2.886282205581665, "Epoch 391 Step 65": 2.890700101852417, "Epoch 391 Step 66": 2.895021677017212, "Epoch 391 Step 67": 2.882150650024414, "Epoch 391 Step 68": 2.8923258781433105, "Epoch 391 Step 69": 2.878617763519287, "Epoch 391 Step 70": 2.884921073913574, "Epoch 391 Step 71": 2.8782243728637695, "Epoch 391 Step 72": 2.8926377296447754, "Epoch 391 Step 73": 2.877403974533081, "Epoch 391 Step 74": 2.882612943649292, "Epoch 391 Step 75": 2.88869309425354, "Epoch 391 Step 76": 2.873089075088501, "Epoch 391 Step 77": 2.871690511703491, "Epoch 391 Step 78": 2.872413396835327, "Epoch 391 Step 79": 2.88836932182312, "Epoch 391 Step 80": 2.881972551345825, "Epoch 391 Step 81": 2.8775992393493652, "Epoch 391 Step 82": 2.8906469345092773, "Epoch 391 Step 83": 2.8968660831451416, "Epoch 391 Step 84": 2.8798065185546875, "Epoch 391 Step 85": 2.8751425743103027, "Epoch 391 Step 86": 2.888871192932129, "Epoch 391 Step 87": 2.8914051055908203, "Epoch 391 Step 88": 2.880394220352173, "Epoch 391 Step 89": 2.882261037826538}