{"Epoch 144 Step 0": 2.871542453765869, "Epoch 144 Step 1": 2.88687801361084, "Epoch 144 Step 2": 2.88083553314209, "Epoch 144 Step 3": 2.876276731491089, "Epoch 144 Step 4": 2.8906166553497314, "Epoch 144 Step 5": 2.894056797027588, "Epoch 144 Step 6": 2.879042148590088, "Epoch 144 Step 7": 2.880094051361084, "Epoch 144 Step 8": 2.886101007461548, "Epoch 144 Step 9": 2.890106201171875, "Epoch 144 Step 10": 2.8778302669525146, "Epoch 144 Step 11": 2.879824638366699, "Epoch 144 Step 12": 2.8759119510650635, "Epoch 144 Step 13": 2.888117551803589, "Epoch 144 Step 14": 2.8732941150665283, "Epoch 144 Step 15": 2.8837995529174805, "Epoch 144 Step 16": 2.877398729324341, "Epoch 144 Step 17": 2.8822624683380127, "Epoch 144 Step 18": 2.8829193115234375, "Epoch 144 Step 19": 2.869713068008423, "Epoch 144 Step 20": 2.8827333450317383, "Epoch 144 Step 21": 2.886496067047119, "Epoch 144 Step 22": 2.883026123046875, "Epoch 144 Step 23": 2.886906385421753, "Epoch 144 Step 24": 2.881741762161255, "Epoch 144 Step 25": 2.8701424598693848, "Epoch 144 Step 26": 2.880101203918457, "Epoch 144 Step 27": 2.876025438308716, "Epoch 144 Step 28": 2.8819103240966797, "Epoch 144 Step 29": 2.8810436725616455, "Epoch 144 Step 30": 2.888906478881836, "Epoch 144 Step 31": 2.8836402893066406, "Epoch 144 Step 32": 2.8840906620025635, "Epoch 144 Step 33": 2.8809494972229004, "Epoch 144 Step 34": 2.8747806549072266, "Epoch 144 Step 35": 2.8775486946105957, "Epoch 144 Step 36": 2.8917737007141113, "Epoch 144 Step 37": 2.887225866317749, "Epoch 144 Step 38": 2.871500015258789, "Epoch 144 Step 39": 2.8887667655944824, "Epoch 144 Step 40": 2.8809101581573486, "Epoch 144 Step 41": 2.8742523193359375, "Epoch 144 Step 42": 2.871100902557373, "Epoch 144 Step 43": 2.881462335586548, "Epoch 144 Step 44": 2.886798143386841, "Epoch 144 Step 45": 2.8794784545898438, "Epoch 144 Step 46": 2.8775320053100586, "Epoch 144 Step 47": 2.8780128955841064, "Epoch 144 Step 48": 2.875261068344116, "Epoch 144 Step 49": 2.8856606483459473, "Epoch 144 Step 50": 2.871572732925415, "Epoch 144 Step 51": 2.8894948959350586, "Epoch 144 Step 52": 2.8712210655212402, "Epoch 144 Step 53": 2.8726084232330322, "Epoch 144 Step 54": 2.8779916763305664, "Epoch 144 Step 55": 2.8668012619018555, "Epoch 144 Step 56": 2.8868770599365234, "Epoch 144 Step 57": 2.8807907104492188, "Epoch 144 Step 58": 2.884721279144287, "Epoch 144 Step 59": 2.8919525146484375, "Epoch 144 Step 60": 2.88576078414917, "Epoch 144 Step 61": 2.8785767555236816, "Epoch 144 Step 62": 2.8831002712249756, "Epoch 144 Step 63": 2.8937578201293945, "Epoch 144 Step 64": 2.8932273387908936, "Epoch 144 Step 65": 2.8916983604431152, "Epoch 144 Step 66": 2.8865091800689697, "Epoch 144 Step 67": 2.884976625442505, "Epoch 144 Step 68": 2.882673978805542, "Epoch 144 Step 69": 2.903550148010254, "Epoch 144 Step 70": 2.9002394676208496, "Epoch 144 Step 71": 2.895617961883545, "Epoch 144 Step 72": 2.8764352798461914, "Epoch 144 Step 73": 2.8886659145355225, "Epoch 144 Step 74": 2.890913486480713, "Epoch 144 Step 75": 2.873439311981201, "Epoch 144 Step 76": 2.8867478370666504, "Epoch 144 Step 77": 2.88877010345459, "Epoch 144 Step 78": 2.891695261001587, "Epoch 144 Step 79": 2.894341230392456, "Epoch 144 Step 80": 2.880307912826538, "Epoch 144 Step 81": 2.8902392387390137, "Epoch 144 Step 82": 2.8789570331573486, "Epoch 144 Step 83": 2.886068820953369, "Epoch 144 Step 84": 2.877305746078491, "Epoch 144 Step 85": 2.8894712924957275, "Epoch 144 Step 86": 2.8759758472442627, "Epoch 144 Step 87": 2.8819336891174316, "Epoch 144 Step 88": 2.8879106044769287, "Epoch 144 Step 89": 2.872056484222412}