{"Epoch 666 Step 0": 2.8813393115997314, "Epoch 666 Step 1": 2.8776350021362305, "Epoch 666 Step 2": 2.88769793510437, "Epoch 666 Step 3": 2.8740086555480957, "Epoch 666 Step 4": 2.8852031230926514, "Epoch 666 Step 5": 2.8797097206115723, "Epoch 666 Step 6": 2.882957935333252, "Epoch 666 Step 7": 2.8849284648895264, "Epoch 666 Step 8": 2.871112108230591, "Epoch 666 Step 9": 2.8852171897888184, "Epoch 666 Step 10": 2.8875300884246826, "Epoch 666 Step 11": 2.886035442352295, "Epoch 666 Step 12": 2.8899574279785156, "Epoch 666 Step 13": 2.884704828262329, "Epoch 666 Step 14": 2.872753381729126, "Epoch 666 Step 15": 2.8810813426971436, "Epoch 666 Step 16": 2.8775410652160645, "Epoch 666 Step 17": 2.8829479217529297, "Epoch 666 Step 18": 2.8828322887420654, "Epoch 666 Step 19": 2.890115261077881, "Epoch 666 Step 20": 2.885443925857544, "Epoch 666 Step 21": 2.8857672214508057, "Epoch 666 Step 22": 2.881626844406128, "Epoch 666 Step 23": 2.8759970664978027, "Epoch 666 Step 24": 2.8796653747558594, "Epoch 666 Step 25": 2.894155979156494, "Epoch 666 Step 26": 2.8880884647369385, "Epoch 666 Step 27": 2.873582601547241, "Epoch 666 Step 28": 2.8903045654296875, "Epoch 666 Step 29": 2.8822319507598877, "Epoch 666 Step 30": 2.8758492469787598, "Epoch 666 Step 31": 2.873000144958496, "Epoch 666 Step 32": 2.881878614425659, "Epoch 666 Step 33": 2.8875646591186523, "Epoch 666 Step 34": 2.8799357414245605, "Epoch 666 Step 35": 2.878420352935791, "Epoch 666 Step 36": 2.8785691261291504, "Epoch 666 Step 37": 2.876404285430908, "Epoch 666 Step 38": 2.8879663944244385, "Epoch 666 Step 39": 2.874340057373047, "Epoch 666 Step 40": 2.8909056186676025, "Epoch 666 Step 41": 2.8713388442993164, "Epoch 666 Step 42": 2.874521255493164, "Epoch 666 Step 43": 2.8794355392456055, "Epoch 666 Step 44": 2.868065357208252, "Epoch 666 Step 45": 2.886944055557251, "Epoch 666 Step 46": 2.8813295364379883, "Epoch 666 Step 47": 2.88680362701416, "Epoch 666 Step 48": 2.8928256034851074, "Epoch 666 Step 49": 2.8862295150756836, "Epoch 666 Step 50": 2.878476142883301, "Epoch 666 Step 51": 2.8848390579223633, "Epoch 666 Step 52": 2.8955447673797607, "Epoch 666 Step 53": 2.8942790031433105, "Epoch 666 Step 54": 2.8934764862060547, "Epoch 666 Step 55": 2.8882501125335693, "Epoch 666 Step 56": 2.886472463607788, "Epoch 666 Step 57": 2.8832991123199463, "Epoch 666 Step 58": 2.905069589614868, "Epoch 666 Step 59": 2.8991477489471436, "Epoch 666 Step 60": 2.899038553237915, "Epoch 666 Step 61": 2.875922441482544, "Epoch 666 Step 62": 2.8891825675964355, "Epoch 666 Step 63": 2.893296718597412, "Epoch 666 Step 64": 2.875054121017456, "Epoch 666 Step 65": 2.886550188064575, "Epoch 666 Step 66": 2.8866939544677734, "Epoch 666 Step 67": 2.891286611557007, "Epoch 666 Step 68": 2.8954598903656006, "Epoch 666 Step 69": 2.881528377532959, "Epoch 666 Step 70": 2.893825054168701, "Epoch 666 Step 71": 2.8779804706573486, "Epoch 666 Step 72": 2.884349822998047, "Epoch 666 Step 73": 2.8781018257141113, "Epoch 666 Step 74": 2.891803741455078, "Epoch 666 Step 75": 2.8782460689544678, "Epoch 666 Step 76": 2.882782220840454, "Epoch 666 Step 77": 2.8885865211486816, "Epoch 666 Step 78": 2.8740289211273193, "Epoch 666 Step 79": 2.871610641479492, "Epoch 666 Step 80": 2.8724818229675293, "Epoch 666 Step 81": 2.888498067855835, "Epoch 666 Step 82": 2.8821678161621094, "Epoch 666 Step 83": 2.8770902156829834, "Epoch 666 Step 84": 2.890414237976074, "Epoch 666 Step 85": 2.8961400985717773, "Epoch 666 Step 86": 2.880523204803467, "Epoch 666 Step 87": 2.874598264694214, "Epoch 666 Step 88": 2.8898143768310547, "Epoch 666 Step 89": 2.892566442489624}