{"Epoch 24 Step 0": 2.88860821723938, "Epoch 24 Step 1": 2.880659818649292, "Epoch 24 Step 2": 2.875528335571289, "Epoch 24 Step 3": 2.870852470397949, "Epoch 24 Step 4": 2.8806495666503906, "Epoch 24 Step 5": 2.8868844509124756, "Epoch 24 Step 6": 2.8800151348114014, "Epoch 24 Step 7": 2.8784677982330322, "Epoch 24 Step 8": 2.8786637783050537, "Epoch 24 Step 9": 2.875561237335205, "Epoch 24 Step 10": 2.8868305683135986, "Epoch 24 Step 11": 2.872974157333374, "Epoch 24 Step 12": 2.8897721767425537, "Epoch 24 Step 13": 2.87145733833313, "Epoch 24 Step 14": 2.8740005493164062, "Epoch 24 Step 15": 2.8791732788085938, "Epoch 24 Step 16": 2.8670883178710938, "Epoch 24 Step 17": 2.8857014179229736, "Epoch 24 Step 18": 2.880683183670044, "Epoch 24 Step 19": 2.8854968547821045, "Epoch 24 Step 20": 2.892312526702881, "Epoch 24 Step 21": 2.885286808013916, "Epoch 24 Step 22": 2.8781845569610596, "Epoch 24 Step 23": 2.884615182876587, "Epoch 24 Step 24": 2.894275188446045, "Epoch 24 Step 25": 2.8939342498779297, "Epoch 24 Step 26": 2.892717123031616, "Epoch 24 Step 27": 2.8880465030670166, "Epoch 24 Step 28": 2.885897397994995, "Epoch 24 Step 29": 2.8824915885925293, "Epoch 24 Step 30": 2.9044981002807617, "Epoch 24 Step 31": 2.8975493907928467, "Epoch 24 Step 32": 2.8962137699127197, "Epoch 24 Step 33": 2.8755226135253906, "Epoch 24 Step 34": 2.889033317565918, "Epoch 24 Step 35": 2.892742872238159, "Epoch 24 Step 36": 2.875534772872925, "Epoch 24 Step 37": 2.8863980770111084, "Epoch 24 Step 38": 2.8863167762756348, "Epoch 24 Step 39": 2.8912205696105957, "Epoch 24 Step 40": 2.8948347568511963, "Epoch 24 Step 41": 2.8806121349334717, "Epoch 24 Step 42": 2.8931806087493896, "Epoch 24 Step 43": 2.8774569034576416, "Epoch 24 Step 44": 2.8838672637939453, "Epoch 24 Step 45": 2.877035140991211, "Epoch 24 Step 46": 2.8899459838867188, "Epoch 24 Step 47": 2.87680721282959, "Epoch 24 Step 48": 2.882042169570923, "Epoch 24 Step 49": 2.8882462978363037, "Epoch 24 Step 50": 2.8728222846984863, "Epoch 24 Step 51": 2.8721296787261963, "Epoch 24 Step 52": 2.871073007583618, "Epoch 24 Step 53": 2.8875606060028076, "Epoch 24 Step 54": 2.880683660507202, "Epoch 24 Step 55": 2.87567138671875, "Epoch 24 Step 56": 2.891145944595337, "Epoch 24 Step 57": 2.8955166339874268, "Epoch 24 Step 58": 2.8790104389190674, "Epoch 24 Step 59": 2.8748228549957275, "Epoch 24 Step 60": 2.887638807296753, "Epoch 24 Step 61": 2.8905506134033203, "Epoch 24 Step 62": 2.880526542663574, "Epoch 24 Step 63": 2.8816864490509033, "Epoch 24 Step 64": 2.8779890537261963, "Epoch 24 Step 65": 2.8867645263671875, "Epoch 24 Step 66": 2.8726541996002197, "Epoch 24 Step 67": 2.884204864501953, "Epoch 24 Step 68": 2.878516435623169, "Epoch 24 Step 69": 2.882046937942505, "Epoch 24 Step 70": 2.8841452598571777, "Epoch 24 Step 71": 2.869614362716675, "Epoch 24 Step 72": 2.8848161697387695, "Epoch 24 Step 73": 2.8866448402404785, "Epoch 24 Step 74": 2.885188579559326, "Epoch 24 Step 75": 2.88865065574646, "Epoch 24 Step 76": 2.8826887607574463, "Epoch 24 Step 77": 2.871591567993164, "Epoch 24 Step 78": 2.880075454711914, "Epoch 24 Step 79": 2.8764538764953613, "Epoch 24 Step 80": 2.881991386413574, "Epoch 24 Step 81": 2.88161563873291, "Epoch 24 Step 82": 2.889788866043091, "Epoch 24 Step 83": 2.8849399089813232, "Epoch 24 Step 84": 2.883702278137207, "Epoch 24 Step 85": 2.880607843399048, "Epoch 24 Step 86": 2.8736870288848877, "Epoch 24 Step 87": 2.8783557415008545, "Epoch 24 Step 88": 2.89145827293396, "Epoch 24 Step 89": 2.886514663696289}