{"Epoch 731 Step 0": 2.888091564178467, "Epoch 731 Step 1": 2.873744487762451, "Epoch 731 Step 2": 2.890709161758423, "Epoch 731 Step 3": 2.8823330402374268, "Epoch 731 Step 4": 2.8760106563568115, "Epoch 731 Step 5": 2.87223744392395, "Epoch 731 Step 6": 2.8825347423553467, "Epoch 731 Step 7": 2.887864828109741, "Epoch 731 Step 8": 2.8806164264678955, "Epoch 731 Step 9": 2.8794503211975098, "Epoch 731 Step 10": 2.8779373168945312, "Epoch 731 Step 11": 2.8774075508117676, "Epoch 731 Step 12": 2.8875248432159424, "Epoch 731 Step 13": 2.874922275543213, "Epoch 731 Step 14": 2.8910553455352783, "Epoch 731 Step 15": 2.871569871902466, "Epoch 731 Step 16": 2.874429702758789, "Epoch 731 Step 17": 2.879899024963379, "Epoch 731 Step 18": 2.8682894706726074, "Epoch 731 Step 19": 2.886659860610962, "Epoch 731 Step 20": 2.881734609603882, "Epoch 731 Step 21": 2.8870670795440674, "Epoch 731 Step 22": 2.8936538696289062, "Epoch 731 Step 23": 2.88563871383667, "Epoch 731 Step 24": 2.878722667694092, "Epoch 731 Step 25": 2.885652780532837, "Epoch 731 Step 26": 2.8959152698516846, "Epoch 731 Step 27": 2.894865036010742, "Epoch 731 Step 28": 2.893899440765381, "Epoch 731 Step 29": 2.8877084255218506, "Epoch 731 Step 30": 2.8855865001678467, "Epoch 731 Step 31": 2.8836374282836914, "Epoch 731 Step 32": 2.9052138328552246, "Epoch 731 Step 33": 2.8996949195861816, "Epoch 731 Step 34": 2.897651433944702, "Epoch 731 Step 35": 2.875885486602783, "Epoch 731 Step 36": 2.890005111694336, "Epoch 731 Step 37": 2.893683910369873, "Epoch 731 Step 38": 2.8749403953552246, "Epoch 731 Step 39": 2.8864529132843018, "Epoch 731 Step 40": 2.8869526386260986, "Epoch 731 Step 41": 2.891908884048462, "Epoch 731 Step 42": 2.895807981491089, "Epoch 731 Step 43": 2.88153076171875, "Epoch 731 Step 44": 2.8938183784484863, "Epoch 731 Step 45": 2.878906488418579, "Epoch 731 Step 46": 2.8852663040161133, "Epoch 731 Step 47": 2.8779456615448, "Epoch 731 Step 48": 2.8919262886047363, "Epoch 731 Step 49": 2.8785653114318848, "Epoch 731 Step 50": 2.883500099182129, "Epoch 731 Step 51": 2.8887391090393066, "Epoch 731 Step 52": 2.873588800430298, "Epoch 731 Step 53": 2.8717665672302246, "Epoch 731 Step 54": 2.872779369354248, "Epoch 731 Step 55": 2.8886406421661377, "Epoch 731 Step 56": 2.881901741027832, "Epoch 731 Step 57": 2.8778233528137207, "Epoch 731 Step 58": 2.889824628829956, "Epoch 731 Step 59": 2.8952677249908447, "Epoch 731 Step 60": 2.880753517150879, "Epoch 731 Step 61": 2.875687599182129, "Epoch 731 Step 62": 2.8876469135284424, "Epoch 731 Step 63": 2.891515016555786, "Epoch 731 Step 64": 2.8807034492492676, "Epoch 731 Step 65": 2.8818886280059814, "Epoch 731 Step 66": 2.8777377605438232, "Epoch 731 Step 67": 2.8878698348999023, "Epoch 731 Step 68": 2.873612403869629, "Epoch 731 Step 69": 2.8855185508728027, "Epoch 731 Step 70": 2.879373073577881, "Epoch 731 Step 71": 2.8829712867736816, "Epoch 731 Step 72": 2.884817123413086, "Epoch 731 Step 73": 2.8712306022644043, "Epoch 731 Step 74": 2.8852853775024414, "Epoch 731 Step 75": 2.8880457878112793, "Epoch 731 Step 76": 2.8859317302703857, "Epoch 731 Step 77": 2.8890562057495117, "Epoch 731 Step 78": 2.8847062587738037, "Epoch 731 Step 79": 2.8724586963653564, "Epoch 731 Step 80": 2.880831480026245, "Epoch 731 Step 81": 2.8769185543060303, "Epoch 731 Step 82": 2.8829784393310547, "Epoch 731 Step 83": 2.883516788482666, "Epoch 731 Step 84": 2.891129970550537, "Epoch 731 Step 85": 2.8848819732666016, "Epoch 731 Step 86": 2.884866952896118, "Epoch 731 Step 87": 2.881335496902466, "Epoch 731 Step 88": 2.8762686252593994, "Epoch 731 Step 89": 2.8794281482696533}