{"Epoch 28 Step 0": 2.8775532245635986, "Epoch 28 Step 1": 2.892460823059082, "Epoch 28 Step 2": 2.887535810470581, "Epoch 28 Step 3": 2.873615264892578, "Epoch 28 Step 4": 2.8896801471710205, "Epoch 28 Step 5": 2.8807525634765625, "Epoch 28 Step 6": 2.875386953353882, "Epoch 28 Step 7": 2.870443105697632, "Epoch 28 Step 8": 2.8819024562835693, "Epoch 28 Step 9": 2.8873584270477295, "Epoch 28 Step 10": 2.8796441555023193, "Epoch 28 Step 11": 2.878791332244873, "Epoch 28 Step 12": 2.8779456615448, "Epoch 28 Step 13": 2.874825954437256, "Epoch 28 Step 14": 2.8868889808654785, "Epoch 28 Step 15": 2.873741388320923, "Epoch 28 Step 16": 2.8902595043182373, "Epoch 28 Step 17": 2.8706798553466797, "Epoch 28 Step 18": 2.873840808868408, "Epoch 28 Step 19": 2.8774971961975098, "Epoch 28 Step 20": 2.8677334785461426, "Epoch 28 Step 21": 2.8861587047576904, "Epoch 28 Step 22": 2.8812406063079834, "Epoch 28 Step 23": 2.884995937347412, "Epoch 28 Step 24": 2.8922786712646484, "Epoch 28 Step 25": 2.8854849338531494, "Epoch 28 Step 26": 2.87797474861145, "Epoch 28 Step 27": 2.8847365379333496, "Epoch 28 Step 28": 2.8952090740203857, "Epoch 28 Step 29": 2.8945093154907227, "Epoch 28 Step 30": 2.892624855041504, "Epoch 28 Step 31": 2.8877830505371094, "Epoch 28 Step 32": 2.885694980621338, "Epoch 28 Step 33": 2.881267786026001, "Epoch 28 Step 34": 2.9043610095977783, "Epoch 28 Step 35": 2.8977291584014893, "Epoch 28 Step 36": 2.8958728313446045, "Epoch 28 Step 37": 2.876286268234253, "Epoch 28 Step 38": 2.8897886276245117, "Epoch 28 Step 39": 2.8935136795043945, "Epoch 28 Step 40": 2.875096321105957, "Epoch 28 Step 41": 2.8858120441436768, "Epoch 28 Step 42": 2.886706590652466, "Epoch 28 Step 43": 2.89095401763916, "Epoch 28 Step 44": 2.8955280780792236, "Epoch 28 Step 45": 2.881190061569214, "Epoch 28 Step 46": 2.8936941623687744, "Epoch 28 Step 47": 2.8776683807373047, "Epoch 28 Step 48": 2.883685350418091, "Epoch 28 Step 49": 2.8771297931671143, "Epoch 28 Step 50": 2.890254497528076, "Epoch 28 Step 51": 2.8772976398468018, "Epoch 28 Step 52": 2.882387161254883, "Epoch 28 Step 53": 2.88824725151062, "Epoch 28 Step 54": 2.8725926876068115, "Epoch 28 Step 55": 2.871480703353882, "Epoch 28 Step 56": 2.8709280490875244, "Epoch 28 Step 57": 2.888399124145508, "Epoch 28 Step 58": 2.881429433822632, "Epoch 28 Step 59": 2.8764402866363525, "Epoch 28 Step 60": 2.8907012939453125, "Epoch 28 Step 61": 2.8948473930358887, "Epoch 28 Step 62": 2.879220962524414, "Epoch 28 Step 63": 2.8751986026763916, "Epoch 28 Step 64": 2.886894941329956, "Epoch 28 Step 65": 2.890707492828369, "Epoch 28 Step 66": 2.8810923099517822, "Epoch 28 Step 67": 2.8829405307769775, "Epoch 28 Step 68": 2.8777716159820557, "Epoch 28 Step 69": 2.886855125427246, "Epoch 28 Step 70": 2.8726251125335693, "Epoch 28 Step 71": 2.884075880050659, "Epoch 28 Step 72": 2.8785500526428223, "Epoch 28 Step 73": 2.882641077041626, "Epoch 28 Step 74": 2.8837273120880127, "Epoch 28 Step 75": 2.870169162750244, "Epoch 28 Step 76": 2.884669780731201, "Epoch 28 Step 77": 2.8871755599975586, "Epoch 28 Step 78": 2.8853657245635986, "Epoch 28 Step 79": 2.889017343521118, "Epoch 28 Step 80": 2.88309383392334, "Epoch 28 Step 81": 2.8727638721466064, "Epoch 28 Step 82": 2.880248785018921, "Epoch 28 Step 83": 2.876999616622925, "Epoch 28 Step 84": 2.8822672367095947, "Epoch 28 Step 85": 2.8811964988708496, "Epoch 28 Step 86": 2.889697790145874, "Epoch 28 Step 87": 2.8846967220306396, "Epoch 28 Step 88": 2.884068012237549, "Epoch 28 Step 89": 2.8803110122680664}