{"Epoch 473 Step 0": 2.886190414428711, "Epoch 473 Step 1": 2.889376640319824, "Epoch 473 Step 2": 2.884455442428589, "Epoch 473 Step 3": 2.8722646236419678, "Epoch 473 Step 4": 2.881288766860962, "Epoch 473 Step 5": 2.8769471645355225, "Epoch 473 Step 6": 2.883131265640259, "Epoch 473 Step 7": 2.8831593990325928, "Epoch 473 Step 8": 2.890127658843994, "Epoch 473 Step 9": 2.8848893642425537, "Epoch 473 Step 10": 2.885195016860962, "Epoch 473 Step 11": 2.8817293643951416, "Epoch 473 Step 12": 2.8749842643737793, "Epoch 473 Step 13": 2.8799471855163574, "Epoch 473 Step 14": 2.8941028118133545, "Epoch 473 Step 15": 2.8878910541534424, "Epoch 473 Step 16": 2.874025821685791, "Epoch 473 Step 17": 2.8903558254241943, "Epoch 473 Step 18": 2.882317543029785, "Epoch 473 Step 19": 2.87589168548584, "Epoch 473 Step 20": 2.8727433681488037, "Epoch 473 Step 21": 2.8817808628082275, "Epoch 473 Step 22": 2.8873767852783203, "Epoch 473 Step 23": 2.8804593086242676, "Epoch 473 Step 24": 2.878957986831665, "Epoch 473 Step 25": 2.8785626888275146, "Epoch 473 Step 26": 2.8763980865478516, "Epoch 473 Step 27": 2.8880021572113037, "Epoch 473 Step 28": 2.874630928039551, "Epoch 473 Step 29": 2.8911077976226807, "Epoch 473 Step 30": 2.8712680339813232, "Epoch 473 Step 31": 2.8745954036712646, "Epoch 473 Step 32": 2.8797004222869873, "Epoch 473 Step 33": 2.868013381958008, "Epoch 473 Step 34": 2.886885643005371, "Epoch 473 Step 35": 2.881375789642334, "Epoch 473 Step 36": 2.886885404586792, "Epoch 473 Step 37": 2.8931198120117188, "Epoch 473 Step 38": 2.8866682052612305, "Epoch 473 Step 39": 2.8783352375030518, "Epoch 473 Step 40": 2.8849868774414062, "Epoch 473 Step 41": 2.8957858085632324, "Epoch 473 Step 42": 2.894468069076538, "Epoch 473 Step 43": 2.892958641052246, "Epoch 473 Step 44": 2.8874552249908447, "Epoch 473 Step 45": 2.886631727218628, "Epoch 473 Step 46": 2.8844780921936035, "Epoch 473 Step 47": 2.9047842025756836, "Epoch 473 Step 48": 2.900569200515747, "Epoch 473 Step 49": 2.899298667907715, "Epoch 473 Step 50": 2.8759419918060303, "Epoch 473 Step 51": 2.8889667987823486, "Epoch 473 Step 52": 2.892759084701538, "Epoch 473 Step 53": 2.8751890659332275, "Epoch 473 Step 54": 2.886436939239502, "Epoch 473 Step 55": 2.886884927749634, "Epoch 473 Step 56": 2.8916051387786865, "Epoch 473 Step 57": 2.8961548805236816, "Epoch 473 Step 58": 2.8825018405914307, "Epoch 473 Step 59": 2.893629789352417, "Epoch 473 Step 60": 2.878599166870117, "Epoch 473 Step 61": 2.8852150440216064, "Epoch 473 Step 62": 2.8784215450286865, "Epoch 473 Step 63": 2.8919007778167725, "Epoch 473 Step 64": 2.8780109882354736, "Epoch 473 Step 65": 2.883195400238037, "Epoch 473 Step 66": 2.8888931274414062, "Epoch 473 Step 67": 2.8735368251800537, "Epoch 473 Step 68": 2.8713693618774414, "Epoch 473 Step 69": 2.8720130920410156, "Epoch 473 Step 70": 2.8886899948120117, "Epoch 473 Step 71": 2.8820242881774902, "Epoch 473 Step 72": 2.878156900405884, "Epoch 473 Step 73": 2.890509843826294, "Epoch 473 Step 74": 2.8951239585876465, "Epoch 473 Step 75": 2.880392551422119, "Epoch 473 Step 76": 2.8766210079193115, "Epoch 473 Step 77": 2.887084484100342, "Epoch 473 Step 78": 2.8916001319885254, "Epoch 473 Step 79": 2.881002902984619, "Epoch 473 Step 80": 2.8818559646606445, "Epoch 473 Step 81": 2.877685546875, "Epoch 473 Step 82": 2.887425422668457, "Epoch 473 Step 83": 2.874013900756836, "Epoch 473 Step 84": 2.885448694229126, "Epoch 473 Step 85": 2.879563331604004, "Epoch 473 Step 86": 2.8830113410949707, "Epoch 473 Step 87": 2.8849174976348877, "Epoch 473 Step 88": 2.871246814727783, "Epoch 473 Step 89": 2.8847134113311768}