{"Epoch 633 Step 0": 2.8879404067993164, "Epoch 633 Step 1": 2.880171298980713, "Epoch 633 Step 2": 2.8790717124938965, "Epoch 633 Step 3": 2.877939462661743, "Epoch 633 Step 4": 2.8771026134490967, "Epoch 633 Step 5": 2.8878467082977295, "Epoch 633 Step 6": 2.8742289543151855, "Epoch 633 Step 7": 2.891428232192993, "Epoch 633 Step 8": 2.8709049224853516, "Epoch 633 Step 9": 2.8750133514404297, "Epoch 633 Step 10": 2.8796310424804688, "Epoch 633 Step 11": 2.867814064025879, "Epoch 633 Step 12": 2.8880605697631836, "Epoch 633 Step 13": 2.881916046142578, "Epoch 633 Step 14": 2.887136220932007, "Epoch 633 Step 15": 2.8930463790893555, "Epoch 633 Step 16": 2.886845350265503, "Epoch 633 Step 17": 2.8797407150268555, "Epoch 633 Step 18": 2.8848061561584473, "Epoch 633 Step 19": 2.8946328163146973, "Epoch 633 Step 20": 2.8955013751983643, "Epoch 633 Step 21": 2.893873929977417, "Epoch 633 Step 22": 2.8878448009490967, "Epoch 633 Step 23": 2.8862364292144775, "Epoch 633 Step 24": 2.8840293884277344, "Epoch 633 Step 25": 2.907879114151001, "Epoch 633 Step 26": 2.898146152496338, "Epoch 633 Step 27": 2.9021236896514893, "Epoch 633 Step 28": 2.8764121532440186, "Epoch 633 Step 29": 2.888469696044922, "Epoch 633 Step 30": 2.892616033554077, "Epoch 633 Step 31": 2.8749029636383057, "Epoch 633 Step 32": 2.886626958847046, "Epoch 633 Step 33": 2.8873965740203857, "Epoch 633 Step 34": 2.8924472332000732, "Epoch 633 Step 35": 2.895996332168579, "Epoch 633 Step 36": 2.8818602561950684, "Epoch 633 Step 37": 2.893371820449829, "Epoch 633 Step 38": 2.878919839859009, "Epoch 633 Step 39": 2.88577938079834, "Epoch 633 Step 40": 2.8778369426727295, "Epoch 633 Step 41": 2.891056537628174, "Epoch 633 Step 42": 2.877561330795288, "Epoch 633 Step 43": 2.883150100708008, "Epoch 633 Step 44": 2.8882482051849365, "Epoch 633 Step 45": 2.872910737991333, "Epoch 633 Step 46": 2.871558666229248, "Epoch 633 Step 47": 2.8717076778411865, "Epoch 633 Step 48": 2.889127492904663, "Epoch 633 Step 49": 2.8833694458007812, "Epoch 633 Step 50": 2.8780136108398438, "Epoch 633 Step 51": 2.889504909515381, "Epoch 633 Step 52": 2.8947975635528564, "Epoch 633 Step 53": 2.8814494609832764, "Epoch 633 Step 54": 2.878741979598999, "Epoch 633 Step 55": 2.8867318630218506, "Epoch 633 Step 56": 2.8914687633514404, "Epoch 633 Step 57": 2.8801023960113525, "Epoch 633 Step 58": 2.8809311389923096, "Epoch 633 Step 59": 2.8770029544830322, "Epoch 633 Step 60": 2.887864828109741, "Epoch 633 Step 61": 2.8740174770355225, "Epoch 633 Step 62": 2.8853347301483154, "Epoch 633 Step 63": 2.8792524337768555, "Epoch 633 Step 64": 2.883185386657715, "Epoch 633 Step 65": 2.884780168533325, "Epoch 633 Step 66": 2.8712384700775146, "Epoch 633 Step 67": 2.8847320079803467, "Epoch 633 Step 68": 2.887454032897949, "Epoch 633 Step 69": 2.8856403827667236, "Epoch 633 Step 70": 2.8891189098358154, "Epoch 633 Step 71": 2.8848960399627686, "Epoch 633 Step 72": 2.8724944591522217, "Epoch 633 Step 73": 2.881354331970215, "Epoch 633 Step 74": 2.877159833908081, "Epoch 633 Step 75": 2.8825957775115967, "Epoch 633 Step 76": 2.883317708969116, "Epoch 633 Step 77": 2.890625, "Epoch 633 Step 78": 2.885035514831543, "Epoch 633 Step 79": 2.8856730461120605, "Epoch 633 Step 80": 2.8821868896484375, "Epoch 633 Step 81": 2.874756097793579, "Epoch 633 Step 82": 2.880388021469116, "Epoch 633 Step 83": 2.8938822746276855, "Epoch 633 Step 84": 2.887629508972168, "Epoch 633 Step 85": 2.8737127780914307, "Epoch 633 Step 86": 2.8899121284484863, "Epoch 633 Step 87": 2.882655382156372, "Epoch 633 Step 88": 2.875187397003174, "Epoch 633 Step 89": 2.8714280128479004}