{"Epoch 295 Step 0": 2.8847827911376953, "Epoch 295 Step 1": 2.8851470947265625, "Epoch 295 Step 2": 2.8810689449310303, "Epoch 295 Step 3": 2.875197410583496, "Epoch 295 Step 4": 2.8787903785705566, "Epoch 295 Step 5": 2.8925390243530273, "Epoch 295 Step 6": 2.887254476547241, "Epoch 295 Step 7": 2.8746001720428467, "Epoch 295 Step 8": 2.8907546997070312, "Epoch 295 Step 9": 2.8812637329101562, "Epoch 295 Step 10": 2.8752946853637695, "Epoch 295 Step 11": 2.8699772357940674, "Epoch 295 Step 12": 2.881577730178833, "Epoch 295 Step 13": 2.887620449066162, "Epoch 295 Step 14": 2.8802812099456787, "Epoch 295 Step 15": 2.877863645553589, "Epoch 295 Step 16": 2.87823486328125, "Epoch 295 Step 17": 2.875941038131714, "Epoch 295 Step 18": 2.8871710300445557, "Epoch 295 Step 19": 2.873871088027954, "Epoch 295 Step 20": 2.89132022857666, "Epoch 295 Step 21": 2.871800661087036, "Epoch 295 Step 22": 2.8741567134857178, "Epoch 295 Step 23": 2.8800110816955566, "Epoch 295 Step 24": 2.86702561378479, "Epoch 295 Step 25": 2.8863492012023926, "Epoch 295 Step 26": 2.881155252456665, "Epoch 295 Step 27": 2.885911226272583, "Epoch 295 Step 28": 2.8925063610076904, "Epoch 295 Step 29": 2.885309934616089, "Epoch 295 Step 30": 2.8779077529907227, "Epoch 295 Step 31": 2.8842358589172363, "Epoch 295 Step 32": 2.8943142890930176, "Epoch 295 Step 33": 2.8933868408203125, "Epoch 295 Step 34": 2.8929240703582764, "Epoch 295 Step 35": 2.887683629989624, "Epoch 295 Step 36": 2.885942220687866, "Epoch 295 Step 37": 2.883165121078491, "Epoch 295 Step 38": 2.9041051864624023, "Epoch 295 Step 39": 2.8980228900909424, "Epoch 295 Step 40": 2.8968513011932373, "Epoch 295 Step 41": 2.8761236667633057, "Epoch 295 Step 42": 2.8897271156311035, "Epoch 295 Step 43": 2.8935205936431885, "Epoch 295 Step 44": 2.875056505203247, "Epoch 295 Step 45": 2.886979341506958, "Epoch 295 Step 46": 2.8869435787200928, "Epoch 295 Step 47": 2.8913772106170654, "Epoch 295 Step 48": 2.8955447673797607, "Epoch 295 Step 49": 2.881126880645752, "Epoch 295 Step 50": 2.89258074760437, "Epoch 295 Step 51": 2.878509998321533, "Epoch 295 Step 52": 2.8848249912261963, "Epoch 295 Step 53": 2.877753734588623, "Epoch 295 Step 54": 2.8919975757598877, "Epoch 295 Step 55": 2.8778040409088135, "Epoch 295 Step 56": 2.8825769424438477, "Epoch 295 Step 57": 2.8882029056549072, "Epoch 295 Step 58": 2.872645854949951, "Epoch 295 Step 59": 2.8712289333343506, "Epoch 295 Step 60": 2.872166395187378, "Epoch 295 Step 61": 2.888218879699707, "Epoch 295 Step 62": 2.882622718811035, "Epoch 295 Step 63": 2.877143621444702, "Epoch 295 Step 64": 2.889639139175415, "Epoch 295 Step 65": 2.8956925868988037, "Epoch 295 Step 66": 2.8806796073913574, "Epoch 295 Step 67": 2.8762574195861816, "Epoch 295 Step 68": 2.8868539333343506, "Epoch 295 Step 69": 2.8908443450927734, "Epoch 295 Step 70": 2.8811051845550537, "Epoch 295 Step 71": 2.881849527359009, "Epoch 295 Step 72": 2.877023696899414, "Epoch 295 Step 73": 2.8879406452178955, "Epoch 295 Step 74": 2.873668909072876, "Epoch 295 Step 75": 2.8851280212402344, "Epoch 295 Step 76": 2.87894344329834, "Epoch 295 Step 77": 2.8825876712799072, "Epoch 295 Step 78": 2.884951114654541, "Epoch 295 Step 79": 2.8702943325042725, "Epoch 295 Step 80": 2.884265899658203, "Epoch 295 Step 81": 2.887733221054077, "Epoch 295 Step 82": 2.884725570678711, "Epoch 295 Step 83": 2.888254404067993, "Epoch 295 Step 84": 2.8835551738739014, "Epoch 295 Step 85": 2.8720192909240723, "Epoch 295 Step 86": 2.8798413276672363, "Epoch 295 Step 87": 2.876399517059326, "Epoch 295 Step 88": 2.8820388317108154, "Epoch 295 Step 89": 2.8830153942108154}