{"Epoch 904 Step 0": 2.8794424533843994, "Epoch 904 Step 1": 2.878361701965332, "Epoch 904 Step 2": 2.8763723373413086, "Epoch 904 Step 3": 2.8879430294036865, "Epoch 904 Step 4": 2.8742358684539795, "Epoch 904 Step 5": 2.8909366130828857, "Epoch 904 Step 6": 2.8715455532073975, "Epoch 904 Step 7": 2.8744356632232666, "Epoch 904 Step 8": 2.8795199394226074, "Epoch 904 Step 9": 2.867842435836792, "Epoch 904 Step 10": 2.886859178543091, "Epoch 904 Step 11": 2.881394624710083, "Epoch 904 Step 12": 2.8872504234313965, "Epoch 904 Step 13": 2.8932464122772217, "Epoch 904 Step 14": 2.8859448432922363, "Epoch 904 Step 15": 2.878185987472534, "Epoch 904 Step 16": 2.884801149368286, "Epoch 904 Step 17": 2.8950350284576416, "Epoch 904 Step 18": 2.894183397293091, "Epoch 904 Step 19": 2.892892360687256, "Epoch 904 Step 20": 2.8875317573547363, "Epoch 904 Step 21": 2.886624574661255, "Epoch 904 Step 22": 2.883249282836914, "Epoch 904 Step 23": 2.9043190479278564, "Epoch 904 Step 24": 2.900127410888672, "Epoch 904 Step 25": 2.8995449542999268, "Epoch 904 Step 26": 2.875986337661743, "Epoch 904 Step 27": 2.8886351585388184, "Epoch 904 Step 28": 2.8932690620422363, "Epoch 904 Step 29": 2.8753387928009033, "Epoch 904 Step 30": 2.8864047527313232, "Epoch 904 Step 31": 2.8869452476501465, "Epoch 904 Step 32": 2.892876386642456, "Epoch 904 Step 33": 2.8976008892059326, "Epoch 904 Step 34": 2.8820574283599854, "Epoch 904 Step 35": 2.8920738697052, "Epoch 904 Step 36": 2.879615068435669, "Epoch 904 Step 37": 2.88651180267334, "Epoch 904 Step 38": 2.8791885375976562, "Epoch 904 Step 39": 2.8940093517303467, "Epoch 904 Step 40": 2.878697156906128, "Epoch 904 Step 41": 2.8828248977661133, "Epoch 904 Step 42": 2.8888802528381348, "Epoch 904 Step 43": 2.873340129852295, "Epoch 904 Step 44": 2.872464895248413, "Epoch 904 Step 45": 2.8721816539764404, "Epoch 904 Step 46": 2.888794183731079, "Epoch 904 Step 47": 2.882768392562866, "Epoch 904 Step 48": 2.8789584636688232, "Epoch 904 Step 49": 2.89007568359375, "Epoch 904 Step 50": 2.895657539367676, "Epoch 904 Step 51": 2.880997896194458, "Epoch 904 Step 52": 2.8777318000793457, "Epoch 904 Step 53": 2.887460708618164, "Epoch 904 Step 54": 2.8919105529785156, "Epoch 904 Step 55": 2.880854368209839, "Epoch 904 Step 56": 2.8823747634887695, "Epoch 904 Step 57": 2.877488374710083, "Epoch 904 Step 58": 2.888310194015503, "Epoch 904 Step 59": 2.873680591583252, "Epoch 904 Step 60": 2.88543963432312, "Epoch 904 Step 61": 2.8793563842773438, "Epoch 904 Step 62": 2.883361577987671, "Epoch 904 Step 63": 2.8854219913482666, "Epoch 904 Step 64": 2.8713481426239014, "Epoch 904 Step 65": 2.885708808898926, "Epoch 904 Step 66": 2.888339042663574, "Epoch 904 Step 67": 2.885812520980835, "Epoch 904 Step 68": 2.889348030090332, "Epoch 904 Step 69": 2.8844692707061768, "Epoch 904 Step 70": 2.8721580505371094, "Epoch 904 Step 71": 2.881535530090332, "Epoch 904 Step 72": 2.8767731189727783, "Epoch 904 Step 73": 2.882262945175171, "Epoch 904 Step 74": 2.8836090564727783, "Epoch 904 Step 75": 2.8909294605255127, "Epoch 904 Step 76": 2.884866952896118, "Epoch 904 Step 77": 2.886028528213501, "Epoch 904 Step 78": 2.8820910453796387, "Epoch 904 Step 79": 2.875683069229126, "Epoch 904 Step 80": 2.8795454502105713, "Epoch 904 Step 81": 2.894415855407715, "Epoch 904 Step 82": 2.8883702754974365, "Epoch 904 Step 83": 2.874178171157837, "Epoch 904 Step 84": 2.8905630111694336, "Epoch 904 Step 85": 2.8824961185455322, "Epoch 904 Step 86": 2.8759641647338867, "Epoch 904 Step 87": 2.873147964477539, "Epoch 904 Step 88": 2.8819048404693604, "Epoch 904 Step 89": 2.887629508972168}