{"Epoch 40 Step 0": 2.887200355529785, "Epoch 40 Step 1": 2.8831114768981934, "Epoch 40 Step 2": 2.8712573051452637, "Epoch 40 Step 3": 2.8786001205444336, "Epoch 40 Step 4": 2.875957489013672, "Epoch 40 Step 5": 2.882411003112793, "Epoch 40 Step 6": 2.879739999771118, "Epoch 40 Step 7": 2.888085126876831, "Epoch 40 Step 8": 2.8847451210021973, "Epoch 40 Step 9": 2.884065866470337, "Epoch 40 Step 10": 2.8797168731689453, "Epoch 40 Step 11": 2.8738415241241455, "Epoch 40 Step 12": 2.87777042388916, "Epoch 40 Step 13": 2.8920633792877197, "Epoch 40 Step 14": 2.887253522872925, "Epoch 40 Step 15": 2.872246742248535, "Epoch 40 Step 16": 2.888615131378174, "Epoch 40 Step 17": 2.880833864212036, "Epoch 40 Step 18": 2.8738386631011963, "Epoch 40 Step 19": 2.8700568675994873, "Epoch 40 Step 20": 2.8803791999816895, "Epoch 40 Step 21": 2.885789394378662, "Epoch 40 Step 22": 2.878169298171997, "Epoch 40 Step 23": 2.878051519393921, "Epoch 40 Step 24": 2.877598524093628, "Epoch 40 Step 25": 2.8751232624053955, "Epoch 40 Step 26": 2.886571168899536, "Epoch 40 Step 27": 2.8704278469085693, "Epoch 40 Step 28": 2.888568878173828, "Epoch 40 Step 29": 2.8706817626953125, "Epoch 40 Step 30": 2.8736307621002197, "Epoch 40 Step 31": 2.8781135082244873, "Epoch 40 Step 32": 2.8664450645446777, "Epoch 40 Step 33": 2.88525652885437, "Epoch 40 Step 34": 2.8806042671203613, "Epoch 40 Step 35": 2.884424924850464, "Epoch 40 Step 36": 2.8916053771972656, "Epoch 40 Step 37": 2.8858251571655273, "Epoch 40 Step 38": 2.877086639404297, "Epoch 40 Step 39": 2.883639097213745, "Epoch 40 Step 40": 2.893950939178467, "Epoch 40 Step 41": 2.8940494060516357, "Epoch 40 Step 42": 2.890939712524414, "Epoch 40 Step 43": 2.8867478370666504, "Epoch 40 Step 44": 2.8857226371765137, "Epoch 40 Step 45": 2.8809831142425537, "Epoch 40 Step 46": 2.9043638706207275, "Epoch 40 Step 47": 2.8974380493164062, "Epoch 40 Step 48": 2.8944122791290283, "Epoch 40 Step 49": 2.87515926361084, "Epoch 40 Step 50": 2.8890633583068848, "Epoch 40 Step 51": 2.8915374279022217, "Epoch 40 Step 52": 2.8739078044891357, "Epoch 40 Step 53": 2.8856420516967773, "Epoch 40 Step 54": 2.885892152786255, "Epoch 40 Step 55": 2.8903820514678955, "Epoch 40 Step 56": 2.8948895931243896, "Epoch 40 Step 57": 2.8809099197387695, "Epoch 40 Step 58": 2.8922622203826904, "Epoch 40 Step 59": 2.8757095336914062, "Epoch 40 Step 60": 2.883993625640869, "Epoch 40 Step 61": 2.875786304473877, "Epoch 40 Step 62": 2.890444040298462, "Epoch 40 Step 63": 2.876044988632202, "Epoch 40 Step 64": 2.88122820854187, "Epoch 40 Step 65": 2.8880503177642822, "Epoch 40 Step 66": 2.8719241619110107, "Epoch 40 Step 67": 2.8715577125549316, "Epoch 40 Step 68": 2.8709917068481445, "Epoch 40 Step 69": 2.887089729309082, "Epoch 40 Step 70": 2.8806676864624023, "Epoch 40 Step 71": 2.875222682952881, "Epoch 40 Step 72": 2.8898086547851562, "Epoch 40 Step 73": 2.8951807022094727, "Epoch 40 Step 74": 2.879502534866333, "Epoch 40 Step 75": 2.8759214878082275, "Epoch 40 Step 76": 2.886225700378418, "Epoch 40 Step 77": 2.8898892402648926, "Epoch 40 Step 78": 2.8800482749938965, "Epoch 40 Step 79": 2.881182909011841, "Epoch 40 Step 80": 2.8758203983306885, "Epoch 40 Step 81": 2.886672019958496, "Epoch 40 Step 82": 2.8724441528320312, "Epoch 40 Step 83": 2.883976697921753, "Epoch 40 Step 84": 2.8785922527313232, "Epoch 40 Step 85": 2.8812217712402344, "Epoch 40 Step 86": 2.8838772773742676, "Epoch 40 Step 87": 2.8698363304138184, "Epoch 40 Step 88": 2.8843538761138916, "Epoch 40 Step 89": 2.8861193656921387}