{"Epoch 177 Step 0": 2.8833067417144775, "Epoch 177 Step 1": 2.891944646835327, "Epoch 177 Step 2": 2.8848330974578857, "Epoch 177 Step 3": 2.8767430782318115, "Epoch 177 Step 4": 2.8830032348632812, "Epoch 177 Step 5": 2.8937902450561523, "Epoch 177 Step 6": 2.893740177154541, "Epoch 177 Step 7": 2.8918280601501465, "Epoch 177 Step 8": 2.886653184890747, "Epoch 177 Step 9": 2.8855643272399902, "Epoch 177 Step 10": 2.8830466270446777, "Epoch 177 Step 11": 2.902462959289551, "Epoch 177 Step 12": 2.900347948074341, "Epoch 177 Step 13": 2.8988330364227295, "Epoch 177 Step 14": 2.875150442123413, "Epoch 177 Step 15": 2.8876962661743164, "Epoch 177 Step 16": 2.8921849727630615, "Epoch 177 Step 17": 2.873880386352539, "Epoch 177 Step 18": 2.8849141597747803, "Epoch 177 Step 19": 2.8866934776306152, "Epoch 177 Step 20": 2.891122341156006, "Epoch 177 Step 21": 2.895545244216919, "Epoch 177 Step 22": 2.8797767162323, "Epoch 177 Step 23": 2.891118049621582, "Epoch 177 Step 24": 2.8770058155059814, "Epoch 177 Step 25": 2.885368824005127, "Epoch 177 Step 26": 2.8772010803222656, "Epoch 177 Step 27": 2.890042781829834, "Epoch 177 Step 28": 2.8750693798065186, "Epoch 177 Step 29": 2.8811681270599365, "Epoch 177 Step 30": 2.88672137260437, "Epoch 177 Step 31": 2.871980667114258, "Epoch 177 Step 32": 2.8703765869140625, "Epoch 177 Step 33": 2.8712642192840576, "Epoch 177 Step 34": 2.886432409286499, "Epoch 177 Step 35": 2.8806772232055664, "Epoch 177 Step 36": 2.8763351440429688, "Epoch 177 Step 37": 2.8898987770080566, "Epoch 177 Step 38": 2.893132448196411, "Epoch 177 Step 39": 2.8786025047302246, "Epoch 177 Step 40": 2.8752636909484863, "Epoch 177 Step 41": 2.8855957984924316, "Epoch 177 Step 42": 2.88995361328125, "Epoch 177 Step 43": 2.8787777423858643, "Epoch 177 Step 44": 2.880554437637329, "Epoch 177 Step 45": 2.8754565715789795, "Epoch 177 Step 46": 2.8856184482574463, "Epoch 177 Step 47": 2.872415781021118, "Epoch 177 Step 48": 2.884037494659424, "Epoch 177 Step 49": 2.876901865005493, "Epoch 177 Step 50": 2.881924629211426, "Epoch 177 Step 51": 2.8819727897644043, "Epoch 177 Step 52": 2.868868350982666, "Epoch 177 Step 53": 2.882612705230713, "Epoch 177 Step 54": 2.885936737060547, "Epoch 177 Step 55": 2.8835508823394775, "Epoch 177 Step 56": 2.8868532180786133, "Epoch 177 Step 57": 2.882662057876587, "Epoch 177 Step 58": 2.8712003231048584, "Epoch 177 Step 59": 2.8793551921844482, "Epoch 177 Step 60": 2.875113010406494, "Epoch 177 Step 61": 2.882047653198242, "Epoch 177 Step 62": 2.880356550216675, "Epoch 177 Step 63": 2.889019012451172, "Epoch 177 Step 64": 2.884340286254883, "Epoch 177 Step 65": 2.883249044418335, "Epoch 177 Step 66": 2.879875898361206, "Epoch 177 Step 67": 2.8747007846832275, "Epoch 177 Step 68": 2.8772358894348145, "Epoch 177 Step 69": 2.891705274581909, "Epoch 177 Step 70": 2.8867597579956055, "Epoch 177 Step 71": 2.8709328174591064, "Epoch 177 Step 72": 2.888223886489868, "Epoch 177 Step 73": 2.8815953731536865, "Epoch 177 Step 74": 2.8737432956695557, "Epoch 177 Step 75": 2.8697845935821533, "Epoch 177 Step 76": 2.8815765380859375, "Epoch 177 Step 77": 2.8862998485565186, "Epoch 177 Step 78": 2.8782029151916504, "Epoch 177 Step 79": 2.8768086433410645, "Epoch 177 Step 80": 2.87727952003479, "Epoch 177 Step 81": 2.8750839233398438, "Epoch 177 Step 82": 2.884655475616455, "Epoch 177 Step 83": 2.8705084323883057, "Epoch 177 Step 84": 2.8897438049316406, "Epoch 177 Step 85": 2.871076822280884, "Epoch 177 Step 86": 2.8718972206115723, "Epoch 177 Step 87": 2.8777408599853516, "Epoch 177 Step 88": 2.867051362991333, "Epoch 177 Step 89": 2.8854422569274902}