{"Epoch 246 Step 0": 2.8813915252685547, "Epoch 246 Step 1": 2.891523838043213, "Epoch 246 Step 2": 2.8790457248687744, "Epoch 246 Step 3": 2.884589910507202, "Epoch 246 Step 4": 2.8774590492248535, "Epoch 246 Step 5": 2.8914401531219482, "Epoch 246 Step 6": 2.877473831176758, "Epoch 246 Step 7": 2.88214111328125, "Epoch 246 Step 8": 2.8884880542755127, "Epoch 246 Step 9": 2.872408866882324, "Epoch 246 Step 10": 2.8711965084075928, "Epoch 246 Step 11": 2.8721399307250977, "Epoch 246 Step 12": 2.887018918991089, "Epoch 246 Step 13": 2.8820619583129883, "Epoch 246 Step 14": 2.8769266605377197, "Epoch 246 Step 15": 2.8891658782958984, "Epoch 246 Step 16": 2.895258665084839, "Epoch 246 Step 17": 2.8801627159118652, "Epoch 246 Step 18": 2.8755109310150146, "Epoch 246 Step 19": 2.887136936187744, "Epoch 246 Step 20": 2.8909950256347656, "Epoch 246 Step 21": 2.8805551528930664, "Epoch 246 Step 22": 2.881455421447754, "Epoch 246 Step 23": 2.8766560554504395, "Epoch 246 Step 24": 2.887407064437866, "Epoch 246 Step 25": 2.8736424446105957, "Epoch 246 Step 26": 2.884852647781372, "Epoch 246 Step 27": 2.879193067550659, "Epoch 246 Step 28": 2.882521629333496, "Epoch 246 Step 29": 2.8845438957214355, "Epoch 246 Step 30": 2.8708083629608154, "Epoch 246 Step 31": 2.884552240371704, "Epoch 246 Step 32": 2.887265920639038, "Epoch 246 Step 33": 2.8844516277313232, "Epoch 246 Step 34": 2.8889875411987305, "Epoch 246 Step 35": 2.8839497566223145, "Epoch 246 Step 36": 2.8719260692596436, "Epoch 246 Step 37": 2.879967212677002, "Epoch 246 Step 38": 2.8772566318511963, "Epoch 246 Step 39": 2.882545232772827, "Epoch 246 Step 40": 2.8817341327667236, "Epoch 246 Step 41": 2.89046573638916, "Epoch 246 Step 42": 2.8843932151794434, "Epoch 246 Step 43": 2.8844552040100098, "Epoch 246 Step 44": 2.8810009956359863, "Epoch 246 Step 45": 2.874770164489746, "Epoch 246 Step 46": 2.8789801597595215, "Epoch 246 Step 47": 2.893244981765747, "Epoch 246 Step 48": 2.88791823387146, "Epoch 246 Step 49": 2.873772621154785, "Epoch 246 Step 50": 2.8899643421173096, "Epoch 246 Step 51": 2.881653308868408, "Epoch 246 Step 52": 2.8746395111083984, "Epoch 246 Step 53": 2.8728256225585938, "Epoch 246 Step 54": 2.881641149520874, "Epoch 246 Step 55": 2.88727068901062, "Epoch 246 Step 56": 2.880485773086548, "Epoch 246 Step 57": 2.8790388107299805, "Epoch 246 Step 58": 2.878657579421997, "Epoch 246 Step 59": 2.876157522201538, "Epoch 246 Step 60": 2.8879306316375732, "Epoch 246 Step 61": 2.874281167984009, "Epoch 246 Step 62": 2.8905742168426514, "Epoch 246 Step 63": 2.871318817138672, "Epoch 246 Step 64": 2.8740756511688232, "Epoch 246 Step 65": 2.8789632320404053, "Epoch 246 Step 66": 2.8674206733703613, "Epoch 246 Step 67": 2.886664867401123, "Epoch 246 Step 68": 2.881312370300293, "Epoch 246 Step 69": 2.8860201835632324, "Epoch 246 Step 70": 2.8922741413116455, "Epoch 246 Step 71": 2.8865175247192383, "Epoch 246 Step 72": 2.8780696392059326, "Epoch 246 Step 73": 2.8842837810516357, "Epoch 246 Step 74": 2.8944880962371826, "Epoch 246 Step 75": 2.8950912952423096, "Epoch 246 Step 76": 2.8926889896392822, "Epoch 246 Step 77": 2.8874588012695312, "Epoch 246 Step 78": 2.886995553970337, "Epoch 246 Step 79": 2.8841052055358887, "Epoch 246 Step 80": 2.904369592666626, "Epoch 246 Step 81": 2.900928497314453, "Epoch 246 Step 82": 2.898566484451294, "Epoch 246 Step 83": 2.8753652572631836, "Epoch 246 Step 84": 2.888258218765259, "Epoch 246 Step 85": 2.893089532852173, "Epoch 246 Step 86": 2.8750431537628174, "Epoch 246 Step 87": 2.8866028785705566, "Epoch 246 Step 88": 2.8870162963867188, "Epoch 246 Step 89": 2.8916847705841064}