{"Epoch 688 Step 0": 2.8825979232788086, "Epoch 688 Step 1": 2.8940699100494385, "Epoch 688 Step 2": 2.8784101009368896, "Epoch 688 Step 3": 2.885509490966797, "Epoch 688 Step 4": 2.8794620037078857, "Epoch 688 Step 5": 2.892932653427124, "Epoch 688 Step 6": 2.878450870513916, "Epoch 688 Step 7": 2.883326292037964, "Epoch 688 Step 8": 2.8889071941375732, "Epoch 688 Step 9": 2.874377727508545, "Epoch 688 Step 10": 2.8720338344573975, "Epoch 688 Step 11": 2.8734774589538574, "Epoch 688 Step 12": 2.888404607772827, "Epoch 688 Step 13": 2.882319450378418, "Epoch 688 Step 14": 2.877331018447876, "Epoch 688 Step 15": 2.8907694816589355, "Epoch 688 Step 16": 2.895209789276123, "Epoch 688 Step 17": 2.879894733428955, "Epoch 688 Step 18": 2.875973701477051, "Epoch 688 Step 19": 2.8877201080322266, "Epoch 688 Step 20": 2.8915085792541504, "Epoch 688 Step 21": 2.880915880203247, "Epoch 688 Step 22": 2.8819539546966553, "Epoch 688 Step 23": 2.8774566650390625, "Epoch 688 Step 24": 2.887707233428955, "Epoch 688 Step 25": 2.8741190433502197, "Epoch 688 Step 26": 2.8854684829711914, "Epoch 688 Step 27": 2.8793554306030273, "Epoch 688 Step 28": 2.882848024368286, "Epoch 688 Step 29": 2.884979009628296, "Epoch 688 Step 30": 2.8714680671691895, "Epoch 688 Step 31": 2.885279655456543, "Epoch 688 Step 32": 2.887364625930786, "Epoch 688 Step 33": 2.885800361633301, "Epoch 688 Step 34": 2.889267921447754, "Epoch 688 Step 35": 2.884613275527954, "Epoch 688 Step 36": 2.8729054927825928, "Epoch 688 Step 37": 2.880836009979248, "Epoch 688 Step 38": 2.876802444458008, "Epoch 688 Step 39": 2.882354736328125, "Epoch 688 Step 40": 2.8836312294006348, "Epoch 688 Step 41": 2.8903608322143555, "Epoch 688 Step 42": 2.884777307510376, "Epoch 688 Step 43": 2.885453462600708, "Epoch 688 Step 44": 2.8812849521636963, "Epoch 688 Step 45": 2.8752877712249756, "Epoch 688 Step 46": 2.87947416305542, "Epoch 688 Step 47": 2.894045829772949, "Epoch 688 Step 48": 2.8880529403686523, "Epoch 688 Step 49": 2.874290704727173, "Epoch 688 Step 50": 2.890716791152954, "Epoch 688 Step 51": 2.882420301437378, "Epoch 688 Step 52": 2.8762094974517822, "Epoch 688 Step 53": 2.8740358352661133, "Epoch 688 Step 54": 2.8818325996398926, "Epoch 688 Step 55": 2.8876142501831055, "Epoch 688 Step 56": 2.881110906600952, "Epoch 688 Step 57": 2.879086971282959, "Epoch 688 Step 58": 2.8787107467651367, "Epoch 688 Step 59": 2.876542806625366, "Epoch 688 Step 60": 2.8879947662353516, "Epoch 688 Step 61": 2.8755791187286377, "Epoch 688 Step 62": 2.8911492824554443, "Epoch 688 Step 63": 2.8717782497406006, "Epoch 688 Step 64": 2.8749048709869385, "Epoch 688 Step 65": 2.8786215782165527, "Epoch 688 Step 66": 2.8676388263702393, "Epoch 688 Step 67": 2.887660026550293, "Epoch 688 Step 68": 2.881793737411499, "Epoch 688 Step 69": 2.887141466140747, "Epoch 688 Step 70": 2.892703056335449, "Epoch 688 Step 71": 2.886354923248291, "Epoch 688 Step 72": 2.8798160552978516, "Epoch 688 Step 73": 2.885571241378784, "Epoch 688 Step 74": 2.8948373794555664, "Epoch 688 Step 75": 2.893857717514038, "Epoch 688 Step 76": 2.89333176612854, "Epoch 688 Step 77": 2.8876101970672607, "Epoch 688 Step 78": 2.8858542442321777, "Epoch 688 Step 79": 2.8819849491119385, "Epoch 688 Step 80": 2.9044368267059326, "Epoch 688 Step 81": 2.899695634841919, "Epoch 688 Step 82": 2.897472620010376, "Epoch 688 Step 83": 2.875994920730591, "Epoch 688 Step 84": 2.888819932937622, "Epoch 688 Step 85": 2.893341541290283, "Epoch 688 Step 86": 2.875549077987671, "Epoch 688 Step 87": 2.8865160942077637, "Epoch 688 Step 88": 2.886545419692993, "Epoch 688 Step 89": 2.8915951251983643}