{"Epoch 680 Step 0": 2.8888771533966064, "Epoch 680 Step 1": 2.8737354278564453, "Epoch 680 Step 2": 2.872197151184082, "Epoch 680 Step 3": 2.872307538986206, "Epoch 680 Step 4": 2.8882031440734863, "Epoch 680 Step 5": 2.881779909133911, "Epoch 680 Step 6": 2.8777058124542236, "Epoch 680 Step 7": 2.89039945602417, "Epoch 680 Step 8": 2.8955447673797607, "Epoch 680 Step 9": 2.880878448486328, "Epoch 680 Step 10": 2.875741958618164, "Epoch 680 Step 11": 2.8873867988586426, "Epoch 680 Step 12": 2.891571044921875, "Epoch 680 Step 13": 2.8808727264404297, "Epoch 680 Step 14": 2.8819258213043213, "Epoch 680 Step 15": 2.877577304840088, "Epoch 680 Step 16": 2.8876752853393555, "Epoch 680 Step 17": 2.8738248348236084, "Epoch 680 Step 18": 2.8855223655700684, "Epoch 680 Step 19": 2.879639148712158, "Epoch 680 Step 20": 2.8832504749298096, "Epoch 680 Step 21": 2.8849551677703857, "Epoch 680 Step 22": 2.871143102645874, "Epoch 680 Step 23": 2.884874105453491, "Epoch 680 Step 24": 2.88761830329895, "Epoch 680 Step 25": 2.8862149715423584, "Epoch 680 Step 26": 2.889265537261963, "Epoch 680 Step 27": 2.8841772079467773, "Epoch 680 Step 28": 2.8724958896636963, "Epoch 680 Step 29": 2.8813185691833496, "Epoch 680 Step 30": 2.8772902488708496, "Epoch 680 Step 31": 2.882894992828369, "Epoch 680 Step 32": 2.8831019401550293, "Epoch 680 Step 33": 2.8902344703674316, "Epoch 680 Step 34": 2.8847362995147705, "Epoch 680 Step 35": 2.8851189613342285, "Epoch 680 Step 36": 2.8811445236206055, "Epoch 680 Step 37": 2.8755006790161133, "Epoch 680 Step 38": 2.879458427429199, "Epoch 680 Step 39": 2.894221782684326, "Epoch 680 Step 40": 2.888200521469116, "Epoch 680 Step 41": 2.873969554901123, "Epoch 680 Step 42": 2.8903443813323975, "Epoch 680 Step 43": 2.8827242851257324, "Epoch 680 Step 44": 2.8755815029144287, "Epoch 680 Step 45": 2.8728857040405273, "Epoch 680 Step 46": 2.8820996284484863, "Epoch 680 Step 47": 2.8877086639404297, "Epoch 680 Step 48": 2.880568504333496, "Epoch 680 Step 49": 2.879138469696045, "Epoch 680 Step 50": 2.8785195350646973, "Epoch 680 Step 51": 2.8764467239379883, "Epoch 680 Step 52": 2.88812255859375, "Epoch 680 Step 53": 2.8745923042297363, "Epoch 680 Step 54": 2.8909831047058105, "Epoch 680 Step 55": 2.871424436569214, "Epoch 680 Step 56": 2.8741207122802734, "Epoch 680 Step 57": 2.880098581314087, "Epoch 680 Step 58": 2.8685014247894287, "Epoch 680 Step 59": 2.8869261741638184, "Epoch 680 Step 60": 2.881516456604004, "Epoch 680 Step 61": 2.8867249488830566, "Epoch 680 Step 62": 2.8927602767944336, "Epoch 680 Step 63": 2.8863377571105957, "Epoch 680 Step 64": 2.878655195236206, "Epoch 680 Step 65": 2.8844873905181885, "Epoch 680 Step 66": 2.8957295417785645, "Epoch 680 Step 67": 2.895050287246704, "Epoch 680 Step 68": 2.892984390258789, "Epoch 680 Step 69": 2.888883352279663, "Epoch 680 Step 70": 2.8878066539764404, "Epoch 680 Step 71": 2.8874146938323975, "Epoch 680 Step 72": 2.9070322513580322, "Epoch 680 Step 73": 2.900984525680542, "Epoch 680 Step 74": 2.899661064147949, "Epoch 680 Step 75": 2.8754844665527344, "Epoch 680 Step 76": 2.888484239578247, "Epoch 680 Step 77": 2.8940253257751465, "Epoch 680 Step 78": 2.875309705734253, "Epoch 680 Step 79": 2.8863277435302734, "Epoch 680 Step 80": 2.887009382247925, "Epoch 680 Step 81": 2.891315221786499, "Epoch 680 Step 82": 2.896210193634033, "Epoch 680 Step 83": 2.8829076290130615, "Epoch 680 Step 84": 2.8949153423309326, "Epoch 680 Step 85": 2.8787384033203125, "Epoch 680 Step 86": 2.8855137825012207, "Epoch 680 Step 87": 2.8780529499053955, "Epoch 680 Step 88": 2.8917932510375977, "Epoch 680 Step 89": 2.878081798553467}