{"Epoch 47 Step 0": 2.878565549850464, "Epoch 47 Step 1": 2.882594108581543, "Epoch 47 Step 2": 2.8844611644744873, "Epoch 47 Step 3": 2.8699936866760254, "Epoch 47 Step 4": 2.885014772415161, "Epoch 47 Step 5": 2.8870999813079834, "Epoch 47 Step 6": 2.8842644691467285, "Epoch 47 Step 7": 2.888742208480835, "Epoch 47 Step 8": 2.8834280967712402, "Epoch 47 Step 9": 2.871890068054199, "Epoch 47 Step 10": 2.8795361518859863, "Epoch 47 Step 11": 2.876715898513794, "Epoch 47 Step 12": 2.882537841796875, "Epoch 47 Step 13": 2.8814454078674316, "Epoch 47 Step 14": 2.8888585567474365, "Epoch 47 Step 15": 2.8845202922821045, "Epoch 47 Step 16": 2.8850345611572266, "Epoch 47 Step 17": 2.8804030418395996, "Epoch 47 Step 18": 2.87298321723938, "Epoch 47 Step 19": 2.8775978088378906, "Epoch 47 Step 20": 2.8918657302856445, "Epoch 47 Step 21": 2.88808536529541, "Epoch 47 Step 22": 2.8728084564208984, "Epoch 47 Step 23": 2.8894870281219482, "Epoch 47 Step 24": 2.8809621334075928, "Epoch 47 Step 25": 2.874635934829712, "Epoch 47 Step 26": 2.8702425956726074, "Epoch 47 Step 27": 2.880760669708252, "Epoch 47 Step 28": 2.8879451751708984, "Epoch 47 Step 29": 2.8794379234313965, "Epoch 47 Step 30": 2.8785111904144287, "Epoch 47 Step 31": 2.8781228065490723, "Epoch 47 Step 32": 2.874971628189087, "Epoch 47 Step 33": 2.8865175247192383, "Epoch 47 Step 34": 2.873016595840454, "Epoch 47 Step 35": 2.889887809753418, "Epoch 47 Step 36": 2.8704476356506348, "Epoch 47 Step 37": 2.8730618953704834, "Epoch 47 Step 38": 2.878021717071533, "Epoch 47 Step 39": 2.8668317794799805, "Epoch 47 Step 40": 2.886760711669922, "Epoch 47 Step 41": 2.8809475898742676, "Epoch 47 Step 42": 2.884490966796875, "Epoch 47 Step 43": 2.891205072402954, "Epoch 47 Step 44": 2.8855838775634766, "Epoch 47 Step 45": 2.877727508544922, "Epoch 47 Step 46": 2.8840723037719727, "Epoch 47 Step 47": 2.8942270278930664, "Epoch 47 Step 48": 2.8929176330566406, "Epoch 47 Step 49": 2.8910157680511475, "Epoch 47 Step 50": 2.886885404586792, "Epoch 47 Step 51": 2.885493516921997, "Epoch 47 Step 52": 2.8820297718048096, "Epoch 47 Step 53": 2.904759645462036, "Epoch 47 Step 54": 2.898153781890869, "Epoch 47 Step 55": 2.89530873298645, "Epoch 47 Step 56": 2.8749020099639893, "Epoch 47 Step 57": 2.888439893722534, "Epoch 47 Step 58": 2.891782283782959, "Epoch 47 Step 59": 2.874288558959961, "Epoch 47 Step 60": 2.885620594024658, "Epoch 47 Step 61": 2.886000633239746, "Epoch 47 Step 62": 2.89037823677063, "Epoch 47 Step 63": 2.895639657974243, "Epoch 47 Step 64": 2.882030487060547, "Epoch 47 Step 65": 2.8936941623687744, "Epoch 47 Step 66": 2.876760244369507, "Epoch 47 Step 67": 2.883882522583008, "Epoch 47 Step 68": 2.8766696453094482, "Epoch 47 Step 69": 2.8910014629364014, "Epoch 47 Step 70": 2.877279281616211, "Epoch 47 Step 71": 2.8820881843566895, "Epoch 47 Step 72": 2.8882217407226562, "Epoch 47 Step 73": 2.8721041679382324, "Epoch 47 Step 74": 2.871591329574585, "Epoch 47 Step 75": 2.8709921836853027, "Epoch 47 Step 76": 2.8869645595550537, "Epoch 47 Step 77": 2.8805277347564697, "Epoch 47 Step 78": 2.876124143600464, "Epoch 47 Step 79": 2.8899595737457275, "Epoch 47 Step 80": 2.8955576419830322, "Epoch 47 Step 81": 2.879991054534912, "Epoch 47 Step 82": 2.875664472579956, "Epoch 47 Step 83": 2.8865139484405518, "Epoch 47 Step 84": 2.890733242034912, "Epoch 47 Step 85": 2.8805348873138428, "Epoch 47 Step 86": 2.8817107677459717, "Epoch 47 Step 87": 2.8776769638061523, "Epoch 47 Step 88": 2.8870716094970703, "Epoch 47 Step 89": 2.8726978302001953}