{"Epoch 701 Step 0": 2.885998010635376, "Epoch 701 Step 1": 2.8830349445343018, "Epoch 701 Step 2": 2.9049010276794434, "Epoch 701 Step 3": 2.8988776206970215, "Epoch 701 Step 4": 2.8977339267730713, "Epoch 701 Step 5": 2.8780548572540283, "Epoch 701 Step 6": 2.8910341262817383, "Epoch 701 Step 7": 2.892648935317993, "Epoch 701 Step 8": 2.874361753463745, "Epoch 701 Step 9": 2.8872878551483154, "Epoch 701 Step 10": 2.887779712677002, "Epoch 701 Step 11": 2.8926150798797607, "Epoch 701 Step 12": 2.8957326412200928, "Epoch 701 Step 13": 2.8814620971679688, "Epoch 701 Step 14": 2.892789363861084, "Epoch 701 Step 15": 2.8786113262176514, "Epoch 701 Step 16": 2.8848307132720947, "Epoch 701 Step 17": 2.877836227416992, "Epoch 701 Step 18": 2.8919644355773926, "Epoch 701 Step 19": 2.8780853748321533, "Epoch 701 Step 20": 2.882927894592285, "Epoch 701 Step 21": 2.8885724544525146, "Epoch 701 Step 22": 2.873074531555176, "Epoch 701 Step 23": 2.8720452785491943, "Epoch 701 Step 24": 2.8724265098571777, "Epoch 701 Step 25": 2.8884153366088867, "Epoch 701 Step 26": 2.881783962249756, "Epoch 701 Step 27": 2.878213405609131, "Epoch 701 Step 28": 2.8901143074035645, "Epoch 701 Step 29": 2.895735263824463, "Epoch 701 Step 30": 2.8811750411987305, "Epoch 701 Step 31": 2.8753771781921387, "Epoch 701 Step 32": 2.888270854949951, "Epoch 701 Step 33": 2.8925817012786865, "Epoch 701 Step 34": 2.8802850246429443, "Epoch 701 Step 35": 2.881118059158325, "Epoch 701 Step 36": 2.877542495727539, "Epoch 701 Step 37": 2.887432336807251, "Epoch 701 Step 38": 2.873826026916504, "Epoch 701 Step 39": 2.885354518890381, "Epoch 701 Step 40": 2.8792529106140137, "Epoch 701 Step 41": 2.882535457611084, "Epoch 701 Step 42": 2.8846402168273926, "Epoch 701 Step 43": 2.871429443359375, "Epoch 701 Step 44": 2.8853845596313477, "Epoch 701 Step 45": 2.8873090744018555, "Epoch 701 Step 46": 2.8861522674560547, "Epoch 701 Step 47": 2.889444589614868, "Epoch 701 Step 48": 2.88456130027771, "Epoch 701 Step 49": 2.872184991836548, "Epoch 701 Step 50": 2.8813109397888184, "Epoch 701 Step 51": 2.8775815963745117, "Epoch 701 Step 52": 2.8830041885375977, "Epoch 701 Step 53": 2.8834359645843506, "Epoch 701 Step 54": 2.8903369903564453, "Epoch 701 Step 55": 2.8847591876983643, "Epoch 701 Step 56": 2.884904623031616, "Epoch 701 Step 57": 2.88151478767395, "Epoch 701 Step 58": 2.8754451274871826, "Epoch 701 Step 59": 2.879871129989624, "Epoch 701 Step 60": 2.893758535385132, "Epoch 701 Step 61": 2.887770652770996, "Epoch 701 Step 62": 2.8739829063415527, "Epoch 701 Step 63": 2.890253782272339, "Epoch 701 Step 64": 2.8823132514953613, "Epoch 701 Step 65": 2.87552809715271, "Epoch 701 Step 66": 2.871952533721924, "Epoch 701 Step 67": 2.882877826690674, "Epoch 701 Step 68": 2.888472080230713, "Epoch 701 Step 69": 2.88102388381958, "Epoch 701 Step 70": 2.8793740272521973, "Epoch 701 Step 71": 2.8788208961486816, "Epoch 701 Step 72": 2.876558542251587, "Epoch 701 Step 73": 2.888061046600342, "Epoch 701 Step 74": 2.8734161853790283, "Epoch 701 Step 75": 2.891484260559082, "Epoch 701 Step 76": 2.8718466758728027, "Epoch 701 Step 77": 2.874587297439575, "Epoch 701 Step 78": 2.8795440196990967, "Epoch 701 Step 79": 2.868046522140503, "Epoch 701 Step 80": 2.886613130569458, "Epoch 701 Step 81": 2.881682872772217, "Epoch 701 Step 82": 2.887299060821533, "Epoch 701 Step 83": 2.8936924934387207, "Epoch 701 Step 84": 2.8859665393829346, "Epoch 701 Step 85": 2.878079414367676, "Epoch 701 Step 86": 2.8848674297332764, "Epoch 701 Step 87": 2.8957512378692627, "Epoch 701 Step 88": 2.8940999507904053, "Epoch 701 Step 89": 2.892866373062134}