{"Epoch 627 Step 0": 2.8743581771850586, "Epoch 627 Step 1": 2.8910977840423584, "Epoch 627 Step 2": 2.87080454826355, "Epoch 627 Step 3": 2.874241590499878, "Epoch 627 Step 4": 2.8791675567626953, "Epoch 627 Step 5": 2.8678641319274902, "Epoch 627 Step 6": 2.886720657348633, "Epoch 627 Step 7": 2.881070613861084, "Epoch 627 Step 8": 2.8868136405944824, "Epoch 627 Step 9": 2.8927338123321533, "Epoch 627 Step 10": 2.886505126953125, "Epoch 627 Step 11": 2.877840042114258, "Epoch 627 Step 12": 2.8844823837280273, "Epoch 627 Step 13": 2.895192861557007, "Epoch 627 Step 14": 2.89441180229187, "Epoch 627 Step 15": 2.893538475036621, "Epoch 627 Step 16": 2.8879058361053467, "Epoch 627 Step 17": 2.885894298553467, "Epoch 627 Step 18": 2.881650686264038, "Epoch 627 Step 19": 2.9045183658599854, "Epoch 627 Step 20": 2.899675130844116, "Epoch 627 Step 21": 2.8967156410217285, "Epoch 627 Step 22": 2.8767669200897217, "Epoch 627 Step 23": 2.8896524906158447, "Epoch 627 Step 24": 2.8940882682800293, "Epoch 627 Step 25": 2.8752739429473877, "Epoch 627 Step 26": 2.886777877807617, "Epoch 627 Step 27": 2.886866807937622, "Epoch 627 Step 28": 2.891400098800659, "Epoch 627 Step 29": 2.895894765853882, "Epoch 627 Step 30": 2.8812220096588135, "Epoch 627 Step 31": 2.8921549320220947, "Epoch 627 Step 32": 2.8784830570220947, "Epoch 627 Step 33": 2.8847742080688477, "Epoch 627 Step 34": 2.8780384063720703, "Epoch 627 Step 35": 2.8917930126190186, "Epoch 627 Step 36": 2.8781321048736572, "Epoch 627 Step 37": 2.882697820663452, "Epoch 627 Step 38": 2.8884437084198, "Epoch 627 Step 39": 2.8731181621551514, "Epoch 627 Step 40": 2.8716542720794678, "Epoch 627 Step 41": 2.8718721866607666, "Epoch 627 Step 42": 2.8881332874298096, "Epoch 627 Step 43": 2.8816840648651123, "Epoch 627 Step 44": 2.8771705627441406, "Epoch 627 Step 45": 2.889620780944824, "Epoch 627 Step 46": 2.894590139389038, "Epoch 627 Step 47": 2.8800525665283203, "Epoch 627 Step 48": 2.8756392002105713, "Epoch 627 Step 49": 2.8875885009765625, "Epoch 627 Step 50": 2.891550064086914, "Epoch 627 Step 51": 2.881244421005249, "Epoch 627 Step 52": 2.88252329826355, "Epoch 627 Step 53": 2.8777315616607666, "Epoch 627 Step 54": 2.8876001834869385, "Epoch 627 Step 55": 2.8735857009887695, "Epoch 627 Step 56": 2.8855865001678467, "Epoch 627 Step 57": 2.879242181777954, "Epoch 627 Step 58": 2.883061408996582, "Epoch 627 Step 59": 2.884472608566284, "Epoch 627 Step 60": 2.870785713195801, "Epoch 627 Step 61": 2.885005235671997, "Epoch 627 Step 62": 2.8875386714935303, "Epoch 627 Step 63": 2.8852200508117676, "Epoch 627 Step 64": 2.8896546363830566, "Epoch 627 Step 65": 2.8844735622406006, "Epoch 627 Step 66": 2.8724422454833984, "Epoch 627 Step 67": 2.880932331085205, "Epoch 627 Step 68": 2.876802682876587, "Epoch 627 Step 69": 2.882246255874634, "Epoch 627 Step 70": 2.8828413486480713, "Epoch 627 Step 71": 2.890702486038208, "Epoch 627 Step 72": 2.8846006393432617, "Epoch 627 Step 73": 2.8850462436676025, "Epoch 627 Step 74": 2.881162405014038, "Epoch 627 Step 75": 2.8754043579101562, "Epoch 627 Step 76": 2.8788363933563232, "Epoch 627 Step 77": 2.893735408782959, "Epoch 627 Step 78": 2.887692928314209, "Epoch 627 Step 79": 2.873985528945923, "Epoch 627 Step 80": 2.890226125717163, "Epoch 627 Step 81": 2.8818020820617676, "Epoch 627 Step 82": 2.875917911529541, "Epoch 627 Step 83": 2.871062755584717, "Epoch 627 Step 84": 2.8822481632232666, "Epoch 627 Step 85": 2.8875606060028076, "Epoch 627 Step 86": 2.8811211585998535, "Epoch 627 Step 87": 2.8792455196380615, "Epoch 627 Step 88": 2.878293752670288, "Epoch 627 Step 89": 2.875842571258545}