{"Epoch 186 Step 0": 2.884824752807617, "Epoch 186 Step 1": 2.8705389499664307, "Epoch 186 Step 2": 2.8903660774230957, "Epoch 186 Step 3": 2.87119460105896, "Epoch 186 Step 4": 2.8729357719421387, "Epoch 186 Step 5": 2.8776986598968506, "Epoch 186 Step 6": 2.867020606994629, "Epoch 186 Step 7": 2.8848817348480225, "Epoch 186 Step 8": 2.879542350769043, "Epoch 186 Step 9": 2.8832287788391113, "Epoch 186 Step 10": 2.891183376312256, "Epoch 186 Step 11": 2.88565731048584, "Epoch 186 Step 12": 2.877251386642456, "Epoch 186 Step 13": 2.8823039531707764, "Epoch 186 Step 14": 2.8921070098876953, "Epoch 186 Step 15": 2.8944766521453857, "Epoch 186 Step 16": 2.892995595932007, "Epoch 186 Step 17": 2.8870437145233154, "Epoch 186 Step 18": 2.885324239730835, "Epoch 186 Step 19": 2.881493091583252, "Epoch 186 Step 20": 2.9007675647735596, "Epoch 186 Step 21": 2.900332450866699, "Epoch 186 Step 22": 2.8952620029449463, "Epoch 186 Step 23": 2.8763277530670166, "Epoch 186 Step 24": 2.8894760608673096, "Epoch 186 Step 25": 2.8927197456359863, "Epoch 186 Step 26": 2.8738157749176025, "Epoch 186 Step 27": 2.885333776473999, "Epoch 186 Step 28": 2.8860833644866943, "Epoch 186 Step 29": 2.889857053756714, "Epoch 186 Step 30": 2.8944311141967773, "Epoch 186 Step 31": 2.8794515132904053, "Epoch 186 Step 32": 2.890377998352051, "Epoch 186 Step 33": 2.878187894821167, "Epoch 186 Step 34": 2.8847687244415283, "Epoch 186 Step 35": 2.877274990081787, "Epoch 186 Step 36": 2.890974760055542, "Epoch 186 Step 37": 2.875802993774414, "Epoch 186 Step 38": 2.880437135696411, "Epoch 186 Step 39": 2.887112617492676, "Epoch 186 Step 40": 2.8718626499176025, "Epoch 186 Step 41": 2.870205879211426, "Epoch 186 Step 42": 2.8704566955566406, "Epoch 186 Step 43": 2.8867695331573486, "Epoch 186 Step 44": 2.8800110816955566, "Epoch 186 Step 45": 2.876394271850586, "Epoch 186 Step 46": 2.8876936435699463, "Epoch 186 Step 47": 2.893155813217163, "Epoch 186 Step 48": 2.877793312072754, "Epoch 186 Step 49": 2.875425100326538, "Epoch 186 Step 50": 2.8850998878479004, "Epoch 186 Step 51": 2.890007495880127, "Epoch 186 Step 52": 2.8787262439727783, "Epoch 186 Step 53": 2.880174160003662, "Epoch 186 Step 54": 2.8750317096710205, "Epoch 186 Step 55": 2.886143684387207, "Epoch 186 Step 56": 2.8721883296966553, "Epoch 186 Step 57": 2.882628917694092, "Epoch 186 Step 58": 2.878018617630005, "Epoch 186 Step 59": 2.881368398666382, "Epoch 186 Step 60": 2.8828392028808594, "Epoch 186 Step 61": 2.8685319423675537, "Epoch 186 Step 62": 2.8835678100585938, "Epoch 186 Step 63": 2.886136054992676, "Epoch 186 Step 64": 2.8830928802490234, "Epoch 186 Step 65": 2.8872499465942383, "Epoch 186 Step 66": 2.8820607662200928, "Epoch 186 Step 67": 2.870877265930176, "Epoch 186 Step 68": 2.8795597553253174, "Epoch 186 Step 69": 2.875588893890381, "Epoch 186 Step 70": 2.8807995319366455, "Epoch 186 Step 71": 2.8801443576812744, "Epoch 186 Step 72": 2.8885045051574707, "Epoch 186 Step 73": 2.883888006210327, "Epoch 186 Step 74": 2.883674144744873, "Epoch 186 Step 75": 2.8799030780792236, "Epoch 186 Step 76": 2.872990131378174, "Epoch 186 Step 77": 2.877067804336548, "Epoch 186 Step 78": 2.8905041217803955, "Epoch 186 Step 79": 2.886845350265503, "Epoch 186 Step 80": 2.872481107711792, "Epoch 186 Step 81": 2.8890976905822754, "Epoch 186 Step 82": 2.8813352584838867, "Epoch 186 Step 83": 2.8734545707702637, "Epoch 186 Step 84": 2.8670785427093506, "Epoch 186 Step 85": 2.880817174911499, "Epoch 186 Step 86": 2.8863894939422607, "Epoch 186 Step 87": 2.878706455230713, "Epoch 186 Step 88": 2.8779680728912354, "Epoch 186 Step 89": 2.8778042793273926}