{"Epoch 842 Step 0": 2.883284091949463, "Epoch 842 Step 1": 2.8854663372039795, "Epoch 842 Step 2": 2.8714966773986816, "Epoch 842 Step 3": 2.885629653930664, "Epoch 842 Step 4": 2.8875601291656494, "Epoch 842 Step 5": 2.8860509395599365, "Epoch 842 Step 6": 2.889758586883545, "Epoch 842 Step 7": 2.884275436401367, "Epoch 842 Step 8": 2.8723599910736084, "Epoch 842 Step 9": 2.8814306259155273, "Epoch 842 Step 10": 2.8772032260894775, "Epoch 842 Step 11": 2.8825325965881348, "Epoch 842 Step 12": 2.8832414150238037, "Epoch 842 Step 13": 2.8912906646728516, "Epoch 842 Step 14": 2.8850295543670654, "Epoch 842 Step 15": 2.8852689266204834, "Epoch 842 Step 16": 2.880962610244751, "Epoch 842 Step 17": 2.875567674636841, "Epoch 842 Step 18": 2.8793141841888428, "Epoch 842 Step 19": 2.894378423690796, "Epoch 842 Step 20": 2.888451337814331, "Epoch 842 Step 21": 2.874257802963257, "Epoch 842 Step 22": 2.8903586864471436, "Epoch 842 Step 23": 2.8822052478790283, "Epoch 842 Step 24": 2.875196695327759, "Epoch 842 Step 25": 2.8723742961883545, "Epoch 842 Step 26": 2.8825793266296387, "Epoch 842 Step 27": 2.88824200630188, "Epoch 842 Step 28": 2.880950927734375, "Epoch 842 Step 29": 2.8792660236358643, "Epoch 842 Step 30": 2.8786072731018066, "Epoch 842 Step 31": 2.8760108947753906, "Epoch 842 Step 32": 2.888364553451538, "Epoch 842 Step 33": 2.8743784427642822, "Epoch 842 Step 34": 2.8910834789276123, "Epoch 842 Step 35": 2.8718085289001465, "Epoch 842 Step 36": 2.8746025562286377, "Epoch 842 Step 37": 2.8797101974487305, "Epoch 842 Step 38": 2.8682031631469727, "Epoch 842 Step 39": 2.8869776725769043, "Epoch 842 Step 40": 2.8817691802978516, "Epoch 842 Step 41": 2.8872523307800293, "Epoch 842 Step 42": 2.893730640411377, "Epoch 842 Step 43": 2.8861708641052246, "Epoch 842 Step 44": 2.8784401416778564, "Epoch 842 Step 45": 2.8853938579559326, "Epoch 842 Step 46": 2.8954813480377197, "Epoch 842 Step 47": 2.894169807434082, "Epoch 842 Step 48": 2.8924403190612793, "Epoch 842 Step 49": 2.887401580810547, "Epoch 842 Step 50": 2.887784481048584, "Epoch 842 Step 51": 2.8860116004943848, "Epoch 842 Step 52": 2.9047369956970215, "Epoch 842 Step 53": 2.9024813175201416, "Epoch 842 Step 54": 2.898486375808716, "Epoch 842 Step 55": 2.8763928413391113, "Epoch 842 Step 56": 2.889371395111084, "Epoch 842 Step 57": 2.893953323364258, "Epoch 842 Step 58": 2.874995231628418, "Epoch 842 Step 59": 2.8868043422698975, "Epoch 842 Step 60": 2.888305902481079, "Epoch 842 Step 61": 2.8924384117126465, "Epoch 842 Step 62": 2.8958163261413574, "Epoch 842 Step 63": 2.881988525390625, "Epoch 842 Step 64": 2.891892671585083, "Epoch 842 Step 65": 2.8795456886291504, "Epoch 842 Step 66": 2.886631727218628, "Epoch 842 Step 67": 2.878950834274292, "Epoch 842 Step 68": 2.891566276550293, "Epoch 842 Step 69": 2.8784875869750977, "Epoch 842 Step 70": 2.8834547996520996, "Epoch 842 Step 71": 2.888557195663452, "Epoch 842 Step 72": 2.873439311981201, "Epoch 842 Step 73": 2.872387170791626, "Epoch 842 Step 74": 2.872997760772705, "Epoch 842 Step 75": 2.8891079425811768, "Epoch 842 Step 76": 2.883239269256592, "Epoch 842 Step 77": 2.878364086151123, "Epoch 842 Step 78": 2.8900527954101562, "Epoch 842 Step 79": 2.8954954147338867, "Epoch 842 Step 80": 2.880591630935669, "Epoch 842 Step 81": 2.8760769367218018, "Epoch 842 Step 82": 2.887726068496704, "Epoch 842 Step 83": 2.8919684886932373, "Epoch 842 Step 84": 2.8807432651519775, "Epoch 842 Step 85": 2.88179087638855, "Epoch 842 Step 86": 2.877596139907837, "Epoch 842 Step 87": 2.8877294063568115, "Epoch 842 Step 88": 2.8736953735351562, "Epoch 842 Step 89": 2.885507822036743}