{"Epoch 70 Step 0": 2.8766376972198486, "Epoch 70 Step 1": 2.8918259143829346, "Epoch 70 Step 2": 2.8774664402008057, "Epoch 70 Step 3": 2.88283371925354, "Epoch 70 Step 4": 2.888282060623169, "Epoch 70 Step 5": 2.872051954269409, "Epoch 70 Step 6": 2.870699644088745, "Epoch 70 Step 7": 2.8703651428222656, "Epoch 70 Step 8": 2.887941360473633, "Epoch 70 Step 9": 2.8819236755371094, "Epoch 70 Step 10": 2.8762693405151367, "Epoch 70 Step 11": 2.8896484375, "Epoch 70 Step 12": 2.894205093383789, "Epoch 70 Step 13": 2.8802244663238525, "Epoch 70 Step 14": 2.8764309883117676, "Epoch 70 Step 15": 2.8861308097839355, "Epoch 70 Step 16": 2.8906118869781494, "Epoch 70 Step 17": 2.8805761337280273, "Epoch 70 Step 18": 2.880908250808716, "Epoch 70 Step 19": 2.876725673675537, "Epoch 70 Step 20": 2.886430263519287, "Epoch 70 Step 21": 2.873073101043701, "Epoch 70 Step 22": 2.8846547603607178, "Epoch 70 Step 23": 2.878382444381714, "Epoch 70 Step 24": 2.882830858230591, "Epoch 70 Step 25": 2.883491039276123, "Epoch 70 Step 26": 2.869595766067505, "Epoch 70 Step 27": 2.8833374977111816, "Epoch 70 Step 28": 2.886589765548706, "Epoch 70 Step 29": 2.884251832962036, "Epoch 70 Step 30": 2.888300895690918, "Epoch 70 Step 31": 2.8833069801330566, "Epoch 70 Step 32": 2.872108221054077, "Epoch 70 Step 33": 2.8786489963531494, "Epoch 70 Step 34": 2.875991106033325, "Epoch 70 Step 35": 2.882498264312744, "Epoch 70 Step 36": 2.8808388710021973, "Epoch 70 Step 37": 2.8891868591308594, "Epoch 70 Step 38": 2.8836917877197266, "Epoch 70 Step 39": 2.88407301902771, "Epoch 70 Step 40": 2.8804922103881836, "Epoch 70 Step 41": 2.8741397857666016, "Epoch 70 Step 42": 2.8777637481689453, "Epoch 70 Step 43": 2.8922019004821777, "Epoch 70 Step 44": 2.8872225284576416, "Epoch 70 Step 45": 2.873457670211792, "Epoch 70 Step 46": 2.8892314434051514, "Epoch 70 Step 47": 2.8813564777374268, "Epoch 70 Step 48": 2.8742847442626953, "Epoch 70 Step 49": 2.8689661026000977, "Epoch 70 Step 50": 2.8810391426086426, "Epoch 70 Step 51": 2.8865771293640137, "Epoch 70 Step 52": 2.8790721893310547, "Epoch 70 Step 53": 2.877976417541504, "Epoch 70 Step 54": 2.877656936645508, "Epoch 70 Step 55": 2.874945878982544, "Epoch 70 Step 56": 2.886167287826538, "Epoch 70 Step 57": 2.8730952739715576, "Epoch 70 Step 58": 2.890265941619873, "Epoch 70 Step 59": 2.8706116676330566, "Epoch 70 Step 60": 2.872884750366211, "Epoch 70 Step 61": 2.878772735595703, "Epoch 70 Step 62": 2.866532325744629, "Epoch 70 Step 63": 2.885777235031128, "Epoch 70 Step 64": 2.8806474208831787, "Epoch 70 Step 65": 2.8856935501098633, "Epoch 70 Step 66": 2.8921194076538086, "Epoch 70 Step 67": 2.885317087173462, "Epoch 70 Step 68": 2.8773210048675537, "Epoch 70 Step 69": 2.882795810699463, "Epoch 70 Step 70": 2.8940203189849854, "Epoch 70 Step 71": 2.893079996109009, "Epoch 70 Step 72": 2.8923120498657227, "Epoch 70 Step 73": 2.887235164642334, "Epoch 70 Step 74": 2.8846957683563232, "Epoch 70 Step 75": 2.879861831665039, "Epoch 70 Step 76": 2.9011471271514893, "Epoch 70 Step 77": 2.8965001106262207, "Epoch 70 Step 78": 2.8952431678771973, "Epoch 70 Step 79": 2.8746581077575684, "Epoch 70 Step 80": 2.8889224529266357, "Epoch 70 Step 81": 2.8903164863586426, "Epoch 70 Step 82": 2.8734281063079834, "Epoch 70 Step 83": 2.885864734649658, "Epoch 70 Step 84": 2.8863003253936768, "Epoch 70 Step 85": 2.8904194831848145, "Epoch 70 Step 86": 2.8945038318634033, "Epoch 70 Step 87": 2.8802664279937744, "Epoch 70 Step 88": 2.8916549682617188, "Epoch 70 Step 89": 2.8765459060668945}