{"Epoch 601 Step 0": 2.8864905834198, "Epoch 601 Step 1": 2.8874871730804443, "Epoch 601 Step 2": 2.8917813301086426, "Epoch 601 Step 3": 2.8958098888397217, "Epoch 601 Step 4": 2.882066249847412, "Epoch 601 Step 5": 2.8926949501037598, "Epoch 601 Step 6": 2.878892421722412, "Epoch 601 Step 7": 2.8851780891418457, "Epoch 601 Step 8": 2.878702163696289, "Epoch 601 Step 9": 2.8916008472442627, "Epoch 601 Step 10": 2.878042221069336, "Epoch 601 Step 11": 2.8828041553497314, "Epoch 601 Step 12": 2.8888099193573, "Epoch 601 Step 13": 2.87313175201416, "Epoch 601 Step 14": 2.872054100036621, "Epoch 601 Step 15": 2.872422456741333, "Epoch 601 Step 16": 2.8884217739105225, "Epoch 601 Step 17": 2.8823647499084473, "Epoch 601 Step 18": 2.877847671508789, "Epoch 601 Step 19": 2.890408992767334, "Epoch 601 Step 20": 2.8958964347839355, "Epoch 601 Step 21": 2.8809666633605957, "Epoch 601 Step 22": 2.876197099685669, "Epoch 601 Step 23": 2.8872885704040527, "Epoch 601 Step 24": 2.8916568756103516, "Epoch 601 Step 25": 2.880687713623047, "Epoch 601 Step 26": 2.882086992263794, "Epoch 601 Step 27": 2.87780499458313, "Epoch 601 Step 28": 2.8878071308135986, "Epoch 601 Step 29": 2.8734347820281982, "Epoch 601 Step 30": 2.885471820831299, "Epoch 601 Step 31": 2.879166841506958, "Epoch 601 Step 32": 2.8831536769866943, "Epoch 601 Step 33": 2.884896755218506, "Epoch 601 Step 34": 2.8710312843322754, "Epoch 601 Step 35": 2.88498854637146, "Epoch 601 Step 36": 2.8879268169403076, "Epoch 601 Step 37": 2.8856701850891113, "Epoch 601 Step 38": 2.889366865158081, "Epoch 601 Step 39": 2.8846428394317627, "Epoch 601 Step 40": 2.872525215148926, "Epoch 601 Step 41": 2.8811135292053223, "Epoch 601 Step 42": 2.8774054050445557, "Epoch 601 Step 43": 2.882225751876831, "Epoch 601 Step 44": 2.882950782775879, "Epoch 601 Step 45": 2.89035964012146, "Epoch 601 Step 46": 2.884765148162842, "Epoch 601 Step 47": 2.88493275642395, "Epoch 601 Step 48": 2.8814053535461426, "Epoch 601 Step 49": 2.8750596046447754, "Epoch 601 Step 50": 2.879427194595337, "Epoch 601 Step 51": 2.893500328063965, "Epoch 601 Step 52": 2.8876922130584717, "Epoch 601 Step 53": 2.8744187355041504, "Epoch 601 Step 54": 2.890443801879883, "Epoch 601 Step 55": 2.882277488708496, "Epoch 601 Step 56": 2.8760037422180176, "Epoch 601 Step 57": 2.8724453449249268, "Epoch 601 Step 58": 2.881680727005005, "Epoch 601 Step 59": 2.887852430343628, "Epoch 601 Step 60": 2.8804779052734375, "Epoch 601 Step 61": 2.878748893737793, "Epoch 601 Step 62": 2.8784213066101074, "Epoch 601 Step 63": 2.876227378845215, "Epoch 601 Step 64": 2.887761116027832, "Epoch 601 Step 65": 2.874289035797119, "Epoch 601 Step 66": 2.8908426761627197, "Epoch 601 Step 67": 2.8715837001800537, "Epoch 601 Step 68": 2.874460458755493, "Epoch 601 Step 69": 2.8797032833099365, "Epoch 601 Step 70": 2.8682239055633545, "Epoch 601 Step 71": 2.88681960105896, "Epoch 601 Step 72": 2.8813230991363525, "Epoch 601 Step 73": 2.8868868350982666, "Epoch 601 Step 74": 2.8931679725646973, "Epoch 601 Step 75": 2.8861441612243652, "Epoch 601 Step 76": 2.8784804344177246, "Epoch 601 Step 77": 2.8852059841156006, "Epoch 601 Step 78": 2.8957085609436035, "Epoch 601 Step 79": 2.8942606449127197, "Epoch 601 Step 80": 2.8922982215881348, "Epoch 601 Step 81": 2.8874971866607666, "Epoch 601 Step 82": 2.8868234157562256, "Epoch 601 Step 83": 2.8853321075439453, "Epoch 601 Step 84": 2.904350519180298, "Epoch 601 Step 85": 2.9013736248016357, "Epoch 601 Step 86": 2.8980236053466797, "Epoch 601 Step 87": 2.8763959407806396, "Epoch 601 Step 88": 2.8896195888519287, "Epoch 601 Step 89": 2.893123149871826}