{"Epoch 912 Step 0": 2.8742003440856934, "Epoch 912 Step 1": 2.8906922340393066, "Epoch 912 Step 2": 2.882272958755493, "Epoch 912 Step 3": 2.8757426738739014, "Epoch 912 Step 4": 2.872969150543213, "Epoch 912 Step 5": 2.8828723430633545, "Epoch 912 Step 6": 2.8879966735839844, "Epoch 912 Step 7": 2.8811094760894775, "Epoch 912 Step 8": 2.879380464553833, "Epoch 912 Step 9": 2.878575563430786, "Epoch 912 Step 10": 2.876103162765503, "Epoch 912 Step 11": 2.888111114501953, "Epoch 912 Step 12": 2.874305248260498, "Epoch 912 Step 13": 2.8908092975616455, "Epoch 912 Step 14": 2.871635675430298, "Epoch 912 Step 15": 2.874542713165283, "Epoch 912 Step 16": 2.879936933517456, "Epoch 912 Step 17": 2.868098735809326, "Epoch 912 Step 18": 2.887160062789917, "Epoch 912 Step 19": 2.881608247756958, "Epoch 912 Step 20": 2.887329339981079, "Epoch 912 Step 21": 2.893214225769043, "Epoch 912 Step 22": 2.886240005493164, "Epoch 912 Step 23": 2.878843069076538, "Epoch 912 Step 24": 2.885359764099121, "Epoch 912 Step 25": 2.8955373764038086, "Epoch 912 Step 26": 2.894150495529175, "Epoch 912 Step 27": 2.8925652503967285, "Epoch 912 Step 28": 2.8879740238189697, "Epoch 912 Step 29": 2.887761354446411, "Epoch 912 Step 30": 2.8849430084228516, "Epoch 912 Step 31": 2.903594732284546, "Epoch 912 Step 32": 2.9024229049682617, "Epoch 912 Step 33": 2.899916410446167, "Epoch 912 Step 34": 2.8776142597198486, "Epoch 912 Step 35": 2.889042615890503, "Epoch 912 Step 36": 2.89241886138916, "Epoch 912 Step 37": 2.8763437271118164, "Epoch 912 Step 38": 2.887648820877075, "Epoch 912 Step 39": 2.8890769481658936, "Epoch 912 Step 40": 2.8918325901031494, "Epoch 912 Step 41": 2.8955295085906982, "Epoch 912 Step 42": 2.8811633586883545, "Epoch 912 Step 43": 2.890817165374756, "Epoch 912 Step 44": 2.878580093383789, "Epoch 912 Step 45": 2.8860409259796143, "Epoch 912 Step 46": 2.8797566890716553, "Epoch 912 Step 47": 2.8907995223999023, "Epoch 912 Step 48": 2.8788859844207764, "Epoch 912 Step 49": 2.883636951446533, "Epoch 912 Step 50": 2.8882970809936523, "Epoch 912 Step 51": 2.873926877975464, "Epoch 912 Step 52": 2.872605323791504, "Epoch 912 Step 53": 2.872041940689087, "Epoch 912 Step 54": 2.889723539352417, "Epoch 912 Step 55": 2.883300304412842, "Epoch 912 Step 56": 2.8779172897338867, "Epoch 912 Step 57": 2.889775037765503, "Epoch 912 Step 58": 2.8952081203460693, "Epoch 912 Step 59": 2.8814032077789307, "Epoch 912 Step 60": 2.876340627670288, "Epoch 912 Step 61": 2.888550043106079, "Epoch 912 Step 62": 2.8927111625671387, "Epoch 912 Step 63": 2.8816916942596436, "Epoch 912 Step 64": 2.88101863861084, "Epoch 912 Step 65": 2.8775746822357178, "Epoch 912 Step 66": 2.8883275985717773, "Epoch 912 Step 67": 2.8744306564331055, "Epoch 912 Step 68": 2.8853135108947754, "Epoch 912 Step 69": 2.8793630599975586, "Epoch 912 Step 70": 2.882966995239258, "Epoch 912 Step 71": 2.885352849960327, "Epoch 912 Step 72": 2.8715062141418457, "Epoch 912 Step 73": 2.8854353427886963, "Epoch 912 Step 74": 2.8875343799591064, "Epoch 912 Step 75": 2.886002540588379, "Epoch 912 Step 76": 2.8899691104888916, "Epoch 912 Step 77": 2.8847548961639404, "Epoch 912 Step 78": 2.872570276260376, "Epoch 912 Step 79": 2.8817946910858154, "Epoch 912 Step 80": 2.8769173622131348, "Epoch 912 Step 81": 2.883251667022705, "Epoch 912 Step 82": 2.883106231689453, "Epoch 912 Step 83": 2.891850471496582, "Epoch 912 Step 84": 2.8859853744506836, "Epoch 912 Step 85": 2.8859915733337402, "Epoch 912 Step 86": 2.8827500343322754, "Epoch 912 Step 87": 2.878129005432129, "Epoch 912 Step 88": 2.8799870014190674, "Epoch 912 Step 89": 2.893587827682495}