{"Epoch 220 Step 0": 2.884258508682251, "Epoch 220 Step 1": 2.8788986206054688, "Epoch 220 Step 2": 2.8818633556365967, "Epoch 220 Step 3": 2.883859872817993, "Epoch 220 Step 4": 2.8706557750701904, "Epoch 220 Step 5": 2.883955955505371, "Epoch 220 Step 6": 2.8869645595550537, "Epoch 220 Step 7": 2.88527774810791, "Epoch 220 Step 8": 2.888259172439575, "Epoch 220 Step 9": 2.88395094871521, "Epoch 220 Step 10": 2.872082233428955, "Epoch 220 Step 11": 2.8796186447143555, "Epoch 220 Step 12": 2.8764615058898926, "Epoch 220 Step 13": 2.8822641372680664, "Epoch 220 Step 14": 2.8815741539001465, "Epoch 220 Step 15": 2.8900229930877686, "Epoch 220 Step 16": 2.8842766284942627, "Epoch 220 Step 17": 2.8848822116851807, "Epoch 220 Step 18": 2.881138324737549, "Epoch 220 Step 19": 2.8746137619018555, "Epoch 220 Step 20": 2.879318952560425, "Epoch 220 Step 21": 2.8928143978118896, "Epoch 220 Step 22": 2.8874576091766357, "Epoch 220 Step 23": 2.873527765274048, "Epoch 220 Step 24": 2.8895864486694336, "Epoch 220 Step 25": 2.8814282417297363, "Epoch 220 Step 26": 2.874629497528076, "Epoch 220 Step 27": 2.8717710971832275, "Epoch 220 Step 28": 2.881970167160034, "Epoch 220 Step 29": 2.887436628341675, "Epoch 220 Step 30": 2.8788130283355713, "Epoch 220 Step 31": 2.8782081604003906, "Epoch 220 Step 32": 2.878042459487915, "Epoch 220 Step 33": 2.87580943107605, "Epoch 220 Step 34": 2.887165069580078, "Epoch 220 Step 35": 2.8728270530700684, "Epoch 220 Step 36": 2.890676498413086, "Epoch 220 Step 37": 2.871046781539917, "Epoch 220 Step 38": 2.8738279342651367, "Epoch 220 Step 39": 2.8790640830993652, "Epoch 220 Step 40": 2.86763596534729, "Epoch 220 Step 41": 2.8858237266540527, "Epoch 220 Step 42": 2.8803882598876953, "Epoch 220 Step 43": 2.885117530822754, "Epoch 220 Step 44": 2.8922133445739746, "Epoch 220 Step 45": 2.8851351737976074, "Epoch 220 Step 46": 2.8770811557769775, "Epoch 220 Step 47": 2.883920907974243, "Epoch 220 Step 48": 2.8952202796936035, "Epoch 220 Step 49": 2.8937344551086426, "Epoch 220 Step 50": 2.892162322998047, "Epoch 220 Step 51": 2.88704252243042, "Epoch 220 Step 52": 2.885097026824951, "Epoch 220 Step 53": 2.881516456604004, "Epoch 220 Step 54": 2.9042656421661377, "Epoch 220 Step 55": 2.898360013961792, "Epoch 220 Step 56": 2.8966124057769775, "Epoch 220 Step 57": 2.8755712509155273, "Epoch 220 Step 58": 2.888564109802246, "Epoch 220 Step 59": 2.8923962116241455, "Epoch 220 Step 60": 2.8741812705993652, "Epoch 220 Step 61": 2.885533332824707, "Epoch 220 Step 62": 2.886565685272217, "Epoch 220 Step 63": 2.8915369510650635, "Epoch 220 Step 64": 2.8958098888397217, "Epoch 220 Step 65": 2.8812949657440186, "Epoch 220 Step 66": 2.892482042312622, "Epoch 220 Step 67": 2.877434492111206, "Epoch 220 Step 68": 2.884465217590332, "Epoch 220 Step 69": 2.8762662410736084, "Epoch 220 Step 70": 2.8905997276306152, "Epoch 220 Step 71": 2.877074718475342, "Epoch 220 Step 72": 2.8826780319213867, "Epoch 220 Step 73": 2.887932538986206, "Epoch 220 Step 74": 2.8726680278778076, "Epoch 220 Step 75": 2.872488021850586, "Epoch 220 Step 76": 2.8723063468933105, "Epoch 220 Step 77": 2.887305736541748, "Epoch 220 Step 78": 2.8822884559631348, "Epoch 220 Step 79": 2.8768184185028076, "Epoch 220 Step 80": 2.8894364833831787, "Epoch 220 Step 81": 2.8951644897460938, "Epoch 220 Step 82": 2.8796842098236084, "Epoch 220 Step 83": 2.8758373260498047, "Epoch 220 Step 84": 2.8868043422698975, "Epoch 220 Step 85": 2.890673875808716, "Epoch 220 Step 86": 2.880122661590576, "Epoch 220 Step 87": 2.8815371990203857, "Epoch 220 Step 88": 2.8768086433410645, "Epoch 220 Step 89": 2.887094497680664}