{"Epoch 645 Step 0": 2.884725332260132, "Epoch 645 Step 1": 2.8810408115386963, "Epoch 645 Step 2": 2.8761494159698486, "Epoch 645 Step 3": 2.8795692920684814, "Epoch 645 Step 4": 2.8941287994384766, "Epoch 645 Step 5": 2.8882081508636475, "Epoch 645 Step 6": 2.8737237453460693, "Epoch 645 Step 7": 2.8901584148406982, "Epoch 645 Step 8": 2.882498025894165, "Epoch 645 Step 9": 2.875094413757324, "Epoch 645 Step 10": 2.8728275299072266, "Epoch 645 Step 11": 2.8823771476745605, "Epoch 645 Step 12": 2.887765645980835, "Epoch 645 Step 13": 2.8805720806121826, "Epoch 645 Step 14": 2.879150867462158, "Epoch 645 Step 15": 2.878232002258301, "Epoch 645 Step 16": 2.876225471496582, "Epoch 645 Step 17": 2.8877086639404297, "Epoch 645 Step 18": 2.873706579208374, "Epoch 645 Step 19": 2.89156436920166, "Epoch 645 Step 20": 2.8710882663726807, "Epoch 645 Step 21": 2.875093698501587, "Epoch 645 Step 22": 2.87916898727417, "Epoch 645 Step 23": 2.8679356575012207, "Epoch 645 Step 24": 2.886852264404297, "Epoch 645 Step 25": 2.8811964988708496, "Epoch 645 Step 26": 2.8866031169891357, "Epoch 645 Step 27": 2.893000364303589, "Epoch 645 Step 28": 2.8862626552581787, "Epoch 645 Step 29": 2.878570079803467, "Epoch 645 Step 30": 2.885012149810791, "Epoch 645 Step 31": 2.8952324390411377, "Epoch 645 Step 32": 2.8935859203338623, "Epoch 645 Step 33": 2.893106698989868, "Epoch 645 Step 34": 2.888028144836426, "Epoch 645 Step 35": 2.886413812637329, "Epoch 645 Step 36": 2.8829593658447266, "Epoch 645 Step 37": 2.9040567874908447, "Epoch 645 Step 38": 2.8997292518615723, "Epoch 645 Step 39": 2.898643732070923, "Epoch 645 Step 40": 2.8751778602600098, "Epoch 645 Step 41": 2.8882343769073486, "Epoch 645 Step 42": 2.892972469329834, "Epoch 645 Step 43": 2.875159502029419, "Epoch 645 Step 44": 2.8861963748931885, "Epoch 645 Step 45": 2.886735200881958, "Epoch 645 Step 46": 2.890688180923462, "Epoch 645 Step 47": 2.894923448562622, "Epoch 645 Step 48": 2.8814854621887207, "Epoch 645 Step 49": 2.8932759761810303, "Epoch 645 Step 50": 2.8784592151641846, "Epoch 645 Step 51": 2.885030746459961, "Epoch 645 Step 52": 2.877958059310913, "Epoch 645 Step 53": 2.890826940536499, "Epoch 645 Step 54": 2.877971649169922, "Epoch 645 Step 55": 2.8824820518493652, "Epoch 645 Step 56": 2.888460874557495, "Epoch 645 Step 57": 2.8732101917266846, "Epoch 645 Step 58": 2.872260093688965, "Epoch 645 Step 59": 2.8722023963928223, "Epoch 645 Step 60": 2.8885793685913086, "Epoch 645 Step 61": 2.8822262287139893, "Epoch 645 Step 62": 2.8776984214782715, "Epoch 645 Step 63": 2.890734910964966, "Epoch 645 Step 64": 2.8956081867218018, "Epoch 645 Step 65": 2.8806519508361816, "Epoch 645 Step 66": 2.8758296966552734, "Epoch 645 Step 67": 2.887662410736084, "Epoch 645 Step 68": 2.8917300701141357, "Epoch 645 Step 69": 2.880004405975342, "Epoch 645 Step 70": 2.881667137145996, "Epoch 645 Step 71": 2.877720355987549, "Epoch 645 Step 72": 2.8874361515045166, "Epoch 645 Step 73": 2.873985528945923, "Epoch 645 Step 74": 2.885176181793213, "Epoch 645 Step 75": 2.8792972564697266, "Epoch 645 Step 76": 2.8830556869506836, "Epoch 645 Step 77": 2.8848307132720947, "Epoch 645 Step 78": 2.871225595474243, "Epoch 645 Step 79": 2.884996175765991, "Epoch 645 Step 80": 2.887418270111084, "Epoch 645 Step 81": 2.885739803314209, "Epoch 645 Step 82": 2.8895819187164307, "Epoch 645 Step 83": 2.884758234024048, "Epoch 645 Step 84": 2.8730180263519287, "Epoch 645 Step 85": 2.8812971115112305, "Epoch 645 Step 86": 2.8773765563964844, "Epoch 645 Step 87": 2.8827390670776367, "Epoch 645 Step 88": 2.883288860321045, "Epoch 645 Step 89": 2.890544891357422}