{"Epoch 116 Step 0": 2.8818440437316895, "Epoch 116 Step 1": 2.880225658416748, "Epoch 116 Step 2": 2.887692451477051, "Epoch 116 Step 3": 2.883850336074829, "Epoch 116 Step 4": 2.8830628395080566, "Epoch 116 Step 5": 2.879136085510254, "Epoch 116 Step 6": 2.8742880821228027, "Epoch 116 Step 7": 2.8768558502197266, "Epoch 116 Step 8": 2.89209246635437, "Epoch 116 Step 9": 2.885913848876953, "Epoch 116 Step 10": 2.8712260723114014, "Epoch 116 Step 11": 2.8883769512176514, "Epoch 116 Step 12": 2.87996506690979, "Epoch 116 Step 13": 2.873185634613037, "Epoch 116 Step 14": 2.8660762310028076, "Epoch 116 Step 15": 2.8814384937286377, "Epoch 116 Step 16": 2.8860158920288086, "Epoch 116 Step 17": 2.877634286880493, "Epoch 116 Step 18": 2.8773677349090576, "Epoch 116 Step 19": 2.8781630992889404, "Epoch 116 Step 20": 2.8752222061157227, "Epoch 116 Step 21": 2.8849964141845703, "Epoch 116 Step 22": 2.869795083999634, "Epoch 116 Step 23": 2.8897032737731934, "Epoch 116 Step 24": 2.8706750869750977, "Epoch 116 Step 25": 2.872640371322632, "Epoch 116 Step 26": 2.877804756164551, "Epoch 116 Step 27": 2.8657751083374023, "Epoch 116 Step 28": 2.884843349456787, "Epoch 116 Step 29": 2.8799731731414795, "Epoch 116 Step 30": 2.8823652267456055, "Epoch 116 Step 31": 2.890303611755371, "Epoch 116 Step 32": 2.884206533432007, "Epoch 116 Step 33": 2.8775038719177246, "Epoch 116 Step 34": 2.8820505142211914, "Epoch 116 Step 35": 2.893205165863037, "Epoch 116 Step 36": 2.8924920558929443, "Epoch 116 Step 37": 2.889934778213501, "Epoch 116 Step 38": 2.8858792781829834, "Epoch 116 Step 39": 2.885080575942993, "Epoch 116 Step 40": 2.8819260597229004, "Epoch 116 Step 41": 2.900808334350586, "Epoch 116 Step 42": 2.896761178970337, "Epoch 116 Step 43": 2.8942034244537354, "Epoch 116 Step 44": 2.8747825622558594, "Epoch 116 Step 45": 2.8881378173828125, "Epoch 116 Step 46": 2.891219139099121, "Epoch 116 Step 47": 2.8728103637695312, "Epoch 116 Step 48": 2.8839738368988037, "Epoch 116 Step 49": 2.8860690593719482, "Epoch 116 Step 50": 2.890138864517212, "Epoch 116 Step 51": 2.8944826126098633, "Epoch 116 Step 52": 2.879361867904663, "Epoch 116 Step 53": 2.890519857406616, "Epoch 116 Step 54": 2.8770384788513184, "Epoch 116 Step 55": 2.8846487998962402, "Epoch 116 Step 56": 2.876225471496582, "Epoch 116 Step 57": 2.890233278274536, "Epoch 116 Step 58": 2.8749794960021973, "Epoch 116 Step 59": 2.880561590194702, "Epoch 116 Step 60": 2.8868610858917236, "Epoch 116 Step 61": 2.8712174892425537, "Epoch 116 Step 62": 2.868243455886841, "Epoch 116 Step 63": 2.8692963123321533, "Epoch 116 Step 64": 2.884665012359619, "Epoch 116 Step 65": 2.880427837371826, "Epoch 116 Step 66": 2.8747031688690186, "Epoch 116 Step 67": 2.888031244277954, "Epoch 116 Step 68": 2.892817497253418, "Epoch 116 Step 69": 2.877185106277466, "Epoch 116 Step 70": 2.8741416931152344, "Epoch 116 Step 71": 2.884467840194702, "Epoch 116 Step 72": 2.8894948959350586, "Epoch 116 Step 73": 2.8787682056427, "Epoch 116 Step 74": 2.8791942596435547, "Epoch 116 Step 75": 2.8755056858062744, "Epoch 116 Step 76": 2.8852458000183105, "Epoch 116 Step 77": 2.8712635040283203, "Epoch 116 Step 78": 2.8824827671051025, "Epoch 116 Step 79": 2.8766136169433594, "Epoch 116 Step 80": 2.881033182144165, "Epoch 116 Step 81": 2.881634473800659, "Epoch 116 Step 82": 2.8677728176116943, "Epoch 116 Step 83": 2.8825619220733643, "Epoch 116 Step 84": 2.8850364685058594, "Epoch 116 Step 85": 2.8814353942871094, "Epoch 116 Step 86": 2.8872992992401123, "Epoch 116 Step 87": 2.881420850753784, "Epoch 116 Step 88": 2.8708691596984863, "Epoch 116 Step 89": 2.8785462379455566}