{"Epoch 63 Step 0": 2.87160062789917, "Epoch 63 Step 1": 2.8878417015075684, "Epoch 63 Step 2": 2.8824710845947266, "Epoch 63 Step 3": 2.8754806518554688, "Epoch 63 Step 4": 2.8899781703948975, "Epoch 63 Step 5": 2.89504075050354, "Epoch 63 Step 6": 2.879964828491211, "Epoch 63 Step 7": 2.875851631164551, "Epoch 63 Step 8": 2.8854281902313232, "Epoch 63 Step 9": 2.8906328678131104, "Epoch 63 Step 10": 2.8808889389038086, "Epoch 63 Step 11": 2.881273031234741, "Epoch 63 Step 12": 2.8759965896606445, "Epoch 63 Step 13": 2.8864572048187256, "Epoch 63 Step 14": 2.8724684715270996, "Epoch 63 Step 15": 2.884129047393799, "Epoch 63 Step 16": 2.879037618637085, "Epoch 63 Step 17": 2.8824915885925293, "Epoch 63 Step 18": 2.8831446170806885, "Epoch 63 Step 19": 2.8697502613067627, "Epoch 63 Step 20": 2.8832693099975586, "Epoch 63 Step 21": 2.8869123458862305, "Epoch 63 Step 22": 2.8838555812835693, "Epoch 63 Step 23": 2.888653516769409, "Epoch 63 Step 24": 2.883330821990967, "Epoch 63 Step 25": 2.871533155441284, "Epoch 63 Step 26": 2.8787262439727783, "Epoch 63 Step 27": 2.876189708709717, "Epoch 63 Step 28": 2.883653163909912, "Epoch 63 Step 29": 2.880239725112915, "Epoch 63 Step 30": 2.8882768154144287, "Epoch 63 Step 31": 2.8832874298095703, "Epoch 63 Step 32": 2.88433575630188, "Epoch 63 Step 33": 2.882084846496582, "Epoch 63 Step 34": 2.873591184616089, "Epoch 63 Step 35": 2.879268169403076, "Epoch 63 Step 36": 2.892446517944336, "Epoch 63 Step 37": 2.8878519535064697, "Epoch 63 Step 38": 2.8730502128601074, "Epoch 63 Step 39": 2.8898086547851562, "Epoch 63 Step 40": 2.881584644317627, "Epoch 63 Step 41": 2.873818874359131, "Epoch 63 Step 42": 2.8696727752685547, "Epoch 63 Step 43": 2.8818187713623047, "Epoch 63 Step 44": 2.887059211730957, "Epoch 63 Step 45": 2.8793821334838867, "Epoch 63 Step 46": 2.8781309127807617, "Epoch 63 Step 47": 2.8776543140411377, "Epoch 63 Step 48": 2.875579833984375, "Epoch 63 Step 49": 2.8862087726593018, "Epoch 63 Step 50": 2.870485782623291, "Epoch 63 Step 51": 2.889422655105591, "Epoch 63 Step 52": 2.870757579803467, "Epoch 63 Step 53": 2.8743393421173096, "Epoch 63 Step 54": 2.8787307739257812, "Epoch 63 Step 55": 2.867116928100586, "Epoch 63 Step 56": 2.8853280544281006, "Epoch 63 Step 57": 2.8821327686309814, "Epoch 63 Step 58": 2.8857944011688232, "Epoch 63 Step 59": 2.892319440841675, "Epoch 63 Step 60": 2.8870065212249756, "Epoch 63 Step 61": 2.877250909805298, "Epoch 63 Step 62": 2.8830080032348633, "Epoch 63 Step 63": 2.894106149673462, "Epoch 63 Step 64": 2.8943376541137695, "Epoch 63 Step 65": 2.892725706100464, "Epoch 63 Step 66": 2.887939453125, "Epoch 63 Step 67": 2.8869266510009766, "Epoch 63 Step 68": 2.882995843887329, "Epoch 63 Step 69": 2.9035072326660156, "Epoch 63 Step 70": 2.899766683578491, "Epoch 63 Step 71": 2.8947017192840576, "Epoch 63 Step 72": 2.876110315322876, "Epoch 63 Step 73": 2.8892605304718018, "Epoch 63 Step 74": 2.8924427032470703, "Epoch 63 Step 75": 2.874253273010254, "Epoch 63 Step 76": 2.8856043815612793, "Epoch 63 Step 77": 2.8863134384155273, "Epoch 63 Step 78": 2.891265630722046, "Epoch 63 Step 79": 2.895315647125244, "Epoch 63 Step 80": 2.8802547454833984, "Epoch 63 Step 81": 2.8917741775512695, "Epoch 63 Step 82": 2.876840829849243, "Epoch 63 Step 83": 2.884445905685425, "Epoch 63 Step 84": 2.875544548034668, "Epoch 63 Step 85": 2.89125919342041, "Epoch 63 Step 86": 2.8766982555389404, "Epoch 63 Step 87": 2.8829739093780518, "Epoch 63 Step 88": 2.8894426822662354, "Epoch 63 Step 89": 2.872368335723877}