{"Epoch 900 Step 0": 2.8741438388824463, "Epoch 900 Step 1": 2.8911542892456055, "Epoch 900 Step 2": 2.8717565536499023, "Epoch 900 Step 3": 2.874577760696411, "Epoch 900 Step 4": 2.8803727626800537, "Epoch 900 Step 5": 2.867812156677246, "Epoch 900 Step 6": 2.8872578144073486, "Epoch 900 Step 7": 2.8818163871765137, "Epoch 900 Step 8": 2.886967897415161, "Epoch 900 Step 9": 2.8936972618103027, "Epoch 900 Step 10": 2.886387586593628, "Epoch 900 Step 11": 2.8790149688720703, "Epoch 900 Step 12": 2.8854026794433594, "Epoch 900 Step 13": 2.895681381225586, "Epoch 900 Step 14": 2.8933961391448975, "Epoch 900 Step 15": 2.892500638961792, "Epoch 900 Step 16": 2.8871562480926514, "Epoch 900 Step 17": 2.8869519233703613, "Epoch 900 Step 18": 2.883664846420288, "Epoch 900 Step 19": 2.9051482677459717, "Epoch 900 Step 20": 2.899761438369751, "Epoch 900 Step 21": 2.8975415229797363, "Epoch 900 Step 22": 2.876356840133667, "Epoch 900 Step 23": 2.8895933628082275, "Epoch 900 Step 24": 2.893296718597412, "Epoch 900 Step 25": 2.8748602867126465, "Epoch 900 Step 26": 2.886627435684204, "Epoch 900 Step 27": 2.8875386714935303, "Epoch 900 Step 28": 2.892456531524658, "Epoch 900 Step 29": 2.8964200019836426, "Epoch 900 Step 30": 2.8819687366485596, "Epoch 900 Step 31": 2.892385721206665, "Epoch 900 Step 32": 2.8786492347717285, "Epoch 900 Step 33": 2.8856871128082275, "Epoch 900 Step 34": 2.878110647201538, "Epoch 900 Step 35": 2.891697883605957, "Epoch 900 Step 36": 2.8781955242156982, "Epoch 900 Step 37": 2.8829474449157715, "Epoch 900 Step 38": 2.888855457305908, "Epoch 900 Step 39": 2.8734564781188965, "Epoch 900 Step 40": 2.871973752975464, "Epoch 900 Step 41": 2.873197555541992, "Epoch 900 Step 42": 2.8883755207061768, "Epoch 900 Step 43": 2.8817989826202393, "Epoch 900 Step 44": 2.8788249492645264, "Epoch 900 Step 45": 2.8882853984832764, "Epoch 900 Step 46": 2.894930601119995, "Epoch 900 Step 47": 2.8811004161834717, "Epoch 900 Step 48": 2.875714063644409, "Epoch 900 Step 49": 2.887810230255127, "Epoch 900 Step 50": 2.8924221992492676, "Epoch 900 Step 51": 2.8817028999328613, "Epoch 900 Step 52": 2.8813350200653076, "Epoch 900 Step 53": 2.87756085395813, "Epoch 900 Step 54": 2.8882529735565186, "Epoch 900 Step 55": 2.873821496963501, "Epoch 900 Step 56": 2.885690212249756, "Epoch 900 Step 57": 2.8801279067993164, "Epoch 900 Step 58": 2.882908344268799, "Epoch 900 Step 59": 2.8851327896118164, "Epoch 900 Step 60": 2.8714797496795654, "Epoch 900 Step 61": 2.8866353034973145, "Epoch 900 Step 62": 2.8874621391296387, "Epoch 900 Step 63": 2.8859870433807373, "Epoch 900 Step 64": 2.8889899253845215, "Epoch 900 Step 65": 2.8846867084503174, "Epoch 900 Step 66": 2.872373342514038, "Epoch 900 Step 67": 2.8807332515716553, "Epoch 900 Step 68": 2.877115249633789, "Epoch 900 Step 69": 2.8825507164001465, "Epoch 900 Step 70": 2.8831708431243896, "Epoch 900 Step 71": 2.890808343887329, "Epoch 900 Step 72": 2.8844854831695557, "Epoch 900 Step 73": 2.8853683471679688, "Epoch 900 Step 74": 2.881659746170044, "Epoch 900 Step 75": 2.875443935394287, "Epoch 900 Step 76": 2.8797619342803955, "Epoch 900 Step 77": 2.894120216369629, "Epoch 900 Step 78": 2.8881661891937256, "Epoch 900 Step 79": 2.873626947402954, "Epoch 900 Step 80": 2.8907039165496826, "Epoch 900 Step 81": 2.882385015487671, "Epoch 900 Step 82": 2.87601637840271, "Epoch 900 Step 83": 2.8736283779144287, "Epoch 900 Step 84": 2.88192081451416, "Epoch 900 Step 85": 2.888275623321533, "Epoch 900 Step 86": 2.880441188812256, "Epoch 900 Step 87": 2.8793346881866455, "Epoch 900 Step 88": 2.878857374191284, "Epoch 900 Step 89": 2.8771119117736816}