{"Epoch 3 Step 0": 2.886509418487549, "Epoch 3 Step 1": 2.8788540363311768, "Epoch 3 Step 2": 2.885434150695801, "Epoch 3 Step 3": 2.895327568054199, "Epoch 3 Step 4": 2.894495725631714, "Epoch 3 Step 5": 2.893463134765625, "Epoch 3 Step 6": 2.888580083847046, "Epoch 3 Step 7": 2.8861751556396484, "Epoch 3 Step 8": 2.8826558589935303, "Epoch 3 Step 9": 2.9074695110321045, "Epoch 3 Step 10": 2.8951761722564697, "Epoch 3 Step 11": 2.899468421936035, "Epoch 3 Step 12": 2.8786544799804688, "Epoch 3 Step 13": 2.8902735710144043, "Epoch 3 Step 14": 2.89322829246521, "Epoch 3 Step 15": 2.8766374588012695, "Epoch 3 Step 16": 2.8877360820770264, "Epoch 3 Step 17": 2.887777805328369, "Epoch 3 Step 18": 2.892730236053467, "Epoch 3 Step 19": 2.896411895751953, "Epoch 3 Step 20": 2.883091926574707, "Epoch 3 Step 21": 2.8955044746398926, "Epoch 3 Step 22": 2.8796117305755615, "Epoch 3 Step 23": 2.8846824169158936, "Epoch 3 Step 24": 2.8779380321502686, "Epoch 3 Step 25": 2.892838478088379, "Epoch 3 Step 26": 2.8794617652893066, "Epoch 3 Step 27": 2.883883476257324, "Epoch 3 Step 28": 2.8898706436157227, "Epoch 3 Step 29": 2.874307155609131, "Epoch 3 Step 30": 2.8729140758514404, "Epoch 3 Step 31": 2.872572183609009, "Epoch 3 Step 32": 2.889407157897949, "Epoch 3 Step 33": 2.8828988075256348, "Epoch 3 Step 34": 2.8788182735443115, "Epoch 3 Step 35": 2.8926103115081787, "Epoch 3 Step 36": 2.895437479019165, "Epoch 3 Step 37": 2.8819925785064697, "Epoch 3 Step 38": 2.8784732818603516, "Epoch 3 Step 39": 2.887505054473877, "Epoch 3 Step 40": 2.8913509845733643, "Epoch 3 Step 41": 2.8819446563720703, "Epoch 3 Step 42": 2.8842861652374268, "Epoch 3 Step 43": 2.8788039684295654, "Epoch 3 Step 44": 2.8884332180023193, "Epoch 3 Step 45": 2.8737363815307617, "Epoch 3 Step 46": 2.8861262798309326, "Epoch 3 Step 47": 2.879376173019409, "Epoch 3 Step 48": 2.8840575218200684, "Epoch 3 Step 49": 2.8849446773529053, "Epoch 3 Step 50": 2.871738910675049, "Epoch 3 Step 51": 2.885679006576538, "Epoch 3 Step 52": 2.8874871730804443, "Epoch 3 Step 53": 2.885958671569824, "Epoch 3 Step 54": 2.888953447341919, "Epoch 3 Step 55": 2.8849380016326904, "Epoch 3 Step 56": 2.873969316482544, "Epoch 3 Step 57": 2.8811075687408447, "Epoch 3 Step 58": 2.878324031829834, "Epoch 3 Step 59": 2.883697032928467, "Epoch 3 Step 60": 2.8829474449157715, "Epoch 3 Step 61": 2.8921728134155273, "Epoch 3 Step 62": 2.884981870651245, "Epoch 3 Step 63": 2.886007070541382, "Epoch 3 Step 64": 2.8818459510803223, "Epoch 3 Step 65": 2.8762078285217285, "Epoch 3 Step 66": 2.879918336868286, "Epoch 3 Step 67": 2.894380569458008, "Epoch 3 Step 68": 2.8892717361450195, "Epoch 3 Step 69": 2.8757736682891846, "Epoch 3 Step 70": 2.892077684402466, "Epoch 3 Step 71": 2.8823752403259277, "Epoch 3 Step 72": 2.876368999481201, "Epoch 3 Step 73": 2.8743441104888916, "Epoch 3 Step 74": 2.8835668563842773, "Epoch 3 Step 75": 2.888622760772705, "Epoch 3 Step 76": 2.8806605339050293, "Epoch 3 Step 77": 2.878905773162842, "Epoch 3 Step 78": 2.879098892211914, "Epoch 3 Step 79": 2.877190113067627, "Epoch 3 Step 80": 2.8882763385772705, "Epoch 3 Step 81": 2.87856388092041, "Epoch 3 Step 82": 2.891493082046509, "Epoch 3 Step 83": 2.871581554412842, "Epoch 3 Step 84": 2.8751091957092285, "Epoch 3 Step 85": 2.879007577896118, "Epoch 3 Step 86": 2.8677103519439697, "Epoch 3 Step 87": 2.8886351585388184, "Epoch 3 Step 88": 2.8820960521698, "Epoch 3 Step 89": 2.8869664669036865}