{"Epoch 838 Step 0": 2.8877882957458496, "Epoch 838 Step 1": 2.885605573654175, "Epoch 838 Step 2": 2.88918137550354, "Epoch 838 Step 3": 2.8847742080688477, "Epoch 838 Step 4": 2.8729138374328613, "Epoch 838 Step 5": 2.881664991378784, "Epoch 838 Step 6": 2.8773703575134277, "Epoch 838 Step 7": 2.88248610496521, "Epoch 838 Step 8": 2.883082866668701, "Epoch 838 Step 9": 2.891169548034668, "Epoch 838 Step 10": 2.884772777557373, "Epoch 838 Step 11": 2.885026693344116, "Epoch 838 Step 12": 2.880945920944214, "Epoch 838 Step 13": 2.8754265308380127, "Epoch 838 Step 14": 2.8796226978302, "Epoch 838 Step 15": 2.8941261768341064, "Epoch 838 Step 16": 2.888348340988159, "Epoch 838 Step 17": 2.873538017272949, "Epoch 838 Step 18": 2.8906211853027344, "Epoch 838 Step 19": 2.8823137283325195, "Epoch 838 Step 20": 2.8752360343933105, "Epoch 838 Step 21": 2.8729488849639893, "Epoch 838 Step 22": 2.883028745651245, "Epoch 838 Step 23": 2.888134241104126, "Epoch 838 Step 24": 2.880160093307495, "Epoch 838 Step 25": 2.8795359134674072, "Epoch 838 Step 26": 2.8783633708953857, "Epoch 838 Step 27": 2.8761959075927734, "Epoch 838 Step 28": 2.8876960277557373, "Epoch 838 Step 29": 2.8738951683044434, "Epoch 838 Step 30": 2.8910892009735107, "Epoch 838 Step 31": 2.871218681335449, "Epoch 838 Step 32": 2.87443208694458, "Epoch 838 Step 33": 2.879478693008423, "Epoch 838 Step 34": 2.867706775665283, "Epoch 838 Step 35": 2.8869526386260986, "Epoch 838 Step 36": 2.8815197944641113, "Epoch 838 Step 37": 2.8871402740478516, "Epoch 838 Step 38": 2.893078565597534, "Epoch 838 Step 39": 2.886167287826538, "Epoch 838 Step 40": 2.878971815109253, "Epoch 838 Step 41": 2.885364055633545, "Epoch 838 Step 42": 2.8958346843719482, "Epoch 838 Step 43": 2.8935673236846924, "Epoch 838 Step 44": 2.892979621887207, "Epoch 838 Step 45": 2.887296676635742, "Epoch 838 Step 46": 2.885911703109741, "Epoch 838 Step 47": 2.8837525844573975, "Epoch 838 Step 48": 2.904583215713501, "Epoch 838 Step 49": 2.9000821113586426, "Epoch 838 Step 50": 2.897888660430908, "Epoch 838 Step 51": 2.8758955001831055, "Epoch 838 Step 52": 2.8893685340881348, "Epoch 838 Step 53": 2.8928141593933105, "Epoch 838 Step 54": 2.8756277561187744, "Epoch 838 Step 55": 2.886354446411133, "Epoch 838 Step 56": 2.8866493701934814, "Epoch 838 Step 57": 2.8915531635284424, "Epoch 838 Step 58": 2.895831346511841, "Epoch 838 Step 59": 2.8820011615753174, "Epoch 838 Step 60": 2.8940932750701904, "Epoch 838 Step 61": 2.878533124923706, "Epoch 838 Step 62": 2.8856685161590576, "Epoch 838 Step 63": 2.8784737586975098, "Epoch 838 Step 64": 2.8923346996307373, "Epoch 838 Step 65": 2.877854824066162, "Epoch 838 Step 66": 2.883150339126587, "Epoch 838 Step 67": 2.8888626098632812, "Epoch 838 Step 68": 2.8732032775878906, "Epoch 838 Step 69": 2.8723866939544678, "Epoch 838 Step 70": 2.8716676235198975, "Epoch 838 Step 71": 2.889178514480591, "Epoch 838 Step 72": 2.8827149868011475, "Epoch 838 Step 73": 2.8790690898895264, "Epoch 838 Step 74": 2.890717029571533, "Epoch 838 Step 75": 2.8960540294647217, "Epoch 838 Step 76": 2.8807754516601562, "Epoch 838 Step 77": 2.8780219554901123, "Epoch 838 Step 78": 2.8871922492980957, "Epoch 838 Step 79": 2.89158296585083, "Epoch 838 Step 80": 2.880483627319336, "Epoch 838 Step 81": 2.8816726207733154, "Epoch 838 Step 82": 2.8780698776245117, "Epoch 838 Step 83": 2.8877971172332764, "Epoch 838 Step 84": 2.8739686012268066, "Epoch 838 Step 85": 2.885525703430176, "Epoch 838 Step 86": 2.8797876834869385, "Epoch 838 Step 87": 2.883293390274048, "Epoch 838 Step 88": 2.8848724365234375, "Epoch 838 Step 89": 2.871415853500366}