{"Epoch 911 Step 0": 2.8908743858337402, "Epoch 911 Step 1": 2.8822546005249023, "Epoch 911 Step 2": 2.8760335445404053, "Epoch 911 Step 3": 2.8734130859375, "Epoch 911 Step 4": 2.8822007179260254, "Epoch 911 Step 5": 2.8877639770507812, "Epoch 911 Step 6": 2.8810503482818604, "Epoch 911 Step 7": 2.8786022663116455, "Epoch 911 Step 8": 2.878068447113037, "Epoch 911 Step 9": 2.8770744800567627, "Epoch 911 Step 10": 2.8882341384887695, "Epoch 911 Step 11": 2.875206708908081, "Epoch 911 Step 12": 2.890834093093872, "Epoch 911 Step 13": 2.87231707572937, "Epoch 911 Step 14": 2.87536358833313, "Epoch 911 Step 15": 2.8807480335235596, "Epoch 911 Step 16": 2.868635416030884, "Epoch 911 Step 17": 2.8869688510894775, "Epoch 911 Step 18": 2.881284713745117, "Epoch 911 Step 19": 2.8872973918914795, "Epoch 911 Step 20": 2.8938024044036865, "Epoch 911 Step 21": 2.8859615325927734, "Epoch 911 Step 22": 2.8782825469970703, "Epoch 911 Step 23": 2.8853507041931152, "Epoch 911 Step 24": 2.896343946456909, "Epoch 911 Step 25": 2.8950374126434326, "Epoch 911 Step 26": 2.893974781036377, "Epoch 911 Step 27": 2.8869316577911377, "Epoch 911 Step 28": 2.884965658187866, "Epoch 911 Step 29": 2.883599281311035, "Epoch 911 Step 30": 2.905573606491089, "Epoch 911 Step 31": 2.899601459503174, "Epoch 911 Step 32": 2.897099733352661, "Epoch 911 Step 33": 2.878033399581909, "Epoch 911 Step 34": 2.8920059204101562, "Epoch 911 Step 35": 2.89534854888916, "Epoch 911 Step 36": 2.874772310256958, "Epoch 911 Step 37": 2.8866665363311768, "Epoch 911 Step 38": 2.8878331184387207, "Epoch 911 Step 39": 2.892745018005371, "Epoch 911 Step 40": 2.896087408065796, "Epoch 911 Step 41": 2.8815815448760986, "Epoch 911 Step 42": 2.8943581581115723, "Epoch 911 Step 43": 2.8787996768951416, "Epoch 911 Step 44": 2.885103225708008, "Epoch 911 Step 45": 2.8781023025512695, "Epoch 911 Step 46": 2.8923721313476562, "Epoch 911 Step 47": 2.8776628971099854, "Epoch 911 Step 48": 2.8833701610565186, "Epoch 911 Step 49": 2.8893935680389404, "Epoch 911 Step 50": 2.8744354248046875, "Epoch 911 Step 51": 2.8717644214630127, "Epoch 911 Step 52": 2.8726603984832764, "Epoch 911 Step 53": 2.8886914253234863, "Epoch 911 Step 54": 2.8823792934417725, "Epoch 911 Step 55": 2.8773865699768066, "Epoch 911 Step 56": 2.890465021133423, "Epoch 911 Step 57": 2.894439458847046, "Epoch 911 Step 58": 2.8802921772003174, "Epoch 911 Step 59": 2.8759779930114746, "Epoch 911 Step 60": 2.888052463531494, "Epoch 911 Step 61": 2.892242431640625, "Epoch 911 Step 62": 2.8805899620056152, "Epoch 911 Step 63": 2.881993532180786, "Epoch 911 Step 64": 2.8778460025787354, "Epoch 911 Step 65": 2.887904405593872, "Epoch 911 Step 66": 2.873772382736206, "Epoch 911 Step 67": 2.8856067657470703, "Epoch 911 Step 68": 2.879375457763672, "Epoch 911 Step 69": 2.8827781677246094, "Epoch 911 Step 70": 2.8849401473999023, "Epoch 911 Step 71": 2.871375322341919, "Epoch 911 Step 72": 2.8855202198028564, "Epoch 911 Step 73": 2.8878002166748047, "Epoch 911 Step 74": 2.8856141567230225, "Epoch 911 Step 75": 2.8902761936187744, "Epoch 911 Step 76": 2.8847153186798096, "Epoch 911 Step 77": 2.871788501739502, "Epoch 911 Step 78": 2.8819732666015625, "Epoch 911 Step 79": 2.876569986343384, "Epoch 911 Step 80": 2.882336378097534, "Epoch 911 Step 81": 2.883606433868408, "Epoch 911 Step 82": 2.8922367095947266, "Epoch 911 Step 83": 2.885002851486206, "Epoch 911 Step 84": 2.8853933811187744, "Epoch 911 Step 85": 2.8810901641845703, "Epoch 911 Step 86": 2.8771848678588867, "Epoch 911 Step 87": 2.8792672157287598, "Epoch 911 Step 88": 2.894683599472046, "Epoch 911 Step 89": 2.8884949684143066}