{"Epoch 422 Step 0": 2.888092041015625, "Epoch 422 Step 1": 2.8925230503082275, "Epoch 422 Step 2": 2.8750200271606445, "Epoch 422 Step 3": 2.886206865310669, "Epoch 422 Step 4": 2.8868229389190674, "Epoch 422 Step 5": 2.8910999298095703, "Epoch 422 Step 6": 2.8957064151763916, "Epoch 422 Step 7": 2.8822007179260254, "Epoch 422 Step 8": 2.893781900405884, "Epoch 422 Step 9": 2.878484010696411, "Epoch 422 Step 10": 2.884963035583496, "Epoch 422 Step 11": 2.8776190280914307, "Epoch 422 Step 12": 2.8917105197906494, "Epoch 422 Step 13": 2.8777360916137695, "Epoch 422 Step 14": 2.8829245567321777, "Epoch 422 Step 15": 2.8886642456054688, "Epoch 422 Step 16": 2.8732917308807373, "Epoch 422 Step 17": 2.8717825412750244, "Epoch 422 Step 18": 2.871807098388672, "Epoch 422 Step 19": 2.888103723526001, "Epoch 422 Step 20": 2.882098913192749, "Epoch 422 Step 21": 2.8782341480255127, "Epoch 422 Step 22": 2.890596866607666, "Epoch 422 Step 23": 2.8952391147613525, "Epoch 422 Step 24": 2.8803842067718506, "Epoch 422 Step 25": 2.876258134841919, "Epoch 422 Step 26": 2.8868443965911865, "Epoch 422 Step 27": 2.890900135040283, "Epoch 422 Step 28": 2.880652666091919, "Epoch 422 Step 29": 2.8818585872650146, "Epoch 422 Step 30": 2.877871513366699, "Epoch 422 Step 31": 2.8874847888946533, "Epoch 422 Step 32": 2.8736886978149414, "Epoch 422 Step 33": 2.8852779865264893, "Epoch 422 Step 34": 2.878980875015259, "Epoch 422 Step 35": 2.8832955360412598, "Epoch 422 Step 36": 2.8845767974853516, "Epoch 422 Step 37": 2.871373176574707, "Epoch 422 Step 38": 2.8852086067199707, "Epoch 422 Step 39": 2.8876166343688965, "Epoch 422 Step 40": 2.88569974899292, "Epoch 422 Step 41": 2.8894617557525635, "Epoch 422 Step 42": 2.884127378463745, "Epoch 422 Step 43": 2.872729778289795, "Epoch 422 Step 44": 2.880828857421875, "Epoch 422 Step 45": 2.876950740814209, "Epoch 422 Step 46": 2.8827478885650635, "Epoch 422 Step 47": 2.882958173751831, "Epoch 422 Step 48": 2.8904764652252197, "Epoch 422 Step 49": 2.8847036361694336, "Epoch 422 Step 50": 2.8853352069854736, "Epoch 422 Step 51": 2.8813977241516113, "Epoch 422 Step 52": 2.8748767375946045, "Epoch 422 Step 53": 2.8794376850128174, "Epoch 422 Step 54": 2.8938987255096436, "Epoch 422 Step 55": 2.888146162033081, "Epoch 422 Step 56": 2.873964548110962, "Epoch 422 Step 57": 2.8907690048217773, "Epoch 422 Step 58": 2.88220477104187, "Epoch 422 Step 59": 2.87567400932312, "Epoch 422 Step 60": 2.87239670753479, "Epoch 422 Step 61": 2.882190227508545, "Epoch 422 Step 62": 2.8875129222869873, "Epoch 422 Step 63": 2.880324125289917, "Epoch 422 Step 64": 2.879086494445801, "Epoch 422 Step 65": 2.8781237602233887, "Epoch 422 Step 66": 2.8757777214050293, "Epoch 422 Step 67": 2.887840747833252, "Epoch 422 Step 68": 2.8743810653686523, "Epoch 422 Step 69": 2.8912551403045654, "Epoch 422 Step 70": 2.8713176250457764, "Epoch 422 Step 71": 2.8743555545806885, "Epoch 422 Step 72": 2.879315137863159, "Epoch 422 Step 73": 2.8681907653808594, "Epoch 422 Step 74": 2.886709690093994, "Epoch 422 Step 75": 2.881265878677368, "Epoch 422 Step 76": 2.8867199420928955, "Epoch 422 Step 77": 2.8929967880249023, "Epoch 422 Step 78": 2.8862876892089844, "Epoch 422 Step 79": 2.878255844116211, "Epoch 422 Step 80": 2.8851053714752197, "Epoch 422 Step 81": 2.895559310913086, "Epoch 422 Step 82": 2.8944320678710938, "Epoch 422 Step 83": 2.8927383422851562, "Epoch 422 Step 84": 2.8874731063842773, "Epoch 422 Step 85": 2.886090040206909, "Epoch 422 Step 86": 2.884385108947754, "Epoch 422 Step 87": 2.9050467014312744, "Epoch 422 Step 88": 2.9000656604766846, "Epoch 422 Step 89": 2.8970019817352295}