{"Epoch 155 Step 0": 2.8801817893981934, "Epoch 155 Step 1": 2.8925609588623047, "Epoch 155 Step 2": 2.8753368854522705, "Epoch 155 Step 3": 2.8835880756378174, "Epoch 155 Step 4": 2.8761372566223145, "Epoch 155 Step 5": 2.890246629714966, "Epoch 155 Step 6": 2.8757097721099854, "Epoch 155 Step 7": 2.881643295288086, "Epoch 155 Step 8": 2.887662649154663, "Epoch 155 Step 9": 2.87115478515625, "Epoch 155 Step 10": 2.8706789016723633, "Epoch 155 Step 11": 2.8705599308013916, "Epoch 155 Step 12": 2.8860716819763184, "Epoch 155 Step 13": 2.8808963298797607, "Epoch 155 Step 14": 2.8752520084381104, "Epoch 155 Step 15": 2.8887579441070557, "Epoch 155 Step 16": 2.8934240341186523, "Epoch 155 Step 17": 2.879441499710083, "Epoch 155 Step 18": 2.8745574951171875, "Epoch 155 Step 19": 2.886331796646118, "Epoch 155 Step 20": 2.8897924423217773, "Epoch 155 Step 21": 2.8801684379577637, "Epoch 155 Step 22": 2.880556344985962, "Epoch 155 Step 23": 2.876256227493286, "Epoch 155 Step 24": 2.885554790496826, "Epoch 155 Step 25": 2.872292995452881, "Epoch 155 Step 26": 2.883481025695801, "Epoch 155 Step 27": 2.878781795501709, "Epoch 155 Step 28": 2.8816514015197754, "Epoch 155 Step 29": 2.8830556869506836, "Epoch 155 Step 30": 2.8688840866088867, "Epoch 155 Step 31": 2.882767915725708, "Epoch 155 Step 32": 2.88586688041687, "Epoch 155 Step 33": 2.8827924728393555, "Epoch 155 Step 34": 2.8869130611419678, "Epoch 155 Step 35": 2.8825786113739014, "Epoch 155 Step 36": 2.870570182800293, "Epoch 155 Step 37": 2.878465175628662, "Epoch 155 Step 38": 2.8751742839813232, "Epoch 155 Step 39": 2.881808042526245, "Epoch 155 Step 40": 2.8802566528320312, "Epoch 155 Step 41": 2.888787031173706, "Epoch 155 Step 42": 2.8831124305725098, "Epoch 155 Step 43": 2.884098529815674, "Epoch 155 Step 44": 2.8804128170013428, "Epoch 155 Step 45": 2.874936103820801, "Epoch 155 Step 46": 2.8774008750915527, "Epoch 155 Step 47": 2.8907861709594727, "Epoch 155 Step 48": 2.8862900733947754, "Epoch 155 Step 49": 2.871527910232544, "Epoch 155 Step 50": 2.8876140117645264, "Epoch 155 Step 51": 2.881481170654297, "Epoch 155 Step 52": 2.8734774589538574, "Epoch 155 Step 53": 2.870569944381714, "Epoch 155 Step 54": 2.879096508026123, "Epoch 155 Step 55": 2.8857290744781494, "Epoch 155 Step 56": 2.8784945011138916, "Epoch 155 Step 57": 2.8773560523986816, "Epoch 155 Step 58": 2.8768932819366455, "Epoch 155 Step 59": 2.8743813037872314, "Epoch 155 Step 60": 2.885143995285034, "Epoch 155 Step 61": 2.8707168102264404, "Epoch 155 Step 62": 2.88849139213562, "Epoch 155 Step 63": 2.870704412460327, "Epoch 155 Step 64": 2.87161922454834, "Epoch 155 Step 65": 2.8780369758605957, "Epoch 155 Step 66": 2.8671486377716064, "Epoch 155 Step 67": 2.8844285011291504, "Epoch 155 Step 68": 2.8808369636535645, "Epoch 155 Step 69": 2.8837194442749023, "Epoch 155 Step 70": 2.8916234970092773, "Epoch 155 Step 71": 2.8853812217712402, "Epoch 155 Step 72": 2.877657651901245, "Epoch 155 Step 73": 2.8830010890960693, "Epoch 155 Step 74": 2.8945541381835938, "Epoch 155 Step 75": 2.8930447101593018, "Epoch 155 Step 76": 2.891169309616089, "Epoch 155 Step 77": 2.887270927429199, "Epoch 155 Step 78": 2.8844785690307617, "Epoch 155 Step 79": 2.8804514408111572, "Epoch 155 Step 80": 2.902276039123535, "Epoch 155 Step 81": 2.8991148471832275, "Epoch 155 Step 82": 2.896061897277832, "Epoch 155 Step 83": 2.874521017074585, "Epoch 155 Step 84": 2.886953353881836, "Epoch 155 Step 85": 2.8907241821289062, "Epoch 155 Step 86": 2.874232292175293, "Epoch 155 Step 87": 2.8838753700256348, "Epoch 155 Step 88": 2.885418176651001, "Epoch 155 Step 89": 2.8902199268341064}