{"Epoch 789 Step 0": 2.901033401489258, "Epoch 789 Step 1": 2.89888858795166, "Epoch 789 Step 2": 2.8754584789276123, "Epoch 789 Step 3": 2.888967275619507, "Epoch 789 Step 4": 2.893146514892578, "Epoch 789 Step 5": 2.875692129135132, "Epoch 789 Step 6": 2.8862359523773193, "Epoch 789 Step 7": 2.886547088623047, "Epoch 789 Step 8": 2.89101243019104, "Epoch 789 Step 9": 2.895951509475708, "Epoch 789 Step 10": 2.882225751876831, "Epoch 789 Step 11": 2.893695116043091, "Epoch 789 Step 12": 2.8780148029327393, "Epoch 789 Step 13": 2.885158061981201, "Epoch 789 Step 14": 2.878164768218994, "Epoch 789 Step 15": 2.892322540283203, "Epoch 789 Step 16": 2.8779895305633545, "Epoch 789 Step 17": 2.882742404937744, "Epoch 789 Step 18": 2.8885109424591064, "Epoch 789 Step 19": 2.873649835586548, "Epoch 789 Step 20": 2.871551990509033, "Epoch 789 Step 21": 2.8723020553588867, "Epoch 789 Step 22": 2.88852858543396, "Epoch 789 Step 23": 2.881859302520752, "Epoch 789 Step 24": 2.877732515335083, "Epoch 789 Step 25": 2.8896536827087402, "Epoch 789 Step 26": 2.8958210945129395, "Epoch 789 Step 27": 2.880854368209839, "Epoch 789 Step 28": 2.8763656616210938, "Epoch 789 Step 29": 2.8869972229003906, "Epoch 789 Step 30": 2.8917737007141113, "Epoch 789 Step 31": 2.880483627319336, "Epoch 789 Step 32": 2.8816795349121094, "Epoch 789 Step 33": 2.877558946609497, "Epoch 789 Step 34": 2.887720823287964, "Epoch 789 Step 35": 2.873622417449951, "Epoch 789 Step 36": 2.8851921558380127, "Epoch 789 Step 37": 2.8789899349212646, "Epoch 789 Step 38": 2.8833746910095215, "Epoch 789 Step 39": 2.884889602661133, "Epoch 789 Step 40": 2.8708784580230713, "Epoch 789 Step 41": 2.884967565536499, "Epoch 789 Step 42": 2.888101100921631, "Epoch 789 Step 43": 2.886258125305176, "Epoch 789 Step 44": 2.88957142829895, "Epoch 789 Step 45": 2.8845908641815186, "Epoch 789 Step 46": 2.8725805282592773, "Epoch 789 Step 47": 2.8818745613098145, "Epoch 789 Step 48": 2.8774313926696777, "Epoch 789 Step 49": 2.883147954940796, "Epoch 789 Step 50": 2.8832132816314697, "Epoch 789 Step 51": 2.890859603881836, "Epoch 789 Step 52": 2.8846747875213623, "Epoch 789 Step 53": 2.884941816329956, "Epoch 789 Step 54": 2.88128399848938, "Epoch 789 Step 55": 2.8759894371032715, "Epoch 789 Step 56": 2.880068302154541, "Epoch 789 Step 57": 2.894016742706299, "Epoch 789 Step 58": 2.8881995677948, "Epoch 789 Step 59": 2.875458240509033, "Epoch 789 Step 60": 2.8905587196350098, "Epoch 789 Step 61": 2.882558822631836, "Epoch 789 Step 62": 2.875363349914551, "Epoch 789 Step 63": 2.8728764057159424, "Epoch 789 Step 64": 2.8826987743377686, "Epoch 789 Step 65": 2.88810658454895, "Epoch 789 Step 66": 2.880730152130127, "Epoch 789 Step 67": 2.8789780139923096, "Epoch 789 Step 68": 2.878077983856201, "Epoch 789 Step 69": 2.876784563064575, "Epoch 789 Step 70": 2.8875675201416016, "Epoch 789 Step 71": 2.8754820823669434, "Epoch 789 Step 72": 2.8917698860168457, "Epoch 789 Step 73": 2.871145009994507, "Epoch 789 Step 74": 2.8748865127563477, "Epoch 789 Step 75": 2.8798112869262695, "Epoch 789 Step 76": 2.867969036102295, "Epoch 789 Step 77": 2.8875362873077393, "Epoch 789 Step 78": 2.8815202713012695, "Epoch 789 Step 79": 2.886944055557251, "Epoch 789 Step 80": 2.89363694190979, "Epoch 789 Step 81": 2.886631727218628, "Epoch 789 Step 82": 2.8777170181274414, "Epoch 789 Step 83": 2.8847615718841553, "Epoch 789 Step 84": 2.8964357376098633, "Epoch 789 Step 85": 2.895179510116577, "Epoch 789 Step 86": 2.8934459686279297, "Epoch 789 Step 87": 2.8878111839294434, "Epoch 789 Step 88": 2.8866419792175293, "Epoch 789 Step 89": 2.884223461151123}