{"Epoch 171 Step 0": 2.8933324813842773, "Epoch 171 Step 1": 2.891629219055176, "Epoch 171 Step 2": 2.887086868286133, "Epoch 171 Step 3": 2.8855276107788086, "Epoch 171 Step 4": 2.882626533508301, "Epoch 171 Step 5": 2.902340888977051, "Epoch 171 Step 6": 2.8987460136413574, "Epoch 171 Step 7": 2.8980863094329834, "Epoch 171 Step 8": 2.873760223388672, "Epoch 171 Step 9": 2.886725902557373, "Epoch 171 Step 10": 2.8915083408355713, "Epoch 171 Step 11": 2.8735053539276123, "Epoch 171 Step 12": 2.885042905807495, "Epoch 171 Step 13": 2.886244773864746, "Epoch 171 Step 14": 2.8901596069335938, "Epoch 171 Step 15": 2.8949568271636963, "Epoch 171 Step 16": 2.8798787593841553, "Epoch 171 Step 17": 2.8923280239105225, "Epoch 171 Step 18": 2.876066207885742, "Epoch 171 Step 19": 2.884718894958496, "Epoch 171 Step 20": 2.8769822120666504, "Epoch 171 Step 21": 2.889906406402588, "Epoch 171 Step 22": 2.875418186187744, "Epoch 171 Step 23": 2.881093978881836, "Epoch 171 Step 24": 2.8867273330688477, "Epoch 171 Step 25": 2.8714823722839355, "Epoch 171 Step 26": 2.8700640201568604, "Epoch 171 Step 27": 2.8708503246307373, "Epoch 171 Step 28": 2.886650800704956, "Epoch 171 Step 29": 2.880194664001465, "Epoch 171 Step 30": 2.8762829303741455, "Epoch 171 Step 31": 2.889214515686035, "Epoch 171 Step 32": 2.8926608562469482, "Epoch 171 Step 33": 2.8786981105804443, "Epoch 171 Step 34": 2.874098777770996, "Epoch 171 Step 35": 2.885801076889038, "Epoch 171 Step 36": 2.8900303840637207, "Epoch 171 Step 37": 2.8792288303375244, "Epoch 171 Step 38": 2.880937337875366, "Epoch 171 Step 39": 2.8759474754333496, "Epoch 171 Step 40": 2.88546085357666, "Epoch 171 Step 41": 2.8716845512390137, "Epoch 171 Step 42": 2.8832883834838867, "Epoch 171 Step 43": 2.8773913383483887, "Epoch 171 Step 44": 2.882671356201172, "Epoch 171 Step 45": 2.8823773860931396, "Epoch 171 Step 46": 2.8692541122436523, "Epoch 171 Step 47": 2.88259220123291, "Epoch 171 Step 48": 2.8863110542297363, "Epoch 171 Step 49": 2.8835575580596924, "Epoch 171 Step 50": 2.887491226196289, "Epoch 171 Step 51": 2.8822317123413086, "Epoch 171 Step 52": 2.8707501888275146, "Epoch 171 Step 53": 2.8793020248413086, "Epoch 171 Step 54": 2.8756649494171143, "Epoch 171 Step 55": 2.882270574569702, "Epoch 171 Step 56": 2.880648136138916, "Epoch 171 Step 57": 2.889310359954834, "Epoch 171 Step 58": 2.883793354034424, "Epoch 171 Step 59": 2.8840675354003906, "Epoch 171 Step 60": 2.88051438331604, "Epoch 171 Step 61": 2.874612808227539, "Epoch 171 Step 62": 2.8770110607147217, "Epoch 171 Step 63": 2.891730308532715, "Epoch 171 Step 64": 2.886338472366333, "Epoch 171 Step 65": 2.871469736099243, "Epoch 171 Step 66": 2.888591766357422, "Epoch 171 Step 67": 2.8808276653289795, "Epoch 171 Step 68": 2.8738081455230713, "Epoch 171 Step 69": 2.8706727027893066, "Epoch 171 Step 70": 2.8811285495758057, "Epoch 171 Step 71": 2.886021852493286, "Epoch 171 Step 72": 2.878781795501709, "Epoch 171 Step 73": 2.8777177333831787, "Epoch 171 Step 74": 2.8771958351135254, "Epoch 171 Step 75": 2.8746261596679688, "Epoch 171 Step 76": 2.8853838443756104, "Epoch 171 Step 77": 2.871422529220581, "Epoch 171 Step 78": 2.8891968727111816, "Epoch 171 Step 79": 2.8705997467041016, "Epoch 171 Step 80": 2.872046709060669, "Epoch 171 Step 81": 2.877512216567993, "Epoch 171 Step 82": 2.8669369220733643, "Epoch 171 Step 83": 2.8854541778564453, "Epoch 171 Step 84": 2.880816698074341, "Epoch 171 Step 85": 2.883643388748169, "Epoch 171 Step 86": 2.891115188598633, "Epoch 171 Step 87": 2.8841452598571777, "Epoch 171 Step 88": 2.8782947063446045, "Epoch 171 Step 89": 2.8832509517669678}