{"Epoch 609 Step 0": 2.8845748901367188, "Epoch 609 Step 1": 2.903937816619873, "Epoch 609 Step 2": 2.9014222621917725, "Epoch 609 Step 3": 2.8979527950286865, "Epoch 609 Step 4": 2.87585711479187, "Epoch 609 Step 5": 2.889087200164795, "Epoch 609 Step 6": 2.893547534942627, "Epoch 609 Step 7": 2.8749969005584717, "Epoch 609 Step 8": 2.8864688873291016, "Epoch 609 Step 9": 2.8869588375091553, "Epoch 609 Step 10": 2.8917720317840576, "Epoch 609 Step 11": 2.8961915969848633, "Epoch 609 Step 12": 2.8823130130767822, "Epoch 609 Step 13": 2.8929665088653564, "Epoch 609 Step 14": 2.8780598640441895, "Epoch 609 Step 15": 2.8847217559814453, "Epoch 609 Step 16": 2.8774502277374268, "Epoch 609 Step 17": 2.8919718265533447, "Epoch 609 Step 18": 2.8778536319732666, "Epoch 609 Step 19": 2.882596492767334, "Epoch 609 Step 20": 2.888772964477539, "Epoch 609 Step 21": 2.8731446266174316, "Epoch 609 Step 22": 2.871859550476074, "Epoch 609 Step 23": 2.8719894886016846, "Epoch 609 Step 24": 2.888617992401123, "Epoch 609 Step 25": 2.8822550773620605, "Epoch 609 Step 26": 2.8781967163085938, "Epoch 609 Step 27": 2.891130208969116, "Epoch 609 Step 28": 2.8956198692321777, "Epoch 609 Step 29": 2.8804819583892822, "Epoch 609 Step 30": 2.8767762184143066, "Epoch 609 Step 31": 2.8872644901275635, "Epoch 609 Step 32": 2.8918027877807617, "Epoch 609 Step 33": 2.8814377784729004, "Epoch 609 Step 34": 2.881869077682495, "Epoch 609 Step 35": 2.8776164054870605, "Epoch 609 Step 36": 2.888188362121582, "Epoch 609 Step 37": 2.8739981651306152, "Epoch 609 Step 38": 2.885695457458496, "Epoch 609 Step 39": 2.879241466522217, "Epoch 609 Step 40": 2.8829293251037598, "Epoch 609 Step 41": 2.8847053050994873, "Epoch 609 Step 42": 2.871072292327881, "Epoch 609 Step 43": 2.8849294185638428, "Epoch 609 Step 44": 2.887943983078003, "Epoch 609 Step 45": 2.885671854019165, "Epoch 609 Step 46": 2.888868570327759, "Epoch 609 Step 47": 2.884267568588257, "Epoch 609 Step 48": 2.8725337982177734, "Epoch 609 Step 49": 2.881692409515381, "Epoch 609 Step 50": 2.8776185512542725, "Epoch 609 Step 51": 2.8829033374786377, "Epoch 609 Step 52": 2.8830056190490723, "Epoch 609 Step 53": 2.8907883167266846, "Epoch 609 Step 54": 2.8849222660064697, "Epoch 609 Step 55": 2.8848342895507812, "Epoch 609 Step 56": 2.8810112476348877, "Epoch 609 Step 57": 2.875138759613037, "Epoch 609 Step 58": 2.8797175884246826, "Epoch 609 Step 59": 2.894089937210083, "Epoch 609 Step 60": 2.8880200386047363, "Epoch 609 Step 61": 2.8743538856506348, "Epoch 609 Step 62": 2.8905599117279053, "Epoch 609 Step 63": 2.882209062576294, "Epoch 609 Step 64": 2.8753201961517334, "Epoch 609 Step 65": 2.8731791973114014, "Epoch 609 Step 66": 2.8819894790649414, "Epoch 609 Step 67": 2.888021945953369, "Epoch 609 Step 68": 2.879786491394043, "Epoch 609 Step 69": 2.8786914348602295, "Epoch 609 Step 70": 2.8782544136047363, "Epoch 609 Step 71": 2.876446485519409, "Epoch 609 Step 72": 2.8875904083251953, "Epoch 609 Step 73": 2.8754727840423584, "Epoch 609 Step 74": 2.891066789627075, "Epoch 609 Step 75": 2.8710248470306396, "Epoch 609 Step 76": 2.8748040199279785, "Epoch 609 Step 77": 2.879394769668579, "Epoch 609 Step 78": 2.868285894393921, "Epoch 609 Step 79": 2.8868374824523926, "Epoch 609 Step 80": 2.880979061126709, "Epoch 609 Step 81": 2.886845111846924, "Epoch 609 Step 82": 2.8933982849121094, "Epoch 609 Step 83": 2.8863742351531982, "Epoch 609 Step 84": 2.878373622894287, "Epoch 609 Step 85": 2.884960412979126, "Epoch 609 Step 86": 2.895371198654175, "Epoch 609 Step 87": 2.894270896911621, "Epoch 609 Step 88": 2.8932571411132812, "Epoch 609 Step 89": 2.887485980987549}