{"Epoch 483 Step 0": 2.877699613571167, "Epoch 483 Step 1": 2.8874247074127197, "Epoch 483 Step 2": 2.874116897583008, "Epoch 483 Step 3": 2.8850905895233154, "Epoch 483 Step 4": 2.8790531158447266, "Epoch 483 Step 5": 2.8827834129333496, "Epoch 483 Step 6": 2.8844056129455566, "Epoch 483 Step 7": 2.8715665340423584, "Epoch 483 Step 8": 2.885197639465332, "Epoch 483 Step 9": 2.8880457878112793, "Epoch 483 Step 10": 2.8860085010528564, "Epoch 483 Step 11": 2.8896255493164062, "Epoch 483 Step 12": 2.8843801021575928, "Epoch 483 Step 13": 2.8723056316375732, "Epoch 483 Step 14": 2.880923271179199, "Epoch 483 Step 15": 2.877260684967041, "Epoch 483 Step 16": 2.8829047679901123, "Epoch 483 Step 17": 2.8831381797790527, "Epoch 483 Step 18": 2.8907201290130615, "Epoch 483 Step 19": 2.8848836421966553, "Epoch 483 Step 20": 2.8849873542785645, "Epoch 483 Step 21": 2.8809030055999756, "Epoch 483 Step 22": 2.8756020069122314, "Epoch 483 Step 23": 2.8794565200805664, "Epoch 483 Step 24": 2.894005537033081, "Epoch 483 Step 25": 2.8880624771118164, "Epoch 483 Step 26": 2.8740830421447754, "Epoch 483 Step 27": 2.8908426761627197, "Epoch 483 Step 28": 2.882148504257202, "Epoch 483 Step 29": 2.8757002353668213, "Epoch 483 Step 30": 2.8720242977142334, "Epoch 483 Step 31": 2.882840394973755, "Epoch 483 Step 32": 2.888040542602539, "Epoch 483 Step 33": 2.8803093433380127, "Epoch 483 Step 34": 2.8788986206054688, "Epoch 483 Step 35": 2.878427267074585, "Epoch 483 Step 36": 2.8762319087982178, "Epoch 483 Step 37": 2.88811993598938, "Epoch 483 Step 38": 2.8743810653686523, "Epoch 483 Step 39": 2.891247510910034, "Epoch 483 Step 40": 2.871769666671753, "Epoch 483 Step 41": 2.874826192855835, "Epoch 483 Step 42": 2.879589080810547, "Epoch 483 Step 43": 2.868075370788574, "Epoch 483 Step 44": 2.8871445655822754, "Epoch 483 Step 45": 2.8818891048431396, "Epoch 483 Step 46": 2.8871216773986816, "Epoch 483 Step 47": 2.8933894634246826, "Epoch 483 Step 48": 2.886249303817749, "Epoch 483 Step 49": 2.8783621788024902, "Epoch 483 Step 50": 2.8845033645629883, "Epoch 483 Step 51": 2.895327091217041, "Epoch 483 Step 52": 2.893864154815674, "Epoch 483 Step 53": 2.8932106494903564, "Epoch 483 Step 54": 2.887754440307617, "Epoch 483 Step 55": 2.886040210723877, "Epoch 483 Step 56": 2.881918430328369, "Epoch 483 Step 57": 2.9041342735290527, "Epoch 483 Step 58": 2.900428295135498, "Epoch 483 Step 59": 2.8994665145874023, "Epoch 483 Step 60": 2.8756213188171387, "Epoch 483 Step 61": 2.888240098953247, "Epoch 483 Step 62": 2.8926658630371094, "Epoch 483 Step 63": 2.8755645751953125, "Epoch 483 Step 64": 2.886739492416382, "Epoch 483 Step 65": 2.8867084980010986, "Epoch 483 Step 66": 2.890894651412964, "Epoch 483 Step 67": 2.895352363586426, "Epoch 483 Step 68": 2.881401300430298, "Epoch 483 Step 69": 2.893178939819336, "Epoch 483 Step 70": 2.878021001815796, "Epoch 483 Step 71": 2.8845102787017822, "Epoch 483 Step 72": 2.8776752948760986, "Epoch 483 Step 73": 2.891808271408081, "Epoch 483 Step 74": 2.878096580505371, "Epoch 483 Step 75": 2.882617235183716, "Epoch 483 Step 76": 2.888558864593506, "Epoch 483 Step 77": 2.87349534034729, "Epoch 483 Step 78": 2.872231960296631, "Epoch 483 Step 79": 2.8724045753479004, "Epoch 483 Step 80": 2.888301134109497, "Epoch 483 Step 81": 2.8818695545196533, "Epoch 483 Step 82": 2.877270221710205, "Epoch 483 Step 83": 2.8897855281829834, "Epoch 483 Step 84": 2.89495849609375, "Epoch 483 Step 85": 2.8799939155578613, "Epoch 483 Step 86": 2.875601053237915, "Epoch 483 Step 87": 2.8882012367248535, "Epoch 483 Step 88": 2.891303539276123, "Epoch 483 Step 89": 2.881549119949341}