{"Epoch 538 Step 0": 2.876487970352173, "Epoch 538 Step 1": 2.887566566467285, "Epoch 538 Step 2": 2.8749475479125977, "Epoch 538 Step 3": 2.8908884525299072, "Epoch 538 Step 4": 2.871427297592163, "Epoch 538 Step 5": 2.8744916915893555, "Epoch 538 Step 6": 2.8794398307800293, "Epoch 538 Step 7": 2.868016242980957, "Epoch 538 Step 8": 2.8870041370391846, "Epoch 538 Step 9": 2.8813769817352295, "Epoch 538 Step 10": 2.887157917022705, "Epoch 538 Step 11": 2.893286943435669, "Epoch 538 Step 12": 2.8860509395599365, "Epoch 538 Step 13": 2.87829327583313, "Epoch 538 Step 14": 2.8846516609191895, "Epoch 538 Step 15": 2.8960721492767334, "Epoch 538 Step 16": 2.894814968109131, "Epoch 538 Step 17": 2.893272876739502, "Epoch 538 Step 18": 2.887451648712158, "Epoch 538 Step 19": 2.8860933780670166, "Epoch 538 Step 20": 2.8830807209014893, "Epoch 538 Step 21": 2.904712200164795, "Epoch 538 Step 22": 2.9000885486602783, "Epoch 538 Step 23": 2.8990633487701416, "Epoch 538 Step 24": 2.8757784366607666, "Epoch 538 Step 25": 2.8889784812927246, "Epoch 538 Step 26": 2.8929531574249268, "Epoch 538 Step 27": 2.8751447200775146, "Epoch 538 Step 28": 2.886035442352295, "Epoch 538 Step 29": 2.8864693641662598, "Epoch 538 Step 30": 2.8912627696990967, "Epoch 538 Step 31": 2.8956429958343506, "Epoch 538 Step 32": 2.881711959838867, "Epoch 538 Step 33": 2.8938677310943604, "Epoch 538 Step 34": 2.878060817718506, "Epoch 538 Step 35": 2.8843278884887695, "Epoch 538 Step 36": 2.87808895111084, "Epoch 538 Step 37": 2.8918001651763916, "Epoch 538 Step 38": 2.8779730796813965, "Epoch 538 Step 39": 2.88301157951355, "Epoch 538 Step 40": 2.8886704444885254, "Epoch 538 Step 41": 2.873743772506714, "Epoch 538 Step 42": 2.871417760848999, "Epoch 538 Step 43": 2.871877431869507, "Epoch 538 Step 44": 2.888409376144409, "Epoch 538 Step 45": 2.8821070194244385, "Epoch 538 Step 46": 2.8777897357940674, "Epoch 538 Step 47": 2.890181303024292, "Epoch 538 Step 48": 2.895489454269409, "Epoch 538 Step 49": 2.8799808025360107, "Epoch 538 Step 50": 2.8761346340179443, "Epoch 538 Step 51": 2.888033628463745, "Epoch 538 Step 52": 2.8917360305786133, "Epoch 538 Step 53": 2.8812735080718994, "Epoch 538 Step 54": 2.882218360900879, "Epoch 538 Step 55": 2.8777830600738525, "Epoch 538 Step 56": 2.88773775100708, "Epoch 538 Step 57": 2.8738040924072266, "Epoch 538 Step 58": 2.885077714920044, "Epoch 538 Step 59": 2.878959894180298, "Epoch 538 Step 60": 2.882982015609741, "Epoch 538 Step 61": 2.8846776485443115, "Epoch 538 Step 62": 2.871453046798706, "Epoch 538 Step 63": 2.885331392288208, "Epoch 538 Step 64": 2.8876802921295166, "Epoch 538 Step 65": 2.885807991027832, "Epoch 538 Step 66": 2.889326810836792, "Epoch 538 Step 67": 2.8842012882232666, "Epoch 538 Step 68": 2.872554063796997, "Epoch 538 Step 69": 2.880906343460083, "Epoch 538 Step 70": 2.877448558807373, "Epoch 538 Step 71": 2.8826522827148438, "Epoch 538 Step 72": 2.882930040359497, "Epoch 538 Step 73": 2.890873670578003, "Epoch 538 Step 74": 2.8849105834960938, "Epoch 538 Step 75": 2.885033369064331, "Epoch 538 Step 76": 2.881026029586792, "Epoch 538 Step 77": 2.8759765625, "Epoch 538 Step 78": 2.8791885375976562, "Epoch 538 Step 79": 2.8942229747772217, "Epoch 538 Step 80": 2.888237714767456, "Epoch 538 Step 81": 2.873579502105713, "Epoch 538 Step 82": 2.8905436992645264, "Epoch 538 Step 83": 2.8826987743377686, "Epoch 538 Step 84": 2.8758223056793213, "Epoch 538 Step 85": 2.8726768493652344, "Epoch 538 Step 86": 2.882756471633911, "Epoch 538 Step 87": 2.8878092765808105, "Epoch 538 Step 88": 2.879957675933838, "Epoch 538 Step 89": 2.8787267208099365}