{"Epoch 705 Step 0": 2.8952672481536865, "Epoch 705 Step 1": 2.8941872119903564, "Epoch 705 Step 2": 2.8932769298553467, "Epoch 705 Step 3": 2.8876705169677734, "Epoch 705 Step 4": 2.886120557785034, "Epoch 705 Step 5": 2.8836305141448975, "Epoch 705 Step 6": 2.9041543006896973, "Epoch 705 Step 7": 2.899508476257324, "Epoch 705 Step 8": 2.8988144397735596, "Epoch 705 Step 9": 2.876753568649292, "Epoch 705 Step 10": 2.8898308277130127, "Epoch 705 Step 11": 2.8926849365234375, "Epoch 705 Step 12": 2.8752758502960205, "Epoch 705 Step 13": 2.887395143508911, "Epoch 705 Step 14": 2.887324094772339, "Epoch 705 Step 15": 2.892125129699707, "Epoch 705 Step 16": 2.8952412605285645, "Epoch 705 Step 17": 2.8805084228515625, "Epoch 705 Step 18": 2.891679525375366, "Epoch 705 Step 19": 2.8792741298675537, "Epoch 705 Step 20": 2.8853206634521484, "Epoch 705 Step 21": 2.878032684326172, "Epoch 705 Step 22": 2.8905367851257324, "Epoch 705 Step 23": 2.877321243286133, "Epoch 705 Step 24": 2.883673906326294, "Epoch 705 Step 25": 2.8898842334747314, "Epoch 705 Step 26": 2.8749098777770996, "Epoch 705 Step 27": 2.8727734088897705, "Epoch 705 Step 28": 2.872749090194702, "Epoch 705 Step 29": 2.8883936405181885, "Epoch 705 Step 30": 2.8824312686920166, "Epoch 705 Step 31": 2.877302885055542, "Epoch 705 Step 32": 2.889091968536377, "Epoch 705 Step 33": 2.894728660583496, "Epoch 705 Step 34": 2.8805203437805176, "Epoch 705 Step 35": 2.876568078994751, "Epoch 705 Step 36": 2.887643337249756, "Epoch 705 Step 37": 2.8918039798736572, "Epoch 705 Step 38": 2.8815970420837402, "Epoch 705 Step 39": 2.882629156112671, "Epoch 705 Step 40": 2.8779075145721436, "Epoch 705 Step 41": 2.8878109455108643, "Epoch 705 Step 42": 2.8740267753601074, "Epoch 705 Step 43": 2.8856875896453857, "Epoch 705 Step 44": 2.879232168197632, "Epoch 705 Step 45": 2.8828864097595215, "Epoch 705 Step 46": 2.8849599361419678, "Epoch 705 Step 47": 2.8716819286346436, "Epoch 705 Step 48": 2.8850886821746826, "Epoch 705 Step 49": 2.887507438659668, "Epoch 705 Step 50": 2.885807991027832, "Epoch 705 Step 51": 2.889547824859619, "Epoch 705 Step 52": 2.8844058513641357, "Epoch 705 Step 53": 2.872763156890869, "Epoch 705 Step 54": 2.881456136703491, "Epoch 705 Step 55": 2.8769397735595703, "Epoch 705 Step 56": 2.88236665725708, "Epoch 705 Step 57": 2.8836305141448975, "Epoch 705 Step 58": 2.892104148864746, "Epoch 705 Step 59": 2.8846781253814697, "Epoch 705 Step 60": 2.8854053020477295, "Epoch 705 Step 61": 2.8810551166534424, "Epoch 705 Step 62": 2.8772525787353516, "Epoch 705 Step 63": 2.8794424533843994, "Epoch 705 Step 64": 2.894052028656006, "Epoch 705 Step 65": 2.888211727142334, "Epoch 705 Step 66": 2.873309373855591, "Epoch 705 Step 67": 2.8904120922088623, "Epoch 705 Step 68": 2.8827338218688965, "Epoch 705 Step 69": 2.8761484622955322, "Epoch 705 Step 70": 2.8736064434051514, "Epoch 705 Step 71": 2.882286310195923, "Epoch 705 Step 72": 2.8875606060028076, "Epoch 705 Step 73": 2.8808071613311768, "Epoch 705 Step 74": 2.8787403106689453, "Epoch 705 Step 75": 2.8781912326812744, "Epoch 705 Step 76": 2.8774890899658203, "Epoch 705 Step 77": 2.888211727142334, "Epoch 705 Step 78": 2.874833822250366, "Epoch 705 Step 79": 2.890728712081909, "Epoch 705 Step 80": 2.8718760013580322, "Epoch 705 Step 81": 2.874553918838501, "Epoch 705 Step 82": 2.8802554607391357, "Epoch 705 Step 83": 2.8682777881622314, "Epoch 705 Step 84": 2.8870763778686523, "Epoch 705 Step 85": 2.8816819190979004, "Epoch 705 Step 86": 2.887734889984131, "Epoch 705 Step 87": 2.8946380615234375, "Epoch 705 Step 88": 2.8857452869415283, "Epoch 705 Step 89": 2.878798723220825}