{"Epoch 737 Step 0": 2.885538339614868, "Epoch 737 Step 1": 2.886307716369629, "Epoch 737 Step 2": 2.8820598125457764, "Epoch 737 Step 3": 2.875418186187744, "Epoch 737 Step 4": 2.879477024078369, "Epoch 737 Step 5": 2.8943872451782227, "Epoch 737 Step 6": 2.8882832527160645, "Epoch 737 Step 7": 2.8741393089294434, "Epoch 737 Step 8": 2.8909122943878174, "Epoch 737 Step 9": 2.8821489810943604, "Epoch 737 Step 10": 2.8761115074157715, "Epoch 737 Step 11": 2.873861789703369, "Epoch 737 Step 12": 2.882577896118164, "Epoch 737 Step 13": 2.8875842094421387, "Epoch 737 Step 14": 2.8804450035095215, "Epoch 737 Step 15": 2.8789076805114746, "Epoch 737 Step 16": 2.8784291744232178, "Epoch 737 Step 17": 2.875924825668335, "Epoch 737 Step 18": 2.888004779815674, "Epoch 737 Step 19": 2.874768018722534, "Epoch 737 Step 20": 2.8909265995025635, "Epoch 737 Step 21": 2.871495008468628, "Epoch 737 Step 22": 2.8747169971466064, "Epoch 737 Step 23": 2.879551649093628, "Epoch 737 Step 24": 2.8683111667633057, "Epoch 737 Step 25": 2.8867292404174805, "Epoch 737 Step 26": 2.8812737464904785, "Epoch 737 Step 27": 2.887099266052246, "Epoch 737 Step 28": 2.893402576446533, "Epoch 737 Step 29": 2.886204719543457, "Epoch 737 Step 30": 2.8785552978515625, "Epoch 737 Step 31": 2.8853087425231934, "Epoch 737 Step 32": 2.8956868648529053, "Epoch 737 Step 33": 2.8945555686950684, "Epoch 737 Step 34": 2.8937466144561768, "Epoch 737 Step 35": 2.8880186080932617, "Epoch 737 Step 36": 2.8851823806762695, "Epoch 737 Step 37": 2.880953788757324, "Epoch 737 Step 38": 2.903944492340088, "Epoch 737 Step 39": 2.8991477489471436, "Epoch 737 Step 40": 2.8967702388763428, "Epoch 737 Step 41": 2.8765580654144287, "Epoch 737 Step 42": 2.891249895095825, "Epoch 737 Step 43": 2.895367383956909, "Epoch 737 Step 44": 2.876391887664795, "Epoch 737 Step 45": 2.8874714374542236, "Epoch 737 Step 46": 2.887200355529785, "Epoch 737 Step 47": 2.891354560852051, "Epoch 737 Step 48": 2.895151138305664, "Epoch 737 Step 49": 2.8808038234710693, "Epoch 737 Step 50": 2.892382860183716, "Epoch 737 Step 51": 2.8775858879089355, "Epoch 737 Step 52": 2.8844170570373535, "Epoch 737 Step 53": 2.8784019947052, "Epoch 737 Step 54": 2.8908064365386963, "Epoch 737 Step 55": 2.877685546875, "Epoch 737 Step 56": 2.8828909397125244, "Epoch 737 Step 57": 2.88866925239563, "Epoch 737 Step 58": 2.873701333999634, "Epoch 737 Step 59": 2.8719024658203125, "Epoch 737 Step 60": 2.872154474258423, "Epoch 737 Step 61": 2.888880491256714, "Epoch 737 Step 62": 2.8822522163391113, "Epoch 737 Step 63": 2.8777921199798584, "Epoch 737 Step 64": 2.8896281719207764, "Epoch 737 Step 65": 2.8957722187042236, "Epoch 737 Step 66": 2.880927324295044, "Epoch 737 Step 67": 2.876699447631836, "Epoch 737 Step 68": 2.886942148208618, "Epoch 737 Step 69": 2.891657829284668, "Epoch 737 Step 70": 2.8806257247924805, "Epoch 737 Step 71": 2.883657693862915, "Epoch 737 Step 72": 2.878894329071045, "Epoch 737 Step 73": 2.8880953788757324, "Epoch 737 Step 74": 2.8737010955810547, "Epoch 737 Step 75": 2.885427236557007, "Epoch 737 Step 76": 2.8798019886016846, "Epoch 737 Step 77": 2.8837811946868896, "Epoch 737 Step 78": 2.8853747844696045, "Epoch 737 Step 79": 2.871302366256714, "Epoch 737 Step 80": 2.8855552673339844, "Epoch 737 Step 81": 2.8877854347229004, "Epoch 737 Step 82": 2.8865325450897217, "Epoch 737 Step 83": 2.890317916870117, "Epoch 737 Step 84": 2.8845248222351074, "Epoch 737 Step 85": 2.8727550506591797, "Epoch 737 Step 86": 2.8816959857940674, "Epoch 737 Step 87": 2.877248525619507, "Epoch 737 Step 88": 2.882956027984619, "Epoch 737 Step 89": 2.883021116256714}