{"Epoch 833 Step 0": 2.8814215660095215, "Epoch 833 Step 1": 2.8770501613616943, "Epoch 833 Step 2": 2.882594347000122, "Epoch 833 Step 3": 2.8832321166992188, "Epoch 833 Step 4": 2.890369415283203, "Epoch 833 Step 5": 2.8846707344055176, "Epoch 833 Step 6": 2.885335683822632, "Epoch 833 Step 7": 2.881317615509033, "Epoch 833 Step 8": 2.8752357959747314, "Epoch 833 Step 9": 2.879890203475952, "Epoch 833 Step 10": 2.8942747116088867, "Epoch 833 Step 11": 2.888476848602295, "Epoch 833 Step 12": 2.873807191848755, "Epoch 833 Step 13": 2.8905415534973145, "Epoch 833 Step 14": 2.882524251937866, "Epoch 833 Step 15": 2.875819683074951, "Epoch 833 Step 16": 2.872533082962036, "Epoch 833 Step 17": 2.8823580741882324, "Epoch 833 Step 18": 2.8878607749938965, "Epoch 833 Step 19": 2.880716323852539, "Epoch 833 Step 20": 2.8795595169067383, "Epoch 833 Step 21": 2.8787038326263428, "Epoch 833 Step 22": 2.8763206005096436, "Epoch 833 Step 23": 2.8878533840179443, "Epoch 833 Step 24": 2.87528133392334, "Epoch 833 Step 25": 2.8908298015594482, "Epoch 833 Step 26": 2.8715426921844482, "Epoch 833 Step 27": 2.874453067779541, "Epoch 833 Step 28": 2.8796029090881348, "Epoch 833 Step 29": 2.868084669113159, "Epoch 833 Step 30": 2.886845111846924, "Epoch 833 Step 31": 2.8813860416412354, "Epoch 833 Step 32": 2.8870489597320557, "Epoch 833 Step 33": 2.8932201862335205, "Epoch 833 Step 34": 2.8856842517852783, "Epoch 833 Step 35": 2.8787009716033936, "Epoch 833 Step 36": 2.885951280593872, "Epoch 833 Step 37": 2.8960633277893066, "Epoch 833 Step 38": 2.8944480419158936, "Epoch 833 Step 39": 2.8920834064483643, "Epoch 833 Step 40": 2.887417793273926, "Epoch 833 Step 41": 2.8880677223205566, "Epoch 833 Step 42": 2.885882616043091, "Epoch 833 Step 43": 2.904357433319092, "Epoch 833 Step 44": 2.9029059410095215, "Epoch 833 Step 45": 2.8992323875427246, "Epoch 833 Step 46": 2.8755741119384766, "Epoch 833 Step 47": 2.8884329795837402, "Epoch 833 Step 48": 2.8928160667419434, "Epoch 833 Step 49": 2.8748385906219482, "Epoch 833 Step 50": 2.886472702026367, "Epoch 833 Step 51": 2.8875324726104736, "Epoch 833 Step 52": 2.891481637954712, "Epoch 833 Step 53": 2.8963775634765625, "Epoch 833 Step 54": 2.884287118911743, "Epoch 833 Step 55": 2.8942222595214844, "Epoch 833 Step 56": 2.8783247470855713, "Epoch 833 Step 57": 2.8866491317749023, "Epoch 833 Step 58": 2.8788390159606934, "Epoch 833 Step 59": 2.892695903778076, "Epoch 833 Step 60": 2.878092050552368, "Epoch 833 Step 61": 2.884699821472168, "Epoch 833 Step 62": 2.8891148567199707, "Epoch 833 Step 63": 2.873090982437134, "Epoch 833 Step 64": 2.872230052947998, "Epoch 833 Step 65": 2.8727264404296875, "Epoch 833 Step 66": 2.8888745307922363, "Epoch 833 Step 67": 2.8846583366394043, "Epoch 833 Step 68": 2.8786118030548096, "Epoch 833 Step 69": 2.889744997024536, "Epoch 833 Step 70": 2.895354747772217, "Epoch 833 Step 71": 2.880391836166382, "Epoch 833 Step 72": 2.8765876293182373, "Epoch 833 Step 73": 2.8877599239349365, "Epoch 833 Step 74": 2.891766309738159, "Epoch 833 Step 75": 2.8801445960998535, "Epoch 833 Step 76": 2.881545305252075, "Epoch 833 Step 77": 2.877613067626953, "Epoch 833 Step 78": 2.887723922729492, "Epoch 833 Step 79": 2.8741326332092285, "Epoch 833 Step 80": 2.8852360248565674, "Epoch 833 Step 81": 2.879570245742798, "Epoch 833 Step 82": 2.8828351497650146, "Epoch 833 Step 83": 2.884519100189209, "Epoch 833 Step 84": 2.8714635372161865, "Epoch 833 Step 85": 2.8847038745880127, "Epoch 833 Step 86": 2.8879141807556152, "Epoch 833 Step 87": 2.886061429977417, "Epoch 833 Step 88": 2.8896303176879883, "Epoch 833 Step 89": 2.8843889236450195}