{"Epoch 353 Step 0": 2.891727924346924, "Epoch 353 Step 1": 2.871243953704834, "Epoch 353 Step 2": 2.8747427463531494, "Epoch 353 Step 3": 2.8796722888946533, "Epoch 353 Step 4": 2.867788553237915, "Epoch 353 Step 5": 2.887511968612671, "Epoch 353 Step 6": 2.881838083267212, "Epoch 353 Step 7": 2.886798143386841, "Epoch 353 Step 8": 2.8933510780334473, "Epoch 353 Step 9": 2.885974407196045, "Epoch 353 Step 10": 2.8787388801574707, "Epoch 353 Step 11": 2.884803533554077, "Epoch 353 Step 12": 2.8953726291656494, "Epoch 353 Step 13": 2.8936707973480225, "Epoch 353 Step 14": 2.893681287765503, "Epoch 353 Step 15": 2.8880796432495117, "Epoch 353 Step 16": 2.8863155841827393, "Epoch 353 Step 17": 2.8809077739715576, "Epoch 353 Step 18": 2.9038732051849365, "Epoch 353 Step 19": 2.899441957473755, "Epoch 353 Step 20": 2.8999176025390625, "Epoch 353 Step 21": 2.8750836849212646, "Epoch 353 Step 22": 2.8877980709075928, "Epoch 353 Step 23": 2.89235258102417, "Epoch 353 Step 24": 2.8752458095550537, "Epoch 353 Step 25": 2.8864645957946777, "Epoch 353 Step 26": 2.8867862224578857, "Epoch 353 Step 27": 2.8913397789001465, "Epoch 353 Step 28": 2.895155191421509, "Epoch 353 Step 29": 2.881338119506836, "Epoch 353 Step 30": 2.893084764480591, "Epoch 353 Step 31": 2.878739356994629, "Epoch 353 Step 32": 2.8846561908721924, "Epoch 353 Step 33": 2.878204584121704, "Epoch 353 Step 34": 2.8905797004699707, "Epoch 353 Step 35": 2.8773818016052246, "Epoch 353 Step 36": 2.88248872756958, "Epoch 353 Step 37": 2.8890328407287598, "Epoch 353 Step 38": 2.8730993270874023, "Epoch 353 Step 39": 2.8717074394226074, "Epoch 353 Step 40": 2.8718297481536865, "Epoch 353 Step 41": 2.888763427734375, "Epoch 353 Step 42": 2.8825836181640625, "Epoch 353 Step 43": 2.877805471420288, "Epoch 353 Step 44": 2.890641450881958, "Epoch 353 Step 45": 2.8949356079101562, "Epoch 353 Step 46": 2.8802669048309326, "Epoch 353 Step 47": 2.8757576942443848, "Epoch 353 Step 48": 2.887660264968872, "Epoch 353 Step 49": 2.8912911415100098, "Epoch 353 Step 50": 2.8811497688293457, "Epoch 353 Step 51": 2.8819382190704346, "Epoch 353 Step 52": 2.8775086402893066, "Epoch 353 Step 53": 2.8882086277008057, "Epoch 353 Step 54": 2.873669147491455, "Epoch 353 Step 55": 2.885564088821411, "Epoch 353 Step 56": 2.879765510559082, "Epoch 353 Step 57": 2.88334059715271, "Epoch 353 Step 58": 2.8852784633636475, "Epoch 353 Step 59": 2.8712189197540283, "Epoch 353 Step 60": 2.8850512504577637, "Epoch 353 Step 61": 2.887481212615967, "Epoch 353 Step 62": 2.885765552520752, "Epoch 353 Step 63": 2.8891823291778564, "Epoch 353 Step 64": 2.88425612449646, "Epoch 353 Step 65": 2.8726484775543213, "Epoch 353 Step 66": 2.8814520835876465, "Epoch 353 Step 67": 2.8773908615112305, "Epoch 353 Step 68": 2.8828089237213135, "Epoch 353 Step 69": 2.8830604553222656, "Epoch 353 Step 70": 2.890610694885254, "Epoch 353 Step 71": 2.8846893310546875, "Epoch 353 Step 72": 2.885052442550659, "Epoch 353 Step 73": 2.881075620651245, "Epoch 353 Step 74": 2.875279664993286, "Epoch 353 Step 75": 2.8796260356903076, "Epoch 353 Step 76": 2.8944191932678223, "Epoch 353 Step 77": 2.888349771499634, "Epoch 353 Step 78": 2.874018430709839, "Epoch 353 Step 79": 2.890702486038208, "Epoch 353 Step 80": 2.882294178009033, "Epoch 353 Step 81": 2.8755898475646973, "Epoch 353 Step 82": 2.873171091079712, "Epoch 353 Step 83": 2.881699323654175, "Epoch 353 Step 84": 2.8876442909240723, "Epoch 353 Step 85": 2.8800690174102783, "Epoch 353 Step 86": 2.878803014755249, "Epoch 353 Step 87": 2.878366231918335, "Epoch 353 Step 88": 2.8763794898986816, "Epoch 353 Step 89": 2.887972116470337}