{"Epoch 797 Step 0": 2.8855929374694824, "Epoch 797 Step 1": 2.895885467529297, "Epoch 797 Step 2": 2.8938543796539307, "Epoch 797 Step 3": 2.892291307449341, "Epoch 797 Step 4": 2.88777756690979, "Epoch 797 Step 5": 2.8871054649353027, "Epoch 797 Step 6": 2.886293888092041, "Epoch 797 Step 7": 2.90368390083313, "Epoch 797 Step 8": 2.9006361961364746, "Epoch 797 Step 9": 2.8975980281829834, "Epoch 797 Step 10": 2.8752262592315674, "Epoch 797 Step 11": 2.8882386684417725, "Epoch 797 Step 12": 2.893112897872925, "Epoch 797 Step 13": 2.875183582305908, "Epoch 797 Step 14": 2.8862709999084473, "Epoch 797 Step 15": 2.886711359024048, "Epoch 797 Step 16": 2.892003297805786, "Epoch 797 Step 17": 2.896033525466919, "Epoch 797 Step 18": 2.882277727127075, "Epoch 797 Step 19": 2.89371395111084, "Epoch 797 Step 20": 2.879094362258911, "Epoch 797 Step 21": 2.885293960571289, "Epoch 797 Step 22": 2.8777356147766113, "Epoch 797 Step 23": 2.891493320465088, "Epoch 797 Step 24": 2.8779056072235107, "Epoch 797 Step 25": 2.882796287536621, "Epoch 797 Step 26": 2.888822078704834, "Epoch 797 Step 27": 2.8731184005737305, "Epoch 797 Step 28": 2.872044324874878, "Epoch 797 Step 29": 2.8720786571502686, "Epoch 797 Step 30": 2.888556718826294, "Epoch 797 Step 31": 2.881990671157837, "Epoch 797 Step 32": 2.8778445720672607, "Epoch 797 Step 33": 2.889816999435425, "Epoch 797 Step 34": 2.8952484130859375, "Epoch 797 Step 35": 2.880495309829712, "Epoch 797 Step 36": 2.8762059211730957, "Epoch 797 Step 37": 2.8873162269592285, "Epoch 797 Step 38": 2.891721725463867, "Epoch 797 Step 39": 2.8811862468719482, "Epoch 797 Step 40": 2.8821849822998047, "Epoch 797 Step 41": 2.878286838531494, "Epoch 797 Step 42": 2.887625217437744, "Epoch 797 Step 43": 2.8741543292999268, "Epoch 797 Step 44": 2.8855137825012207, "Epoch 797 Step 45": 2.8798553943634033, "Epoch 797 Step 46": 2.882925033569336, "Epoch 797 Step 47": 2.8854293823242188, "Epoch 797 Step 48": 2.871553897857666, "Epoch 797 Step 49": 2.8857178688049316, "Epoch 797 Step 50": 2.8878767490386963, "Epoch 797 Step 51": 2.886340856552124, "Epoch 797 Step 52": 2.889803171157837, "Epoch 797 Step 53": 2.8845620155334473, "Epoch 797 Step 54": 2.8721771240234375, "Epoch 797 Step 55": 2.880936861038208, "Epoch 797 Step 56": 2.8769400119781494, "Epoch 797 Step 57": 2.8829426765441895, "Epoch 797 Step 58": 2.882598400115967, "Epoch 797 Step 59": 2.8903167247772217, "Epoch 797 Step 60": 2.885495185852051, "Epoch 797 Step 61": 2.8857686519622803, "Epoch 797 Step 62": 2.88201904296875, "Epoch 797 Step 63": 2.8763232231140137, "Epoch 797 Step 64": 2.8799386024475098, "Epoch 797 Step 65": 2.8936169147491455, "Epoch 797 Step 66": 2.8878581523895264, "Epoch 797 Step 67": 2.8744115829467773, "Epoch 797 Step 68": 2.890630006790161, "Epoch 797 Step 69": 2.8829963207244873, "Epoch 797 Step 70": 2.876009464263916, "Epoch 797 Step 71": 2.8734066486358643, "Epoch 797 Step 72": 2.881673574447632, "Epoch 797 Step 73": 2.8874599933624268, "Epoch 797 Step 74": 2.8798277378082275, "Epoch 797 Step 75": 2.878955841064453, "Epoch 797 Step 76": 2.878272771835327, "Epoch 797 Step 77": 2.876098394393921, "Epoch 797 Step 78": 2.887918710708618, "Epoch 797 Step 79": 2.8754403591156006, "Epoch 797 Step 80": 2.8910810947418213, "Epoch 797 Step 81": 2.871293306350708, "Epoch 797 Step 82": 2.874399423599243, "Epoch 797 Step 83": 2.8802993297576904, "Epoch 797 Step 84": 2.86909556388855, "Epoch 797 Step 85": 2.8862738609313965, "Epoch 797 Step 86": 2.881453037261963, "Epoch 797 Step 87": 2.886867046356201, "Epoch 797 Step 88": 2.892521619796753, "Epoch 797 Step 89": 2.886838674545288}