{"Epoch 127 Step 0": 2.881298303604126, "Epoch 127 Step 1": 2.8818535804748535, "Epoch 127 Step 2": 2.8684513568878174, "Epoch 127 Step 3": 2.8827226161956787, "Epoch 127 Step 4": 2.88557505607605, "Epoch 127 Step 5": 2.883129119873047, "Epoch 127 Step 6": 2.8882224559783936, "Epoch 127 Step 7": 2.8821709156036377, "Epoch 127 Step 8": 2.869478702545166, "Epoch 127 Step 9": 2.8786230087280273, "Epoch 127 Step 10": 2.8754806518554688, "Epoch 127 Step 11": 2.8818881511688232, "Epoch 127 Step 12": 2.8796801567077637, "Epoch 127 Step 13": 2.88785457611084, "Epoch 127 Step 14": 2.88366961479187, "Epoch 127 Step 15": 2.8838846683502197, "Epoch 127 Step 16": 2.8793766498565674, "Epoch 127 Step 17": 2.8744313716888428, "Epoch 127 Step 18": 2.876948118209839, "Epoch 127 Step 19": 2.8908865451812744, "Epoch 127 Step 20": 2.886003017425537, "Epoch 127 Step 21": 2.871892213821411, "Epoch 127 Step 22": 2.88815975189209, "Epoch 127 Step 23": 2.8803610801696777, "Epoch 127 Step 24": 2.8734066486358643, "Epoch 127 Step 25": 2.8685832023620605, "Epoch 127 Step 26": 2.880911111831665, "Epoch 127 Step 27": 2.88598370552063, "Epoch 127 Step 28": 2.877464771270752, "Epoch 127 Step 29": 2.8772735595703125, "Epoch 127 Step 30": 2.8776466846466064, "Epoch 127 Step 31": 2.874945878982544, "Epoch 127 Step 32": 2.8846044540405273, "Epoch 127 Step 33": 2.87094783782959, "Epoch 127 Step 34": 2.889826774597168, "Epoch 127 Step 35": 2.8704135417938232, "Epoch 127 Step 36": 2.8715121746063232, "Epoch 127 Step 37": 2.877671003341675, "Epoch 127 Step 38": 2.8649721145629883, "Epoch 127 Step 39": 2.8848695755004883, "Epoch 127 Step 40": 2.8795385360717773, "Epoch 127 Step 41": 2.8819684982299805, "Epoch 127 Step 42": 2.889996290206909, "Epoch 127 Step 43": 2.8833301067352295, "Epoch 127 Step 44": 2.8771536350250244, "Epoch 127 Step 45": 2.8816921710968018, "Epoch 127 Step 46": 2.8920645713806152, "Epoch 127 Step 47": 2.893786907196045, "Epoch 127 Step 48": 2.891598701477051, "Epoch 127 Step 49": 2.886594772338867, "Epoch 127 Step 50": 2.885078191757202, "Epoch 127 Step 51": 2.880108118057251, "Epoch 127 Step 52": 2.9009480476379395, "Epoch 127 Step 53": 2.8966047763824463, "Epoch 127 Step 54": 2.8921663761138916, "Epoch 127 Step 55": 2.8750455379486084, "Epoch 127 Step 56": 2.8888792991638184, "Epoch 127 Step 57": 2.891659736633301, "Epoch 127 Step 58": 2.872204065322876, "Epoch 127 Step 59": 2.8850514888763428, "Epoch 127 Step 60": 2.886298179626465, "Epoch 127 Step 61": 2.8894383907318115, "Epoch 127 Step 62": 2.893578290939331, "Epoch 127 Step 63": 2.8801560401916504, "Epoch 127 Step 64": 2.891289472579956, "Epoch 127 Step 65": 2.8766627311706543, "Epoch 127 Step 66": 2.885226249694824, "Epoch 127 Step 67": 2.8746418952941895, "Epoch 127 Step 68": 2.8906466960906982, "Epoch 127 Step 69": 2.8757832050323486, "Epoch 127 Step 70": 2.881199598312378, "Epoch 127 Step 71": 2.8866801261901855, "Epoch 127 Step 72": 2.871161460876465, "Epoch 127 Step 73": 2.869870901107788, "Epoch 127 Step 74": 2.8692703247070312, "Epoch 127 Step 75": 2.885249137878418, "Epoch 127 Step 76": 2.8801231384277344, "Epoch 127 Step 77": 2.8744449615478516, "Epoch 127 Step 78": 2.8888092041015625, "Epoch 127 Step 79": 2.892953395843506, "Epoch 127 Step 80": 2.8781425952911377, "Epoch 127 Step 81": 2.876235008239746, "Epoch 127 Step 82": 2.88539457321167, "Epoch 127 Step 83": 2.889753580093384, "Epoch 127 Step 84": 2.8785815238952637, "Epoch 127 Step 85": 2.880216360092163, "Epoch 127 Step 86": 2.8741891384124756, "Epoch 127 Step 87": 2.8863332271575928, "Epoch 127 Step 88": 2.871206283569336, "Epoch 127 Step 89": 2.8828203678131104}