{"Epoch 296 Step 0": 2.889777898788452, "Epoch 296 Step 1": 2.884647846221924, "Epoch 296 Step 2": 2.884767532348633, "Epoch 296 Step 3": 2.881324291229248, "Epoch 296 Step 4": 2.8750078678131104, "Epoch 296 Step 5": 2.8790857791900635, "Epoch 296 Step 6": 2.8935837745666504, "Epoch 296 Step 7": 2.8878626823425293, "Epoch 296 Step 8": 2.8740007877349854, "Epoch 296 Step 9": 2.8902502059936523, "Epoch 296 Step 10": 2.8808486461639404, "Epoch 296 Step 11": 2.8756444454193115, "Epoch 296 Step 12": 2.87113094329834, "Epoch 296 Step 13": 2.8815338611602783, "Epoch 296 Step 14": 2.8867571353912354, "Epoch 296 Step 15": 2.8803746700286865, "Epoch 296 Step 16": 2.87833833694458, "Epoch 296 Step 17": 2.8781330585479736, "Epoch 296 Step 18": 2.8761138916015625, "Epoch 296 Step 19": 2.8872408866882324, "Epoch 296 Step 20": 2.8729324340820312, "Epoch 296 Step 21": 2.8903133869171143, "Epoch 296 Step 22": 2.8709921836853027, "Epoch 296 Step 23": 2.8743526935577393, "Epoch 296 Step 24": 2.879293441772461, "Epoch 296 Step 25": 2.8669021129608154, "Epoch 296 Step 26": 2.887017250061035, "Epoch 296 Step 27": 2.88100004196167, "Epoch 296 Step 28": 2.88651967048645, "Epoch 296 Step 29": 2.892338275909424, "Epoch 296 Step 30": 2.8860647678375244, "Epoch 296 Step 31": 2.8778252601623535, "Epoch 296 Step 32": 2.8839986324310303, "Epoch 296 Step 33": 2.8944334983825684, "Epoch 296 Step 34": 2.8950443267822266, "Epoch 296 Step 35": 2.8922436237335205, "Epoch 296 Step 36": 2.8871660232543945, "Epoch 296 Step 37": 2.8865723609924316, "Epoch 296 Step 38": 2.886641025543213, "Epoch 296 Step 39": 2.9036059379577637, "Epoch 296 Step 40": 2.901970624923706, "Epoch 296 Step 41": 2.897085189819336, "Epoch 296 Step 42": 2.8760602474212646, "Epoch 296 Step 43": 2.889040470123291, "Epoch 296 Step 44": 2.8931167125701904, "Epoch 296 Step 45": 2.8743598461151123, "Epoch 296 Step 46": 2.8864099979400635, "Epoch 296 Step 47": 2.8873660564422607, "Epoch 296 Step 48": 2.892332077026367, "Epoch 296 Step 49": 2.895751714706421, "Epoch 296 Step 50": 2.881242036819458, "Epoch 296 Step 51": 2.893045425415039, "Epoch 296 Step 52": 2.879204034805298, "Epoch 296 Step 53": 2.886188507080078, "Epoch 296 Step 54": 2.878202438354492, "Epoch 296 Step 55": 2.893148422241211, "Epoch 296 Step 56": 2.8780105113983154, "Epoch 296 Step 57": 2.8828225135803223, "Epoch 296 Step 58": 2.888140916824341, "Epoch 296 Step 59": 2.872727870941162, "Epoch 296 Step 60": 2.8720476627349854, "Epoch 296 Step 61": 2.872347116470337, "Epoch 296 Step 62": 2.8877007961273193, "Epoch 296 Step 63": 2.8828725814819336, "Epoch 296 Step 64": 2.877051830291748, "Epoch 296 Step 65": 2.8880693912506104, "Epoch 296 Step 66": 2.8946428298950195, "Epoch 296 Step 67": 2.880112648010254, "Epoch 296 Step 68": 2.8761370182037354, "Epoch 296 Step 69": 2.886685609817505, "Epoch 296 Step 70": 2.8915178775787354, "Epoch 296 Step 71": 2.8803608417510986, "Epoch 296 Step 72": 2.881105899810791, "Epoch 296 Step 73": 2.8773930072784424, "Epoch 296 Step 74": 2.8875937461853027, "Epoch 296 Step 75": 2.8727025985717773, "Epoch 296 Step 76": 2.8847436904907227, "Epoch 296 Step 77": 2.8793139457702637, "Epoch 296 Step 78": 2.8824844360351562, "Epoch 296 Step 79": 2.8841938972473145, "Epoch 296 Step 80": 2.8704373836517334, "Epoch 296 Step 81": 2.8840272426605225, "Epoch 296 Step 82": 2.8872127532958984, "Epoch 296 Step 83": 2.885438919067383, "Epoch 296 Step 84": 2.8892695903778076, "Epoch 296 Step 85": 2.8836517333984375, "Epoch 296 Step 86": 2.871641159057617, "Epoch 296 Step 87": 2.879669666290283, "Epoch 296 Step 88": 2.876359224319458, "Epoch 296 Step 89": 2.8826406002044678}