{"Epoch 32 Step 0": 2.857208251953125, "Epoch 32 Step 1": 2.863832712173462, "Epoch 32 Step 2": 2.860591173171997, "Epoch 32 Step 3": 2.8549485206604004, "Epoch 32 Step 4": 2.8522019386291504, "Epoch 32 Step 5": 2.8215808868408203, "Epoch 32 Step 6": 2.8495798110961914, "Epoch 32 Step 7": 2.8697168827056885, "Epoch 32 Step 8": 2.8416054248809814, "Epoch 32 Step 9": 2.845857620239258, "Epoch 32 Step 10": 2.883598566055298, "Epoch 32 Step 11": 2.860579013824463, "Epoch 32 Step 12": 2.8800771236419678, "Epoch 32 Step 13": 2.8801708221435547, "Epoch 32 Step 14": 2.865360975265503, "Epoch 32 Step 15": 2.846527576446533, "Epoch 32 Step 16": 2.87396240234375, "Epoch 32 Step 17": 2.874035358428955, "Epoch 32 Step 18": 2.867892265319824, "Epoch 32 Step 19": 2.8614892959594727, "Epoch 32 Step 20": 2.875070095062256, "Epoch 32 Step 21": 2.885056495666504, "Epoch 32 Step 22": 2.802263021469116, "Epoch 32 Step 23": 2.847935199737549, "Epoch 32 Step 24": 2.795982837677002, "Epoch 32 Step 25": 2.8382928371429443, "Epoch 32 Step 26": 2.8777849674224854, "Epoch 32 Step 27": 2.8714396953582764, "Epoch 32 Step 28": 2.8796684741973877, "Epoch 32 Step 29": 2.863495349884033, "Epoch 32 Step 30": 2.767885446548462, "Epoch 32 Step 31": 2.7110109329223633, "Epoch 32 Step 32": 2.8169796466827393, "Epoch 32 Step 33": 2.88649320602417, "Epoch 32 Step 34": 2.8693735599517822, "Epoch 32 Step 35": 2.8597748279571533, "Epoch 32 Step 36": 2.861935615539551, "Epoch 32 Step 37": 2.8761370182037354, "Epoch 32 Step 38": 2.877393960952759, "Epoch 32 Step 39": 2.8797366619110107, "Epoch 32 Step 40": 2.8673834800720215, "Epoch 32 Step 41": 2.881573438644409, "Epoch 32 Step 42": 2.8791143894195557, "Epoch 32 Step 43": 2.8375837802886963, "Epoch 32 Step 44": 2.845111608505249, "Epoch 32 Step 45": 2.8580524921417236, "Epoch 32 Step 46": 2.8583858013153076, "Epoch 32 Step 47": 2.874189615249634, "Epoch 32 Step 48": 2.869136095046997, "Epoch 32 Step 49": 2.872734785079956, "Epoch 32 Step 50": 2.87593674659729, "Epoch 32 Step 51": 2.8680641651153564, "Epoch 32 Step 52": 2.886890411376953, "Epoch 32 Step 53": 2.866096258163452, "Epoch 32 Step 54": 2.870331287384033, "Epoch 32 Step 55": 2.8818511962890625, "Epoch 32 Step 56": 2.8760898113250732, "Epoch 32 Step 57": 2.872391700744629, "Epoch 32 Step 58": 2.8736257553100586, "Epoch 32 Step 59": 2.858731508255005, "Epoch 32 Step 60": 2.834217071533203, "Epoch 32 Step 61": 2.8602864742279053, "Epoch 32 Step 62": 2.873073101043701, "Epoch 32 Step 63": 2.8437511920928955, "Epoch 32 Step 64": 2.8620452880859375, "Epoch 32 Step 65": 2.8606460094451904, "Epoch 32 Step 66": 2.8482484817504883, "Epoch 32 Step 67": 2.882232666015625, "Epoch 32 Step 68": 2.853370189666748, "Epoch 32 Step 69": 2.870065689086914, "Epoch 32 Step 70": 2.855356454849243, "Epoch 32 Step 71": 2.8686575889587402, "Epoch 32 Step 72": 2.8248980045318604, "Epoch 32 Step 73": 2.8822498321533203, "Epoch 32 Step 74": 2.8493027687072754, "Epoch 32 Step 75": 2.8821823596954346, "Epoch 32 Step 76": 2.864513397216797, "Epoch 32 Step 77": 2.845303535461426, "Epoch 32 Step 78": 2.8410956859588623, "Epoch 32 Step 79": 2.8613789081573486, "Epoch 32 Step 80": 2.8514368534088135, "Epoch 32 Step 81": 2.8416967391967773, "Epoch 32 Step 82": 2.8801968097686768, "Epoch 32 Step 83": 2.8660695552825928, "Epoch 32 Step 84": 2.857940435409546, "Epoch 32 Step 85": 2.842272996902466, "Epoch 32 Step 86": 2.854994773864746, "Epoch 32 Step 87": 2.8577721118927, "Epoch 32 Step 88": 2.833065986633301, "Epoch 32 Step 89": 2.849331855773926, "Epoch 32 Step 90": 2.850081205368042, "Epoch 32 Step 91": 2.8447537422180176, "Epoch 32 Step 92": 2.835712432861328, "Epoch 32 Step 93": 2.870532274246216, "Epoch 32 Step 94": 2.842480421066284, "Epoch 32 Step 95": 2.8769164085388184, "Epoch 32 Step 96": 2.858020782470703, "Epoch 32 Step 97": 2.8376517295837402, "Epoch 32 Step 98": 2.8734164237976074, "Epoch 32 Step 99": 2.8488035202026367, "Epoch 32 Step 100": 2.8565051555633545, "Epoch 32 Step 101": 2.863229990005493, "Epoch 32 Step 102": 2.833847761154175, "Epoch 32 Step 103": 2.875154733657837, "Epoch 32 Step 104": 2.8550968170166016, "Epoch 32 Step 105": 2.875377893447876, "Epoch 32 Step 106": 2.8690643310546875, "Epoch 32 Step 107": 2.892794370651245, "Epoch 32 Step 108": 2.878884792327881, "Epoch 32 Step 109": 2.8333041667938232, "Epoch 32 Step 110": 2.8698034286499023, "Epoch 32 Step 111": 2.8578596115112305, "Epoch 32 Step 112": 2.8472678661346436, "Epoch 32 Step 113": 2.8580245971679688, "Epoch 32 Step 114": 2.856417417526245, "Epoch 32 Step 115": 2.874691963195801, "Epoch 32 Step 116": 2.857365369796753, "Epoch 32 Step 117": 2.875741958618164, "Epoch 32 Step 118": 2.8734307289123535, "Epoch 32 Step 119": 2.879059314727783, "Epoch 32 Step 120": 2.854836940765381, "Epoch 32 Step 121": 2.8666892051696777, "Epoch 32 Step 122": 2.8625600337982178, "Epoch 32 Step 123": 2.856077194213867, "Epoch 32 Step 124": 2.8664474487304688, "Epoch 32 Step 125": 2.841383695602417, "Epoch 32 Step 126": 2.867459297180176, "Epoch 32 Step 127": 2.8721275329589844, "Epoch 32 Step 128": 2.814858913421631, "Epoch 32 Step 129": 2.8542988300323486, "Epoch 32 Step 130": 2.8508036136627197, "Epoch 32 Step 131": 2.8636269569396973, "Epoch 32 Step 132": 2.8719358444213867, "Epoch 32 Step 133": 2.8422446250915527, "Epoch 32 Step 134": 2.8622241020202637, "Epoch 32 Step 135": 2.814964532852173, "Epoch 32 Step 136": 2.8478341102600098, "Epoch 32 Step 137": 2.874213457107544, "Epoch 32 Step 138": 2.866264820098877, "Epoch 32 Step 139": 2.8563716411590576, "Epoch 32 Step 140": 2.847485065460205, "Epoch 32 Step 141": 2.8626880645751953, "Epoch 32 Step 142": 2.852377414703369, "Epoch 32 Step 143": 2.864053726196289, "Epoch 32 Step 144": 2.8642780780792236, "Epoch 32 Step 145": 2.863302230834961, "Epoch 32 Step 146": 2.8574094772338867, "Epoch 32 Step 147": 2.8593289852142334, "Epoch 32 Step 148": 2.8343183994293213, "Epoch 32 Step 149": 2.840067148208618, "Epoch 32 Step 150": 2.8298397064208984, "Epoch 32 Step 151": 2.864506721496582, "Epoch 32 Step 152": 2.8684048652648926, "Epoch 32 Step 153": 2.8610124588012695, "Epoch 32 Step 154": 2.8586888313293457, "Epoch 32 Step 155": 2.852721691131592, "Epoch 32 Step 156": 2.8689770698547363, "Epoch 32 Step 157": 2.8867673873901367, "Epoch 32 Step 158": 2.8108270168304443, "Epoch 32 Step 159": 2.8584048748016357, "Epoch 32 Step 160": 2.8511457443237305, "Epoch 32 Step 161": 2.874688148498535, "Epoch 32 Step 162": 2.8567585945129395, "Epoch 32 Step 163": 2.87849497795105, "Epoch 32 Step 164": 2.8517353534698486, "Epoch 32 Step 165": 2.8418610095977783, "Epoch 32 Step 166": 2.8524162769317627, "Epoch 32 Step 167": 2.8654541969299316, "Epoch 32 Step 168": 2.851119041442871, "Epoch 32 Step 169": 2.8738436698913574, "Epoch 32 Step 170": 2.8609557151794434, "Epoch 32 Step 171": 2.825070858001709, "Epoch 32 Step 172": 2.8514299392700195, "Epoch 32 Step 173": 2.851328134536743, "Epoch 32 Step 174": 2.8506245613098145, "Epoch 32 Step 175": 2.871612548828125, "Epoch 32 Step 176": 2.864758014678955, "Epoch 32 Step 177": 2.8655896186828613, "Epoch 32 Step 178": 2.8127665519714355, "Epoch 32 Step 179": 2.8644309043884277, "Epoch 32 Step 180": 2.8570356369018555, "Epoch 32 Step 181": 2.863123655319214, "Epoch 32 Step 182": 2.8643739223480225, "Epoch 32 Step 183": 2.8739476203918457, "Epoch 32 Step 184": 2.8676276206970215, "Epoch 32 Step 185": 2.8524303436279297, "Epoch 32 Step 186": 2.878549575805664, "Epoch 32 Step 187": 2.874939441680908, "Epoch 32 Step 188": 2.8644325733184814, "Epoch 32 Step 189": 2.860069990158081, "Epoch 32 Step 190": 2.8680527210235596, "Epoch 32 Step 191": 2.8582799434661865, "Epoch 32 Step 192": 2.858106851577759, "Epoch 32 Step 193": 2.841233968734741, "Epoch 32 Step 194": 2.822082757949829, "Epoch 32 Step 195": 2.868927240371704, "Epoch 32 Step 196": 2.849254608154297, "Epoch 32 Step 197": 2.8474209308624268, "Epoch 32 Step 198": 2.862457752227783, "Epoch 32 Step 199": 2.8919003009796143,