{"Epoch 136 Step 0": 2.885983943939209, "Epoch 136 Step 1": 2.8906352519989014, "Epoch 136 Step 2": 2.878934383392334, "Epoch 136 Step 3": 2.8806536197662354, "Epoch 136 Step 4": 2.8752007484436035, "Epoch 136 Step 5": 2.8865692615509033, "Epoch 136 Step 6": 2.8717398643493652, "Epoch 136 Step 7": 2.882760763168335, "Epoch 136 Step 8": 2.8759000301361084, "Epoch 136 Step 9": 2.881331443786621, "Epoch 136 Step 10": 2.8816070556640625, "Epoch 136 Step 11": 2.868276596069336, "Epoch 136 Step 12": 2.8825502395629883, "Epoch 136 Step 13": 2.885464668273926, "Epoch 136 Step 14": 2.8832693099975586, "Epoch 136 Step 15": 2.887587308883667, "Epoch 136 Step 16": 2.8810489177703857, "Epoch 136 Step 17": 2.870556592941284, "Epoch 136 Step 18": 2.8780789375305176, "Epoch 136 Step 19": 2.8746328353881836, "Epoch 136 Step 20": 2.8811583518981934, "Epoch 136 Step 21": 2.881462812423706, "Epoch 136 Step 22": 2.888660192489624, "Epoch 136 Step 23": 2.883692741394043, "Epoch 136 Step 24": 2.883269786834717, "Epoch 136 Step 25": 2.880159616470337, "Epoch 136 Step 26": 2.8740580081939697, "Epoch 136 Step 27": 2.8779308795928955, "Epoch 136 Step 28": 2.8914411067962646, "Epoch 136 Step 29": 2.8863930702209473, "Epoch 136 Step 30": 2.8708231449127197, "Epoch 136 Step 31": 2.8886516094207764, "Epoch 136 Step 32": 2.8792147636413574, "Epoch 136 Step 33": 2.874526262283325, "Epoch 136 Step 34": 2.869065523147583, "Epoch 136 Step 35": 2.8814001083374023, "Epoch 136 Step 36": 2.8860387802124023, "Epoch 136 Step 37": 2.8771164417266846, "Epoch 136 Step 38": 2.8768839836120605, "Epoch 136 Step 39": 2.8775997161865234, "Epoch 136 Step 40": 2.8759822845458984, "Epoch 136 Step 41": 2.8846969604492188, "Epoch 136 Step 42": 2.8712310791015625, "Epoch 136 Step 43": 2.889883518218994, "Epoch 136 Step 44": 2.870103120803833, "Epoch 136 Step 45": 2.8722708225250244, "Epoch 136 Step 46": 2.877293586730957, "Epoch 136 Step 47": 2.8656561374664307, "Epoch 136 Step 48": 2.886137008666992, "Epoch 136 Step 49": 2.879855155944824, "Epoch 136 Step 50": 2.8825900554656982, "Epoch 136 Step 51": 2.890157699584961, "Epoch 136 Step 52": 2.8837344646453857, "Epoch 136 Step 53": 2.877401351928711, "Epoch 136 Step 54": 2.881263256072998, "Epoch 136 Step 55": 2.8926074504852295, "Epoch 136 Step 56": 2.8941123485565186, "Epoch 136 Step 57": 2.8931937217712402, "Epoch 136 Step 58": 2.88710880279541, "Epoch 136 Step 59": 2.88507342338562, "Epoch 136 Step 60": 2.879136085510254, "Epoch 136 Step 61": 2.9001190662384033, "Epoch 136 Step 62": 2.897195816040039, "Epoch 136 Step 63": 2.8966801166534424, "Epoch 136 Step 64": 2.874886989593506, "Epoch 136 Step 65": 2.888061285018921, "Epoch 136 Step 66": 2.8915855884552, "Epoch 136 Step 67": 2.8736629486083984, "Epoch 136 Step 68": 2.886476993560791, "Epoch 136 Step 69": 2.8860912322998047, "Epoch 136 Step 70": 2.889285087585449, "Epoch 136 Step 71": 2.8941032886505127, "Epoch 136 Step 72": 2.878283739089966, "Epoch 136 Step 73": 2.88957142829895, "Epoch 136 Step 74": 2.8777265548706055, "Epoch 136 Step 75": 2.88393497467041, "Epoch 136 Step 76": 2.877446413040161, "Epoch 136 Step 77": 2.8901257514953613, "Epoch 136 Step 78": 2.8750078678131104, "Epoch 136 Step 79": 2.8805336952209473, "Epoch 136 Step 80": 2.887722969055176, "Epoch 136 Step 81": 2.87190318107605, "Epoch 136 Step 82": 2.8701701164245605, "Epoch 136 Step 83": 2.8708126544952393, "Epoch 136 Step 84": 2.8859901428222656, "Epoch 136 Step 85": 2.8813552856445312, "Epoch 136 Step 86": 2.8744957447052, "Epoch 136 Step 87": 2.8882172107696533, "Epoch 136 Step 88": 2.8932816982269287, "Epoch 136 Step 89": 2.87854266166687}