{"Epoch 371 Step 0": 2.8808982372283936, "Epoch 371 Step 1": 2.876044511795044, "Epoch 371 Step 2": 2.8793833255767822, "Epoch 371 Step 3": 2.8938822746276855, "Epoch 371 Step 4": 2.888251543045044, "Epoch 371 Step 5": 2.8741343021392822, "Epoch 371 Step 6": 2.8907322883605957, "Epoch 371 Step 7": 2.881716251373291, "Epoch 371 Step 8": 2.8761041164398193, "Epoch 371 Step 9": 2.872208595275879, "Epoch 371 Step 10": 2.8830456733703613, "Epoch 371 Step 11": 2.887749671936035, "Epoch 371 Step 12": 2.880608320236206, "Epoch 371 Step 13": 2.8782036304473877, "Epoch 371 Step 14": 2.8780107498168945, "Epoch 371 Step 15": 2.8777267932891846, "Epoch 371 Step 16": 2.8884520530700684, "Epoch 371 Step 17": 2.875663995742798, "Epoch 371 Step 18": 2.8913090229034424, "Epoch 371 Step 19": 2.8713579177856445, "Epoch 371 Step 20": 2.8745651245117188, "Epoch 371 Step 21": 2.8800408840179443, "Epoch 371 Step 22": 2.868276596069336, "Epoch 371 Step 23": 2.887388229370117, "Epoch 371 Step 24": 2.8818204402923584, "Epoch 371 Step 25": 2.8869545459747314, "Epoch 371 Step 26": 2.8930983543395996, "Epoch 371 Step 27": 2.8863613605499268, "Epoch 371 Step 28": 2.8787505626678467, "Epoch 371 Step 29": 2.8849596977233887, "Epoch 371 Step 30": 2.895104169845581, "Epoch 371 Step 31": 2.894550085067749, "Epoch 371 Step 32": 2.8932676315307617, "Epoch 371 Step 33": 2.888575553894043, "Epoch 371 Step 34": 2.8863675594329834, "Epoch 371 Step 35": 2.8825619220733643, "Epoch 371 Step 36": 2.9051806926727295, "Epoch 371 Step 37": 2.8995883464813232, "Epoch 371 Step 38": 2.8991637229919434, "Epoch 371 Step 39": 2.874298572540283, "Epoch 371 Step 40": 2.887664556503296, "Epoch 371 Step 41": 2.891569137573242, "Epoch 371 Step 42": 2.8748059272766113, "Epoch 371 Step 43": 2.8862667083740234, "Epoch 371 Step 44": 2.886584758758545, "Epoch 371 Step 45": 2.8911538124084473, "Epoch 371 Step 46": 2.8949100971221924, "Epoch 371 Step 47": 2.881655693054199, "Epoch 371 Step 48": 2.892946720123291, "Epoch 371 Step 49": 2.878054618835449, "Epoch 371 Step 50": 2.8843486309051514, "Epoch 371 Step 51": 2.878354549407959, "Epoch 371 Step 52": 2.891569137573242, "Epoch 371 Step 53": 2.877929925918579, "Epoch 371 Step 54": 2.8829057216644287, "Epoch 371 Step 55": 2.8885438442230225, "Epoch 371 Step 56": 2.873307466506958, "Epoch 371 Step 57": 2.872095823287964, "Epoch 371 Step 58": 2.871983528137207, "Epoch 371 Step 59": 2.888505458831787, "Epoch 371 Step 60": 2.8829851150512695, "Epoch 371 Step 61": 2.8779025077819824, "Epoch 371 Step 62": 2.8895480632781982, "Epoch 371 Step 63": 2.8958191871643066, "Epoch 371 Step 64": 2.8805947303771973, "Epoch 371 Step 65": 2.8761146068573, "Epoch 371 Step 66": 2.8875675201416016, "Epoch 371 Step 67": 2.891648054122925, "Epoch 371 Step 68": 2.880387544631958, "Epoch 371 Step 69": 2.8817808628082275, "Epoch 371 Step 70": 2.877697467803955, "Epoch 371 Step 71": 2.887420177459717, "Epoch 371 Step 72": 2.873551607131958, "Epoch 371 Step 73": 2.885438919067383, "Epoch 371 Step 74": 2.8795039653778076, "Epoch 371 Step 75": 2.882819175720215, "Epoch 371 Step 76": 2.8851382732391357, "Epoch 371 Step 77": 2.8710403442382812, "Epoch 371 Step 78": 2.885213851928711, "Epoch 371 Step 79": 2.887539863586426, "Epoch 371 Step 80": 2.8857359886169434, "Epoch 371 Step 81": 2.8894593715667725, "Epoch 371 Step 82": 2.884615182876587, "Epoch 371 Step 83": 2.872668743133545, "Epoch 371 Step 84": 2.880401372909546, "Epoch 371 Step 85": 2.877295970916748, "Epoch 371 Step 86": 2.882938861846924, "Epoch 371 Step 87": 2.8828413486480713, "Epoch 371 Step 88": 2.890442371368408, "Epoch 371 Step 89": 2.8843889236450195}