{"Epoch 439 Step 0": 2.8871781826019287, "Epoch 439 Step 1": 2.8818013668060303, "Epoch 439 Step 2": 2.8868439197540283, "Epoch 439 Step 3": 2.8932807445526123, "Epoch 439 Step 4": 2.886733055114746, "Epoch 439 Step 5": 2.8784303665161133, "Epoch 439 Step 6": 2.88450288772583, "Epoch 439 Step 7": 2.89497709274292, "Epoch 439 Step 8": 2.894057273864746, "Epoch 439 Step 9": 2.893287181854248, "Epoch 439 Step 10": 2.8882758617401123, "Epoch 439 Step 11": 2.8866794109344482, "Epoch 439 Step 12": 2.882699728012085, "Epoch 439 Step 13": 2.904202461242676, "Epoch 439 Step 14": 2.9008891582489014, "Epoch 439 Step 15": 2.8987910747528076, "Epoch 439 Step 16": 2.875537633895874, "Epoch 439 Step 17": 2.889177083969116, "Epoch 439 Step 18": 2.8929624557495117, "Epoch 439 Step 19": 2.8750531673431396, "Epoch 439 Step 20": 2.8866546154022217, "Epoch 439 Step 21": 2.8868603706359863, "Epoch 439 Step 22": 2.8913052082061768, "Epoch 439 Step 23": 2.8955538272857666, "Epoch 439 Step 24": 2.881138801574707, "Epoch 439 Step 25": 2.893052577972412, "Epoch 439 Step 26": 2.878386974334717, "Epoch 439 Step 27": 2.885009288787842, "Epoch 439 Step 28": 2.878035306930542, "Epoch 439 Step 29": 2.89125394821167, "Epoch 439 Step 30": 2.877563953399658, "Epoch 439 Step 31": 2.8827152252197266, "Epoch 439 Step 32": 2.888566732406616, "Epoch 439 Step 33": 2.8734638690948486, "Epoch 439 Step 34": 2.8723556995391846, "Epoch 439 Step 35": 2.872161388397217, "Epoch 439 Step 36": 2.8881187438964844, "Epoch 439 Step 37": 2.881521463394165, "Epoch 439 Step 38": 2.8772969245910645, "Epoch 439 Step 39": 2.890092611312866, "Epoch 439 Step 40": 2.8947947025299072, "Epoch 439 Step 41": 2.8802435398101807, "Epoch 439 Step 42": 2.875551462173462, "Epoch 439 Step 43": 2.8881664276123047, "Epoch 439 Step 44": 2.891679525375366, "Epoch 439 Step 45": 2.880474328994751, "Epoch 439 Step 46": 2.8814518451690674, "Epoch 439 Step 47": 2.877919912338257, "Epoch 439 Step 48": 2.8872504234313965, "Epoch 439 Step 49": 2.8738527297973633, "Epoch 439 Step 50": 2.8851704597473145, "Epoch 439 Step 51": 2.8792335987091064, "Epoch 439 Step 52": 2.882667303085327, "Epoch 439 Step 53": 2.88468599319458, "Epoch 439 Step 54": 2.8709754943847656, "Epoch 439 Step 55": 2.8849236965179443, "Epoch 439 Step 56": 2.887622117996216, "Epoch 439 Step 57": 2.8859164714813232, "Epoch 439 Step 58": 2.8898048400878906, "Epoch 439 Step 59": 2.8845317363739014, "Epoch 439 Step 60": 2.8724124431610107, "Epoch 439 Step 61": 2.880535364151001, "Epoch 439 Step 62": 2.877023220062256, "Epoch 439 Step 63": 2.8823294639587402, "Epoch 439 Step 64": 2.882884979248047, "Epoch 439 Step 65": 2.89013409614563, "Epoch 439 Step 66": 2.884779214859009, "Epoch 439 Step 67": 2.884812593460083, "Epoch 439 Step 68": 2.8814175128936768, "Epoch 439 Step 69": 2.8753631114959717, "Epoch 439 Step 70": 2.87943434715271, "Epoch 439 Step 71": 2.893765926361084, "Epoch 439 Step 72": 2.8876945972442627, "Epoch 439 Step 73": 2.8737642765045166, "Epoch 439 Step 74": 2.8904759883880615, "Epoch 439 Step 75": 2.881983757019043, "Epoch 439 Step 76": 2.875758171081543, "Epoch 439 Step 77": 2.8721158504486084, "Epoch 439 Step 78": 2.882265329360962, "Epoch 439 Step 79": 2.8880631923675537, "Epoch 439 Step 80": 2.8802788257598877, "Epoch 439 Step 81": 2.8788905143737793, "Epoch 439 Step 82": 2.8787314891815186, "Epoch 439 Step 83": 2.8760666847229004, "Epoch 439 Step 84": 2.887695074081421, "Epoch 439 Step 85": 2.873725652694702, "Epoch 439 Step 86": 2.891231060028076, "Epoch 439 Step 87": 2.87143611907959, "Epoch 439 Step 88": 2.8745882511138916, "Epoch 439 Step 89": 2.879605293273926}