{"Epoch 258 Step 0": 2.883800745010376, "Epoch 258 Step 1": 2.9054393768310547, "Epoch 258 Step 2": 2.9005467891693115, "Epoch 258 Step 3": 2.898484230041504, "Epoch 258 Step 4": 2.874727725982666, "Epoch 258 Step 5": 2.8885397911071777, "Epoch 258 Step 6": 2.8925857543945312, "Epoch 258 Step 7": 2.874849319458008, "Epoch 258 Step 8": 2.8865177631378174, "Epoch 258 Step 9": 2.886849880218506, "Epoch 258 Step 10": 2.891666889190674, "Epoch 258 Step 11": 2.895679473876953, "Epoch 258 Step 12": 2.882050037384033, "Epoch 258 Step 13": 2.8922863006591797, "Epoch 258 Step 14": 2.879413604736328, "Epoch 258 Step 15": 2.8846778869628906, "Epoch 258 Step 16": 2.877562999725342, "Epoch 258 Step 17": 2.8913986682891846, "Epoch 258 Step 18": 2.876847505569458, "Epoch 258 Step 19": 2.882662773132324, "Epoch 258 Step 20": 2.8889901638031006, "Epoch 258 Step 21": 2.8732597827911377, "Epoch 258 Step 22": 2.8714139461517334, "Epoch 258 Step 23": 2.8721179962158203, "Epoch 258 Step 24": 2.8874425888061523, "Epoch 258 Step 25": 2.8831064701080322, "Epoch 258 Step 26": 2.877866506576538, "Epoch 258 Step 27": 2.8892812728881836, "Epoch 258 Step 28": 2.895618200302124, "Epoch 258 Step 29": 2.8801815509796143, "Epoch 258 Step 30": 2.875345468521118, "Epoch 258 Step 31": 2.8867359161376953, "Epoch 258 Step 32": 2.8899319171905518, "Epoch 258 Step 33": 2.880221128463745, "Epoch 258 Step 34": 2.881246566772461, "Epoch 258 Step 35": 2.8772337436676025, "Epoch 258 Step 36": 2.8878040313720703, "Epoch 258 Step 37": 2.8731932640075684, "Epoch 258 Step 38": 2.8850507736206055, "Epoch 258 Step 39": 2.8787271976470947, "Epoch 258 Step 40": 2.883222818374634, "Epoch 258 Step 41": 2.8845760822296143, "Epoch 258 Step 42": 2.870417356491089, "Epoch 258 Step 43": 2.8843512535095215, "Epoch 258 Step 44": 2.8874363899230957, "Epoch 258 Step 45": 2.8845882415771484, "Epoch 258 Step 46": 2.8887126445770264, "Epoch 258 Step 47": 2.88395094871521, "Epoch 258 Step 48": 2.87231183052063, "Epoch 258 Step 49": 2.880242109298706, "Epoch 258 Step 50": 2.876891613006592, "Epoch 258 Step 51": 2.883164405822754, "Epoch 258 Step 52": 2.8822031021118164, "Epoch 258 Step 53": 2.890504837036133, "Epoch 258 Step 54": 2.8846802711486816, "Epoch 258 Step 55": 2.884639024734497, "Epoch 258 Step 56": 2.8816092014312744, "Epoch 258 Step 57": 2.8749942779541016, "Epoch 258 Step 58": 2.8790550231933594, "Epoch 258 Step 59": 2.8935372829437256, "Epoch 258 Step 60": 2.888134717941284, "Epoch 258 Step 61": 2.873450517654419, "Epoch 258 Step 62": 2.889949321746826, "Epoch 258 Step 63": 2.881343126296997, "Epoch 258 Step 64": 2.8752927780151367, "Epoch 258 Step 65": 2.8729169368743896, "Epoch 258 Step 66": 2.8811395168304443, "Epoch 258 Step 67": 2.887395143508911, "Epoch 258 Step 68": 2.880143880844116, "Epoch 258 Step 69": 2.8789222240448, "Epoch 258 Step 70": 2.8783936500549316, "Epoch 258 Step 71": 2.8758552074432373, "Epoch 258 Step 72": 2.8875620365142822, "Epoch 258 Step 73": 2.873830795288086, "Epoch 258 Step 74": 2.8902573585510254, "Epoch 258 Step 75": 2.8712375164031982, "Epoch 258 Step 76": 2.8742897510528564, "Epoch 258 Step 77": 2.8789830207824707, "Epoch 258 Step 78": 2.867420196533203, "Epoch 258 Step 79": 2.886683464050293, "Epoch 258 Step 80": 2.8811793327331543, "Epoch 258 Step 81": 2.886277198791504, "Epoch 258 Step 82": 2.8924672603607178, "Epoch 258 Step 83": 2.8864309787750244, "Epoch 258 Step 84": 2.878156900405884, "Epoch 258 Step 85": 2.8844568729400635, "Epoch 258 Step 86": 2.8942415714263916, "Epoch 258 Step 87": 2.894212007522583, "Epoch 258 Step 88": 2.8922109603881836, "Epoch 258 Step 89": 2.8874013423919678}