{"Epoch 754 Step 0": 2.8739712238311768, "Epoch 754 Step 1": 2.8862743377685547, "Epoch 754 Step 2": 2.879725933074951, "Epoch 754 Step 3": 2.8834831714630127, "Epoch 754 Step 4": 2.8852663040161133, "Epoch 754 Step 5": 2.871523141860962, "Epoch 754 Step 6": 2.8856825828552246, "Epoch 754 Step 7": 2.88842511177063, "Epoch 754 Step 8": 2.88551926612854, "Epoch 754 Step 9": 2.8897218704223633, "Epoch 754 Step 10": 2.884218454360962, "Epoch 754 Step 11": 2.8719141483306885, "Epoch 754 Step 12": 2.8817052841186523, "Epoch 754 Step 13": 2.8771984577178955, "Epoch 754 Step 14": 2.882643699645996, "Epoch 754 Step 15": 2.883382558822632, "Epoch 754 Step 16": 2.890994071960449, "Epoch 754 Step 17": 2.8844873905181885, "Epoch 754 Step 18": 2.8852360248565674, "Epoch 754 Step 19": 2.881730556488037, "Epoch 754 Step 20": 2.8758580684661865, "Epoch 754 Step 21": 2.879918098449707, "Epoch 754 Step 22": 2.8944029808044434, "Epoch 754 Step 23": 2.888636827468872, "Epoch 754 Step 24": 2.8736307621002197, "Epoch 754 Step 25": 2.8905766010284424, "Epoch 754 Step 26": 2.8821916580200195, "Epoch 754 Step 27": 2.875598669052124, "Epoch 754 Step 28": 2.8724987506866455, "Epoch 754 Step 29": 2.882099151611328, "Epoch 754 Step 30": 2.887437343597412, "Epoch 754 Step 31": 2.8806746006011963, "Epoch 754 Step 32": 2.879160165786743, "Epoch 754 Step 33": 2.8782002925872803, "Epoch 754 Step 34": 2.876248359680176, "Epoch 754 Step 35": 2.887584924697876, "Epoch 754 Step 36": 2.8746719360351562, "Epoch 754 Step 37": 2.89101505279541, "Epoch 754 Step 38": 2.871601104736328, "Epoch 754 Step 39": 2.8748202323913574, "Epoch 754 Step 40": 2.8793911933898926, "Epoch 754 Step 41": 2.868100881576538, "Epoch 754 Step 42": 2.8868703842163086, "Epoch 754 Step 43": 2.8813347816467285, "Epoch 754 Step 44": 2.887238025665283, "Epoch 754 Step 45": 2.893242835998535, "Epoch 754 Step 46": 2.886223077774048, "Epoch 754 Step 47": 2.8783960342407227, "Epoch 754 Step 48": 2.8854763507843018, "Epoch 754 Step 49": 2.8955535888671875, "Epoch 754 Step 50": 2.8934974670410156, "Epoch 754 Step 51": 2.8922433853149414, "Epoch 754 Step 52": 2.8875505924224854, "Epoch 754 Step 53": 2.886601448059082, "Epoch 754 Step 54": 2.8850629329681396, "Epoch 754 Step 55": 2.904520273208618, "Epoch 754 Step 56": 2.899984121322632, "Epoch 754 Step 57": 2.8972671031951904, "Epoch 754 Step 58": 2.8760805130004883, "Epoch 754 Step 59": 2.8886990547180176, "Epoch 754 Step 60": 2.8928637504577637, "Epoch 754 Step 61": 2.875089645385742, "Epoch 754 Step 62": 2.88618803024292, "Epoch 754 Step 63": 2.8870630264282227, "Epoch 754 Step 64": 2.892199754714966, "Epoch 754 Step 65": 2.8967247009277344, "Epoch 754 Step 66": 2.882141351699829, "Epoch 754 Step 67": 2.8928914070129395, "Epoch 754 Step 68": 2.877781867980957, "Epoch 754 Step 69": 2.885789394378662, "Epoch 754 Step 70": 2.878080129623413, "Epoch 754 Step 71": 2.8929057121276855, "Epoch 754 Step 72": 2.8781824111938477, "Epoch 754 Step 73": 2.882744073867798, "Epoch 754 Step 74": 2.888563394546509, "Epoch 754 Step 75": 2.8733503818511963, "Epoch 754 Step 76": 2.87263560295105, "Epoch 754 Step 77": 2.8726983070373535, "Epoch 754 Step 78": 2.8882827758789062, "Epoch 754 Step 79": 2.8823325634002686, "Epoch 754 Step 80": 2.8780949115753174, "Epoch 754 Step 81": 2.8891897201538086, "Epoch 754 Step 82": 2.8971049785614014, "Epoch 754 Step 83": 2.8815019130706787, "Epoch 754 Step 84": 2.8760826587677, "Epoch 754 Step 85": 2.8876662254333496, "Epoch 754 Step 86": 2.892101526260376, "Epoch 754 Step 87": 2.8806304931640625, "Epoch 754 Step 88": 2.881516456604004, "Epoch 754 Step 89": 2.8774828910827637}