{"Epoch 495 Step 0": 2.872192621231079, "Epoch 495 Step 1": 2.888234853744507, "Epoch 495 Step 2": 2.8819096088409424, "Epoch 495 Step 3": 2.8779749870300293, "Epoch 495 Step 4": 2.8907124996185303, "Epoch 495 Step 5": 2.8952879905700684, "Epoch 495 Step 6": 2.880155086517334, "Epoch 495 Step 7": 2.8759098052978516, "Epoch 495 Step 8": 2.8874189853668213, "Epoch 495 Step 9": 2.891423225402832, "Epoch 495 Step 10": 2.8812971115112305, "Epoch 495 Step 11": 2.882634401321411, "Epoch 495 Step 12": 2.8777832984924316, "Epoch 495 Step 13": 2.887338638305664, "Epoch 495 Step 14": 2.873677968978882, "Epoch 495 Step 15": 2.8853940963745117, "Epoch 495 Step 16": 2.879382848739624, "Epoch 495 Step 17": 2.8833813667297363, "Epoch 495 Step 18": 2.8847763538360596, "Epoch 495 Step 19": 2.8712546825408936, "Epoch 495 Step 20": 2.8852691650390625, "Epoch 495 Step 21": 2.88759183883667, "Epoch 495 Step 22": 2.8857645988464355, "Epoch 495 Step 23": 2.8893189430236816, "Epoch 495 Step 24": 2.8844709396362305, "Epoch 495 Step 25": 2.872309684753418, "Epoch 495 Step 26": 2.8813064098358154, "Epoch 495 Step 27": 2.877225160598755, "Epoch 495 Step 28": 2.882622241973877, "Epoch 495 Step 29": 2.8831088542938232, "Epoch 495 Step 30": 2.890549659729004, "Epoch 495 Step 31": 2.885115623474121, "Epoch 495 Step 32": 2.885512351989746, "Epoch 495 Step 33": 2.8812596797943115, "Epoch 495 Step 34": 2.8755719661712646, "Epoch 495 Step 35": 2.8794105052948, "Epoch 495 Step 36": 2.894284725189209, "Epoch 495 Step 37": 2.888262987136841, "Epoch 495 Step 38": 2.8738064765930176, "Epoch 495 Step 39": 2.890714645385742, "Epoch 495 Step 40": 2.882021188735962, "Epoch 495 Step 41": 2.8756284713745117, "Epoch 495 Step 42": 2.8727598190307617, "Epoch 495 Step 43": 2.882222890853882, "Epoch 495 Step 44": 2.8878140449523926, "Epoch 495 Step 45": 2.8805904388427734, "Epoch 495 Step 46": 2.879424810409546, "Epoch 495 Step 47": 2.8784215450286865, "Epoch 495 Step 48": 2.876312255859375, "Epoch 495 Step 49": 2.88759446144104, "Epoch 495 Step 50": 2.8747899532318115, "Epoch 495 Step 51": 2.890774965286255, "Epoch 495 Step 52": 2.871093511581421, "Epoch 495 Step 53": 2.8745241165161133, "Epoch 495 Step 54": 2.87949800491333, "Epoch 495 Step 55": 2.8679580688476562, "Epoch 495 Step 56": 2.887211799621582, "Epoch 495 Step 57": 2.881502151489258, "Epoch 495 Step 58": 2.886984348297119, "Epoch 495 Step 59": 2.8930366039276123, "Epoch 495 Step 60": 2.8861141204833984, "Epoch 495 Step 61": 2.879106283187866, "Epoch 495 Step 62": 2.885852336883545, "Epoch 495 Step 63": 2.895841360092163, "Epoch 495 Step 64": 2.8955459594726562, "Epoch 495 Step 65": 2.8930046558380127, "Epoch 495 Step 66": 2.8877527713775635, "Epoch 495 Step 67": 2.887660264968872, "Epoch 495 Step 68": 2.885823965072632, "Epoch 495 Step 69": 2.9047787189483643, "Epoch 495 Step 70": 2.9027764797210693, "Epoch 495 Step 71": 2.8990488052368164, "Epoch 495 Step 72": 2.8761842250823975, "Epoch 495 Step 73": 2.8889577388763428, "Epoch 495 Step 74": 2.8931267261505127, "Epoch 495 Step 75": 2.8747920989990234, "Epoch 495 Step 76": 2.886305570602417, "Epoch 495 Step 77": 2.8870484828948975, "Epoch 495 Step 78": 2.8919425010681152, "Epoch 495 Step 79": 2.896271228790283, "Epoch 495 Step 80": 2.8821966648101807, "Epoch 495 Step 81": 2.892294406890869, "Epoch 495 Step 82": 2.878688335418701, "Epoch 495 Step 83": 2.886075735092163, "Epoch 495 Step 84": 2.8787739276885986, "Epoch 495 Step 85": 2.8924593925476074, "Epoch 495 Step 86": 2.8782756328582764, "Epoch 495 Step 87": 2.883544683456421, "Epoch 495 Step 88": 2.8882884979248047, "Epoch 495 Step 89": 2.873131275177002}