{"Epoch 803 Step 0": 2.8872954845428467, "Epoch 803 Step 1": 2.8815197944641113, "Epoch 803 Step 2": 2.8872880935668945, "Epoch 803 Step 3": 2.893911361694336, "Epoch 803 Step 4": 2.8860745429992676, "Epoch 803 Step 5": 2.878286838531494, "Epoch 803 Step 6": 2.8855912685394287, "Epoch 803 Step 7": 2.896402359008789, "Epoch 803 Step 8": 2.8950448036193848, "Epoch 803 Step 9": 2.8933887481689453, "Epoch 803 Step 10": 2.887211799621582, "Epoch 803 Step 11": 2.8862240314483643, "Epoch 803 Step 12": 2.884335517883301, "Epoch 803 Step 13": 2.9038076400756836, "Epoch 803 Step 14": 2.899702787399292, "Epoch 803 Step 15": 2.8984153270721436, "Epoch 803 Step 16": 2.875464677810669, "Epoch 803 Step 17": 2.8888633251190186, "Epoch 803 Step 18": 2.893298387527466, "Epoch 803 Step 19": 2.8749189376831055, "Epoch 803 Step 20": 2.8862416744232178, "Epoch 803 Step 21": 2.8871865272521973, "Epoch 803 Step 22": 2.8916819095611572, "Epoch 803 Step 23": 2.896968364715576, "Epoch 803 Step 24": 2.8829333782196045, "Epoch 803 Step 25": 2.8952550888061523, "Epoch 803 Step 26": 2.8785877227783203, "Epoch 803 Step 27": 2.8848202228546143, "Epoch 803 Step 28": 2.8783788681030273, "Epoch 803 Step 29": 2.891310453414917, "Epoch 803 Step 30": 2.877932548522949, "Epoch 803 Step 31": 2.8827335834503174, "Epoch 803 Step 32": 2.888648748397827, "Epoch 803 Step 33": 2.8735556602478027, "Epoch 803 Step 34": 2.8721349239349365, "Epoch 803 Step 35": 2.8721811771392822, "Epoch 803 Step 36": 2.888674259185791, "Epoch 803 Step 37": 2.8822779655456543, "Epoch 803 Step 38": 2.8778767585754395, "Epoch 803 Step 39": 2.889782190322876, "Epoch 803 Step 40": 2.8960788249969482, "Epoch 803 Step 41": 2.880403995513916, "Epoch 803 Step 42": 2.8754208087921143, "Epoch 803 Step 43": 2.889460802078247, "Epoch 803 Step 44": 2.8924899101257324, "Epoch 803 Step 45": 2.8808224201202393, "Epoch 803 Step 46": 2.8815629482269287, "Epoch 803 Step 47": 2.8775460720062256, "Epoch 803 Step 48": 2.8878839015960693, "Epoch 803 Step 49": 2.8745665550231934, "Epoch 803 Step 50": 2.8853726387023926, "Epoch 803 Step 51": 2.8793723583221436, "Epoch 803 Step 52": 2.8829526901245117, "Epoch 803 Step 53": 2.88468337059021, "Epoch 803 Step 54": 2.87157940864563, "Epoch 803 Step 55": 2.885362148284912, "Epoch 803 Step 56": 2.888171434402466, "Epoch 803 Step 57": 2.8860373497009277, "Epoch 803 Step 58": 2.889650583267212, "Epoch 803 Step 59": 2.8846242427825928, "Epoch 803 Step 60": 2.872398614883423, "Epoch 803 Step 61": 2.8810791969299316, "Epoch 803 Step 62": 2.8775463104248047, "Epoch 803 Step 63": 2.8832643032073975, "Epoch 803 Step 64": 2.882863759994507, "Epoch 803 Step 65": 2.8903539180755615, "Epoch 803 Step 66": 2.88488507270813, "Epoch 803 Step 67": 2.8852362632751465, "Epoch 803 Step 68": 2.881253480911255, "Epoch 803 Step 69": 2.8760640621185303, "Epoch 803 Step 70": 2.8792803287506104, "Epoch 803 Step 71": 2.8936948776245117, "Epoch 803 Step 72": 2.888261318206787, "Epoch 803 Step 73": 2.8739254474639893, "Epoch 803 Step 74": 2.8905606269836426, "Epoch 803 Step 75": 2.88273024559021, "Epoch 803 Step 76": 2.875844717025757, "Epoch 803 Step 77": 2.872976779937744, "Epoch 803 Step 78": 2.882065773010254, "Epoch 803 Step 79": 2.887890577316284, "Epoch 803 Step 80": 2.8803625106811523, "Epoch 803 Step 81": 2.879754066467285, "Epoch 803 Step 82": 2.87949275970459, "Epoch 803 Step 83": 2.876483201980591, "Epoch 803 Step 84": 2.888853073120117, "Epoch 803 Step 85": 2.874676465988159, "Epoch 803 Step 86": 2.8907816410064697, "Epoch 803 Step 87": 2.8719241619110107, "Epoch 803 Step 88": 2.874689817428589, "Epoch 803 Step 89": 2.879828453063965}