{"Epoch 500 Step 0": 2.8778090476989746, "Epoch 500 Step 1": 2.8831732273101807, "Epoch 500 Step 2": 2.8885324001312256, "Epoch 500 Step 3": 2.87404727935791, "Epoch 500 Step 4": 2.8719935417175293, "Epoch 500 Step 5": 2.873465061187744, "Epoch 500 Step 6": 2.8883426189422607, "Epoch 500 Step 7": 2.8821046352386475, "Epoch 500 Step 8": 2.877249002456665, "Epoch 500 Step 9": 2.8900578022003174, "Epoch 500 Step 10": 2.894878387451172, "Epoch 500 Step 11": 2.8792171478271484, "Epoch 500 Step 12": 2.8757283687591553, "Epoch 500 Step 13": 2.8879268169403076, "Epoch 500 Step 14": 2.8914332389831543, "Epoch 500 Step 15": 2.881183624267578, "Epoch 500 Step 16": 2.882744550704956, "Epoch 500 Step 17": 2.8780126571655273, "Epoch 500 Step 18": 2.8874576091766357, "Epoch 500 Step 19": 2.8738555908203125, "Epoch 500 Step 20": 2.885416030883789, "Epoch 500 Step 21": 2.8793952465057373, "Epoch 500 Step 22": 2.8827016353607178, "Epoch 500 Step 23": 2.884606122970581, "Epoch 500 Step 24": 2.8713700771331787, "Epoch 500 Step 25": 2.884857177734375, "Epoch 500 Step 26": 2.8875114917755127, "Epoch 500 Step 27": 2.8859004974365234, "Epoch 500 Step 28": 2.889389991760254, "Epoch 500 Step 29": 2.8843884468078613, "Epoch 500 Step 30": 2.8725147247314453, "Epoch 500 Step 31": 2.8811473846435547, "Epoch 500 Step 32": 2.877276659011841, "Epoch 500 Step 33": 2.8828237056732178, "Epoch 500 Step 34": 2.883460283279419, "Epoch 500 Step 35": 2.890359401702881, "Epoch 500 Step 36": 2.885298728942871, "Epoch 500 Step 37": 2.885253429412842, "Epoch 500 Step 38": 2.8810415267944336, "Epoch 500 Step 39": 2.8757662773132324, "Epoch 500 Step 40": 2.879441738128662, "Epoch 500 Step 41": 2.894188642501831, "Epoch 500 Step 42": 2.887807607650757, "Epoch 500 Step 43": 2.87451434135437, "Epoch 500 Step 44": 2.891019821166992, "Epoch 500 Step 45": 2.8816680908203125, "Epoch 500 Step 46": 2.8756189346313477, "Epoch 500 Step 47": 2.8722686767578125, "Epoch 500 Step 48": 2.882469415664673, "Epoch 500 Step 49": 2.8880908489227295, "Epoch 500 Step 50": 2.8806395530700684, "Epoch 500 Step 51": 2.8786702156066895, "Epoch 500 Step 52": 2.8786814212799072, "Epoch 500 Step 53": 2.8762309551239014, "Epoch 500 Step 54": 2.8879199028015137, "Epoch 500 Step 55": 2.874668836593628, "Epoch 500 Step 56": 2.8911678791046143, "Epoch 500 Step 57": 2.8716256618499756, "Epoch 500 Step 58": 2.8744869232177734, "Epoch 500 Step 59": 2.879376173019409, "Epoch 500 Step 60": 2.8679428100585938, "Epoch 500 Step 61": 2.887220621109009, "Epoch 500 Step 62": 2.8817358016967773, "Epoch 500 Step 63": 2.886863946914673, "Epoch 500 Step 64": 2.8931684494018555, "Epoch 500 Step 65": 2.886348009109497, "Epoch 500 Step 66": 2.8786487579345703, "Epoch 500 Step 67": 2.8845741748809814, "Epoch 500 Step 68": 2.8954854011535645, "Epoch 500 Step 69": 2.8942055702209473, "Epoch 500 Step 70": 2.8936994075775146, "Epoch 500 Step 71": 2.8879008293151855, "Epoch 500 Step 72": 2.8864169120788574, "Epoch 500 Step 73": 2.8824446201324463, "Epoch 500 Step 74": 2.904064893722534, "Epoch 500 Step 75": 2.8997344970703125, "Epoch 500 Step 76": 2.899759531021118, "Epoch 500 Step 77": 2.875218152999878, "Epoch 500 Step 78": 2.888047456741333, "Epoch 500 Step 79": 2.892880439758301, "Epoch 500 Step 80": 2.8751585483551025, "Epoch 500 Step 81": 2.8866703510284424, "Epoch 500 Step 82": 2.88669753074646, "Epoch 500 Step 83": 2.8909730911254883, "Epoch 500 Step 84": 2.8953592777252197, "Epoch 500 Step 85": 2.882301092147827, "Epoch 500 Step 86": 2.8933074474334717, "Epoch 500 Step 87": 2.8782835006713867, "Epoch 500 Step 88": 2.884661912918091, "Epoch 500 Step 89": 2.8785037994384766}