{"Epoch 236 Step 0": 2.8716793060302734, "Epoch 236 Step 1": 2.871974468231201, "Epoch 236 Step 2": 2.8872604370117188, "Epoch 236 Step 3": 2.88217830657959, "Epoch 236 Step 4": 2.8771986961364746, "Epoch 236 Step 5": 2.8905911445617676, "Epoch 236 Step 6": 2.895608901977539, "Epoch 236 Step 7": 2.880713939666748, "Epoch 236 Step 8": 2.876307964324951, "Epoch 236 Step 9": 2.887050151824951, "Epoch 236 Step 10": 2.8904056549072266, "Epoch 236 Step 11": 2.880610227584839, "Epoch 236 Step 12": 2.8813273906707764, "Epoch 236 Step 13": 2.8769187927246094, "Epoch 236 Step 14": 2.8879451751708984, "Epoch 236 Step 15": 2.8734679222106934, "Epoch 236 Step 16": 2.8851757049560547, "Epoch 236 Step 17": 2.8792200088500977, "Epoch 236 Step 18": 2.882838010787964, "Epoch 236 Step 19": 2.884514570236206, "Epoch 236 Step 20": 2.8709096908569336, "Epoch 236 Step 21": 2.884565830230713, "Epoch 236 Step 22": 2.8874449729919434, "Epoch 236 Step 23": 2.884453535079956, "Epoch 236 Step 24": 2.889194965362549, "Epoch 236 Step 25": 2.8841960430145264, "Epoch 236 Step 26": 2.872393846511841, "Epoch 236 Step 27": 2.880518674850464, "Epoch 236 Step 28": 2.877187967300415, "Epoch 236 Step 29": 2.8828577995300293, "Epoch 236 Step 30": 2.882174015045166, "Epoch 236 Step 31": 2.890328884124756, "Epoch 236 Step 32": 2.8847129344940186, "Epoch 236 Step 33": 2.884979486465454, "Epoch 236 Step 34": 2.881287097930908, "Epoch 236 Step 35": 2.874188184738159, "Epoch 236 Step 36": 2.879032850265503, "Epoch 236 Step 37": 2.893044948577881, "Epoch 236 Step 38": 2.8879799842834473, "Epoch 236 Step 39": 2.8735625743865967, "Epoch 236 Step 40": 2.890266180038452, "Epoch 236 Step 41": 2.8812336921691895, "Epoch 236 Step 42": 2.874988555908203, "Epoch 236 Step 43": 2.872905969619751, "Epoch 236 Step 44": 2.8821418285369873, "Epoch 236 Step 45": 2.887200355529785, "Epoch 236 Step 46": 2.880164384841919, "Epoch 236 Step 47": 2.878925085067749, "Epoch 236 Step 48": 2.8784849643707275, "Epoch 236 Step 49": 2.876256227493286, "Epoch 236 Step 50": 2.887861967086792, "Epoch 236 Step 51": 2.8746211528778076, "Epoch 236 Step 52": 2.890000581741333, "Epoch 236 Step 53": 2.871190309524536, "Epoch 236 Step 54": 2.8737730979919434, "Epoch 236 Step 55": 2.878814458847046, "Epoch 236 Step 56": 2.867231845855713, "Epoch 236 Step 57": 2.8868582248687744, "Epoch 236 Step 58": 2.880934238433838, "Epoch 236 Step 59": 2.8863205909729004, "Epoch 236 Step 60": 2.892381191253662, "Epoch 236 Step 61": 2.88657283782959, "Epoch 236 Step 62": 2.877986431121826, "Epoch 236 Step 63": 2.884516954421997, "Epoch 236 Step 64": 2.8945720195770264, "Epoch 236 Step 65": 2.894435405731201, "Epoch 236 Step 66": 2.8931233882904053, "Epoch 236 Step 67": 2.887664556503296, "Epoch 236 Step 68": 2.8860864639282227, "Epoch 236 Step 69": 2.8836748600006104, "Epoch 236 Step 70": 2.9037976264953613, "Epoch 236 Step 71": 2.901545286178589, "Epoch 236 Step 72": 2.8971588611602783, "Epoch 236 Step 73": 2.874943971633911, "Epoch 236 Step 74": 2.8897125720977783, "Epoch 236 Step 75": 2.893559455871582, "Epoch 236 Step 76": 2.8751420974731445, "Epoch 236 Step 77": 2.8857688903808594, "Epoch 236 Step 78": 2.886646270751953, "Epoch 236 Step 79": 2.891780376434326, "Epoch 236 Step 80": 2.89603853225708, "Epoch 236 Step 81": 2.8820254802703857, "Epoch 236 Step 82": 2.8929951190948486, "Epoch 236 Step 83": 2.878387451171875, "Epoch 236 Step 84": 2.884631633758545, "Epoch 236 Step 85": 2.8774495124816895, "Epoch 236 Step 86": 2.891902446746826, "Epoch 236 Step 87": 2.8777270317077637, "Epoch 236 Step 88": 2.881638526916504, "Epoch 236 Step 89": 2.888510227203369}