{"Epoch 773 Step 0": 2.8779120445251465, "Epoch 773 Step 1": 2.8832929134368896, "Epoch 773 Step 2": 2.888826847076416, "Epoch 773 Step 3": 2.873549461364746, "Epoch 773 Step 4": 2.8725194931030273, "Epoch 773 Step 5": 2.8723011016845703, "Epoch 773 Step 6": 2.8883049488067627, "Epoch 773 Step 7": 2.881871461868286, "Epoch 773 Step 8": 2.877869129180908, "Epoch 773 Step 9": 2.8896024227142334, "Epoch 773 Step 10": 2.895385503768921, "Epoch 773 Step 11": 2.8803420066833496, "Epoch 773 Step 12": 2.876002073287964, "Epoch 773 Step 13": 2.887152910232544, "Epoch 773 Step 14": 2.891528367996216, "Epoch 773 Step 15": 2.881136655807495, "Epoch 773 Step 16": 2.882410764694214, "Epoch 773 Step 17": 2.8780148029327393, "Epoch 773 Step 18": 2.887418508529663, "Epoch 773 Step 19": 2.8740413188934326, "Epoch 773 Step 20": 2.885133743286133, "Epoch 773 Step 21": 2.8793020248413086, "Epoch 773 Step 22": 2.883023500442505, "Epoch 773 Step 23": 2.884854316711426, "Epoch 773 Step 24": 2.87094783782959, "Epoch 773 Step 25": 2.8850743770599365, "Epoch 773 Step 26": 2.8877623081207275, "Epoch 773 Step 27": 2.88600754737854, "Epoch 773 Step 28": 2.889601469039917, "Epoch 773 Step 29": 2.8845691680908203, "Epoch 773 Step 30": 2.8723645210266113, "Epoch 773 Step 31": 2.881485939025879, "Epoch 773 Step 32": 2.877330780029297, "Epoch 773 Step 33": 2.882995843887329, "Epoch 773 Step 34": 2.8829188346862793, "Epoch 773 Step 35": 2.8904080390930176, "Epoch 773 Step 36": 2.8846659660339355, "Epoch 773 Step 37": 2.885206937789917, "Epoch 773 Step 38": 2.8814330101013184, "Epoch 773 Step 39": 2.8752150535583496, "Epoch 773 Step 40": 2.879934787750244, "Epoch 773 Step 41": 2.894390344619751, "Epoch 773 Step 42": 2.8882265090942383, "Epoch 773 Step 43": 2.8738608360290527, "Epoch 773 Step 44": 2.890570640563965, "Epoch 773 Step 45": 2.881920099258423, "Epoch 773 Step 46": 2.8757095336914062, "Epoch 773 Step 47": 2.8723537921905518, "Epoch 773 Step 48": 2.882452964782715, "Epoch 773 Step 49": 2.888004779815674, "Epoch 773 Step 50": 2.8803768157958984, "Epoch 773 Step 51": 2.8792173862457275, "Epoch 773 Step 52": 2.8784801959991455, "Epoch 773 Step 53": 2.8761565685272217, "Epoch 773 Step 54": 2.8882880210876465, "Epoch 773 Step 55": 2.8738853931427, "Epoch 773 Step 56": 2.890545606613159, "Epoch 773 Step 57": 2.871392011642456, "Epoch 773 Step 58": 2.8747644424438477, "Epoch 773 Step 59": 2.8794565200805664, "Epoch 773 Step 60": 2.8683531284332275, "Epoch 773 Step 61": 2.8870582580566406, "Epoch 773 Step 62": 2.8814539909362793, "Epoch 773 Step 63": 2.8875086307525635, "Epoch 773 Step 64": 2.8934247493743896, "Epoch 773 Step 65": 2.8860151767730713, "Epoch 773 Step 66": 2.8785195350646973, "Epoch 773 Step 67": 2.885139226913452, "Epoch 773 Step 68": 2.8956334590911865, "Epoch 773 Step 69": 2.8944432735443115, "Epoch 773 Step 70": 2.8924918174743652, "Epoch 773 Step 71": 2.887608528137207, "Epoch 773 Step 72": 2.8869683742523193, "Epoch 773 Step 73": 2.8852243423461914, "Epoch 773 Step 74": 2.904512882232666, "Epoch 773 Step 75": 2.9010322093963623, "Epoch 773 Step 76": 2.8984568119049072, "Epoch 773 Step 77": 2.875321865081787, "Epoch 773 Step 78": 2.8885486125946045, "Epoch 773 Step 79": 2.8933324813842773, "Epoch 773 Step 80": 2.87520694732666, "Epoch 773 Step 81": 2.886436700820923, "Epoch 773 Step 82": 2.8866987228393555, "Epoch 773 Step 83": 2.891669750213623, "Epoch 773 Step 84": 2.8963398933410645, "Epoch 773 Step 85": 2.8822269439697266, "Epoch 773 Step 86": 2.8930580615997314, "Epoch 773 Step 87": 2.8785531520843506, "Epoch 773 Step 88": 2.885389566421509, "Epoch 773 Step 89": 2.877995729446411}