{"Epoch 692 Step 0": 2.886416435241699, "Epoch 692 Step 1": 2.8868589401245117, "Epoch 692 Step 2": 2.8920304775238037, "Epoch 692 Step 3": 2.8976688385009766, "Epoch 692 Step 4": 2.8828022480010986, "Epoch 692 Step 5": 2.894958734512329, "Epoch 692 Step 6": 2.878007411956787, "Epoch 692 Step 7": 2.885380983352661, "Epoch 692 Step 8": 2.878034830093384, "Epoch 692 Step 9": 2.89251446723938, "Epoch 692 Step 10": 2.878007650375366, "Epoch 692 Step 11": 2.8824663162231445, "Epoch 692 Step 12": 2.888458490371704, "Epoch 692 Step 13": 2.873399496078491, "Epoch 692 Step 14": 2.8725802898406982, "Epoch 692 Step 15": 2.872921943664551, "Epoch 692 Step 16": 2.8884708881378174, "Epoch 692 Step 17": 2.8815717697143555, "Epoch 692 Step 18": 2.877262830734253, "Epoch 692 Step 19": 2.890735626220703, "Epoch 692 Step 20": 2.89650559425354, "Epoch 692 Step 21": 2.8805859088897705, "Epoch 692 Step 22": 2.8762903213500977, "Epoch 692 Step 23": 2.887683153152466, "Epoch 692 Step 24": 2.8913259506225586, "Epoch 692 Step 25": 2.8807175159454346, "Epoch 692 Step 26": 2.8822009563446045, "Epoch 692 Step 27": 2.8773303031921387, "Epoch 692 Step 28": 2.8879594802856445, "Epoch 692 Step 29": 2.8736765384674072, "Epoch 692 Step 30": 2.8854970932006836, "Epoch 692 Step 31": 2.8795323371887207, "Epoch 692 Step 32": 2.8838400840759277, "Epoch 692 Step 33": 2.884997606277466, "Epoch 692 Step 34": 2.871454954147339, "Epoch 692 Step 35": 2.884974479675293, "Epoch 692 Step 36": 2.888374090194702, "Epoch 692 Step 37": 2.8859593868255615, "Epoch 692 Step 38": 2.8891241550445557, "Epoch 692 Step 39": 2.8843889236450195, "Epoch 692 Step 40": 2.8723185062408447, "Epoch 692 Step 41": 2.881279468536377, "Epoch 692 Step 42": 2.8773577213287354, "Epoch 692 Step 43": 2.8830785751342773, "Epoch 692 Step 44": 2.882849931716919, "Epoch 692 Step 45": 2.8904194831848145, "Epoch 692 Step 46": 2.8849847316741943, "Epoch 692 Step 47": 2.8855700492858887, "Epoch 692 Step 48": 2.8814985752105713, "Epoch 692 Step 49": 2.8752877712249756, "Epoch 692 Step 50": 2.8795151710510254, "Epoch 692 Step 51": 2.8944382667541504, "Epoch 692 Step 52": 2.8884613513946533, "Epoch 692 Step 53": 2.8744397163391113, "Epoch 692 Step 54": 2.8912246227264404, "Epoch 692 Step 55": 2.881953001022339, "Epoch 692 Step 56": 2.876047134399414, "Epoch 692 Step 57": 2.873126983642578, "Epoch 692 Step 58": 2.881732225418091, "Epoch 692 Step 59": 2.887415647506714, "Epoch 692 Step 60": 2.880533218383789, "Epoch 692 Step 61": 2.878826141357422, "Epoch 692 Step 62": 2.8784518241882324, "Epoch 692 Step 63": 2.8768670558929443, "Epoch 692 Step 64": 2.888137102127075, "Epoch 692 Step 65": 2.8758316040039062, "Epoch 692 Step 66": 2.8914027214050293, "Epoch 692 Step 67": 2.8715054988861084, "Epoch 692 Step 68": 2.874624729156494, "Epoch 692 Step 69": 2.879680633544922, "Epoch 692 Step 70": 2.868074893951416, "Epoch 692 Step 71": 2.8870551586151123, "Epoch 692 Step 72": 2.8811194896698, "Epoch 692 Step 73": 2.8868651390075684, "Epoch 692 Step 74": 2.8928635120391846, "Epoch 692 Step 75": 2.8862686157226562, "Epoch 692 Step 76": 2.8784596920013428, "Epoch 692 Step 77": 2.8853745460510254, "Epoch 692 Step 78": 2.895677089691162, "Epoch 692 Step 79": 2.8935999870300293, "Epoch 692 Step 80": 2.8932790756225586, "Epoch 692 Step 81": 2.8884148597717285, "Epoch 692 Step 82": 2.8866758346557617, "Epoch 692 Step 83": 2.8806636333465576, "Epoch 692 Step 84": 2.907069683074951, "Epoch 692 Step 85": 2.8979263305664062, "Epoch 692 Step 86": 2.902238607406616, "Epoch 692 Step 87": 2.8760411739349365, "Epoch 692 Step 88": 2.8886475563049316, "Epoch 692 Step 89": 2.8923065662384033}