{"Epoch 771 Step 0": 2.888842821121216, "Epoch 771 Step 1": 2.873798370361328, "Epoch 771 Step 2": 2.871767044067383, "Epoch 771 Step 3": 2.8722026348114014, "Epoch 771 Step 4": 2.8886568546295166, "Epoch 771 Step 5": 2.8818306922912598, "Epoch 771 Step 6": 2.8780713081359863, "Epoch 771 Step 7": 2.8910043239593506, "Epoch 771 Step 8": 2.8955564498901367, "Epoch 771 Step 9": 2.8806424140930176, "Epoch 771 Step 10": 2.8753538131713867, "Epoch 771 Step 11": 2.8876216411590576, "Epoch 771 Step 12": 2.8920586109161377, "Epoch 771 Step 13": 2.8806095123291016, "Epoch 771 Step 14": 2.8814539909362793, "Epoch 771 Step 15": 2.8775575160980225, "Epoch 771 Step 16": 2.8876726627349854, "Epoch 771 Step 17": 2.873788595199585, "Epoch 771 Step 18": 2.885345697402954, "Epoch 771 Step 19": 2.879361152648926, "Epoch 771 Step 20": 2.8826849460601807, "Epoch 771 Step 21": 2.8848953247070312, "Epoch 771 Step 22": 2.8712809085845947, "Epoch 771 Step 23": 2.885305643081665, "Epoch 771 Step 24": 2.887481212615967, "Epoch 771 Step 25": 2.8856842517852783, "Epoch 771 Step 26": 2.889472484588623, "Epoch 771 Step 27": 2.8844618797302246, "Epoch 771 Step 28": 2.8718385696411133, "Epoch 771 Step 29": 2.880807638168335, "Epoch 771 Step 30": 2.8765735626220703, "Epoch 771 Step 31": 2.8823275566101074, "Epoch 771 Step 32": 2.8830065727233887, "Epoch 771 Step 33": 2.8908824920654297, "Epoch 771 Step 34": 2.8848490715026855, "Epoch 771 Step 35": 2.8855321407318115, "Epoch 771 Step 36": 2.8818891048431396, "Epoch 771 Step 37": 2.875368118286133, "Epoch 771 Step 38": 2.879619836807251, "Epoch 771 Step 39": 2.893845796585083, "Epoch 771 Step 40": 2.8879446983337402, "Epoch 771 Step 41": 2.8738694190979004, "Epoch 771 Step 42": 2.8907053470611572, "Epoch 771 Step 43": 2.8819000720977783, "Epoch 771 Step 44": 2.8762991428375244, "Epoch 771 Step 45": 2.873073101043701, "Epoch 771 Step 46": 2.8815481662750244, "Epoch 771 Step 47": 2.887378692626953, "Epoch 771 Step 48": 2.8802192211151123, "Epoch 771 Step 49": 2.8791916370391846, "Epoch 771 Step 50": 2.8784255981445312, "Epoch 771 Step 51": 2.8762919902801514, "Epoch 771 Step 52": 2.888005256652832, "Epoch 771 Step 53": 2.874946355819702, "Epoch 771 Step 54": 2.8909518718719482, "Epoch 771 Step 55": 2.871084451675415, "Epoch 771 Step 56": 2.874380588531494, "Epoch 771 Step 57": 2.879425048828125, "Epoch 771 Step 58": 2.8680524826049805, "Epoch 771 Step 59": 2.8874099254608154, "Epoch 771 Step 60": 2.881462574005127, "Epoch 771 Step 61": 2.887115478515625, "Epoch 771 Step 62": 2.8930022716522217, "Epoch 771 Step 63": 2.886103868484497, "Epoch 771 Step 64": 2.878018856048584, "Epoch 771 Step 65": 2.8851380348205566, "Epoch 771 Step 66": 2.895726442337036, "Epoch 771 Step 67": 2.8945472240448, "Epoch 771 Step 68": 2.893224000930786, "Epoch 771 Step 69": 2.8875479698181152, "Epoch 771 Step 70": 2.886070728302002, "Epoch 771 Step 71": 2.8842153549194336, "Epoch 771 Step 72": 2.9060113430023193, "Epoch 771 Step 73": 2.900545597076416, "Epoch 771 Step 74": 2.8981354236602783, "Epoch 771 Step 75": 2.875734806060791, "Epoch 771 Step 76": 2.889106273651123, "Epoch 771 Step 77": 2.8934788703918457, "Epoch 771 Step 78": 2.874955415725708, "Epoch 771 Step 79": 2.88610577583313, "Epoch 771 Step 80": 2.886765718460083, "Epoch 771 Step 81": 2.891977310180664, "Epoch 771 Step 82": 2.896547555923462, "Epoch 771 Step 83": 2.8824191093444824, "Epoch 771 Step 84": 2.893465280532837, "Epoch 771 Step 85": 2.8785407543182373, "Epoch 771 Step 86": 2.884999990463257, "Epoch 771 Step 87": 2.8780720233917236, "Epoch 771 Step 88": 2.8919079303741455, "Epoch 771 Step 89": 2.878121852874756}