{"Epoch 53 Step 0": 2.8797526359558105, "Epoch 53 Step 1": 2.881660223007202, "Epoch 53 Step 2": 2.8753998279571533, "Epoch 53 Step 3": 2.8862152099609375, "Epoch 53 Step 4": 2.8717494010925293, "Epoch 53 Step 5": 2.883601665496826, "Epoch 53 Step 6": 2.8785438537597656, "Epoch 53 Step 7": 2.88247013092041, "Epoch 53 Step 8": 2.8839962482452393, "Epoch 53 Step 9": 2.8679728507995605, "Epoch 53 Step 10": 2.884038209915161, "Epoch 53 Step 11": 2.8861312866210938, "Epoch 53 Step 12": 2.8834540843963623, "Epoch 53 Step 13": 2.887216567993164, "Epoch 53 Step 14": 2.882408857345581, "Epoch 53 Step 15": 2.871832847595215, "Epoch 53 Step 16": 2.8780908584594727, "Epoch 53 Step 17": 2.876495838165283, "Epoch 53 Step 18": 2.883134126663208, "Epoch 53 Step 19": 2.8795254230499268, "Epoch 53 Step 20": 2.8879637718200684, "Epoch 53 Step 21": 2.8834879398345947, "Epoch 53 Step 22": 2.8833820819854736, "Epoch 53 Step 23": 2.8811726570129395, "Epoch 53 Step 24": 2.87113094329834, "Epoch 53 Step 25": 2.877610683441162, "Epoch 53 Step 26": 2.89201021194458, "Epoch 53 Step 27": 2.8869104385375977, "Epoch 53 Step 28": 2.8722143173217773, "Epoch 53 Step 29": 2.888615131378174, "Epoch 53 Step 30": 2.8803305625915527, "Epoch 53 Step 31": 2.873516798019409, "Epoch 53 Step 32": 2.869255542755127, "Epoch 53 Step 33": 2.8814873695373535, "Epoch 53 Step 34": 2.886242151260376, "Epoch 53 Step 35": 2.8791017532348633, "Epoch 53 Step 36": 2.8791158199310303, "Epoch 53 Step 37": 2.877464771270752, "Epoch 53 Step 38": 2.874391555786133, "Epoch 53 Step 39": 2.886289596557617, "Epoch 53 Step 40": 2.8706817626953125, "Epoch 53 Step 41": 2.8896613121032715, "Epoch 53 Step 42": 2.870281457901001, "Epoch 53 Step 43": 2.87308406829834, "Epoch 53 Step 44": 2.878659725189209, "Epoch 53 Step 45": 2.8663012981414795, "Epoch 53 Step 46": 2.8847219944000244, "Epoch 53 Step 47": 2.8803975582122803, "Epoch 53 Step 48": 2.8849964141845703, "Epoch 53 Step 49": 2.8910531997680664, "Epoch 53 Step 50": 2.88661789894104, "Epoch 53 Step 51": 2.878225088119507, "Epoch 53 Step 52": 2.8827197551727295, "Epoch 53 Step 53": 2.8932785987854004, "Epoch 53 Step 54": 2.8927831649780273, "Epoch 53 Step 55": 2.891895294189453, "Epoch 53 Step 56": 2.886829137802124, "Epoch 53 Step 57": 2.8861732482910156, "Epoch 53 Step 58": 2.881653070449829, "Epoch 53 Step 59": 2.9037532806396484, "Epoch 53 Step 60": 2.898123025894165, "Epoch 53 Step 61": 2.8926808834075928, "Epoch 53 Step 62": 2.8749818801879883, "Epoch 53 Step 63": 2.88907527923584, "Epoch 53 Step 64": 2.892987012863159, "Epoch 53 Step 65": 2.8750693798065186, "Epoch 53 Step 66": 2.8858261108398438, "Epoch 53 Step 67": 2.8865504264831543, "Epoch 53 Step 68": 2.891615629196167, "Epoch 53 Step 69": 2.8962509632110596, "Epoch 53 Step 70": 2.880939483642578, "Epoch 53 Step 71": 2.8918535709381104, "Epoch 53 Step 72": 2.876649856567383, "Epoch 53 Step 73": 2.8847134113311768, "Epoch 53 Step 74": 2.8760342597961426, "Epoch 53 Step 75": 2.8918354511260986, "Epoch 53 Step 76": 2.876699209213257, "Epoch 53 Step 77": 2.8821299076080322, "Epoch 53 Step 78": 2.888105630874634, "Epoch 53 Step 79": 2.872256278991699, "Epoch 53 Step 80": 2.8712589740753174, "Epoch 53 Step 81": 2.871791124343872, "Epoch 53 Step 82": 2.887428045272827, "Epoch 53 Step 83": 2.881441831588745, "Epoch 53 Step 84": 2.8760581016540527, "Epoch 53 Step 85": 2.890258312225342, "Epoch 53 Step 86": 2.8947887420654297, "Epoch 53 Step 87": 2.8799376487731934, "Epoch 53 Step 88": 2.8762028217315674, "Epoch 53 Step 89": 2.886322021484375}