{"Epoch 279 Step 0": 2.87825345993042, "Epoch 279 Step 1": 2.8766300678253174, "Epoch 279 Step 2": 2.8875112533569336, "Epoch 279 Step 3": 2.8744802474975586, "Epoch 279 Step 4": 2.890615463256836, "Epoch 279 Step 5": 2.8708982467651367, "Epoch 279 Step 6": 2.8743066787719727, "Epoch 279 Step 7": 2.878948211669922, "Epoch 279 Step 8": 2.8674662113189697, "Epoch 279 Step 9": 2.8872005939483643, "Epoch 279 Step 10": 2.8808400630950928, "Epoch 279 Step 11": 2.886275053024292, "Epoch 279 Step 12": 2.892498731613159, "Epoch 279 Step 13": 2.8868043422698975, "Epoch 279 Step 14": 2.8772690296173096, "Epoch 279 Step 15": 2.8833258152008057, "Epoch 279 Step 16": 2.8940441608428955, "Epoch 279 Step 17": 2.894836664199829, "Epoch 279 Step 18": 2.8939554691314697, "Epoch 279 Step 19": 2.8874351978302, "Epoch 279 Step 20": 2.884927272796631, "Epoch 279 Step 21": 2.8803462982177734, "Epoch 279 Step 22": 2.902334213256836, "Epoch 279 Step 23": 2.897914171218872, "Epoch 279 Step 24": 2.8979427814483643, "Epoch 279 Step 25": 2.876802444458008, "Epoch 279 Step 26": 2.8898072242736816, "Epoch 279 Step 27": 2.89329195022583, "Epoch 279 Step 28": 2.874476909637451, "Epoch 279 Step 29": 2.886399984359741, "Epoch 279 Step 30": 2.886730909347534, "Epoch 279 Step 31": 2.8912477493286133, "Epoch 279 Step 32": 2.895719528198242, "Epoch 279 Step 33": 2.880533456802368, "Epoch 279 Step 34": 2.892277240753174, "Epoch 279 Step 35": 2.878081798553467, "Epoch 279 Step 36": 2.884054660797119, "Epoch 279 Step 37": 2.8767223358154297, "Epoch 279 Step 38": 2.8910529613494873, "Epoch 279 Step 39": 2.877079725265503, "Epoch 279 Step 40": 2.882072925567627, "Epoch 279 Step 41": 2.8882925510406494, "Epoch 279 Step 42": 2.8731298446655273, "Epoch 279 Step 43": 2.8712594509124756, "Epoch 279 Step 44": 2.8711118698120117, "Epoch 279 Step 45": 2.887596607208252, "Epoch 279 Step 46": 2.8817298412323, "Epoch 279 Step 47": 2.876829147338867, "Epoch 279 Step 48": 2.8882768154144287, "Epoch 279 Step 49": 2.8934366703033447, "Epoch 279 Step 50": 2.8794820308685303, "Epoch 279 Step 51": 2.8765618801116943, "Epoch 279 Step 52": 2.886955499649048, "Epoch 279 Step 53": 2.890902280807495, "Epoch 279 Step 54": 2.880131721496582, "Epoch 279 Step 55": 2.880864381790161, "Epoch 279 Step 56": 2.8766956329345703, "Epoch 279 Step 57": 2.8877227306365967, "Epoch 279 Step 58": 2.8736379146575928, "Epoch 279 Step 59": 2.8849282264709473, "Epoch 279 Step 60": 2.878350257873535, "Epoch 279 Step 61": 2.882351875305176, "Epoch 279 Step 62": 2.88400936126709, "Epoch 279 Step 63": 2.8707118034362793, "Epoch 279 Step 64": 2.8842175006866455, "Epoch 279 Step 65": 2.887103796005249, "Epoch 279 Step 66": 2.8847358226776123, "Epoch 279 Step 67": 2.888192653656006, "Epoch 279 Step 68": 2.8835289478302, "Epoch 279 Step 69": 2.8716540336608887, "Epoch 279 Step 70": 2.879554271697998, "Epoch 279 Step 71": 2.8761463165283203, "Epoch 279 Step 72": 2.8822410106658936, "Epoch 279 Step 73": 2.882603645324707, "Epoch 279 Step 74": 2.890139102935791, "Epoch 279 Step 75": 2.8845713138580322, "Epoch 279 Step 76": 2.8845081329345703, "Epoch 279 Step 77": 2.8812098503112793, "Epoch 279 Step 78": 2.8747408390045166, "Epoch 279 Step 79": 2.8781864643096924, "Epoch 279 Step 80": 2.8927502632141113, "Epoch 279 Step 81": 2.8875465393066406, "Epoch 279 Step 82": 2.8738574981689453, "Epoch 279 Step 83": 2.8901798725128174, "Epoch 279 Step 84": 2.8810808658599854, "Epoch 279 Step 85": 2.8752596378326416, "Epoch 279 Step 86": 2.8694162368774414, "Epoch 279 Step 87": 2.881845712661743, "Epoch 279 Step 88": 2.8871781826019287, "Epoch 279 Step 89": 2.879863739013672}