{"Epoch 464 Step 0": 2.884805679321289, "Epoch 464 Step 1": 2.8852033615112305, "Epoch 464 Step 2": 2.8818399906158447, "Epoch 464 Step 3": 2.8756134510040283, "Epoch 464 Step 4": 2.8798141479492188, "Epoch 464 Step 5": 2.893908977508545, "Epoch 464 Step 6": 2.8881120681762695, "Epoch 464 Step 7": 2.873915195465088, "Epoch 464 Step 8": 2.890760898590088, "Epoch 464 Step 9": 2.881760597229004, "Epoch 464 Step 10": 2.8754701614379883, "Epoch 464 Step 11": 2.8718080520629883, "Epoch 464 Step 12": 2.882901430130005, "Epoch 464 Step 13": 2.8883676528930664, "Epoch 464 Step 14": 2.8804092407226562, "Epoch 464 Step 15": 2.8787574768066406, "Epoch 464 Step 16": 2.8783133029937744, "Epoch 464 Step 17": 2.876159191131592, "Epoch 464 Step 18": 2.887465000152588, "Epoch 464 Step 19": 2.8737096786499023, "Epoch 464 Step 20": 2.891364097595215, "Epoch 464 Step 21": 2.871528387069702, "Epoch 464 Step 22": 2.8748109340667725, "Epoch 464 Step 23": 2.8794825077056885, "Epoch 464 Step 24": 2.8679697513580322, "Epoch 464 Step 25": 2.886672019958496, "Epoch 464 Step 26": 2.8817367553710938, "Epoch 464 Step 27": 2.887511730194092, "Epoch 464 Step 28": 2.8937840461730957, "Epoch 464 Step 29": 2.886176586151123, "Epoch 464 Step 30": 2.8788089752197266, "Epoch 464 Step 31": 2.885565757751465, "Epoch 464 Step 32": 2.8955793380737305, "Epoch 464 Step 33": 2.894368886947632, "Epoch 464 Step 34": 2.8930776119232178, "Epoch 464 Step 35": 2.8879520893096924, "Epoch 464 Step 36": 2.8868560791015625, "Epoch 464 Step 37": 2.884476900100708, "Epoch 464 Step 38": 2.9069573879241943, "Epoch 464 Step 39": 2.8991446495056152, "Epoch 464 Step 40": 2.900219440460205, "Epoch 464 Step 41": 2.8760201930999756, "Epoch 464 Step 42": 2.8888139724731445, "Epoch 464 Step 43": 2.8933613300323486, "Epoch 464 Step 44": 2.875681161880493, "Epoch 464 Step 45": 2.8864498138427734, "Epoch 464 Step 46": 2.88661527633667, "Epoch 464 Step 47": 2.891368865966797, "Epoch 464 Step 48": 2.895350456237793, "Epoch 464 Step 49": 2.8814616203308105, "Epoch 464 Step 50": 2.8929734230041504, "Epoch 464 Step 51": 2.878776788711548, "Epoch 464 Step 52": 2.8849079608917236, "Epoch 464 Step 53": 2.8783936500549316, "Epoch 464 Step 54": 2.8920133113861084, "Epoch 464 Step 55": 2.877781867980957, "Epoch 464 Step 56": 2.8831396102905273, "Epoch 464 Step 57": 2.888918399810791, "Epoch 464 Step 58": 2.873164415359497, "Epoch 464 Step 59": 2.871281623840332, "Epoch 464 Step 60": 2.872612953186035, "Epoch 464 Step 61": 2.888930082321167, "Epoch 464 Step 62": 2.8827874660491943, "Epoch 464 Step 63": 2.878028392791748, "Epoch 464 Step 64": 2.8896968364715576, "Epoch 464 Step 65": 2.8954951763153076, "Epoch 464 Step 66": 2.8803610801696777, "Epoch 464 Step 67": 2.8757035732269287, "Epoch 464 Step 68": 2.887681007385254, "Epoch 464 Step 69": 2.8916757106781006, "Epoch 464 Step 70": 2.88101863861084, "Epoch 464 Step 71": 2.882486343383789, "Epoch 464 Step 72": 2.877980947494507, "Epoch 464 Step 73": 2.8873751163482666, "Epoch 464 Step 74": 2.873837471008301, "Epoch 464 Step 75": 2.8854546546936035, "Epoch 464 Step 76": 2.879779577255249, "Epoch 464 Step 77": 2.8831992149353027, "Epoch 464 Step 78": 2.884774923324585, "Epoch 464 Step 79": 2.8711183071136475, "Epoch 464 Step 80": 2.88523268699646, "Epoch 464 Step 81": 2.888115167617798, "Epoch 464 Step 82": 2.886141300201416, "Epoch 464 Step 83": 2.8896255493164062, "Epoch 464 Step 84": 2.884505271911621, "Epoch 464 Step 85": 2.8727128505706787, "Epoch 464 Step 86": 2.881246566772461, "Epoch 464 Step 87": 2.8776066303253174, "Epoch 464 Step 88": 2.882838010787964, "Epoch 464 Step 89": 2.8832151889801025}