{"Epoch 403 Step 0": 2.8883700370788574, "Epoch 403 Step 1": 2.8816826343536377, "Epoch 403 Step 2": 2.8771886825561523, "Epoch 403 Step 3": 2.8899550437927246, "Epoch 403 Step 4": 2.8954405784606934, "Epoch 403 Step 5": 2.8795790672302246, "Epoch 403 Step 6": 2.875058650970459, "Epoch 403 Step 7": 2.8879129886627197, "Epoch 403 Step 8": 2.8918042182922363, "Epoch 403 Step 9": 2.880703926086426, "Epoch 403 Step 10": 2.8831093311309814, "Epoch 403 Step 11": 2.878161668777466, "Epoch 403 Step 12": 2.8872621059417725, "Epoch 403 Step 13": 2.873638391494751, "Epoch 403 Step 14": 2.8850653171539307, "Epoch 403 Step 15": 2.8787379264831543, "Epoch 403 Step 16": 2.8826119899749756, "Epoch 403 Step 17": 2.8841633796691895, "Epoch 403 Step 18": 2.871393918991089, "Epoch 403 Step 19": 2.884371280670166, "Epoch 403 Step 20": 2.8875584602355957, "Epoch 403 Step 21": 2.8854482173919678, "Epoch 403 Step 22": 2.889389991760254, "Epoch 403 Step 23": 2.884687900543213, "Epoch 403 Step 24": 2.872628688812256, "Epoch 403 Step 25": 2.8812577724456787, "Epoch 403 Step 26": 2.8772389888763428, "Epoch 403 Step 27": 2.8823494911193848, "Epoch 403 Step 28": 2.883216142654419, "Epoch 403 Step 29": 2.8903918266296387, "Epoch 403 Step 30": 2.885234832763672, "Epoch 403 Step 31": 2.885444164276123, "Epoch 403 Step 32": 2.8808977603912354, "Epoch 403 Step 33": 2.8747599124908447, "Epoch 403 Step 34": 2.8792219161987305, "Epoch 403 Step 35": 2.8937275409698486, "Epoch 403 Step 36": 2.887845039367676, "Epoch 403 Step 37": 2.8739471435546875, "Epoch 403 Step 38": 2.890994071960449, "Epoch 403 Step 39": 2.8813130855560303, "Epoch 403 Step 40": 2.876091957092285, "Epoch 403 Step 41": 2.87227725982666, "Epoch 403 Step 42": 2.8828556537628174, "Epoch 403 Step 43": 2.887895107269287, "Epoch 403 Step 44": 2.8798668384552, "Epoch 403 Step 45": 2.878572463989258, "Epoch 403 Step 46": 2.878551483154297, "Epoch 403 Step 47": 2.87648344039917, "Epoch 403 Step 48": 2.887967586517334, "Epoch 403 Step 49": 2.873915433883667, "Epoch 403 Step 50": 2.8911001682281494, "Epoch 403 Step 51": 2.8712406158447266, "Epoch 403 Step 52": 2.8745012283325195, "Epoch 403 Step 53": 2.8796353340148926, "Epoch 403 Step 54": 2.868032693862915, "Epoch 403 Step 55": 2.886857032775879, "Epoch 403 Step 56": 2.8816003799438477, "Epoch 403 Step 57": 2.8863537311553955, "Epoch 403 Step 58": 2.8928091526031494, "Epoch 403 Step 59": 2.885831594467163, "Epoch 403 Step 60": 2.8781518936157227, "Epoch 403 Step 61": 2.884197950363159, "Epoch 403 Step 62": 2.895242929458618, "Epoch 403 Step 63": 2.8945696353912354, "Epoch 403 Step 64": 2.8936123847961426, "Epoch 403 Step 65": 2.8873372077941895, "Epoch 403 Step 66": 2.885462522506714, "Epoch 403 Step 67": 2.8829736709594727, "Epoch 403 Step 68": 2.9075982570648193, "Epoch 403 Step 69": 2.898235559463501, "Epoch 403 Step 70": 2.9016079902648926, "Epoch 403 Step 71": 2.8770554065704346, "Epoch 403 Step 72": 2.8887078762054443, "Epoch 403 Step 73": 2.8933403491973877, "Epoch 403 Step 74": 2.8754401206970215, "Epoch 403 Step 75": 2.887124538421631, "Epoch 403 Step 76": 2.886845827102661, "Epoch 403 Step 77": 2.8925437927246094, "Epoch 403 Step 78": 2.895791530609131, "Epoch 403 Step 79": 2.8815202713012695, "Epoch 403 Step 80": 2.8919668197631836, "Epoch 403 Step 81": 2.8788886070251465, "Epoch 403 Step 82": 2.8849904537200928, "Epoch 403 Step 83": 2.8776588439941406, "Epoch 403 Step 84": 2.8912320137023926, "Epoch 403 Step 85": 2.8779659271240234, "Epoch 403 Step 86": 2.882646322250366, "Epoch 403 Step 87": 2.8889715671539307, "Epoch 403 Step 88": 2.873295545578003, "Epoch 403 Step 89": 2.8716909885406494}