{"Epoch 331 Step 0": 2.877720832824707, "Epoch 331 Step 1": 2.8832669258117676, "Epoch 331 Step 2": 2.888678550720215, "Epoch 331 Step 3": 2.873859405517578, "Epoch 331 Step 4": 2.8720381259918213, "Epoch 331 Step 5": 2.8723597526550293, "Epoch 331 Step 6": 2.8882436752319336, "Epoch 331 Step 7": 2.8819081783294678, "Epoch 331 Step 8": 2.877978801727295, "Epoch 331 Step 9": 2.890146493911743, "Epoch 331 Step 10": 2.8946034908294678, "Epoch 331 Step 11": 2.880401134490967, "Epoch 331 Step 12": 2.877593517303467, "Epoch 331 Step 13": 2.88771390914917, "Epoch 331 Step 14": 2.891432046890259, "Epoch 331 Step 15": 2.8807973861694336, "Epoch 331 Step 16": 2.8813390731811523, "Epoch 331 Step 17": 2.877512216567993, "Epoch 331 Step 18": 2.887653350830078, "Epoch 331 Step 19": 2.8739938735961914, "Epoch 331 Step 20": 2.8849449157714844, "Epoch 331 Step 21": 2.8791186809539795, "Epoch 331 Step 22": 2.8827295303344727, "Epoch 331 Step 23": 2.884377956390381, "Epoch 331 Step 24": 2.871737480163574, "Epoch 331 Step 25": 2.8852856159210205, "Epoch 331 Step 26": 2.88753080368042, "Epoch 331 Step 27": 2.885789155960083, "Epoch 331 Step 28": 2.889592409133911, "Epoch 331 Step 29": 2.884268045425415, "Epoch 331 Step 30": 2.872091054916382, "Epoch 331 Step 31": 2.8809309005737305, "Epoch 331 Step 32": 2.877078056335449, "Epoch 331 Step 33": 2.882723093032837, "Epoch 331 Step 34": 2.8829727172851562, "Epoch 331 Step 35": 2.890333414077759, "Epoch 331 Step 36": 2.8847732543945312, "Epoch 331 Step 37": 2.88519287109375, "Epoch 331 Step 38": 2.8814308643341064, "Epoch 331 Step 39": 2.8757429122924805, "Epoch 331 Step 40": 2.8800692558288574, "Epoch 331 Step 41": 2.893887758255005, "Epoch 331 Step 42": 2.888026237487793, "Epoch 331 Step 43": 2.8741536140441895, "Epoch 331 Step 44": 2.8907630443573, "Epoch 331 Step 45": 2.8818905353546143, "Epoch 331 Step 46": 2.875710964202881, "Epoch 331 Step 47": 2.8725714683532715, "Epoch 331 Step 48": 2.881640672683716, "Epoch 331 Step 49": 2.8875436782836914, "Epoch 331 Step 50": 2.8801381587982178, "Epoch 331 Step 51": 2.8789515495300293, "Epoch 331 Step 52": 2.878361463546753, "Epoch 331 Step 53": 2.8766257762908936, "Epoch 331 Step 54": 2.88773775100708, "Epoch 331 Step 55": 2.87532639503479, "Epoch 331 Step 56": 2.891568660736084, "Epoch 331 Step 57": 2.8712270259857178, "Epoch 331 Step 58": 2.874873638153076, "Epoch 331 Step 59": 2.879399538040161, "Epoch 331 Step 60": 2.867948055267334, "Epoch 331 Step 61": 2.886845111846924, "Epoch 331 Step 62": 2.88116455078125, "Epoch 331 Step 63": 2.8864753246307373, "Epoch 331 Step 64": 2.8925111293792725, "Epoch 331 Step 65": 2.8859846591949463, "Epoch 331 Step 66": 2.8782565593719482, "Epoch 331 Step 67": 2.8847579956054688, "Epoch 331 Step 68": 2.895716905593872, "Epoch 331 Step 69": 2.8941123485565186, "Epoch 331 Step 70": 2.8938205242156982, "Epoch 331 Step 71": 2.8876280784606934, "Epoch 331 Step 72": 2.885136365890503, "Epoch 331 Step 73": 2.880765914916992, "Epoch 331 Step 74": 2.9051692485809326, "Epoch 331 Step 75": 2.898488998413086, "Epoch 331 Step 76": 2.8981237411499023, "Epoch 331 Step 77": 2.876343011856079, "Epoch 331 Step 78": 2.8895833492279053, "Epoch 331 Step 79": 2.892595052719116, "Epoch 331 Step 80": 2.8750107288360596, "Epoch 331 Step 81": 2.8865749835968018, "Epoch 331 Step 82": 2.886744976043701, "Epoch 331 Step 83": 2.89098858833313, "Epoch 331 Step 84": 2.895681619644165, "Epoch 331 Step 85": 2.881316900253296, "Epoch 331 Step 86": 2.8924174308776855, "Epoch 331 Step 87": 2.8783087730407715, "Epoch 331 Step 88": 2.884800672531128, "Epoch 331 Step 89": 2.877342462539673}