{"Epoch 716 Step 0": 2.870965003967285, "Epoch 716 Step 1": 2.8745198249816895, "Epoch 716 Step 2": 2.8800230026245117, "Epoch 716 Step 3": 2.8681142330169678, "Epoch 716 Step 4": 2.8872594833374023, "Epoch 716 Step 5": 2.8816869258880615, "Epoch 716 Step 6": 2.8868842124938965, "Epoch 716 Step 7": 2.892864942550659, "Epoch 716 Step 8": 2.886059045791626, "Epoch 716 Step 9": 2.878932476043701, "Epoch 716 Step 10": 2.885215997695923, "Epoch 716 Step 11": 2.8953285217285156, "Epoch 716 Step 12": 2.894015312194824, "Epoch 716 Step 13": 2.893371105194092, "Epoch 716 Step 14": 2.888021945953369, "Epoch 716 Step 15": 2.8862671852111816, "Epoch 716 Step 16": 2.8788866996765137, "Epoch 716 Step 17": 2.9025464057922363, "Epoch 716 Step 18": 2.8994452953338623, "Epoch 716 Step 19": 2.8966217041015625, "Epoch 716 Step 20": 2.876757860183716, "Epoch 716 Step 21": 2.889617919921875, "Epoch 716 Step 22": 2.892472505569458, "Epoch 716 Step 23": 2.8749897480010986, "Epoch 716 Step 24": 2.8866569995880127, "Epoch 716 Step 25": 2.886798858642578, "Epoch 716 Step 26": 2.8917057514190674, "Epoch 716 Step 27": 2.895631790161133, "Epoch 716 Step 28": 2.881392240524292, "Epoch 716 Step 29": 2.893477201461792, "Epoch 716 Step 30": 2.878682851791382, "Epoch 716 Step 31": 2.8852338790893555, "Epoch 716 Step 32": 2.878293991088867, "Epoch 716 Step 33": 2.890709638595581, "Epoch 716 Step 34": 2.8776965141296387, "Epoch 716 Step 35": 2.883185863494873, "Epoch 716 Step 36": 2.888583183288574, "Epoch 716 Step 37": 2.8736445903778076, "Epoch 716 Step 38": 2.8724722862243652, "Epoch 716 Step 39": 2.872663736343384, "Epoch 716 Step 40": 2.888336181640625, "Epoch 716 Step 41": 2.8817994594573975, "Epoch 716 Step 42": 2.877922296524048, "Epoch 716 Step 43": 2.891326665878296, "Epoch 716 Step 44": 2.8960397243499756, "Epoch 716 Step 45": 2.880647897720337, "Epoch 716 Step 46": 2.8757057189941406, "Epoch 716 Step 47": 2.8873653411865234, "Epoch 716 Step 48": 2.891697883605957, "Epoch 716 Step 49": 2.879873275756836, "Epoch 716 Step 50": 2.881157636642456, "Epoch 716 Step 51": 2.8774161338806152, "Epoch 716 Step 52": 2.8874776363372803, "Epoch 716 Step 53": 2.8738832473754883, "Epoch 716 Step 54": 2.885331630706787, "Epoch 716 Step 55": 2.879075527191162, "Epoch 716 Step 56": 2.882965326309204, "Epoch 716 Step 57": 2.8849070072174072, "Epoch 716 Step 58": 2.8714499473571777, "Epoch 716 Step 59": 2.8848235607147217, "Epoch 716 Step 60": 2.888024091720581, "Epoch 716 Step 61": 2.885863780975342, "Epoch 716 Step 62": 2.889402151107788, "Epoch 716 Step 63": 2.8845555782318115, "Epoch 716 Step 64": 2.87227201461792, "Epoch 716 Step 65": 2.882038116455078, "Epoch 716 Step 66": 2.8770618438720703, "Epoch 716 Step 67": 2.8827359676361084, "Epoch 716 Step 68": 2.8832969665527344, "Epoch 716 Step 69": 2.890894889831543, "Epoch 716 Step 70": 2.884722948074341, "Epoch 716 Step 71": 2.8852591514587402, "Epoch 716 Step 72": 2.882561683654785, "Epoch 716 Step 73": 2.876525640487671, "Epoch 716 Step 74": 2.879382371902466, "Epoch 716 Step 75": 2.8936893939971924, "Epoch 716 Step 76": 2.888009786605835, "Epoch 716 Step 77": 2.873765468597412, "Epoch 716 Step 78": 2.890512228012085, "Epoch 716 Step 79": 2.8827788829803467, "Epoch 716 Step 80": 2.8764007091522217, "Epoch 716 Step 81": 2.873053550720215, "Epoch 716 Step 82": 2.88152813911438, "Epoch 716 Step 83": 2.887566328048706, "Epoch 716 Step 84": 2.880383014678955, "Epoch 716 Step 85": 2.878488779067993, "Epoch 716 Step 86": 2.8785316944122314, "Epoch 716 Step 87": 2.876267433166504, "Epoch 716 Step 88": 2.8876965045928955, "Epoch 716 Step 89": 2.8741097450256348}