{"Epoch 428 Step 0": 2.886976480484009, "Epoch 428 Step 1": 2.883763313293457, "Epoch 428 Step 2": 2.904529333114624, "Epoch 428 Step 3": 2.900606393814087, "Epoch 428 Step 4": 2.898768186569214, "Epoch 428 Step 5": 2.8749289512634277, "Epoch 428 Step 6": 2.888521432876587, "Epoch 428 Step 7": 2.8928842544555664, "Epoch 428 Step 8": 2.8752975463867188, "Epoch 428 Step 9": 2.88633394241333, "Epoch 428 Step 10": 2.886833667755127, "Epoch 428 Step 11": 2.891180992126465, "Epoch 428 Step 12": 2.895505666732788, "Epoch 428 Step 13": 2.8817710876464844, "Epoch 428 Step 14": 2.894243001937866, "Epoch 428 Step 15": 2.878173589706421, "Epoch 428 Step 16": 2.884420156478882, "Epoch 428 Step 17": 2.8782973289489746, "Epoch 428 Step 18": 2.8913767337799072, "Epoch 428 Step 19": 2.8778183460235596, "Epoch 428 Step 20": 2.8829283714294434, "Epoch 428 Step 21": 2.8886914253234863, "Epoch 428 Step 22": 2.873469114303589, "Epoch 428 Step 23": 2.8718743324279785, "Epoch 428 Step 24": 2.8720760345458984, "Epoch 428 Step 25": 2.888173818588257, "Epoch 428 Step 26": 2.881870746612549, "Epoch 428 Step 27": 2.877876043319702, "Epoch 428 Step 28": 2.889958381652832, "Epoch 428 Step 29": 2.8953311443328857, "Epoch 428 Step 30": 2.8803188800811768, "Epoch 428 Step 31": 2.875847578048706, "Epoch 428 Step 32": 2.887596845626831, "Epoch 428 Step 33": 2.8915014266967773, "Epoch 428 Step 34": 2.880577325820923, "Epoch 428 Step 35": 2.8820221424102783, "Epoch 428 Step 36": 2.8774776458740234, "Epoch 428 Step 37": 2.887702703475952, "Epoch 428 Step 38": 2.873875856399536, "Epoch 428 Step 39": 2.8853423595428467, "Epoch 428 Step 40": 2.8790464401245117, "Epoch 428 Step 41": 2.8831112384796143, "Epoch 428 Step 42": 2.884526014328003, "Epoch 428 Step 43": 2.8713674545288086, "Epoch 428 Step 44": 2.8849499225616455, "Epoch 428 Step 45": 2.887927770614624, "Epoch 428 Step 46": 2.8859145641326904, "Epoch 428 Step 47": 2.8891172409057617, "Epoch 428 Step 48": 2.884397506713867, "Epoch 428 Step 49": 2.8725314140319824, "Epoch 428 Step 50": 2.8807873725891113, "Epoch 428 Step 51": 2.877079486846924, "Epoch 428 Step 52": 2.88283371925354, "Epoch 428 Step 53": 2.8834729194641113, "Epoch 428 Step 54": 2.8908050060272217, "Epoch 428 Step 55": 2.8852624893188477, "Epoch 428 Step 56": 2.8851044178009033, "Epoch 428 Step 57": 2.881580114364624, "Epoch 428 Step 58": 2.8756697177886963, "Epoch 428 Step 59": 2.8793540000915527, "Epoch 428 Step 60": 2.8935954570770264, "Epoch 428 Step 61": 2.8877484798431396, "Epoch 428 Step 62": 2.874293565750122, "Epoch 428 Step 63": 2.8905463218688965, "Epoch 428 Step 64": 2.882333278656006, "Epoch 428 Step 65": 2.8759446144104004, "Epoch 428 Step 66": 2.872958183288574, "Epoch 428 Step 67": 2.881767988204956, "Epoch 428 Step 68": 2.8875322341918945, "Epoch 428 Step 69": 2.8804099559783936, "Epoch 428 Step 70": 2.878612518310547, "Epoch 428 Step 71": 2.8784079551696777, "Epoch 428 Step 72": 2.876051664352417, "Epoch 428 Step 73": 2.8879106044769287, "Epoch 428 Step 74": 2.875401020050049, "Epoch 428 Step 75": 2.891099214553833, "Epoch 428 Step 76": 2.8712267875671387, "Epoch 428 Step 77": 2.8745970726013184, "Epoch 428 Step 78": 2.87939190864563, "Epoch 428 Step 79": 2.8681654930114746, "Epoch 428 Step 80": 2.8869309425354004, "Epoch 428 Step 81": 2.881157398223877, "Epoch 428 Step 82": 2.886593818664551, "Epoch 428 Step 83": 2.892972230911255, "Epoch 428 Step 84": 2.8862147331237793, "Epoch 428 Step 85": 2.878044605255127, "Epoch 428 Step 86": 2.884556293487549, "Epoch 428 Step 87": 2.8956267833709717, "Epoch 428 Step 88": 2.894179344177246, "Epoch 428 Step 89": 2.893712282180786}