{"Epoch 273 Step 0": 2.874213933944702, "Epoch 273 Step 1": 2.8792178630828857, "Epoch 273 Step 2": 2.8671040534973145, "Epoch 273 Step 3": 2.8866729736328125, "Epoch 273 Step 4": 2.8807168006896973, "Epoch 273 Step 5": 2.886467218399048, "Epoch 273 Step 6": 2.8925509452819824, "Epoch 273 Step 7": 2.885575532913208, "Epoch 273 Step 8": 2.8777904510498047, "Epoch 273 Step 9": 2.8846733570098877, "Epoch 273 Step 10": 2.89463472366333, "Epoch 273 Step 11": 2.892664909362793, "Epoch 273 Step 12": 2.8921189308166504, "Epoch 273 Step 13": 2.887056827545166, "Epoch 273 Step 14": 2.8861589431762695, "Epoch 273 Step 15": 2.8831310272216797, "Epoch 273 Step 16": 2.903290271759033, "Epoch 273 Step 17": 2.899275064468384, "Epoch 273 Step 18": 2.8981821537017822, "Epoch 273 Step 19": 2.8757588863372803, "Epoch 273 Step 20": 2.8887007236480713, "Epoch 273 Step 21": 2.8928520679473877, "Epoch 273 Step 22": 2.874345541000366, "Epoch 273 Step 23": 2.886199951171875, "Epoch 273 Step 24": 2.8866124153137207, "Epoch 273 Step 25": 2.891105890274048, "Epoch 273 Step 26": 2.895939350128174, "Epoch 273 Step 27": 2.8816192150115967, "Epoch 273 Step 28": 2.892272710800171, "Epoch 273 Step 29": 2.8783185482025146, "Epoch 273 Step 30": 2.885174036026001, "Epoch 273 Step 31": 2.8773086071014404, "Epoch 273 Step 32": 2.892212152481079, "Epoch 273 Step 33": 2.8781943321228027, "Epoch 273 Step 34": 2.882929801940918, "Epoch 273 Step 35": 2.888054370880127, "Epoch 273 Step 36": 2.8730404376983643, "Epoch 273 Step 37": 2.8713667392730713, "Epoch 273 Step 38": 2.8720574378967285, "Epoch 273 Step 39": 2.887984037399292, "Epoch 273 Step 40": 2.8828682899475098, "Epoch 273 Step 41": 2.876669406890869, "Epoch 273 Step 42": 2.8903720378875732, "Epoch 273 Step 43": 2.895155906677246, "Epoch 273 Step 44": 2.8799638748168945, "Epoch 273 Step 45": 2.8754305839538574, "Epoch 273 Step 46": 2.887131452560425, "Epoch 273 Step 47": 2.890903949737549, "Epoch 273 Step 48": 2.879805564880371, "Epoch 273 Step 49": 2.8809711933135986, "Epoch 273 Step 50": 2.8769891262054443, "Epoch 273 Step 51": 2.8874104022979736, "Epoch 273 Step 52": 2.8732569217681885, "Epoch 273 Step 53": 2.8847808837890625, "Epoch 273 Step 54": 2.8786449432373047, "Epoch 273 Step 55": 2.882809638977051, "Epoch 273 Step 56": 2.884280204772949, "Epoch 273 Step 57": 2.8708479404449463, "Epoch 273 Step 58": 2.8835062980651855, "Epoch 273 Step 59": 2.8873109817504883, "Epoch 273 Step 60": 2.884110450744629, "Epoch 273 Step 61": 2.888551950454712, "Epoch 273 Step 62": 2.8830933570861816, "Epoch 273 Step 63": 2.872143268585205, "Epoch 273 Step 64": 2.880338191986084, "Epoch 273 Step 65": 2.8769278526306152, "Epoch 273 Step 66": 2.8830318450927734, "Epoch 273 Step 67": 2.8821518421173096, "Epoch 273 Step 68": 2.889235258102417, "Epoch 273 Step 69": 2.8844258785247803, "Epoch 273 Step 70": 2.884690999984741, "Epoch 273 Step 71": 2.881047487258911, "Epoch 273 Step 72": 2.874575614929199, "Epoch 273 Step 73": 2.878371238708496, "Epoch 273 Step 74": 2.8925154209136963, "Epoch 273 Step 75": 2.887742519378662, "Epoch 273 Step 76": 2.8741164207458496, "Epoch 273 Step 77": 2.8905980587005615, "Epoch 273 Step 78": 2.881481647491455, "Epoch 273 Step 79": 2.8750734329223633, "Epoch 273 Step 80": 2.8696014881134033, "Epoch 273 Step 81": 2.88154673576355, "Epoch 273 Step 82": 2.8872687816619873, "Epoch 273 Step 83": 2.8795554637908936, "Epoch 273 Step 84": 2.8776674270629883, "Epoch 273 Step 85": 2.8785128593444824, "Epoch 273 Step 86": 2.8759310245513916, "Epoch 273 Step 87": 2.8876683712005615, "Epoch 273 Step 88": 2.873234272003174, "Epoch 273 Step 89": 2.8908779621124268}