{"Epoch 860 Step 0": 2.8720316886901855, "Epoch 860 Step 1": 2.8725802898406982, "Epoch 860 Step 2": 2.8886585235595703, "Epoch 860 Step 3": 2.8824968338012695, "Epoch 860 Step 4": 2.8775222301483154, "Epoch 860 Step 5": 2.8901543617248535, "Epoch 860 Step 6": 2.896080493927002, "Epoch 860 Step 7": 2.8808481693267822, "Epoch 860 Step 8": 2.8763177394866943, "Epoch 860 Step 9": 2.8878157138824463, "Epoch 860 Step 10": 2.8919804096221924, "Epoch 860 Step 11": 2.880758285522461, "Epoch 860 Step 12": 2.8821003437042236, "Epoch 860 Step 13": 2.877793073654175, "Epoch 860 Step 14": 2.88741135597229, "Epoch 860 Step 15": 2.8741202354431152, "Epoch 860 Step 16": 2.885312795639038, "Epoch 860 Step 17": 2.8791112899780273, "Epoch 860 Step 18": 2.8831565380096436, "Epoch 860 Step 19": 2.884798049926758, "Epoch 860 Step 20": 2.8711016178131104, "Epoch 860 Step 21": 2.884864568710327, "Epoch 860 Step 22": 2.8880624771118164, "Epoch 860 Step 23": 2.8861374855041504, "Epoch 860 Step 24": 2.8897011280059814, "Epoch 860 Step 25": 2.8848865032196045, "Epoch 860 Step 26": 2.8729310035705566, "Epoch 860 Step 27": 2.880890130996704, "Epoch 860 Step 28": 2.877551794052124, "Epoch 860 Step 29": 2.883110523223877, "Epoch 860 Step 30": 2.8833866119384766, "Epoch 860 Step 31": 2.890794038772583, "Epoch 860 Step 32": 2.885073661804199, "Epoch 860 Step 33": 2.8845291137695312, "Epoch 860 Step 34": 2.881025552749634, "Epoch 860 Step 35": 2.8758273124694824, "Epoch 860 Step 36": 2.8797287940979004, "Epoch 860 Step 37": 2.8941526412963867, "Epoch 860 Step 38": 2.888234853744507, "Epoch 860 Step 39": 2.8736040592193604, "Epoch 860 Step 40": 2.8899269104003906, "Epoch 860 Step 41": 2.88291072845459, "Epoch 860 Step 42": 2.875196695327759, "Epoch 860 Step 43": 2.872694253921509, "Epoch 860 Step 44": 2.8824899196624756, "Epoch 860 Step 45": 2.8881523609161377, "Epoch 860 Step 46": 2.8803250789642334, "Epoch 860 Step 47": 2.879378080368042, "Epoch 860 Step 48": 2.8783676624298096, "Epoch 860 Step 49": 2.8761866092681885, "Epoch 860 Step 50": 2.887937545776367, "Epoch 860 Step 51": 2.8739001750946045, "Epoch 860 Step 52": 2.891110420227051, "Epoch 860 Step 53": 2.8712522983551025, "Epoch 860 Step 54": 2.874652624130249, "Epoch 860 Step 55": 2.879429578781128, "Epoch 860 Step 56": 2.8680427074432373, "Epoch 860 Step 57": 2.8864898681640625, "Epoch 860 Step 58": 2.8817858695983887, "Epoch 860 Step 59": 2.8873846530914307, "Epoch 860 Step 60": 2.893785238265991, "Epoch 860 Step 61": 2.886282205581665, "Epoch 860 Step 62": 2.8783302307128906, "Epoch 860 Step 63": 2.8854737281799316, "Epoch 860 Step 64": 2.8955185413360596, "Epoch 860 Step 65": 2.893300771713257, "Epoch 860 Step 66": 2.892167568206787, "Epoch 860 Step 67": 2.887990951538086, "Epoch 860 Step 68": 2.887561082839966, "Epoch 860 Step 69": 2.884126663208008, "Epoch 860 Step 70": 2.9037482738494873, "Epoch 860 Step 71": 2.903010129928589, "Epoch 860 Step 72": 2.899732828140259, "Epoch 860 Step 73": 2.8755717277526855, "Epoch 860 Step 74": 2.8882715702056885, "Epoch 860 Step 75": 2.8929381370544434, "Epoch 860 Step 76": 2.8752975463867188, "Epoch 860 Step 77": 2.886627435684204, "Epoch 860 Step 78": 2.887664556503296, "Epoch 860 Step 79": 2.891946792602539, "Epoch 860 Step 80": 2.8955812454223633, "Epoch 860 Step 81": 2.8817057609558105, "Epoch 860 Step 82": 2.893529176712036, "Epoch 860 Step 83": 2.8798651695251465, "Epoch 860 Step 84": 2.8859267234802246, "Epoch 860 Step 85": 2.880443811416626, "Epoch 860 Step 86": 2.8912250995635986, "Epoch 860 Step 87": 2.8778653144836426, "Epoch 860 Step 88": 2.8828396797180176, "Epoch 860 Step 89": 2.888519048690796}