{"Epoch 297 Step 0": 2.882359266281128, "Epoch 297 Step 1": 2.889845132827759, "Epoch 297 Step 2": 2.88488507270813, "Epoch 297 Step 3": 2.885082721710205, "Epoch 297 Step 4": 2.880976915359497, "Epoch 297 Step 5": 2.8750410079956055, "Epoch 297 Step 6": 2.878617525100708, "Epoch 297 Step 7": 2.893064022064209, "Epoch 297 Step 8": 2.8875656127929688, "Epoch 297 Step 9": 2.8736732006073, "Epoch 297 Step 10": 2.889982223510742, "Epoch 297 Step 11": 2.881396770477295, "Epoch 297 Step 12": 2.87522292137146, "Epoch 297 Step 13": 2.869809865951538, "Epoch 297 Step 14": 2.8820507526397705, "Epoch 297 Step 15": 2.887263298034668, "Epoch 297 Step 16": 2.8801636695861816, "Epoch 297 Step 17": 2.878173828125, "Epoch 297 Step 18": 2.8781251907348633, "Epoch 297 Step 19": 2.8756399154663086, "Epoch 297 Step 20": 2.8871381282806396, "Epoch 297 Step 21": 2.873300552368164, "Epoch 297 Step 22": 2.8907876014709473, "Epoch 297 Step 23": 2.8707711696624756, "Epoch 297 Step 24": 2.874439239501953, "Epoch 297 Step 25": 2.8789477348327637, "Epoch 297 Step 26": 2.8671205043792725, "Epoch 297 Step 27": 2.886544942855835, "Epoch 297 Step 28": 2.880934000015259, "Epoch 297 Step 29": 2.8866024017333984, "Epoch 297 Step 30": 2.892122268676758, "Epoch 297 Step 31": 2.886192560195923, "Epoch 297 Step 32": 2.877725839614868, "Epoch 297 Step 33": 2.8842697143554688, "Epoch 297 Step 34": 2.8949835300445557, "Epoch 297 Step 35": 2.8940463066101074, "Epoch 297 Step 36": 2.892399311065674, "Epoch 297 Step 37": 2.8875248432159424, "Epoch 297 Step 38": 2.8871214389801025, "Epoch 297 Step 39": 2.884398937225342, "Epoch 297 Step 40": 2.9031708240509033, "Epoch 297 Step 41": 2.9014952182769775, "Epoch 297 Step 42": 2.896575927734375, "Epoch 297 Step 43": 2.877321481704712, "Epoch 297 Step 44": 2.890702247619629, "Epoch 297 Step 45": 2.894209146499634, "Epoch 297 Step 46": 2.8749821186065674, "Epoch 297 Step 47": 2.8863208293914795, "Epoch 297 Step 48": 2.8870182037353516, "Epoch 297 Step 49": 2.8922390937805176, "Epoch 297 Step 50": 2.8963518142700195, "Epoch 297 Step 51": 2.881221294403076, "Epoch 297 Step 52": 2.892270565032959, "Epoch 297 Step 53": 2.8783249855041504, "Epoch 297 Step 54": 2.8854575157165527, "Epoch 297 Step 55": 2.8779916763305664, "Epoch 297 Step 56": 2.8924965858459473, "Epoch 297 Step 57": 2.8777658939361572, "Epoch 297 Step 58": 2.8820409774780273, "Epoch 297 Step 59": 2.888604164123535, "Epoch 297 Step 60": 2.873109817504883, "Epoch 297 Step 61": 2.8718199729919434, "Epoch 297 Step 62": 2.871918201446533, "Epoch 297 Step 63": 2.8875961303710938, "Epoch 297 Step 64": 2.881632089614868, "Epoch 297 Step 65": 2.8765854835510254, "Epoch 297 Step 66": 2.8899550437927246, "Epoch 297 Step 67": 2.8950376510620117, "Epoch 297 Step 68": 2.8796589374542236, "Epoch 297 Step 69": 2.8757755756378174, "Epoch 297 Step 70": 2.8870046138763428, "Epoch 297 Step 71": 2.890517473220825, "Epoch 297 Step 72": 2.8811280727386475, "Epoch 297 Step 73": 2.881338357925415, "Epoch 297 Step 74": 2.8772566318511963, "Epoch 297 Step 75": 2.8871045112609863, "Epoch 297 Step 76": 2.8732481002807617, "Epoch 297 Step 77": 2.88525652885437, "Epoch 297 Step 78": 2.8789451122283936, "Epoch 297 Step 79": 2.882650136947632, "Epoch 297 Step 80": 2.884415626525879, "Epoch 297 Step 81": 2.8706893920898438, "Epoch 297 Step 82": 2.884290933609009, "Epoch 297 Step 83": 2.8871688842773438, "Epoch 297 Step 84": 2.8851206302642822, "Epoch 297 Step 85": 2.888904094696045, "Epoch 297 Step 86": 2.8838281631469727, "Epoch 297 Step 87": 2.8722963333129883, "Epoch 297 Step 88": 2.88029146194458, "Epoch 297 Step 89": 2.8768372535705566}