{"Epoch 206 Step 0": 2.88246750831604, "Epoch 206 Step 1": 2.8908512592315674, "Epoch 206 Step 2": 2.8855156898498535, "Epoch 206 Step 3": 2.885376453399658, "Epoch 206 Step 4": 2.880925178527832, "Epoch 206 Step 5": 2.8755362033843994, "Epoch 206 Step 6": 2.878962993621826, "Epoch 206 Step 7": 2.893090009689331, "Epoch 206 Step 8": 2.8877339363098145, "Epoch 206 Step 9": 2.8741300106048584, "Epoch 206 Step 10": 2.8899881839752197, "Epoch 206 Step 11": 2.8818442821502686, "Epoch 206 Step 12": 2.8756892681121826, "Epoch 206 Step 13": 2.8730528354644775, "Epoch 206 Step 14": 2.881155014038086, "Epoch 206 Step 15": 2.8869450092315674, "Epoch 206 Step 16": 2.8795664310455322, "Epoch 206 Step 17": 2.8789732456207275, "Epoch 206 Step 18": 2.8789515495300293, "Epoch 206 Step 19": 2.8756072521209717, "Epoch 206 Step 20": 2.887639284133911, "Epoch 206 Step 21": 2.8736133575439453, "Epoch 206 Step 22": 2.8909120559692383, "Epoch 206 Step 23": 2.871316432952881, "Epoch 206 Step 24": 2.874095916748047, "Epoch 206 Step 25": 2.8786160945892334, "Epoch 206 Step 26": 2.8679726123809814, "Epoch 206 Step 27": 2.8860762119293213, "Epoch 206 Step 28": 2.8808741569519043, "Epoch 206 Step 29": 2.886011838912964, "Epoch 206 Step 30": 2.892552614212036, "Epoch 206 Step 31": 2.8862428665161133, "Epoch 206 Step 32": 2.877978563308716, "Epoch 206 Step 33": 2.8852181434631348, "Epoch 206 Step 34": 2.8952131271362305, "Epoch 206 Step 35": 2.8941781520843506, "Epoch 206 Step 36": 2.8924665451049805, "Epoch 206 Step 37": 2.886645555496216, "Epoch 206 Step 38": 2.8866405487060547, "Epoch 206 Step 39": 2.885068416595459, "Epoch 206 Step 40": 2.904353380203247, "Epoch 206 Step 41": 2.9014222621917725, "Epoch 206 Step 42": 2.895664691925049, "Epoch 206 Step 43": 2.8776581287384033, "Epoch 206 Step 44": 2.890171766281128, "Epoch 206 Step 45": 2.8937385082244873, "Epoch 206 Step 46": 2.8742854595184326, "Epoch 206 Step 47": 2.886854648590088, "Epoch 206 Step 48": 2.8880984783172607, "Epoch 206 Step 49": 2.892380475997925, "Epoch 206 Step 50": 2.895808696746826, "Epoch 206 Step 51": 2.8817436695098877, "Epoch 206 Step 52": 2.8922536373138428, "Epoch 206 Step 53": 2.879155158996582, "Epoch 206 Step 54": 2.886108160018921, "Epoch 206 Step 55": 2.877984046936035, "Epoch 206 Step 56": 2.8921873569488525, "Epoch 206 Step 57": 2.8777358531951904, "Epoch 206 Step 58": 2.8821730613708496, "Epoch 206 Step 59": 2.888399362564087, "Epoch 206 Step 60": 2.8732173442840576, "Epoch 206 Step 61": 2.8716890811920166, "Epoch 206 Step 62": 2.8725643157958984, "Epoch 206 Step 63": 2.8878822326660156, "Epoch 206 Step 64": 2.881606340408325, "Epoch 206 Step 65": 2.8778419494628906, "Epoch 206 Step 66": 2.8896946907043457, "Epoch 206 Step 67": 2.89504075050354, "Epoch 206 Step 68": 2.880084753036499, "Epoch 206 Step 69": 2.8755056858062744, "Epoch 206 Step 70": 2.8869645595550537, "Epoch 206 Step 71": 2.8910529613494873, "Epoch 206 Step 72": 2.8800785541534424, "Epoch 206 Step 73": 2.881234884262085, "Epoch 206 Step 74": 2.8769969940185547, "Epoch 206 Step 75": 2.8874924182891846, "Epoch 206 Step 76": 2.8736510276794434, "Epoch 206 Step 77": 2.8846466541290283, "Epoch 206 Step 78": 2.879000425338745, "Epoch 206 Step 79": 2.8823487758636475, "Epoch 206 Step 80": 2.8848211765289307, "Epoch 206 Step 81": 2.8705174922943115, "Epoch 206 Step 82": 2.8843722343444824, "Epoch 206 Step 83": 2.887523889541626, "Epoch 206 Step 84": 2.885430335998535, "Epoch 206 Step 85": 2.8891067504882812, "Epoch 206 Step 86": 2.8840508460998535, "Epoch 206 Step 87": 2.8722331523895264, "Epoch 206 Step 88": 2.880305528640747, "Epoch 206 Step 89": 2.876828908920288}