{"Epoch 416 Step 0": 2.8955864906311035, "Epoch 416 Step 1": 2.8816137313842773, "Epoch 416 Step 2": 2.89328932762146, "Epoch 416 Step 3": 2.8780243396759033, "Epoch 416 Step 4": 2.8845348358154297, "Epoch 416 Step 5": 2.877863883972168, "Epoch 416 Step 6": 2.8915624618530273, "Epoch 416 Step 7": 2.877775192260742, "Epoch 416 Step 8": 2.8827614784240723, "Epoch 416 Step 9": 2.8882479667663574, "Epoch 416 Step 10": 2.8727636337280273, "Epoch 416 Step 11": 2.87188982963562, "Epoch 416 Step 12": 2.871540069580078, "Epoch 416 Step 13": 2.888660192489624, "Epoch 416 Step 14": 2.8816540241241455, "Epoch 416 Step 15": 2.8778653144836426, "Epoch 416 Step 16": 2.8901288509368896, "Epoch 416 Step 17": 2.895611047744751, "Epoch 416 Step 18": 2.8808095455169678, "Epoch 416 Step 19": 2.8767597675323486, "Epoch 416 Step 20": 2.8867499828338623, "Epoch 416 Step 21": 2.891005039215088, "Epoch 416 Step 22": 2.8811514377593994, "Epoch 416 Step 23": 2.8823301792144775, "Epoch 416 Step 24": 2.877516031265259, "Epoch 416 Step 25": 2.8876519203186035, "Epoch 416 Step 26": 2.873692750930786, "Epoch 416 Step 27": 2.8851311206817627, "Epoch 416 Step 28": 2.879265546798706, "Epoch 416 Step 29": 2.883068323135376, "Epoch 416 Step 30": 2.8847901821136475, "Epoch 416 Step 31": 2.8712828159332275, "Epoch 416 Step 32": 2.8842577934265137, "Epoch 416 Step 33": 2.8880631923675537, "Epoch 416 Step 34": 2.886152505874634, "Epoch 416 Step 35": 2.889416217803955, "Epoch 416 Step 36": 2.884169816970825, "Epoch 416 Step 37": 2.8724887371063232, "Epoch 416 Step 38": 2.881787061691284, "Epoch 416 Step 39": 2.8779170513153076, "Epoch 416 Step 40": 2.8831989765167236, "Epoch 416 Step 41": 2.883385419845581, "Epoch 416 Step 42": 2.8900725841522217, "Epoch 416 Step 43": 2.8851382732391357, "Epoch 416 Step 44": 2.8852293491363525, "Epoch 416 Step 45": 2.8812897205352783, "Epoch 416 Step 46": 2.874816656112671, "Epoch 416 Step 47": 2.8795852661132812, "Epoch 416 Step 48": 2.893889904022217, "Epoch 416 Step 49": 2.8878297805786133, "Epoch 416 Step 50": 2.8742876052856445, "Epoch 416 Step 51": 2.890744209289551, "Epoch 416 Step 52": 2.8818862438201904, "Epoch 416 Step 53": 2.876009702682495, "Epoch 416 Step 54": 2.872631072998047, "Epoch 416 Step 55": 2.882059097290039, "Epoch 416 Step 56": 2.8878774642944336, "Epoch 416 Step 57": 2.880768060684204, "Epoch 416 Step 58": 2.8793869018554688, "Epoch 416 Step 59": 2.878347158432007, "Epoch 416 Step 60": 2.8761520385742188, "Epoch 416 Step 61": 2.887908935546875, "Epoch 416 Step 62": 2.874107837677002, "Epoch 416 Step 63": 2.89100980758667, "Epoch 416 Step 64": 2.871527671813965, "Epoch 416 Step 65": 2.874833106994629, "Epoch 416 Step 66": 2.879730701446533, "Epoch 416 Step 67": 2.8678321838378906, "Epoch 416 Step 68": 2.887578248977661, "Epoch 416 Step 69": 2.881720781326294, "Epoch 416 Step 70": 2.8869247436523438, "Epoch 416 Step 71": 2.8935582637786865, "Epoch 416 Step 72": 2.8870303630828857, "Epoch 416 Step 73": 2.879202365875244, "Epoch 416 Step 74": 2.884875535964966, "Epoch 416 Step 75": 2.8954544067382812, "Epoch 416 Step 76": 2.895754814147949, "Epoch 416 Step 77": 2.893526315689087, "Epoch 416 Step 78": 2.887286424636841, "Epoch 416 Step 79": 2.8869826793670654, "Epoch 416 Step 80": 2.886190176010132, "Epoch 416 Step 81": 2.9041895866394043, "Epoch 416 Step 82": 2.9016854763031006, "Epoch 416 Step 83": 2.8978443145751953, "Epoch 416 Step 84": 2.875985860824585, "Epoch 416 Step 85": 2.8884809017181396, "Epoch 416 Step 86": 2.893127679824829, "Epoch 416 Step 87": 2.8748068809509277, "Epoch 416 Step 88": 2.886172294616699, "Epoch 416 Step 89": 2.886934280395508}