{"Epoch 395 Step 0": 2.8910417556762695, "Epoch 395 Step 1": 2.880000591278076, "Epoch 395 Step 2": 2.881959915161133, "Epoch 395 Step 3": 2.877448320388794, "Epoch 395 Step 4": 2.8887152671813965, "Epoch 395 Step 5": 2.873474359512329, "Epoch 395 Step 6": 2.885347604751587, "Epoch 395 Step 7": 2.879241466522217, "Epoch 395 Step 8": 2.8836328983306885, "Epoch 395 Step 9": 2.885035753250122, "Epoch 395 Step 10": 2.8708808422088623, "Epoch 395 Step 11": 2.884457588195801, "Epoch 395 Step 12": 2.887380838394165, "Epoch 395 Step 13": 2.8850743770599365, "Epoch 395 Step 14": 2.888963222503662, "Epoch 395 Step 15": 2.8843798637390137, "Epoch 395 Step 16": 2.872311592102051, "Epoch 395 Step 17": 2.881728410720825, "Epoch 395 Step 18": 2.8770523071289062, "Epoch 395 Step 19": 2.8825795650482178, "Epoch 395 Step 20": 2.883631467819214, "Epoch 395 Step 21": 2.8907463550567627, "Epoch 395 Step 22": 2.8853585720062256, "Epoch 395 Step 23": 2.884507656097412, "Epoch 395 Step 24": 2.8812172412872314, "Epoch 395 Step 25": 2.875995397567749, "Epoch 395 Step 26": 2.879274845123291, "Epoch 395 Step 27": 2.893944263458252, "Epoch 395 Step 28": 2.8877806663513184, "Epoch 395 Step 29": 2.875563383102417, "Epoch 395 Step 30": 2.8902862071990967, "Epoch 395 Step 31": 2.8819637298583984, "Epoch 395 Step 32": 2.875669002532959, "Epoch 395 Step 33": 2.872222661972046, "Epoch 395 Step 34": 2.8827178478240967, "Epoch 395 Step 35": 2.888634204864502, "Epoch 395 Step 36": 2.8802099227905273, "Epoch 395 Step 37": 2.8783974647521973, "Epoch 395 Step 38": 2.877974510192871, "Epoch 395 Step 39": 2.8765029907226562, "Epoch 395 Step 40": 2.887880802154541, "Epoch 395 Step 41": 2.873660087585449, "Epoch 395 Step 42": 2.8914153575897217, "Epoch 395 Step 43": 2.871319055557251, "Epoch 395 Step 44": 2.874404191970825, "Epoch 395 Step 45": 2.878974199295044, "Epoch 395 Step 46": 2.867460012435913, "Epoch 395 Step 47": 2.8874778747558594, "Epoch 395 Step 48": 2.8821051120758057, "Epoch 395 Step 49": 2.8866539001464844, "Epoch 395 Step 50": 2.893380880355835, "Epoch 395 Step 51": 2.885608673095703, "Epoch 395 Step 52": 2.8798372745513916, "Epoch 395 Step 53": 2.885613203048706, "Epoch 395 Step 54": 2.8948957920074463, "Epoch 395 Step 55": 2.8939437866210938, "Epoch 395 Step 56": 2.8927886486053467, "Epoch 395 Step 57": 2.8876259326934814, "Epoch 395 Step 58": 2.885512590408325, "Epoch 395 Step 59": 2.8819282054901123, "Epoch 395 Step 60": 2.905444383621216, "Epoch 395 Step 61": 2.8978111743927, "Epoch 395 Step 62": 2.899416923522949, "Epoch 395 Step 63": 2.8778505325317383, "Epoch 395 Step 64": 2.889167070388794, "Epoch 395 Step 65": 2.8927292823791504, "Epoch 395 Step 66": 2.8751437664031982, "Epoch 395 Step 67": 2.8872222900390625, "Epoch 395 Step 68": 2.887155055999756, "Epoch 395 Step 69": 2.8917555809020996, "Epoch 395 Step 70": 2.8952627182006836, "Epoch 395 Step 71": 2.8816771507263184, "Epoch 395 Step 72": 2.893421173095703, "Epoch 395 Step 73": 2.8793435096740723, "Epoch 395 Step 74": 2.885080337524414, "Epoch 395 Step 75": 2.877880811691284, "Epoch 395 Step 76": 2.8911402225494385, "Epoch 395 Step 77": 2.877798080444336, "Epoch 395 Step 78": 2.882899522781372, "Epoch 395 Step 79": 2.889204263687134, "Epoch 395 Step 80": 2.8733787536621094, "Epoch 395 Step 81": 2.8714404106140137, "Epoch 395 Step 82": 2.8719992637634277, "Epoch 395 Step 83": 2.8883063793182373, "Epoch 395 Step 84": 2.8822808265686035, "Epoch 395 Step 85": 2.8778598308563232, "Epoch 395 Step 86": 2.888718843460083, "Epoch 395 Step 87": 2.894101858139038, "Epoch 395 Step 88": 2.8800792694091797, "Epoch 395 Step 89": 2.8769288063049316}