{"Epoch 780 Step 0": 2.89570951461792, "Epoch 780 Step 1": 2.8820362091064453, "Epoch 780 Step 2": 2.8922181129455566, "Epoch 780 Step 3": 2.8803389072418213, "Epoch 780 Step 4": 2.8865537643432617, "Epoch 780 Step 5": 2.879232406616211, "Epoch 780 Step 6": 2.8934035301208496, "Epoch 780 Step 7": 2.8787288665771484, "Epoch 780 Step 8": 2.8836019039154053, "Epoch 780 Step 9": 2.889383316040039, "Epoch 780 Step 10": 2.873194694519043, "Epoch 780 Step 11": 2.872535228729248, "Epoch 780 Step 12": 2.872067451477051, "Epoch 780 Step 13": 2.888359546661377, "Epoch 780 Step 14": 2.883620023727417, "Epoch 780 Step 15": 2.8782570362091064, "Epoch 780 Step 16": 2.88871693611145, "Epoch 780 Step 17": 2.896125078201294, "Epoch 780 Step 18": 2.88177490234375, "Epoch 780 Step 19": 2.877072334289551, "Epoch 780 Step 20": 2.887573480606079, "Epoch 780 Step 21": 2.8917808532714844, "Epoch 780 Step 22": 2.8806917667388916, "Epoch 780 Step 23": 2.8817362785339355, "Epoch 780 Step 24": 2.8779640197753906, "Epoch 780 Step 25": 2.88798189163208, "Epoch 780 Step 26": 2.873594045639038, "Epoch 780 Step 27": 2.885241746902466, "Epoch 780 Step 28": 2.8792290687561035, "Epoch 780 Step 29": 2.8831191062927246, "Epoch 780 Step 30": 2.8851280212402344, "Epoch 780 Step 31": 2.8713722229003906, "Epoch 780 Step 32": 2.8857505321502686, "Epoch 780 Step 33": 2.8873462677001953, "Epoch 780 Step 34": 2.886064052581787, "Epoch 780 Step 35": 2.8894410133361816, "Epoch 780 Step 36": 2.8844921588897705, "Epoch 780 Step 37": 2.872500419616699, "Epoch 780 Step 38": 2.881129264831543, "Epoch 780 Step 39": 2.8771727085113525, "Epoch 780 Step 40": 2.882809638977051, "Epoch 780 Step 41": 2.88288950920105, "Epoch 780 Step 42": 2.890108585357666, "Epoch 780 Step 43": 2.8848226070404053, "Epoch 780 Step 44": 2.8855550289154053, "Epoch 780 Step 45": 2.8817009925842285, "Epoch 780 Step 46": 2.875079393386841, "Epoch 780 Step 47": 2.8796417713165283, "Epoch 780 Step 48": 2.89396333694458, "Epoch 780 Step 49": 2.8880059719085693, "Epoch 780 Step 50": 2.873522996902466, "Epoch 780 Step 51": 2.8906357288360596, "Epoch 780 Step 52": 2.8818728923797607, "Epoch 780 Step 53": 2.8760054111480713, "Epoch 780 Step 54": 2.873142957687378, "Epoch 780 Step 55": 2.8818581104278564, "Epoch 780 Step 56": 2.887845754623413, "Epoch 780 Step 57": 2.880680799484253, "Epoch 780 Step 58": 2.8789708614349365, "Epoch 780 Step 59": 2.8788630962371826, "Epoch 780 Step 60": 2.8765110969543457, "Epoch 780 Step 61": 2.888253927230835, "Epoch 780 Step 62": 2.874708414077759, "Epoch 780 Step 63": 2.891125202178955, "Epoch 780 Step 64": 2.871152400970459, "Epoch 780 Step 65": 2.8746469020843506, "Epoch 780 Step 66": 2.879779577255249, "Epoch 780 Step 67": 2.8681421279907227, "Epoch 780 Step 68": 2.8873794078826904, "Epoch 780 Step 69": 2.881340980529785, "Epoch 780 Step 70": 2.8871138095855713, "Epoch 780 Step 71": 2.8932723999023438, "Epoch 780 Step 72": 2.8872461318969727, "Epoch 780 Step 73": 2.8783609867095947, "Epoch 780 Step 74": 2.8847453594207764, "Epoch 780 Step 75": 2.896121025085449, "Epoch 780 Step 76": 2.8944668769836426, "Epoch 780 Step 77": 2.892833948135376, "Epoch 780 Step 78": 2.887809991836548, "Epoch 780 Step 79": 2.8867900371551514, "Epoch 780 Step 80": 2.8835179805755615, "Epoch 780 Step 81": 2.904959201812744, "Epoch 780 Step 82": 2.9017751216888428, "Epoch 780 Step 83": 2.898545980453491, "Epoch 780 Step 84": 2.8764002323150635, "Epoch 780 Step 85": 2.889763116836548, "Epoch 780 Step 86": 2.893636703491211, "Epoch 780 Step 87": 2.8751187324523926, "Epoch 780 Step 88": 2.8866078853607178, "Epoch 780 Step 89": 2.887194871902466}