{"Epoch 672 Step 0": 2.8960318565368652, "Epoch 672 Step 1": 2.8808538913726807, "Epoch 672 Step 2": 2.8757941722869873, "Epoch 672 Step 3": 2.887385368347168, "Epoch 672 Step 4": 2.8917670249938965, "Epoch 672 Step 5": 2.8807826042175293, "Epoch 672 Step 6": 2.8817098140716553, "Epoch 672 Step 7": 2.877739667892456, "Epoch 672 Step 8": 2.8876428604125977, "Epoch 672 Step 9": 2.873643159866333, "Epoch 672 Step 10": 2.885399103164673, "Epoch 672 Step 11": 2.8793914318084717, "Epoch 672 Step 12": 2.88329815864563, "Epoch 672 Step 13": 2.8848609924316406, "Epoch 672 Step 14": 2.871159315109253, "Epoch 672 Step 15": 2.884951591491699, "Epoch 672 Step 16": 2.887819290161133, "Epoch 672 Step 17": 2.88576078414917, "Epoch 672 Step 18": 2.889580488204956, "Epoch 672 Step 19": 2.884653329849243, "Epoch 672 Step 20": 2.872560501098633, "Epoch 672 Step 21": 2.8811707496643066, "Epoch 672 Step 22": 2.877500295639038, "Epoch 672 Step 23": 2.8828327655792236, "Epoch 672 Step 24": 2.8830037117004395, "Epoch 672 Step 25": 2.8903045654296875, "Epoch 672 Step 26": 2.884719133377075, "Epoch 672 Step 27": 2.88515043258667, "Epoch 672 Step 28": 2.8815088272094727, "Epoch 672 Step 29": 2.8758127689361572, "Epoch 672 Step 30": 2.88045597076416, "Epoch 672 Step 31": 2.893639326095581, "Epoch 672 Step 32": 2.88789439201355, "Epoch 672 Step 33": 2.873403787612915, "Epoch 672 Step 34": 2.8898744583129883, "Epoch 672 Step 35": 2.8830156326293945, "Epoch 672 Step 36": 2.875164270401001, "Epoch 672 Step 37": 2.871363878250122, "Epoch 672 Step 38": 2.8824799060821533, "Epoch 672 Step 39": 2.8880996704101562, "Epoch 672 Step 40": 2.879922866821289, "Epoch 672 Step 41": 2.8784611225128174, "Epoch 672 Step 42": 2.87811541557312, "Epoch 672 Step 43": 2.8765857219696045, "Epoch 672 Step 44": 2.887418746948242, "Epoch 672 Step 45": 2.8739185333251953, "Epoch 672 Step 46": 2.890995979309082, "Epoch 672 Step 47": 2.8714561462402344, "Epoch 672 Step 48": 2.8747048377990723, "Epoch 672 Step 49": 2.880094528198242, "Epoch 672 Step 50": 2.8680260181427, "Epoch 672 Step 51": 2.8868212699890137, "Epoch 672 Step 52": 2.881579637527466, "Epoch 672 Step 53": 2.8869211673736572, "Epoch 672 Step 54": 2.8928091526031494, "Epoch 672 Step 55": 2.8871095180511475, "Epoch 672 Step 56": 2.878741502761841, "Epoch 672 Step 57": 2.88466215133667, "Epoch 672 Step 58": 2.895540952682495, "Epoch 672 Step 59": 2.8946783542633057, "Epoch 672 Step 60": 2.893267869949341, "Epoch 672 Step 61": 2.888267755508423, "Epoch 672 Step 62": 2.8861215114593506, "Epoch 672 Step 63": 2.8829152584075928, "Epoch 672 Step 64": 2.9045603275299072, "Epoch 672 Step 65": 2.8998641967773438, "Epoch 672 Step 66": 2.897191047668457, "Epoch 672 Step 67": 2.8775274753570557, "Epoch 672 Step 68": 2.890821933746338, "Epoch 672 Step 69": 2.8943891525268555, "Epoch 672 Step 70": 2.875248670578003, "Epoch 672 Step 71": 2.8866002559661865, "Epoch 672 Step 72": 2.8867201805114746, "Epoch 672 Step 73": 2.891486167907715, "Epoch 672 Step 74": 2.8951568603515625, "Epoch 672 Step 75": 2.8809192180633545, "Epoch 672 Step 76": 2.892833948135376, "Epoch 672 Step 77": 2.878868579864502, "Epoch 672 Step 78": 2.8848469257354736, "Epoch 672 Step 79": 2.8776910305023193, "Epoch 672 Step 80": 2.8919811248779297, "Epoch 672 Step 81": 2.8776233196258545, "Epoch 672 Step 82": 2.884045362472534, "Epoch 672 Step 83": 2.889542818069458, "Epoch 672 Step 84": 2.873552083969116, "Epoch 672 Step 85": 2.8718819618225098, "Epoch 672 Step 86": 2.87237286567688, "Epoch 672 Step 87": 2.889197587966919, "Epoch 672 Step 88": 2.8827316761016846, "Epoch 672 Step 89": 2.8775522708892822}