{"Epoch 442 Step 0": 2.8742973804473877, "Epoch 442 Step 1": 2.879575729370117, "Epoch 442 Step 2": 2.86775541305542, "Epoch 442 Step 3": 2.8866658210754395, "Epoch 442 Step 4": 2.8815760612487793, "Epoch 442 Step 5": 2.8869402408599854, "Epoch 442 Step 6": 2.8932132720947266, "Epoch 442 Step 7": 2.8864455223083496, "Epoch 442 Step 8": 2.8785879611968994, "Epoch 442 Step 9": 2.8852293491363525, "Epoch 442 Step 10": 2.8955111503601074, "Epoch 442 Step 11": 2.894371271133423, "Epoch 442 Step 12": 2.893120288848877, "Epoch 442 Step 13": 2.8870248794555664, "Epoch 442 Step 14": 2.885733127593994, "Epoch 442 Step 15": 2.8853912353515625, "Epoch 442 Step 16": 2.9055025577545166, "Epoch 442 Step 17": 2.9005188941955566, "Epoch 442 Step 18": 2.8976147174835205, "Epoch 442 Step 19": 2.87613582611084, "Epoch 442 Step 20": 2.88897967338562, "Epoch 442 Step 21": 2.8941867351531982, "Epoch 442 Step 22": 2.87530779838562, "Epoch 442 Step 23": 2.8863606452941895, "Epoch 442 Step 24": 2.8867783546447754, "Epoch 442 Step 25": 2.891731023788452, "Epoch 442 Step 26": 2.8959243297576904, "Epoch 442 Step 27": 2.8815407752990723, "Epoch 442 Step 28": 2.8928167819976807, "Epoch 442 Step 29": 2.8783669471740723, "Epoch 442 Step 30": 2.885721206665039, "Epoch 442 Step 31": 2.8779819011688232, "Epoch 442 Step 32": 2.8918869495391846, "Epoch 442 Step 33": 2.878002405166626, "Epoch 442 Step 34": 2.883164405822754, "Epoch 442 Step 35": 2.888301372528076, "Epoch 442 Step 36": 2.873225450515747, "Epoch 442 Step 37": 2.872183322906494, "Epoch 442 Step 38": 2.87286114692688, "Epoch 442 Step 39": 2.8885223865509033, "Epoch 442 Step 40": 2.882594347000122, "Epoch 442 Step 41": 2.8772060871124268, "Epoch 442 Step 42": 2.890005588531494, "Epoch 442 Step 43": 2.8952155113220215, "Epoch 442 Step 44": 2.879981756210327, "Epoch 442 Step 45": 2.87555193901062, "Epoch 442 Step 46": 2.8878870010375977, "Epoch 442 Step 47": 2.891490936279297, "Epoch 442 Step 48": 2.880962610244751, "Epoch 442 Step 49": 2.882117748260498, "Epoch 442 Step 50": 2.8778419494628906, "Epoch 442 Step 51": 2.8874850273132324, "Epoch 442 Step 52": 2.873983144760132, "Epoch 442 Step 53": 2.8851144313812256, "Epoch 442 Step 54": 2.879060983657837, "Epoch 442 Step 55": 2.88291335105896, "Epoch 442 Step 56": 2.8847389221191406, "Epoch 442 Step 57": 2.8712947368621826, "Epoch 442 Step 58": 2.8851871490478516, "Epoch 442 Step 59": 2.8873379230499268, "Epoch 442 Step 60": 2.8861656188964844, "Epoch 442 Step 61": 2.8895652294158936, "Epoch 442 Step 62": 2.8845691680908203, "Epoch 442 Step 63": 2.8729605674743652, "Epoch 442 Step 64": 2.880439519882202, "Epoch 442 Step 65": 2.8774960041046143, "Epoch 442 Step 66": 2.8833065032958984, "Epoch 442 Step 67": 2.882932662963867, "Epoch 442 Step 68": 2.890465021133423, "Epoch 442 Step 69": 2.8845345973968506, "Epoch 442 Step 70": 2.8842060565948486, "Epoch 442 Step 71": 2.881138324737549, "Epoch 442 Step 72": 2.876430034637451, "Epoch 442 Step 73": 2.8791847229003906, "Epoch 442 Step 74": 2.8937859535217285, "Epoch 442 Step 75": 2.887971878051758, "Epoch 442 Step 76": 2.8735809326171875, "Epoch 442 Step 77": 2.8902409076690674, "Epoch 442 Step 78": 2.882732391357422, "Epoch 442 Step 79": 2.8754608631134033, "Epoch 442 Step 80": 2.8729939460754395, "Epoch 442 Step 81": 2.881619691848755, "Epoch 442 Step 82": 2.887730360031128, "Epoch 442 Step 83": 2.8798635005950928, "Epoch 442 Step 84": 2.878953695297241, "Epoch 442 Step 85": 2.878506660461426, "Epoch 442 Step 86": 2.87569260597229, "Epoch 442 Step 87": 2.8878543376922607, "Epoch 442 Step 88": 2.874248504638672, "Epoch 442 Step 89": 2.890763998031616}