{"Epoch 131 Step 0": 2.886467456817627, "Epoch 131 Step 1": 2.8713691234588623, "Epoch 131 Step 2": 2.883500099182129, "Epoch 131 Step 3": 2.877762794494629, "Epoch 131 Step 4": 2.8817687034606934, "Epoch 131 Step 5": 2.883225679397583, "Epoch 131 Step 6": 2.868403673171997, "Epoch 131 Step 7": 2.882546901702881, "Epoch 131 Step 8": 2.8845226764678955, "Epoch 131 Step 9": 2.8838465213775635, "Epoch 131 Step 10": 2.8868868350982666, "Epoch 131 Step 11": 2.8822648525238037, "Epoch 131 Step 12": 2.8709230422973633, "Epoch 131 Step 13": 2.8780033588409424, "Epoch 131 Step 14": 2.8755857944488525, "Epoch 131 Step 15": 2.8824172019958496, "Epoch 131 Step 16": 2.8813717365264893, "Epoch 131 Step 17": 2.8892598152160645, "Epoch 131 Step 18": 2.8844311237335205, "Epoch 131 Step 19": 2.884359121322632, "Epoch 131 Step 20": 2.8800089359283447, "Epoch 131 Step 21": 2.8750240802764893, "Epoch 131 Step 22": 2.8777663707733154, "Epoch 131 Step 23": 2.891767978668213, "Epoch 131 Step 24": 2.8865058422088623, "Epoch 131 Step 25": 2.8720803260803223, "Epoch 131 Step 26": 2.8878910541534424, "Epoch 131 Step 27": 2.880202293395996, "Epoch 131 Step 28": 2.873988628387451, "Epoch 131 Step 29": 2.869490146636963, "Epoch 131 Step 30": 2.8801448345184326, "Epoch 131 Step 31": 2.8859527111053467, "Epoch 131 Step 32": 2.8775432109832764, "Epoch 131 Step 33": 2.878148317337036, "Epoch 131 Step 34": 2.8774046897888184, "Epoch 131 Step 35": 2.875171184539795, "Epoch 131 Step 36": 2.8849589824676514, "Epoch 131 Step 37": 2.8711955547332764, "Epoch 131 Step 38": 2.890063762664795, "Epoch 131 Step 39": 2.8702709674835205, "Epoch 131 Step 40": 2.872443437576294, "Epoch 131 Step 41": 2.87808895111084, "Epoch 131 Step 42": 2.8657639026641846, "Epoch 131 Step 43": 2.8851494789123535, "Epoch 131 Step 44": 2.879765033721924, "Epoch 131 Step 45": 2.8833248615264893, "Epoch 131 Step 46": 2.8903303146362305, "Epoch 131 Step 47": 2.8858296871185303, "Epoch 131 Step 48": 2.876962184906006, "Epoch 131 Step 49": 2.882524013519287, "Epoch 131 Step 50": 2.8937201499938965, "Epoch 131 Step 51": 2.8934566974639893, "Epoch 131 Step 52": 2.8920094966888428, "Epoch 131 Step 53": 2.886488676071167, "Epoch 131 Step 54": 2.88484525680542, "Epoch 131 Step 55": 2.880642890930176, "Epoch 131 Step 56": 2.902212381362915, "Epoch 131 Step 57": 2.898402452468872, "Epoch 131 Step 58": 2.8944854736328125, "Epoch 131 Step 59": 2.874551296234131, "Epoch 131 Step 60": 2.8892769813537598, "Epoch 131 Step 61": 2.8913753032684326, "Epoch 131 Step 62": 2.873414993286133, "Epoch 131 Step 63": 2.885307788848877, "Epoch 131 Step 64": 2.886651039123535, "Epoch 131 Step 65": 2.8907535076141357, "Epoch 131 Step 66": 2.894345760345459, "Epoch 131 Step 67": 2.880113124847412, "Epoch 131 Step 68": 2.891209840774536, "Epoch 131 Step 69": 2.8776562213897705, "Epoch 131 Step 70": 2.8852620124816895, "Epoch 131 Step 71": 2.876492738723755, "Epoch 131 Step 72": 2.8901824951171875, "Epoch 131 Step 73": 2.875619649887085, "Epoch 131 Step 74": 2.881068229675293, "Epoch 131 Step 75": 2.8871657848358154, "Epoch 131 Step 76": 2.8712387084960938, "Epoch 131 Step 77": 2.8700356483459473, "Epoch 131 Step 78": 2.870565176010132, "Epoch 131 Step 79": 2.8859434127807617, "Epoch 131 Step 80": 2.8801357746124268, "Epoch 131 Step 81": 2.876394510269165, "Epoch 131 Step 82": 2.88883638381958, "Epoch 131 Step 83": 2.893115520477295, "Epoch 131 Step 84": 2.8795406818389893, "Epoch 131 Step 85": 2.875007152557373, "Epoch 131 Step 86": 2.8854146003723145, "Epoch 131 Step 87": 2.891003131866455, "Epoch 131 Step 88": 2.8779168128967285, "Epoch 131 Step 89": 2.881743907928467}