{"Epoch 698 Step 0": 2.9007062911987305, "Epoch 698 Step 1": 2.8983302116394043, "Epoch 698 Step 2": 2.877066135406494, "Epoch 698 Step 3": 2.891033887863159, "Epoch 698 Step 4": 2.894669532775879, "Epoch 698 Step 5": 2.875689744949341, "Epoch 698 Step 6": 2.8868610858917236, "Epoch 698 Step 7": 2.888394355773926, "Epoch 698 Step 8": 2.893113613128662, "Epoch 698 Step 9": 2.896366596221924, "Epoch 698 Step 10": 2.8817901611328125, "Epoch 698 Step 11": 2.892439603805542, "Epoch 698 Step 12": 2.8797032833099365, "Epoch 698 Step 13": 2.88629412651062, "Epoch 698 Step 14": 2.879152297973633, "Epoch 698 Step 15": 2.8919272422790527, "Epoch 698 Step 16": 2.8787007331848145, "Epoch 698 Step 17": 2.8843414783477783, "Epoch 698 Step 18": 2.8890016078948975, "Epoch 698 Step 19": 2.8736579418182373, "Epoch 698 Step 20": 2.8722565174102783, "Epoch 698 Step 21": 2.8725218772888184, "Epoch 698 Step 22": 2.88830304145813, "Epoch 698 Step 23": 2.883059501647949, "Epoch 698 Step 24": 2.878016710281372, "Epoch 698 Step 25": 2.889052629470825, "Epoch 698 Step 26": 2.8958933353424072, "Epoch 698 Step 27": 2.8807363510131836, "Epoch 698 Step 28": 2.8769125938415527, "Epoch 698 Step 29": 2.888052463531494, "Epoch 698 Step 30": 2.892315149307251, "Epoch 698 Step 31": 2.8808889389038086, "Epoch 698 Step 32": 2.8816816806793213, "Epoch 698 Step 33": 2.8774664402008057, "Epoch 698 Step 34": 2.8880600929260254, "Epoch 698 Step 35": 2.8735029697418213, "Epoch 698 Step 36": 2.8851382732391357, "Epoch 698 Step 37": 2.8797240257263184, "Epoch 698 Step 38": 2.883155345916748, "Epoch 698 Step 39": 2.885080575942993, "Epoch 698 Step 40": 2.87117075920105, "Epoch 698 Step 41": 2.885265827178955, "Epoch 698 Step 42": 2.8883864879608154, "Epoch 698 Step 43": 2.8864500522613525, "Epoch 698 Step 44": 2.889301300048828, "Epoch 698 Step 45": 2.884744882583618, "Epoch 698 Step 46": 2.8724710941314697, "Epoch 698 Step 47": 2.8810954093933105, "Epoch 698 Step 48": 2.877178192138672, "Epoch 698 Step 49": 2.8829526901245117, "Epoch 698 Step 50": 2.8827643394470215, "Epoch 698 Step 51": 2.8907618522644043, "Epoch 698 Step 52": 2.884793281555176, "Epoch 698 Step 53": 2.885295867919922, "Epoch 698 Step 54": 2.881746530532837, "Epoch 698 Step 55": 2.8757920265197754, "Epoch 698 Step 56": 2.879742383956909, "Epoch 698 Step 57": 2.89400053024292, "Epoch 698 Step 58": 2.8879809379577637, "Epoch 698 Step 59": 2.8736984729766846, "Epoch 698 Step 60": 2.8904993534088135, "Epoch 698 Step 61": 2.882195234298706, "Epoch 698 Step 62": 2.8753387928009033, "Epoch 698 Step 63": 2.8726911544799805, "Epoch 698 Step 64": 2.8821208477020264, "Epoch 698 Step 65": 2.887938976287842, "Epoch 698 Step 66": 2.880742311477661, "Epoch 698 Step 67": 2.8787734508514404, "Epoch 698 Step 68": 2.8785390853881836, "Epoch 698 Step 69": 2.876558780670166, "Epoch 698 Step 70": 2.887857437133789, "Epoch 698 Step 71": 2.874114990234375, "Epoch 698 Step 72": 2.891040563583374, "Epoch 698 Step 73": 2.8716118335723877, "Epoch 698 Step 74": 2.874763011932373, "Epoch 698 Step 75": 2.8792800903320312, "Epoch 698 Step 76": 2.868022918701172, "Epoch 698 Step 77": 2.8873679637908936, "Epoch 698 Step 78": 2.8815958499908447, "Epoch 698 Step 79": 2.886744737625122, "Epoch 698 Step 80": 2.8931548595428467, "Epoch 698 Step 81": 2.8864166736602783, "Epoch 698 Step 82": 2.8789186477661133, "Epoch 698 Step 83": 2.8847901821136475, "Epoch 698 Step 84": 2.8951659202575684, "Epoch 698 Step 85": 2.8936009407043457, "Epoch 698 Step 86": 2.8929615020751953, "Epoch 698 Step 87": 2.8880858421325684, "Epoch 698 Step 88": 2.8870067596435547, "Epoch 698 Step 89": 2.883798360824585}