{"Epoch 368 Step 0": 2.8938231468200684, "Epoch 368 Step 1": 2.8880510330200195, "Epoch 368 Step 2": 2.874178409576416, "Epoch 368 Step 3": 2.8904523849487305, "Epoch 368 Step 4": 2.882054090499878, "Epoch 368 Step 5": 2.875734567642212, "Epoch 368 Step 6": 2.872790575027466, "Epoch 368 Step 7": 2.8823421001434326, "Epoch 368 Step 8": 2.8876962661743164, "Epoch 368 Step 9": 2.8806252479553223, "Epoch 368 Step 10": 2.879016876220703, "Epoch 368 Step 11": 2.8783552646636963, "Epoch 368 Step 12": 2.876115560531616, "Epoch 368 Step 13": 2.8875365257263184, "Epoch 368 Step 14": 2.874654769897461, "Epoch 368 Step 15": 2.8906803131103516, "Epoch 368 Step 16": 2.8714823722839355, "Epoch 368 Step 17": 2.8748512268066406, "Epoch 368 Step 18": 2.87929368019104, "Epoch 368 Step 19": 2.8679628372192383, "Epoch 368 Step 20": 2.8875327110290527, "Epoch 368 Step 21": 2.881821393966675, "Epoch 368 Step 22": 2.887155294418335, "Epoch 368 Step 23": 2.8937621116638184, "Epoch 368 Step 24": 2.8867876529693604, "Epoch 368 Step 25": 2.878040075302124, "Epoch 368 Step 26": 2.885042428970337, "Epoch 368 Step 27": 2.8955931663513184, "Epoch 368 Step 28": 2.894627332687378, "Epoch 368 Step 29": 2.8932573795318604, "Epoch 368 Step 30": 2.887497663497925, "Epoch 368 Step 31": 2.885835886001587, "Epoch 368 Step 32": 2.8846275806427, "Epoch 368 Step 33": 2.9046475887298584, "Epoch 368 Step 34": 2.9007601737976074, "Epoch 368 Step 35": 2.8972177505493164, "Epoch 368 Step 36": 2.8760311603546143, "Epoch 368 Step 37": 2.889533758163452, "Epoch 368 Step 38": 2.8935928344726562, "Epoch 368 Step 39": 2.8758604526519775, "Epoch 368 Step 40": 2.8859987258911133, "Epoch 368 Step 41": 2.8867249488830566, "Epoch 368 Step 42": 2.892111301422119, "Epoch 368 Step 43": 2.8962690830230713, "Epoch 368 Step 44": 2.8817551136016846, "Epoch 368 Step 45": 2.8929309844970703, "Epoch 368 Step 46": 2.8788723945617676, "Epoch 368 Step 47": 2.8854641914367676, "Epoch 368 Step 48": 2.878202199935913, "Epoch 368 Step 49": 2.892406940460205, "Epoch 368 Step 50": 2.8777589797973633, "Epoch 368 Step 51": 2.882786989212036, "Epoch 368 Step 52": 2.888673782348633, "Epoch 368 Step 53": 2.8733749389648438, "Epoch 368 Step 54": 2.8715744018554688, "Epoch 368 Step 55": 2.8721206188201904, "Epoch 368 Step 56": 2.8887133598327637, "Epoch 368 Step 57": 2.882300615310669, "Epoch 368 Step 58": 2.87770938873291, "Epoch 368 Step 59": 2.8902652263641357, "Epoch 368 Step 60": 2.894926071166992, "Epoch 368 Step 61": 2.880418300628662, "Epoch 368 Step 62": 2.875844717025757, "Epoch 368 Step 63": 2.8875539302825928, "Epoch 368 Step 64": 2.891570568084717, "Epoch 368 Step 65": 2.8808343410491943, "Epoch 368 Step 66": 2.8818492889404297, "Epoch 368 Step 67": 2.8775479793548584, "Epoch 368 Step 68": 2.8878347873687744, "Epoch 368 Step 69": 2.873896360397339, "Epoch 368 Step 70": 2.8856282234191895, "Epoch 368 Step 71": 2.8796427249908447, "Epoch 368 Step 72": 2.8831562995910645, "Epoch 368 Step 73": 2.8849246501922607, "Epoch 368 Step 74": 2.8710477352142334, "Epoch 368 Step 75": 2.884643793106079, "Epoch 368 Step 76": 2.887896776199341, "Epoch 368 Step 77": 2.8856332302093506, "Epoch 368 Step 78": 2.889211893081665, "Epoch 368 Step 79": 2.8848788738250732, "Epoch 368 Step 80": 2.8726935386657715, "Epoch 368 Step 81": 2.8807787895202637, "Epoch 368 Step 82": 2.8772881031036377, "Epoch 368 Step 83": 2.8827173709869385, "Epoch 368 Step 84": 2.8838138580322266, "Epoch 368 Step 85": 2.8912620544433594, "Epoch 368 Step 86": 2.8851685523986816, "Epoch 368 Step 87": 2.8853719234466553, "Epoch 368 Step 88": 2.8812201023101807, "Epoch 368 Step 89": 2.8750863075256348}