{"Epoch 727 Step 0": 2.8767359256744385, "Epoch 727 Step 1": 2.874009609222412, "Epoch 727 Step 2": 2.881617546081543, "Epoch 727 Step 3": 2.8874847888946533, "Epoch 727 Step 4": 2.8800055980682373, "Epoch 727 Step 5": 2.878818988800049, "Epoch 727 Step 6": 2.878694534301758, "Epoch 727 Step 7": 2.8763952255249023, "Epoch 727 Step 8": 2.88850736618042, "Epoch 727 Step 9": 2.875502347946167, "Epoch 727 Step 10": 2.891004800796509, "Epoch 727 Step 11": 2.8713347911834717, "Epoch 727 Step 12": 2.874617099761963, "Epoch 727 Step 13": 2.879190444946289, "Epoch 727 Step 14": 2.867971181869507, "Epoch 727 Step 15": 2.8869829177856445, "Epoch 727 Step 16": 2.881363868713379, "Epoch 727 Step 17": 2.8874120712280273, "Epoch 727 Step 18": 2.8931937217712402, "Epoch 727 Step 19": 2.8857924938201904, "Epoch 727 Step 20": 2.8786001205444336, "Epoch 727 Step 21": 2.8856773376464844, "Epoch 727 Step 22": 2.8958210945129395, "Epoch 727 Step 23": 2.893631935119629, "Epoch 727 Step 24": 2.892239570617676, "Epoch 727 Step 25": 2.887986660003662, "Epoch 727 Step 26": 2.8862454891204834, "Epoch 727 Step 27": 2.884138822555542, "Epoch 727 Step 28": 2.906381845474243, "Epoch 727 Step 29": 2.899448871612549, "Epoch 727 Step 30": 2.8983781337738037, "Epoch 727 Step 31": 2.8762154579162598, "Epoch 727 Step 32": 2.8885409832000732, "Epoch 727 Step 33": 2.8935890197753906, "Epoch 727 Step 34": 2.8754076957702637, "Epoch 727 Step 35": 2.8865091800689697, "Epoch 727 Step 36": 2.88710618019104, "Epoch 727 Step 37": 2.892310619354248, "Epoch 727 Step 38": 2.896488666534424, "Epoch 727 Step 39": 2.8818421363830566, "Epoch 727 Step 40": 2.893244981765747, "Epoch 727 Step 41": 2.878811836242676, "Epoch 727 Step 42": 2.885031223297119, "Epoch 727 Step 43": 2.87915301322937, "Epoch 727 Step 44": 2.8912155628204346, "Epoch 727 Step 45": 2.877568006515503, "Epoch 727 Step 46": 2.8825597763061523, "Epoch 727 Step 47": 2.8886852264404297, "Epoch 727 Step 48": 2.873107433319092, "Epoch 727 Step 49": 2.8724453449249268, "Epoch 727 Step 50": 2.8728437423706055, "Epoch 727 Step 51": 2.888559103012085, "Epoch 727 Step 52": 2.882660388946533, "Epoch 727 Step 53": 2.877225160598755, "Epoch 727 Step 54": 2.888937473297119, "Epoch 727 Step 55": 2.8953287601470947, "Epoch 727 Step 56": 2.881011724472046, "Epoch 727 Step 57": 2.8769664764404297, "Epoch 727 Step 58": 2.8876757621765137, "Epoch 727 Step 59": 2.8922994136810303, "Epoch 727 Step 60": 2.880295515060425, "Epoch 727 Step 61": 2.8814849853515625, "Epoch 727 Step 62": 2.8777174949645996, "Epoch 727 Step 63": 2.887827157974243, "Epoch 727 Step 64": 2.873730182647705, "Epoch 727 Step 65": 2.8851985931396484, "Epoch 727 Step 66": 2.879067897796631, "Epoch 727 Step 67": 2.882750988006592, "Epoch 727 Step 68": 2.8850979804992676, "Epoch 727 Step 69": 2.8715386390686035, "Epoch 727 Step 70": 2.8857197761535645, "Epoch 727 Step 71": 2.887317180633545, "Epoch 727 Step 72": 2.8861184120178223, "Epoch 727 Step 73": 2.889866590499878, "Epoch 727 Step 74": 2.8846793174743652, "Epoch 727 Step 75": 2.872288703918457, "Epoch 727 Step 76": 2.880993127822876, "Epoch 727 Step 77": 2.8771045207977295, "Epoch 727 Step 78": 2.882610559463501, "Epoch 727 Step 79": 2.882833480834961, "Epoch 727 Step 80": 2.8904685974121094, "Epoch 727 Step 81": 2.8846282958984375, "Epoch 727 Step 82": 2.8849191665649414, "Epoch 727 Step 83": 2.8814504146575928, "Epoch 727 Step 84": 2.8758318424224854, "Epoch 727 Step 85": 2.8798413276672363, "Epoch 727 Step 86": 2.893996000289917, "Epoch 727 Step 87": 2.887887477874756, "Epoch 727 Step 88": 2.8739757537841797, "Epoch 727 Step 89": 2.8903112411499023}