{"Epoch 308 Step 0": 2.8847553730010986, "Epoch 308 Step 1": 2.870932102203369, "Epoch 308 Step 2": 2.884739637374878, "Epoch 308 Step 3": 2.8872852325439453, "Epoch 308 Step 4": 2.8854851722717285, "Epoch 308 Step 5": 2.889082431793213, "Epoch 308 Step 6": 2.8844540119171143, "Epoch 308 Step 7": 2.8721587657928467, "Epoch 308 Step 8": 2.880603551864624, "Epoch 308 Step 9": 2.877037763595581, "Epoch 308 Step 10": 2.88236927986145, "Epoch 308 Step 11": 2.8833305835723877, "Epoch 308 Step 12": 2.890434503555298, "Epoch 308 Step 13": 2.884883165359497, "Epoch 308 Step 14": 2.8856313228607178, "Epoch 308 Step 15": 2.881438970565796, "Epoch 308 Step 16": 2.8759284019470215, "Epoch 308 Step 17": 2.879055976867676, "Epoch 308 Step 18": 2.8938405513763428, "Epoch 308 Step 19": 2.8879127502441406, "Epoch 308 Step 20": 2.8743278980255127, "Epoch 308 Step 21": 2.8906474113464355, "Epoch 308 Step 22": 2.8817138671875, "Epoch 308 Step 23": 2.8759329319000244, "Epoch 308 Step 24": 2.87243914604187, "Epoch 308 Step 25": 2.8815016746520996, "Epoch 308 Step 26": 2.8875746726989746, "Epoch 308 Step 27": 2.8804469108581543, "Epoch 308 Step 28": 2.879115581512451, "Epoch 308 Step 29": 2.8784048557281494, "Epoch 308 Step 30": 2.876115560531616, "Epoch 308 Step 31": 2.8876073360443115, "Epoch 308 Step 32": 2.8749847412109375, "Epoch 308 Step 33": 2.890820264816284, "Epoch 308 Step 34": 2.871034860610962, "Epoch 308 Step 35": 2.874659538269043, "Epoch 308 Step 36": 2.8791608810424805, "Epoch 308 Step 37": 2.8677985668182373, "Epoch 308 Step 38": 2.8873658180236816, "Epoch 308 Step 39": 2.881251335144043, "Epoch 308 Step 40": 2.8866491317749023, "Epoch 308 Step 41": 2.892575740814209, "Epoch 308 Step 42": 2.88657808303833, "Epoch 308 Step 43": 2.878509044647217, "Epoch 308 Step 44": 2.8842766284942627, "Epoch 308 Step 45": 2.8953232765197754, "Epoch 308 Step 46": 2.895188808441162, "Epoch 308 Step 47": 2.893711805343628, "Epoch 308 Step 48": 2.8875012397766113, "Epoch 308 Step 49": 2.885293960571289, "Epoch 308 Step 50": 2.8832430839538574, "Epoch 308 Step 51": 2.9056899547576904, "Epoch 308 Step 52": 2.9002304077148438, "Epoch 308 Step 53": 2.8979804515838623, "Epoch 308 Step 54": 2.8762729167938232, "Epoch 308 Step 55": 2.889343500137329, "Epoch 308 Step 56": 2.89312481880188, "Epoch 308 Step 57": 2.875345468521118, "Epoch 308 Step 58": 2.886388063430786, "Epoch 308 Step 59": 2.88638973236084, "Epoch 308 Step 60": 2.891364336013794, "Epoch 308 Step 61": 2.8959457874298096, "Epoch 308 Step 62": 2.881575107574463, "Epoch 308 Step 63": 2.892537832260132, "Epoch 308 Step 64": 2.8782541751861572, "Epoch 308 Step 65": 2.8849270343780518, "Epoch 308 Step 66": 2.8777236938476562, "Epoch 308 Step 67": 2.8915538787841797, "Epoch 308 Step 68": 2.8775129318237305, "Epoch 308 Step 69": 2.8829495906829834, "Epoch 308 Step 70": 2.888378143310547, "Epoch 308 Step 71": 2.8732285499572754, "Epoch 308 Step 72": 2.8714406490325928, "Epoch 308 Step 73": 2.8717174530029297, "Epoch 308 Step 74": 2.888357639312744, "Epoch 308 Step 75": 2.881589889526367, "Epoch 308 Step 76": 2.877457618713379, "Epoch 308 Step 77": 2.8900105953216553, "Epoch 308 Step 78": 2.895545721054077, "Epoch 308 Step 79": 2.8801987171173096, "Epoch 308 Step 80": 2.8756675720214844, "Epoch 308 Step 81": 2.8882107734680176, "Epoch 308 Step 82": 2.891615629196167, "Epoch 308 Step 83": 2.880526304244995, "Epoch 308 Step 84": 2.8814754486083984, "Epoch 308 Step 85": 2.8774843215942383, "Epoch 308 Step 86": 2.8872933387756348, "Epoch 308 Step 87": 2.873598098754883, "Epoch 308 Step 88": 2.885023593902588, "Epoch 308 Step 89": 2.879411220550537}