{"Epoch 743 Step 0": 2.8724682331085205, "Epoch 743 Step 1": 2.8803722858428955, "Epoch 743 Step 2": 2.876540184020996, "Epoch 743 Step 3": 2.8824801445007324, "Epoch 743 Step 4": 2.883190155029297, "Epoch 743 Step 5": 2.890850305557251, "Epoch 743 Step 6": 2.884737014770508, "Epoch 743 Step 7": 2.885155200958252, "Epoch 743 Step 8": 2.8813695907592773, "Epoch 743 Step 9": 2.8754849433898926, "Epoch 743 Step 10": 2.879794120788574, "Epoch 743 Step 11": 2.893663167953491, "Epoch 743 Step 12": 2.8879857063293457, "Epoch 743 Step 13": 2.874265432357788, "Epoch 743 Step 14": 2.8907675743103027, "Epoch 743 Step 15": 2.881848096847534, "Epoch 743 Step 16": 2.8757286071777344, "Epoch 743 Step 17": 2.8717997074127197, "Epoch 743 Step 18": 2.8825061321258545, "Epoch 743 Step 19": 2.887885808944702, "Epoch 743 Step 20": 2.880263566970825, "Epoch 743 Step 21": 2.878650665283203, "Epoch 743 Step 22": 2.878093957901001, "Epoch 743 Step 23": 2.87746000289917, "Epoch 743 Step 24": 2.888096332550049, "Epoch 743 Step 25": 2.8741390705108643, "Epoch 743 Step 26": 2.891728639602661, "Epoch 743 Step 27": 2.871201992034912, "Epoch 743 Step 28": 2.874852418899536, "Epoch 743 Step 29": 2.880073308944702, "Epoch 743 Step 30": 2.8682668209075928, "Epoch 743 Step 31": 2.8867170810699463, "Epoch 743 Step 32": 2.881575584411621, "Epoch 743 Step 33": 2.8871214389801025, "Epoch 743 Step 34": 2.89313006401062, "Epoch 743 Step 35": 2.8864200115203857, "Epoch 743 Step 36": 2.8787100315093994, "Epoch 743 Step 37": 2.8852648735046387, "Epoch 743 Step 38": 2.895766258239746, "Epoch 743 Step 39": 2.8951468467712402, "Epoch 743 Step 40": 2.894440174102783, "Epoch 743 Step 41": 2.8883376121520996, "Epoch 743 Step 42": 2.885486364364624, "Epoch 743 Step 43": 2.879864454269409, "Epoch 743 Step 44": 2.903920888900757, "Epoch 743 Step 45": 2.8990354537963867, "Epoch 743 Step 46": 2.897822618484497, "Epoch 743 Step 47": 2.875978469848633, "Epoch 743 Step 48": 2.889587640762329, "Epoch 743 Step 49": 2.8929574489593506, "Epoch 743 Step 50": 2.8752994537353516, "Epoch 743 Step 51": 2.8866515159606934, "Epoch 743 Step 52": 2.8867299556732178, "Epoch 743 Step 53": 2.891214370727539, "Epoch 743 Step 54": 2.8950366973876953, "Epoch 743 Step 55": 2.8808817863464355, "Epoch 743 Step 56": 2.8924243450164795, "Epoch 743 Step 57": 2.8784539699554443, "Epoch 743 Step 58": 2.884819269180298, "Epoch 743 Step 59": 2.878448963165283, "Epoch 743 Step 60": 2.890385866165161, "Epoch 743 Step 61": 2.8779969215393066, "Epoch 743 Step 62": 2.8828463554382324, "Epoch 743 Step 63": 2.8886234760284424, "Epoch 743 Step 64": 2.8732409477233887, "Epoch 743 Step 65": 2.871452569961548, "Epoch 743 Step 66": 2.8722639083862305, "Epoch 743 Step 67": 2.88944149017334, "Epoch 743 Step 68": 2.8827362060546875, "Epoch 743 Step 69": 2.877896308898926, "Epoch 743 Step 70": 2.888958215713501, "Epoch 743 Step 71": 2.8952114582061768, "Epoch 743 Step 72": 2.8818650245666504, "Epoch 743 Step 73": 2.8770909309387207, "Epoch 743 Step 74": 2.8878331184387207, "Epoch 743 Step 75": 2.8918683528900146, "Epoch 743 Step 76": 2.881657838821411, "Epoch 743 Step 77": 2.882094144821167, "Epoch 743 Step 78": 2.8783700466156006, "Epoch 743 Step 79": 2.8878281116485596, "Epoch 743 Step 80": 2.87377667427063, "Epoch 743 Step 81": 2.885315418243408, "Epoch 743 Step 82": 2.87966251373291, "Epoch 743 Step 83": 2.883463144302368, "Epoch 743 Step 84": 2.8853049278259277, "Epoch 743 Step 85": 2.871379852294922, "Epoch 743 Step 86": 2.8856709003448486, "Epoch 743 Step 87": 2.887725591659546, "Epoch 743 Step 88": 2.8859012126922607, "Epoch 743 Step 89": 2.889357805252075}