{"Epoch 624 Step 0": 2.874048948287964, "Epoch 624 Step 1": 2.8795464038848877, "Epoch 624 Step 2": 2.8677656650543213, "Epoch 624 Step 3": 2.8868837356567383, "Epoch 624 Step 4": 2.8819758892059326, "Epoch 624 Step 5": 2.886698007583618, "Epoch 624 Step 6": 2.893139362335205, "Epoch 624 Step 7": 2.8859381675720215, "Epoch 624 Step 8": 2.8784375190734863, "Epoch 624 Step 9": 2.8844776153564453, "Epoch 624 Step 10": 2.895195245742798, "Epoch 624 Step 11": 2.894601583480835, "Epoch 624 Step 12": 2.892850637435913, "Epoch 624 Step 13": 2.8876969814300537, "Epoch 624 Step 14": 2.8862736225128174, "Epoch 624 Step 15": 2.884368896484375, "Epoch 624 Step 16": 2.9044809341430664, "Epoch 624 Step 17": 2.902214288711548, "Epoch 624 Step 18": 2.897836208343506, "Epoch 624 Step 19": 2.8756232261657715, "Epoch 624 Step 20": 2.888742208480835, "Epoch 624 Step 21": 2.893390655517578, "Epoch 624 Step 22": 2.8750174045562744, "Epoch 624 Step 23": 2.8857839107513428, "Epoch 624 Step 24": 2.886913299560547, "Epoch 624 Step 25": 2.891295909881592, "Epoch 624 Step 26": 2.8960022926330566, "Epoch 624 Step 27": 2.882071018218994, "Epoch 624 Step 28": 2.892272710800171, "Epoch 624 Step 29": 2.878713846206665, "Epoch 624 Step 30": 2.8853726387023926, "Epoch 624 Step 31": 2.877866744995117, "Epoch 624 Step 32": 2.8919529914855957, "Epoch 624 Step 33": 2.87748384475708, "Epoch 624 Step 34": 2.8828272819519043, "Epoch 624 Step 35": 2.88832426071167, "Epoch 624 Step 36": 2.8730289936065674, "Epoch 624 Step 37": 2.871541976928711, "Epoch 624 Step 38": 2.872042179107666, "Epoch 624 Step 39": 2.8878962993621826, "Epoch 624 Step 40": 2.8819384574890137, "Epoch 624 Step 41": 2.8778915405273438, "Epoch 624 Step 42": 2.889204978942871, "Epoch 624 Step 43": 2.89524245262146, "Epoch 624 Step 44": 2.8807876110076904, "Epoch 624 Step 45": 2.8756792545318604, "Epoch 624 Step 46": 2.8873894214630127, "Epoch 624 Step 47": 2.892103672027588, "Epoch 624 Step 48": 2.8801798820495605, "Epoch 624 Step 49": 2.8818259239196777, "Epoch 624 Step 50": 2.877617359161377, "Epoch 624 Step 51": 2.887524366378784, "Epoch 624 Step 52": 2.8735737800598145, "Epoch 624 Step 53": 2.8853628635406494, "Epoch 624 Step 54": 2.8790390491485596, "Epoch 624 Step 55": 2.8834636211395264, "Epoch 624 Step 56": 2.884728193283081, "Epoch 624 Step 57": 2.870718479156494, "Epoch 624 Step 58": 2.884678602218628, "Epoch 624 Step 59": 2.887922763824463, "Epoch 624 Step 60": 2.8856825828552246, "Epoch 624 Step 61": 2.889298915863037, "Epoch 624 Step 62": 2.8842029571533203, "Epoch 624 Step 63": 2.872231960296631, "Epoch 624 Step 64": 2.8812599182128906, "Epoch 624 Step 65": 2.8769800662994385, "Epoch 624 Step 66": 2.88283634185791, "Epoch 624 Step 67": 2.8827202320098877, "Epoch 624 Step 68": 2.890503406524658, "Epoch 624 Step 69": 2.884159803390503, "Epoch 624 Step 70": 2.884768486022949, "Epoch 624 Step 71": 2.88148832321167, "Epoch 624 Step 72": 2.875415325164795, "Epoch 624 Step 73": 2.8798511028289795, "Epoch 624 Step 74": 2.893688201904297, "Epoch 624 Step 75": 2.888363838195801, "Epoch 624 Step 76": 2.8735365867614746, "Epoch 624 Step 77": 2.890036106109619, "Epoch 624 Step 78": 2.882189989089966, "Epoch 624 Step 79": 2.8748838901519775, "Epoch 624 Step 80": 2.8720529079437256, "Epoch 624 Step 81": 2.882042407989502, "Epoch 624 Step 82": 2.8872244358062744, "Epoch 624 Step 83": 2.879624366760254, "Epoch 624 Step 84": 2.8788959980010986, "Epoch 624 Step 85": 2.877959728240967, "Epoch 624 Step 86": 2.876159429550171, "Epoch 624 Step 87": 2.887162923812866, "Epoch 624 Step 88": 2.8743860721588135, "Epoch 624 Step 89": 2.891212224960327}