{"Epoch 596 Step 0": 2.892376661300659, "Epoch 596 Step 1": 2.8779642581939697, "Epoch 596 Step 2": 2.884561061859131, "Epoch 596 Step 3": 2.8775277137756348, "Epoch 596 Step 4": 2.8919007778167725, "Epoch 596 Step 5": 2.877847671508789, "Epoch 596 Step 6": 2.8830409049987793, "Epoch 596 Step 7": 2.888878583908081, "Epoch 596 Step 8": 2.873793840408325, "Epoch 596 Step 9": 2.8716328144073486, "Epoch 596 Step 10": 2.8719170093536377, "Epoch 596 Step 11": 2.88877534866333, "Epoch 596 Step 12": 2.8819527626037598, "Epoch 596 Step 13": 2.8774871826171875, "Epoch 596 Step 14": 2.8902671337127686, "Epoch 596 Step 15": 2.894622325897217, "Epoch 596 Step 16": 2.8799986839294434, "Epoch 596 Step 17": 2.876358985900879, "Epoch 596 Step 18": 2.887035608291626, "Epoch 596 Step 19": 2.8911843299865723, "Epoch 596 Step 20": 2.881389617919922, "Epoch 596 Step 21": 2.882718086242676, "Epoch 596 Step 22": 2.878145694732666, "Epoch 596 Step 23": 2.8874378204345703, "Epoch 596 Step 24": 2.874138832092285, "Epoch 596 Step 25": 2.885760545730591, "Epoch 596 Step 26": 2.8791301250457764, "Epoch 596 Step 27": 2.882884979248047, "Epoch 596 Step 28": 2.884830951690674, "Epoch 596 Step 29": 2.871387243270874, "Epoch 596 Step 30": 2.8848445415496826, "Epoch 596 Step 31": 2.8877792358398438, "Epoch 596 Step 32": 2.8855104446411133, "Epoch 596 Step 33": 2.8891632556915283, "Epoch 596 Step 34": 2.8841278553009033, "Epoch 596 Step 35": 2.8725037574768066, "Epoch 596 Step 36": 2.881687879562378, "Epoch 596 Step 37": 2.8772830963134766, "Epoch 596 Step 38": 2.882575750350952, "Epoch 596 Step 39": 2.8830583095550537, "Epoch 596 Step 40": 2.8903932571411133, "Epoch 596 Step 41": 2.8847477436065674, "Epoch 596 Step 42": 2.8853821754455566, "Epoch 596 Step 43": 2.8814964294433594, "Epoch 596 Step 44": 2.8747787475585938, "Epoch 596 Step 45": 2.8796653747558594, "Epoch 596 Step 46": 2.894083261489868, "Epoch 596 Step 47": 2.888061761856079, "Epoch 596 Step 48": 2.874163866043091, "Epoch 596 Step 49": 2.89066219329834, "Epoch 596 Step 50": 2.8817124366760254, "Epoch 596 Step 51": 2.875749349594116, "Epoch 596 Step 52": 2.8715198040008545, "Epoch 596 Step 53": 2.8824543952941895, "Epoch 596 Step 54": 2.8876423835754395, "Epoch 596 Step 55": 2.880733013153076, "Epoch 596 Step 56": 2.878901720046997, "Epoch 596 Step 57": 2.878933906555176, "Epoch 596 Step 58": 2.876314878463745, "Epoch 596 Step 59": 2.888246774673462, "Epoch 596 Step 60": 2.8741085529327393, "Epoch 596 Step 61": 2.891298294067383, "Epoch 596 Step 62": 2.871277093887329, "Epoch 596 Step 63": 2.874314308166504, "Epoch 596 Step 64": 2.879425525665283, "Epoch 596 Step 65": 2.868058919906616, "Epoch 596 Step 66": 2.887028932571411, "Epoch 596 Step 67": 2.881615400314331, "Epoch 596 Step 68": 2.8871095180511475, "Epoch 596 Step 69": 2.893099784851074, "Epoch 596 Step 70": 2.8859212398529053, "Epoch 596 Step 71": 2.8784101009368896, "Epoch 596 Step 72": 2.885162115097046, "Epoch 596 Step 73": 2.8959274291992188, "Epoch 596 Step 74": 2.8950603008270264, "Epoch 596 Step 75": 2.8933584690093994, "Epoch 596 Step 76": 2.8880743980407715, "Epoch 596 Step 77": 2.886662006378174, "Epoch 596 Step 78": 2.8831357955932617, "Epoch 596 Step 79": 2.9054110050201416, "Epoch 596 Step 80": 2.9015564918518066, "Epoch 596 Step 81": 2.899583339691162, "Epoch 596 Step 82": 2.8756816387176514, "Epoch 596 Step 83": 2.8877928256988525, "Epoch 596 Step 84": 2.892045497894287, "Epoch 596 Step 85": 2.874931812286377, "Epoch 596 Step 86": 2.8866143226623535, "Epoch 596 Step 87": 2.8865115642547607, "Epoch 596 Step 88": 2.890751838684082, "Epoch 596 Step 89": 2.8951528072357178}