{"Epoch 631 Step 0": 2.878770351409912, "Epoch 631 Step 1": 2.878757953643799, "Epoch 631 Step 2": 2.876624345779419, "Epoch 631 Step 3": 2.8883237838745117, "Epoch 631 Step 4": 2.8750267028808594, "Epoch 631 Step 5": 2.8908889293670654, "Epoch 631 Step 6": 2.8710176944732666, "Epoch 631 Step 7": 2.8741278648376465, "Epoch 631 Step 8": 2.8797287940979004, "Epoch 631 Step 9": 2.867990732192993, "Epoch 631 Step 10": 2.887186288833618, "Epoch 631 Step 11": 2.8810677528381348, "Epoch 631 Step 12": 2.886284351348877, "Epoch 631 Step 13": 2.8927066326141357, "Epoch 631 Step 14": 2.8862881660461426, "Epoch 631 Step 15": 2.878523111343384, "Epoch 631 Step 16": 2.884645462036133, "Epoch 631 Step 17": 2.8952629566192627, "Epoch 631 Step 18": 2.8941400051116943, "Epoch 631 Step 19": 2.8926098346710205, "Epoch 631 Step 20": 2.88785719871521, "Epoch 631 Step 21": 2.8870112895965576, "Epoch 631 Step 22": 2.883965253829956, "Epoch 631 Step 23": 2.9046664237976074, "Epoch 631 Step 24": 2.901695489883423, "Epoch 631 Step 25": 2.8975720405578613, "Epoch 631 Step 26": 2.8754372596740723, "Epoch 631 Step 27": 2.889009475708008, "Epoch 631 Step 28": 2.8928046226501465, "Epoch 631 Step 29": 2.8747053146362305, "Epoch 631 Step 30": 2.8866183757781982, "Epoch 631 Step 31": 2.8870081901550293, "Epoch 631 Step 32": 2.891435384750366, "Epoch 631 Step 33": 2.8961639404296875, "Epoch 631 Step 34": 2.881913423538208, "Epoch 631 Step 35": 2.8931143283843994, "Epoch 631 Step 36": 2.8793282508850098, "Epoch 631 Step 37": 2.8853871822357178, "Epoch 631 Step 38": 2.8783178329467773, "Epoch 631 Step 39": 2.891470432281494, "Epoch 631 Step 40": 2.8779478073120117, "Epoch 631 Step 41": 2.8828787803649902, "Epoch 631 Step 42": 2.888612985610962, "Epoch 631 Step 43": 2.873420476913452, "Epoch 631 Step 44": 2.8715500831604004, "Epoch 631 Step 45": 2.872014284133911, "Epoch 631 Step 46": 2.888167142868042, "Epoch 631 Step 47": 2.881196975708008, "Epoch 631 Step 48": 2.877634286880493, "Epoch 631 Step 49": 2.890123128890991, "Epoch 631 Step 50": 2.895618438720703, "Epoch 631 Step 51": 2.880380153656006, "Epoch 631 Step 52": 2.875645160675049, "Epoch 631 Step 53": 2.887529134750366, "Epoch 631 Step 54": 2.891782522201538, "Epoch 631 Step 55": 2.8803069591522217, "Epoch 631 Step 56": 2.8812198638916016, "Epoch 631 Step 57": 2.877427101135254, "Epoch 631 Step 58": 2.887481451034546, "Epoch 631 Step 59": 2.873608350753784, "Epoch 631 Step 60": 2.88515567779541, "Epoch 631 Step 61": 2.8793110847473145, "Epoch 631 Step 62": 2.8829410076141357, "Epoch 631 Step 63": 2.884765386581421, "Epoch 631 Step 64": 2.87109375, "Epoch 631 Step 65": 2.884734869003296, "Epoch 631 Step 66": 2.8876841068267822, "Epoch 631 Step 67": 2.885755777359009, "Epoch 631 Step 68": 2.8893353939056396, "Epoch 631 Step 69": 2.884507894515991, "Epoch 631 Step 70": 2.872694492340088, "Epoch 631 Step 71": 2.8808350563049316, "Epoch 631 Step 72": 2.877176523208618, "Epoch 631 Step 73": 2.8826868534088135, "Epoch 631 Step 74": 2.8831124305725098, "Epoch 631 Step 75": 2.890561103820801, "Epoch 631 Step 76": 2.8849403858184814, "Epoch 631 Step 77": 2.885417938232422, "Epoch 631 Step 78": 2.8813939094543457, "Epoch 631 Step 79": 2.875544309616089, "Epoch 631 Step 80": 2.879891872406006, "Epoch 631 Step 81": 2.893620014190674, "Epoch 631 Step 82": 2.887385845184326, "Epoch 631 Step 83": 2.873717784881592, "Epoch 631 Step 84": 2.890223264694214, "Epoch 631 Step 85": 2.88203763961792, "Epoch 631 Step 86": 2.8753676414489746, "Epoch 631 Step 87": 2.8711841106414795, "Epoch 631 Step 88": 2.882413148880005, "Epoch 631 Step 89": 2.887967824935913}