{"Epoch 392 Step 0": 2.8783297538757324, "Epoch 392 Step 1": 2.887316942214966, "Epoch 392 Step 2": 2.874500274658203, "Epoch 392 Step 3": 2.8852508068084717, "Epoch 392 Step 4": 2.8791215419769287, "Epoch 392 Step 5": 2.8824591636657715, "Epoch 392 Step 6": 2.883939266204834, "Epoch 392 Step 7": 2.8714685440063477, "Epoch 392 Step 8": 2.8849363327026367, "Epoch 392 Step 9": 2.888284921646118, "Epoch 392 Step 10": 2.8856751918792725, "Epoch 392 Step 11": 2.8893864154815674, "Epoch 392 Step 12": 2.884218454360962, "Epoch 392 Step 13": 2.8725032806396484, "Epoch 392 Step 14": 2.881101369857788, "Epoch 392 Step 15": 2.8774476051330566, "Epoch 392 Step 16": 2.882967233657837, "Epoch 392 Step 17": 2.883610486984253, "Epoch 392 Step 18": 2.8905582427978516, "Epoch 392 Step 19": 2.8849198818206787, "Epoch 392 Step 20": 2.884049415588379, "Epoch 392 Step 21": 2.8811097145080566, "Epoch 392 Step 22": 2.8759260177612305, "Epoch 392 Step 23": 2.879755973815918, "Epoch 392 Step 24": 2.892951011657715, "Epoch 392 Step 25": 2.88773775100708, "Epoch 392 Step 26": 2.874232053756714, "Epoch 392 Step 27": 2.8902885913848877, "Epoch 392 Step 28": 2.8816990852355957, "Epoch 392 Step 29": 2.875816822052002, "Epoch 392 Step 30": 2.872826099395752, "Epoch 392 Step 31": 2.8820323944091797, "Epoch 392 Step 32": 2.8874900341033936, "Epoch 392 Step 33": 2.880990743637085, "Epoch 392 Step 34": 2.8789288997650146, "Epoch 392 Step 35": 2.878408908843994, "Epoch 392 Step 36": 2.87617826461792, "Epoch 392 Step 37": 2.88765549659729, "Epoch 392 Step 38": 2.8742105960845947, "Epoch 392 Step 39": 2.890657901763916, "Epoch 392 Step 40": 2.871535062789917, "Epoch 392 Step 41": 2.8745882511138916, "Epoch 392 Step 42": 2.879600763320923, "Epoch 392 Step 43": 2.8683159351348877, "Epoch 392 Step 44": 2.8868017196655273, "Epoch 392 Step 45": 2.881634473800659, "Epoch 392 Step 46": 2.886136054992676, "Epoch 392 Step 47": 2.8935065269470215, "Epoch 392 Step 48": 2.8859457969665527, "Epoch 392 Step 49": 2.87841796875, "Epoch 392 Step 50": 2.8844587802886963, "Epoch 392 Step 51": 2.894725799560547, "Epoch 392 Step 52": 2.8949012756347656, "Epoch 392 Step 53": 2.8943629264831543, "Epoch 392 Step 54": 2.887921094894409, "Epoch 392 Step 55": 2.8855981826782227, "Epoch 392 Step 56": 2.8825149536132812, "Epoch 392 Step 57": 2.90411114692688, "Epoch 392 Step 58": 2.900933265686035, "Epoch 392 Step 59": 2.899012565612793, "Epoch 392 Step 60": 2.8765041828155518, "Epoch 392 Step 61": 2.8890798091888428, "Epoch 392 Step 62": 2.8934643268585205, "Epoch 392 Step 63": 2.8759751319885254, "Epoch 392 Step 64": 2.8872275352478027, "Epoch 392 Step 65": 2.8868372440338135, "Epoch 392 Step 66": 2.8915598392486572, "Epoch 392 Step 67": 2.8961660861968994, "Epoch 392 Step 68": 2.8814845085144043, "Epoch 392 Step 69": 2.893319845199585, "Epoch 392 Step 70": 2.878722906112671, "Epoch 392 Step 71": 2.8844034671783447, "Epoch 392 Step 72": 2.8785085678100586, "Epoch 392 Step 73": 2.891002655029297, "Epoch 392 Step 74": 2.8778796195983887, "Epoch 392 Step 75": 2.882493257522583, "Epoch 392 Step 76": 2.8886635303497314, "Epoch 392 Step 77": 2.8733322620391846, "Epoch 392 Step 78": 2.871443271636963, "Epoch 392 Step 79": 2.871366500854492, "Epoch 392 Step 80": 2.888319492340088, "Epoch 392 Step 81": 2.8815853595733643, "Epoch 392 Step 82": 2.877352714538574, "Epoch 392 Step 83": 2.890084981918335, "Epoch 392 Step 84": 2.8944523334503174, "Epoch 392 Step 85": 2.8794848918914795, "Epoch 392 Step 86": 2.8765928745269775, "Epoch 392 Step 87": 2.8877274990081787, "Epoch 392 Step 88": 2.8909859657287598, "Epoch 392 Step 89": 2.8810133934020996}