{"Epoch 725 Step 0": 2.881862163543701, "Epoch 725 Step 1": 2.8875675201416016, "Epoch 725 Step 2": 2.8803648948669434, "Epoch 725 Step 3": 2.878896713256836, "Epoch 725 Step 4": 2.8786838054656982, "Epoch 725 Step 5": 2.8762588500976562, "Epoch 725 Step 6": 2.8880324363708496, "Epoch 725 Step 7": 2.874781370162964, "Epoch 725 Step 8": 2.8909053802490234, "Epoch 725 Step 9": 2.8716158866882324, "Epoch 725 Step 10": 2.8747639656066895, "Epoch 725 Step 11": 2.8795325756073, "Epoch 725 Step 12": 2.8682236671447754, "Epoch 725 Step 13": 2.8870251178741455, "Epoch 725 Step 14": 2.8814938068389893, "Epoch 725 Step 15": 2.886889934539795, "Epoch 725 Step 16": 2.8931477069854736, "Epoch 725 Step 17": 2.8863277435302734, "Epoch 725 Step 18": 2.8784842491149902, "Epoch 725 Step 19": 2.885141611099243, "Epoch 725 Step 20": 2.8956820964813232, "Epoch 725 Step 21": 2.8945415019989014, "Epoch 725 Step 22": 2.893512010574341, "Epoch 725 Step 23": 2.8877768516540527, "Epoch 725 Step 24": 2.8859481811523438, "Epoch 725 Step 25": 2.883533239364624, "Epoch 725 Step 26": 2.9048898220062256, "Epoch 725 Step 27": 2.900207281112671, "Epoch 725 Step 28": 2.8988895416259766, "Epoch 725 Step 29": 2.8753817081451416, "Epoch 725 Step 30": 2.8887319564819336, "Epoch 725 Step 31": 2.893153429031372, "Epoch 725 Step 32": 2.875706672668457, "Epoch 725 Step 33": 2.8867850303649902, "Epoch 725 Step 34": 2.8865809440612793, "Epoch 725 Step 35": 2.891221046447754, "Epoch 725 Step 36": 2.895925760269165, "Epoch 725 Step 37": 2.881774425506592, "Epoch 725 Step 38": 2.8931126594543457, "Epoch 725 Step 39": 2.878129482269287, "Epoch 725 Step 40": 2.8848843574523926, "Epoch 725 Step 41": 2.8780226707458496, "Epoch 725 Step 42": 2.8921446800231934, "Epoch 725 Step 43": 2.8782708644866943, "Epoch 725 Step 44": 2.882878065109253, "Epoch 725 Step 45": 2.888531446456909, "Epoch 725 Step 46": 2.8735511302948, "Epoch 725 Step 47": 2.8722078800201416, "Epoch 725 Step 48": 2.872546434402466, "Epoch 725 Step 49": 2.888493776321411, "Epoch 725 Step 50": 2.8819446563720703, "Epoch 725 Step 51": 2.8771631717681885, "Epoch 725 Step 52": 2.8899741172790527, "Epoch 725 Step 53": 2.895454168319702, "Epoch 725 Step 54": 2.880255937576294, "Epoch 725 Step 55": 2.8764045238494873, "Epoch 725 Step 56": 2.8877601623535156, "Epoch 725 Step 57": 2.891207218170166, "Epoch 725 Step 58": 2.8817105293273926, "Epoch 725 Step 59": 2.8829703330993652, "Epoch 725 Step 60": 2.8778481483459473, "Epoch 725 Step 61": 2.8875651359558105, "Epoch 725 Step 62": 2.8741908073425293, "Epoch 725 Step 63": 2.885371208190918, "Epoch 725 Step 64": 2.8789305686950684, "Epoch 725 Step 65": 2.88283371925354, "Epoch 725 Step 66": 2.88464093208313, "Epoch 725 Step 67": 2.871509552001953, "Epoch 725 Step 68": 2.8852744102478027, "Epoch 725 Step 69": 2.887585401535034, "Epoch 725 Step 70": 2.8856916427612305, "Epoch 725 Step 71": 2.889709711074829, "Epoch 725 Step 72": 2.8844783306121826, "Epoch 725 Step 73": 2.8722357749938965, "Epoch 725 Step 74": 2.8808376789093018, "Epoch 725 Step 75": 2.8767189979553223, "Epoch 725 Step 76": 2.8824567794799805, "Epoch 725 Step 77": 2.88327956199646, "Epoch 725 Step 78": 2.891551971435547, "Epoch 725 Step 79": 2.8848671913146973, "Epoch 725 Step 80": 2.8851020336151123, "Epoch 725 Step 81": 2.8811402320861816, "Epoch 725 Step 82": 2.876112699508667, "Epoch 725 Step 83": 2.8789632320404053, "Epoch 725 Step 84": 2.893855333328247, "Epoch 725 Step 85": 2.888193368911743, "Epoch 725 Step 86": 2.87412166595459, "Epoch 725 Step 87": 2.8909413814544678, "Epoch 725 Step 88": 2.8817355632781982, "Epoch 725 Step 89": 2.875868082046509}