{"Epoch 247 Step 0": 2.896101951599121, "Epoch 247 Step 1": 2.8818764686584473, "Epoch 247 Step 2": 2.8918938636779785, "Epoch 247 Step 3": 2.8786704540252686, "Epoch 247 Step 4": 2.8856201171875, "Epoch 247 Step 5": 2.877458333969116, "Epoch 247 Step 6": 2.8913586139678955, "Epoch 247 Step 7": 2.8773980140686035, "Epoch 247 Step 8": 2.882197141647339, "Epoch 247 Step 9": 2.8884148597717285, "Epoch 247 Step 10": 2.872541904449463, "Epoch 247 Step 11": 2.8718109130859375, "Epoch 247 Step 12": 2.872432231903076, "Epoch 247 Step 13": 2.886897325515747, "Epoch 247 Step 14": 2.882737636566162, "Epoch 247 Step 15": 2.8773791790008545, "Epoch 247 Step 16": 2.8889217376708984, "Epoch 247 Step 17": 2.8950209617614746, "Epoch 247 Step 18": 2.8798069953918457, "Epoch 247 Step 19": 2.8758914470672607, "Epoch 247 Step 20": 2.8868136405944824, "Epoch 247 Step 21": 2.8908801078796387, "Epoch 247 Step 22": 2.880694627761841, "Epoch 247 Step 23": 2.8808741569519043, "Epoch 247 Step 24": 2.876819372177124, "Epoch 247 Step 25": 2.8875534534454346, "Epoch 247 Step 26": 2.873584508895874, "Epoch 247 Step 27": 2.884695291519165, "Epoch 247 Step 28": 2.879185199737549, "Epoch 247 Step 29": 2.8822312355041504, "Epoch 247 Step 30": 2.884376049041748, "Epoch 247 Step 31": 2.870882272720337, "Epoch 247 Step 32": 2.884033203125, "Epoch 247 Step 33": 2.886582136154175, "Epoch 247 Step 34": 2.8846356868743896, "Epoch 247 Step 35": 2.889192819595337, "Epoch 247 Step 36": 2.884221076965332, "Epoch 247 Step 37": 2.8720428943634033, "Epoch 247 Step 38": 2.879983425140381, "Epoch 247 Step 39": 2.8768253326416016, "Epoch 247 Step 40": 2.882894992828369, "Epoch 247 Step 41": 2.88163423538208, "Epoch 247 Step 42": 2.8904337882995605, "Epoch 247 Step 43": 2.884753704071045, "Epoch 247 Step 44": 2.885319948196411, "Epoch 247 Step 45": 2.8815553188323975, "Epoch 247 Step 46": 2.8743155002593994, "Epoch 247 Step 47": 2.8788909912109375, "Epoch 247 Step 48": 2.893082857131958, "Epoch 247 Step 49": 2.88791561126709, "Epoch 247 Step 50": 2.873377799987793, "Epoch 247 Step 51": 2.8905251026153564, "Epoch 247 Step 52": 2.881495237350464, "Epoch 247 Step 53": 2.8754827976226807, "Epoch 247 Step 54": 2.872838020324707, "Epoch 247 Step 55": 2.8811235427856445, "Epoch 247 Step 56": 2.886837959289551, "Epoch 247 Step 57": 2.8796656131744385, "Epoch 247 Step 58": 2.878425121307373, "Epoch 247 Step 59": 2.878265380859375, "Epoch 247 Step 60": 2.8765604496002197, "Epoch 247 Step 61": 2.888176679611206, "Epoch 247 Step 62": 2.873826742172241, "Epoch 247 Step 63": 2.890284776687622, "Epoch 247 Step 64": 2.8706214427948, "Epoch 247 Step 65": 2.8739302158355713, "Epoch 247 Step 66": 2.878828287124634, "Epoch 247 Step 67": 2.867083787918091, "Epoch 247 Step 68": 2.886777877807617, "Epoch 247 Step 69": 2.881037473678589, "Epoch 247 Step 70": 2.8861396312713623, "Epoch 247 Step 71": 2.891794443130493, "Epoch 247 Step 72": 2.8857905864715576, "Epoch 247 Step 73": 2.8783583641052246, "Epoch 247 Step 74": 2.884324550628662, "Epoch 247 Step 75": 2.894885778427124, "Epoch 247 Step 76": 2.895219326019287, "Epoch 247 Step 77": 2.8931596279144287, "Epoch 247 Step 78": 2.887829303741455, "Epoch 247 Step 79": 2.885561943054199, "Epoch 247 Step 80": 2.8830440044403076, "Epoch 247 Step 81": 2.9045703411102295, "Epoch 247 Step 82": 2.8999576568603516, "Epoch 247 Step 83": 2.898638963699341, "Epoch 247 Step 84": 2.874422311782837, "Epoch 247 Step 85": 2.8883979320526123, "Epoch 247 Step 86": 2.892944812774658, "Epoch 247 Step 87": 2.8752660751342773, "Epoch 247 Step 88": 2.886542558670044, "Epoch 247 Step 89": 2.8865694999694824}