{"Epoch 648 Step 0": 2.8832099437713623, "Epoch 648 Step 1": 2.8904318809509277, "Epoch 648 Step 2": 2.885068893432617, "Epoch 648 Step 3": 2.8851234912872314, "Epoch 648 Step 4": 2.88142466545105, "Epoch 648 Step 5": 2.8755390644073486, "Epoch 648 Step 6": 2.8793745040893555, "Epoch 648 Step 7": 2.8939151763916016, "Epoch 648 Step 8": 2.8878583908081055, "Epoch 648 Step 9": 2.873845100402832, "Epoch 648 Step 10": 2.8907880783081055, "Epoch 648 Step 11": 2.882277011871338, "Epoch 648 Step 12": 2.8758254051208496, "Epoch 648 Step 13": 2.8730616569519043, "Epoch 648 Step 14": 2.8818156719207764, "Epoch 648 Step 15": 2.887927532196045, "Epoch 648 Step 16": 2.8803603649139404, "Epoch 648 Step 17": 2.8785336017608643, "Epoch 648 Step 18": 2.878425359725952, "Epoch 648 Step 19": 2.8765645027160645, "Epoch 648 Step 20": 2.887777805328369, "Epoch 648 Step 21": 2.874453067779541, "Epoch 648 Step 22": 2.891308546066284, "Epoch 648 Step 23": 2.8712263107299805, "Epoch 648 Step 24": 2.8746235370635986, "Epoch 648 Step 25": 2.879606246948242, "Epoch 648 Step 26": 2.8682634830474854, "Epoch 648 Step 27": 2.887007713317871, "Epoch 648 Step 28": 2.8814268112182617, "Epoch 648 Step 29": 2.8869903087615967, "Epoch 648 Step 30": 2.8931431770324707, "Epoch 648 Step 31": 2.886061429977417, "Epoch 648 Step 32": 2.878291368484497, "Epoch 648 Step 33": 2.8851215839385986, "Epoch 648 Step 34": 2.8957760334014893, "Epoch 648 Step 35": 2.8943684101104736, "Epoch 648 Step 36": 2.8932297229766846, "Epoch 648 Step 37": 2.8880388736724854, "Epoch 648 Step 38": 2.8863632678985596, "Epoch 648 Step 39": 2.883122682571411, "Epoch 648 Step 40": 2.904921293258667, "Epoch 648 Step 41": 2.9003889560699463, "Epoch 648 Step 42": 2.9000747203826904, "Epoch 648 Step 43": 2.876023530960083, "Epoch 648 Step 44": 2.8885951042175293, "Epoch 648 Step 45": 2.8933098316192627, "Epoch 648 Step 46": 2.875244379043579, "Epoch 648 Step 47": 2.8861286640167236, "Epoch 648 Step 48": 2.8867831230163574, "Epoch 648 Step 49": 2.891613721847534, "Epoch 648 Step 50": 2.895552396774292, "Epoch 648 Step 51": 2.881744384765625, "Epoch 648 Step 52": 2.8941104412078857, "Epoch 648 Step 53": 2.8782458305358887, "Epoch 648 Step 54": 2.884596347808838, "Epoch 648 Step 55": 2.8781046867370605, "Epoch 648 Step 56": 2.8919425010681152, "Epoch 648 Step 57": 2.8782119750976562, "Epoch 648 Step 58": 2.8831429481506348, "Epoch 648 Step 59": 2.888467788696289, "Epoch 648 Step 60": 2.873272657394409, "Epoch 648 Step 61": 2.8717329502105713, "Epoch 648 Step 62": 2.8723464012145996, "Epoch 648 Step 63": 2.888590097427368, "Epoch 648 Step 64": 2.88265061378479, "Epoch 648 Step 65": 2.8773393630981445, "Epoch 648 Step 66": 2.8905792236328125, "Epoch 648 Step 67": 2.895174503326416, "Epoch 648 Step 68": 2.880354404449463, "Epoch 648 Step 69": 2.875828266143799, "Epoch 648 Step 70": 2.8882267475128174, "Epoch 648 Step 71": 2.8915345668792725, "Epoch 648 Step 72": 2.8809053897857666, "Epoch 648 Step 73": 2.8818819522857666, "Epoch 648 Step 74": 2.877633571624756, "Epoch 648 Step 75": 2.8874316215515137, "Epoch 648 Step 76": 2.8737540245056152, "Epoch 648 Step 77": 2.8854095935821533, "Epoch 648 Step 78": 2.879352331161499, "Epoch 648 Step 79": 2.883601427078247, "Epoch 648 Step 80": 2.885438919067383, "Epoch 648 Step 81": 2.8712079524993896, "Epoch 648 Step 82": 2.885441541671753, "Epoch 648 Step 83": 2.8878939151763916, "Epoch 648 Step 84": 2.8863327503204346, "Epoch 648 Step 85": 2.889630079269409, "Epoch 648 Step 86": 2.884519338607788, "Epoch 648 Step 87": 2.8721847534179688, "Epoch 648 Step 88": 2.881101131439209, "Epoch 648 Step 89": 2.8775742053985596}