{"Epoch 630 Step 0": 2.8784213066101074, "Epoch 630 Step 1": 2.8760459423065186, "Epoch 630 Step 2": 2.8873045444488525, "Epoch 630 Step 3": 2.873958110809326, "Epoch 630 Step 4": 2.891589879989624, "Epoch 630 Step 5": 2.871464252471924, "Epoch 630 Step 6": 2.8743550777435303, "Epoch 630 Step 7": 2.879744052886963, "Epoch 630 Step 8": 2.8680741786956787, "Epoch 630 Step 9": 2.8861284255981445, "Epoch 630 Step 10": 2.8811590671539307, "Epoch 630 Step 11": 2.886953115463257, "Epoch 630 Step 12": 2.8931899070739746, "Epoch 630 Step 13": 2.88604998588562, "Epoch 630 Step 14": 2.877992868423462, "Epoch 630 Step 15": 2.8846099376678467, "Epoch 630 Step 16": 2.895111322402954, "Epoch 630 Step 17": 2.8947246074676514, "Epoch 630 Step 18": 2.8934028148651123, "Epoch 630 Step 19": 2.887680768966675, "Epoch 630 Step 20": 2.8862674236297607, "Epoch 630 Step 21": 2.8838579654693604, "Epoch 630 Step 22": 2.9052982330322266, "Epoch 630 Step 23": 2.9011073112487793, "Epoch 630 Step 24": 2.8966386318206787, "Epoch 630 Step 25": 2.8763701915740967, "Epoch 630 Step 26": 2.8892109394073486, "Epoch 630 Step 27": 2.8929057121276855, "Epoch 630 Step 28": 2.8752431869506836, "Epoch 630 Step 29": 2.8862740993499756, "Epoch 630 Step 30": 2.8872859477996826, "Epoch 630 Step 31": 2.8918774127960205, "Epoch 630 Step 32": 2.896450996398926, "Epoch 630 Step 33": 2.881824493408203, "Epoch 630 Step 34": 2.89231276512146, "Epoch 630 Step 35": 2.878629207611084, "Epoch 630 Step 36": 2.885671377182007, "Epoch 630 Step 37": 2.878026247024536, "Epoch 630 Step 38": 2.8928353786468506, "Epoch 630 Step 39": 2.878200054168701, "Epoch 630 Step 40": 2.8828463554382324, "Epoch 630 Step 41": 2.888233184814453, "Epoch 630 Step 42": 2.873042583465576, "Epoch 630 Step 43": 2.871542453765869, "Epoch 630 Step 44": 2.87217378616333, "Epoch 630 Step 45": 2.8881399631500244, "Epoch 630 Step 46": 2.8820488452911377, "Epoch 630 Step 47": 2.877612829208374, "Epoch 630 Step 48": 2.889065742492676, "Epoch 630 Step 49": 2.89559268951416, "Epoch 630 Step 50": 2.8807907104492188, "Epoch 630 Step 51": 2.875746965408325, "Epoch 630 Step 52": 2.887704372406006, "Epoch 630 Step 53": 2.8920416831970215, "Epoch 630 Step 54": 2.881638288497925, "Epoch 630 Step 55": 2.882152557373047, "Epoch 630 Step 56": 2.877814769744873, "Epoch 630 Step 57": 2.88761568069458, "Epoch 630 Step 58": 2.873701572418213, "Epoch 630 Step 59": 2.8854568004608154, "Epoch 630 Step 60": 2.8798680305480957, "Epoch 630 Step 61": 2.883162260055542, "Epoch 630 Step 62": 2.8848092555999756, "Epoch 630 Step 63": 2.870851755142212, "Epoch 630 Step 64": 2.884801149368286, "Epoch 630 Step 65": 2.8880629539489746, "Epoch 630 Step 66": 2.8856358528137207, "Epoch 630 Step 67": 2.8900516033172607, "Epoch 630 Step 68": 2.884735345840454, "Epoch 630 Step 69": 2.8725643157958984, "Epoch 630 Step 70": 2.880336284637451, "Epoch 630 Step 71": 2.87687087059021, "Epoch 630 Step 72": 2.8829505443573, "Epoch 630 Step 73": 2.8827311992645264, "Epoch 630 Step 74": 2.8902359008789062, "Epoch 630 Step 75": 2.8850743770599365, "Epoch 630 Step 76": 2.8853397369384766, "Epoch 630 Step 77": 2.8814167976379395, "Epoch 630 Step 78": 2.8758857250213623, "Epoch 630 Step 79": 2.8788602352142334, "Epoch 630 Step 80": 2.8937814235687256, "Epoch 630 Step 81": 2.8877384662628174, "Epoch 630 Step 82": 2.873767137527466, "Epoch 630 Step 83": 2.8906500339508057, "Epoch 630 Step 84": 2.881956100463867, "Epoch 630 Step 85": 2.8761849403381348, "Epoch 630 Step 86": 2.8725552558898926, "Epoch 630 Step 87": 2.88167405128479, "Epoch 630 Step 88": 2.8872547149658203, "Epoch 630 Step 89": 2.8796701431274414}