{"Epoch 543 Step 0": 2.881462574005127, "Epoch 543 Step 1": 2.8874549865722656, "Epoch 543 Step 2": 2.880458354949951, "Epoch 543 Step 3": 2.8791439533233643, "Epoch 543 Step 4": 2.8783633708953857, "Epoch 543 Step 5": 2.87610125541687, "Epoch 543 Step 6": 2.887789011001587, "Epoch 543 Step 7": 2.8748486042022705, "Epoch 543 Step 8": 2.8912134170532227, "Epoch 543 Step 9": 2.8715500831604004, "Epoch 543 Step 10": 2.8745155334472656, "Epoch 543 Step 11": 2.8799378871917725, "Epoch 543 Step 12": 2.8679685592651367, "Epoch 543 Step 13": 2.8867435455322266, "Epoch 543 Step 14": 2.8813910484313965, "Epoch 543 Step 15": 2.886904716491699, "Epoch 543 Step 16": 2.8929946422576904, "Epoch 543 Step 17": 2.8860414028167725, "Epoch 543 Step 18": 2.8787903785705566, "Epoch 543 Step 19": 2.885451316833496, "Epoch 543 Step 20": 2.89566707611084, "Epoch 543 Step 21": 2.8947012424468994, "Epoch 543 Step 22": 2.893608331680298, "Epoch 543 Step 23": 2.8875010013580322, "Epoch 543 Step 24": 2.885638952255249, "Epoch 543 Step 25": 2.884060859680176, "Epoch 543 Step 26": 2.9053633213043213, "Epoch 543 Step 27": 2.899538516998291, "Epoch 543 Step 28": 2.8970284461975098, "Epoch 543 Step 29": 2.8763504028320312, "Epoch 543 Step 30": 2.889488458633423, "Epoch 543 Step 31": 2.8933112621307373, "Epoch 543 Step 32": 2.874823570251465, "Epoch 543 Step 33": 2.8865833282470703, "Epoch 543 Step 34": 2.8869054317474365, "Epoch 543 Step 35": 2.892098903656006, "Epoch 543 Step 36": 2.895578145980835, "Epoch 543 Step 37": 2.881680727005005, "Epoch 543 Step 38": 2.89373517036438, "Epoch 543 Step 39": 2.8782827854156494, "Epoch 543 Step 40": 2.884363889694214, "Epoch 543 Step 41": 2.878214120864868, "Epoch 543 Step 42": 2.8913938999176025, "Epoch 543 Step 43": 2.878206253051758, "Epoch 543 Step 44": 2.88307523727417, "Epoch 543 Step 45": 2.8883984088897705, "Epoch 543 Step 46": 2.873215436935425, "Epoch 543 Step 47": 2.871878147125244, "Epoch 543 Step 48": 2.8721821308135986, "Epoch 543 Step 49": 2.8882315158843994, "Epoch 543 Step 50": 2.8819198608398438, "Epoch 543 Step 51": 2.87778902053833, "Epoch 543 Step 52": 2.889976739883423, "Epoch 543 Step 53": 2.895601749420166, "Epoch 543 Step 54": 2.880450487136841, "Epoch 543 Step 55": 2.876102924346924, "Epoch 543 Step 56": 2.887486696243286, "Epoch 543 Step 57": 2.8918113708496094, "Epoch 543 Step 58": 2.880688190460205, "Epoch 543 Step 59": 2.8820621967315674, "Epoch 543 Step 60": 2.8778793811798096, "Epoch 543 Step 61": 2.8874199390411377, "Epoch 543 Step 62": 2.8736088275909424, "Epoch 543 Step 63": 2.8853037357330322, "Epoch 543 Step 64": 2.8796544075012207, "Epoch 543 Step 65": 2.883298397064209, "Epoch 543 Step 66": 2.8849799633026123, "Epoch 543 Step 67": 2.8709771633148193, "Epoch 543 Step 68": 2.885143756866455, "Epoch 543 Step 69": 2.887768507003784, "Epoch 543 Step 70": 2.8858954906463623, "Epoch 543 Step 71": 2.889483690261841, "Epoch 543 Step 72": 2.884767770767212, "Epoch 543 Step 73": 2.8722083568573, "Epoch 543 Step 74": 2.881215810775757, "Epoch 543 Step 75": 2.8772976398468018, "Epoch 543 Step 76": 2.882904052734375, "Epoch 543 Step 77": 2.8832616806030273, "Epoch 543 Step 78": 2.890362501144409, "Epoch 543 Step 79": 2.884951114654541, "Epoch 543 Step 80": 2.8848037719726562, "Epoch 543 Step 81": 2.881873846054077, "Epoch 543 Step 82": 2.876189947128296, "Epoch 543 Step 83": 2.879998207092285, "Epoch 543 Step 84": 2.893799304962158, "Epoch 543 Step 85": 2.8878018856048584, "Epoch 543 Step 86": 2.873953104019165, "Epoch 543 Step 87": 2.890314817428589, "Epoch 543 Step 88": 2.882354736328125, "Epoch 543 Step 89": 2.875227928161621}