{"Epoch 82 Step 0": 2.881615400314331, "Epoch 82 Step 1": 2.8930253982543945, "Epoch 82 Step 2": 2.8934764862060547, "Epoch 82 Step 3": 2.891667604446411, "Epoch 82 Step 4": 2.8871073722839355, "Epoch 82 Step 5": 2.8842389583587646, "Epoch 82 Step 6": 2.880311965942383, "Epoch 82 Step 7": 2.9017200469970703, "Epoch 82 Step 8": 2.8959484100341797, "Epoch 82 Step 9": 2.894263982772827, "Epoch 82 Step 10": 2.8746519088745117, "Epoch 82 Step 11": 2.8887321949005127, "Epoch 82 Step 12": 2.890908718109131, "Epoch 82 Step 13": 2.87367844581604, "Epoch 82 Step 14": 2.884695053100586, "Epoch 82 Step 15": 2.885815143585205, "Epoch 82 Step 16": 2.8901169300079346, "Epoch 82 Step 17": 2.894690990447998, "Epoch 82 Step 18": 2.880220413208008, "Epoch 82 Step 19": 2.891887664794922, "Epoch 82 Step 20": 2.8768835067749023, "Epoch 82 Step 21": 2.884086847305298, "Epoch 82 Step 22": 2.8761157989501953, "Epoch 82 Step 23": 2.890321731567383, "Epoch 82 Step 24": 2.8749542236328125, "Epoch 82 Step 25": 2.8811376094818115, "Epoch 82 Step 26": 2.8873870372772217, "Epoch 82 Step 27": 2.871351480484009, "Epoch 82 Step 28": 2.8702287673950195, "Epoch 82 Step 29": 2.869563341140747, "Epoch 82 Step 30": 2.886141300201416, "Epoch 82 Step 31": 2.879943609237671, "Epoch 82 Step 32": 2.8752706050872803, "Epoch 82 Step 33": 2.8901243209838867, "Epoch 82 Step 34": 2.8938732147216797, "Epoch 82 Step 35": 2.87819504737854, "Epoch 82 Step 36": 2.8749725818634033, "Epoch 82 Step 37": 2.886289119720459, "Epoch 82 Step 38": 2.8902201652526855, "Epoch 82 Step 39": 2.8801355361938477, "Epoch 82 Step 40": 2.88010311126709, "Epoch 82 Step 41": 2.876554489135742, "Epoch 82 Step 42": 2.885847806930542, "Epoch 82 Step 43": 2.8710825443267822, "Epoch 82 Step 44": 2.883302927017212, "Epoch 82 Step 45": 2.877474784851074, "Epoch 82 Step 46": 2.8821310997009277, "Epoch 82 Step 47": 2.883345365524292, "Epoch 82 Step 48": 2.8677523136138916, "Epoch 82 Step 49": 2.882694959640503, "Epoch 82 Step 50": 2.884739398956299, "Epoch 82 Step 51": 2.8830933570861816, "Epoch 82 Step 52": 2.8875977993011475, "Epoch 82 Step 53": 2.8822319507598877, "Epoch 82 Step 54": 2.870736598968506, "Epoch 82 Step 55": 2.878361940383911, "Epoch 82 Step 56": 2.875565528869629, "Epoch 82 Step 57": 2.8832592964172363, "Epoch 82 Step 58": 2.8787455558776855, "Epoch 82 Step 59": 2.887830972671509, "Epoch 82 Step 60": 2.883392095565796, "Epoch 82 Step 61": 2.883728504180908, "Epoch 82 Step 62": 2.880122661590576, "Epoch 82 Step 63": 2.8741612434387207, "Epoch 82 Step 64": 2.877591848373413, "Epoch 82 Step 65": 2.8911030292510986, "Epoch 82 Step 66": 2.8865034580230713, "Epoch 82 Step 67": 2.872502088546753, "Epoch 82 Step 68": 2.8882291316986084, "Epoch 82 Step 69": 2.881239414215088, "Epoch 82 Step 70": 2.8737010955810547, "Epoch 82 Step 71": 2.869382381439209, "Epoch 82 Step 72": 2.8803253173828125, "Epoch 82 Step 73": 2.8862805366516113, "Epoch 82 Step 74": 2.8778717517852783, "Epoch 82 Step 75": 2.8770978450775146, "Epoch 82 Step 76": 2.877526044845581, "Epoch 82 Step 77": 2.874476194381714, "Epoch 82 Step 78": 2.8844594955444336, "Epoch 82 Step 79": 2.8708648681640625, "Epoch 82 Step 80": 2.888875722885132, "Epoch 82 Step 81": 2.8701553344726562, "Epoch 82 Step 82": 2.8720295429229736, "Epoch 82 Step 83": 2.8775453567504883, "Epoch 82 Step 84": 2.8666765689849854, "Epoch 82 Step 85": 2.8844189643859863, "Epoch 82 Step 86": 2.8802859783172607, "Epoch 82 Step 87": 2.8833377361297607, "Epoch 82 Step 88": 2.8904192447662354, "Epoch 82 Step 89": 2.8848702907562256}