{"Epoch 823 Step 0": 2.8936822414398193, "Epoch 823 Step 1": 2.8878819942474365, "Epoch 823 Step 2": 2.8742339611053467, "Epoch 823 Step 3": 2.8907148838043213, "Epoch 823 Step 4": 2.881800889968872, "Epoch 823 Step 5": 2.8760366439819336, "Epoch 823 Step 6": 2.8727519512176514, "Epoch 823 Step 7": 2.882504940032959, "Epoch 823 Step 8": 2.887709140777588, "Epoch 823 Step 9": 2.880894899368286, "Epoch 823 Step 10": 2.879167079925537, "Epoch 823 Step 11": 2.878816843032837, "Epoch 823 Step 12": 2.87758469581604, "Epoch 823 Step 13": 2.8896212577819824, "Epoch 823 Step 14": 2.8752834796905518, "Epoch 823 Step 15": 2.8908727169036865, "Epoch 823 Step 16": 2.8713176250457764, "Epoch 823 Step 17": 2.874586343765259, "Epoch 823 Step 18": 2.879425525665283, "Epoch 823 Step 19": 2.8681159019470215, "Epoch 823 Step 20": 2.887687921524048, "Epoch 823 Step 21": 2.881786823272705, "Epoch 823 Step 22": 2.8869967460632324, "Epoch 823 Step 23": 2.893022060394287, "Epoch 823 Step 24": 2.8862698078155518, "Epoch 823 Step 25": 2.8789255619049072, "Epoch 823 Step 26": 2.884620428085327, "Epoch 823 Step 27": 2.8953144550323486, "Epoch 823 Step 28": 2.894637107849121, "Epoch 823 Step 29": 2.8939902782440186, "Epoch 823 Step 30": 2.8880980014801025, "Epoch 823 Step 31": 2.8857619762420654, "Epoch 823 Step 32": 2.879840850830078, "Epoch 823 Step 33": 2.9037983417510986, "Epoch 823 Step 34": 2.8995585441589355, "Epoch 823 Step 35": 2.9003548622131348, "Epoch 823 Step 36": 2.8750643730163574, "Epoch 823 Step 37": 2.8872783184051514, "Epoch 823 Step 38": 2.89095139503479, "Epoch 823 Step 39": 2.8749241828918457, "Epoch 823 Step 40": 2.8864524364471436, "Epoch 823 Step 41": 2.8868629932403564, "Epoch 823 Step 42": 2.891371965408325, "Epoch 823 Step 43": 2.8952600955963135, "Epoch 823 Step 44": 2.881164789199829, "Epoch 823 Step 45": 2.8925740718841553, "Epoch 823 Step 46": 2.8779969215393066, "Epoch 823 Step 47": 2.8850972652435303, "Epoch 823 Step 48": 2.8788058757781982, "Epoch 823 Step 49": 2.8902461528778076, "Epoch 823 Step 50": 2.878370761871338, "Epoch 823 Step 51": 2.883331775665283, "Epoch 823 Step 52": 2.8883841037750244, "Epoch 823 Step 53": 2.873993396759033, "Epoch 823 Step 54": 2.8726580142974854, "Epoch 823 Step 55": 2.872271776199341, "Epoch 823 Step 56": 2.8885467052459717, "Epoch 823 Step 57": 2.8823306560516357, "Epoch 823 Step 58": 2.8773691654205322, "Epoch 823 Step 59": 2.8894057273864746, "Epoch 823 Step 60": 2.8949930667877197, "Epoch 823 Step 61": 2.8803486824035645, "Epoch 823 Step 62": 2.8765347003936768, "Epoch 823 Step 63": 2.8880884647369385, "Epoch 823 Step 64": 2.89176607131958, "Epoch 823 Step 65": 2.8810133934020996, "Epoch 823 Step 66": 2.881916046142578, "Epoch 823 Step 67": 2.8776516914367676, "Epoch 823 Step 68": 2.888025999069214, "Epoch 823 Step 69": 2.8737404346466064, "Epoch 823 Step 70": 2.885449171066284, "Epoch 823 Step 71": 2.8792238235473633, "Epoch 823 Step 72": 2.8826467990875244, "Epoch 823 Step 73": 2.8845648765563965, "Epoch 823 Step 74": 2.871381998062134, "Epoch 823 Step 75": 2.8852498531341553, "Epoch 823 Step 76": 2.8876352310180664, "Epoch 823 Step 77": 2.8859972953796387, "Epoch 823 Step 78": 2.890118360519409, "Epoch 823 Step 79": 2.8847274780273438, "Epoch 823 Step 80": 2.872230052947998, "Epoch 823 Step 81": 2.8810646533966064, "Epoch 823 Step 82": 2.8765056133270264, "Epoch 823 Step 83": 2.882187843322754, "Epoch 823 Step 84": 2.8835065364837646, "Epoch 823 Step 85": 2.8912813663482666, "Epoch 823 Step 86": 2.8850786685943604, "Epoch 823 Step 87": 2.8853001594543457, "Epoch 823 Step 88": 2.881591796875, "Epoch 823 Step 89": 2.875715970993042}