{"Epoch 700 Step 0": 2.8848793506622314, "Epoch 700 Step 1": 2.9049887657165527, "Epoch 700 Step 2": 2.899319887161255, "Epoch 700 Step 3": 2.899412155151367, "Epoch 700 Step 4": 2.876783609390259, "Epoch 700 Step 5": 2.891101360321045, "Epoch 700 Step 6": 2.8940980434417725, "Epoch 700 Step 7": 2.875335454940796, "Epoch 700 Step 8": 2.8866283893585205, "Epoch 700 Step 9": 2.8867671489715576, "Epoch 700 Step 10": 2.89155912399292, "Epoch 700 Step 11": 2.895052433013916, "Epoch 700 Step 12": 2.8804945945739746, "Epoch 700 Step 13": 2.891526222229004, "Epoch 700 Step 14": 2.878021240234375, "Epoch 700 Step 15": 2.8851406574249268, "Epoch 700 Step 16": 2.877664089202881, "Epoch 700 Step 17": 2.891418695449829, "Epoch 700 Step 18": 2.877735137939453, "Epoch 700 Step 19": 2.883300304412842, "Epoch 700 Step 20": 2.8892061710357666, "Epoch 700 Step 21": 2.873560667037964, "Epoch 700 Step 22": 2.8722848892211914, "Epoch 700 Step 23": 2.8726210594177246, "Epoch 700 Step 24": 2.889099359512329, "Epoch 700 Step 25": 2.882512331008911, "Epoch 700 Step 26": 2.8772027492523193, "Epoch 700 Step 27": 2.889177083969116, "Epoch 700 Step 28": 2.894880533218384, "Epoch 700 Step 29": 2.8810372352600098, "Epoch 700 Step 30": 2.876715898513794, "Epoch 700 Step 31": 2.8869516849517822, "Epoch 700 Step 32": 2.8918099403381348, "Epoch 700 Step 33": 2.8804404735565186, "Epoch 700 Step 34": 2.8822247982025146, "Epoch 700 Step 35": 2.8782503604888916, "Epoch 700 Step 36": 2.888213872909546, "Epoch 700 Step 37": 2.8733468055725098, "Epoch 700 Step 38": 2.8854403495788574, "Epoch 700 Step 39": 2.8795673847198486, "Epoch 700 Step 40": 2.882939577102661, "Epoch 700 Step 41": 2.885037660598755, "Epoch 700 Step 42": 2.871669292449951, "Epoch 700 Step 43": 2.8858695030212402, "Epoch 700 Step 44": 2.887650966644287, "Epoch 700 Step 45": 2.88572096824646, "Epoch 700 Step 46": 2.8900482654571533, "Epoch 700 Step 47": 2.8845319747924805, "Epoch 700 Step 48": 2.872455358505249, "Epoch 700 Step 49": 2.8809921741485596, "Epoch 700 Step 50": 2.876934766769409, "Epoch 700 Step 51": 2.8825550079345703, "Epoch 700 Step 52": 2.8832743167877197, "Epoch 700 Step 53": 2.8906521797180176, "Epoch 700 Step 54": 2.885101318359375, "Epoch 700 Step 55": 2.885499954223633, "Epoch 700 Step 56": 2.8813116550445557, "Epoch 700 Step 57": 2.8759512901306152, "Epoch 700 Step 58": 2.879563808441162, "Epoch 700 Step 59": 2.893948554992676, "Epoch 700 Step 60": 2.8881237506866455, "Epoch 700 Step 61": 2.8742034435272217, "Epoch 700 Step 62": 2.890976667404175, "Epoch 700 Step 63": 2.882075309753418, "Epoch 700 Step 64": 2.8761913776397705, "Epoch 700 Step 65": 2.8726248741149902, "Epoch 700 Step 66": 2.8821868896484375, "Epoch 700 Step 67": 2.8877930641174316, "Epoch 700 Step 68": 2.8803975582122803, "Epoch 700 Step 69": 2.8789479732513428, "Epoch 700 Step 70": 2.8784403800964355, "Epoch 700 Step 71": 2.877401113510132, "Epoch 700 Step 72": 2.8886358737945557, "Epoch 700 Step 73": 2.875046730041504, "Epoch 700 Step 74": 2.8907296657562256, "Epoch 700 Step 75": 2.8712992668151855, "Epoch 700 Step 76": 2.8748555183410645, "Epoch 700 Step 77": 2.8798651695251465, "Epoch 700 Step 78": 2.8684475421905518, "Epoch 700 Step 79": 2.887075185775757, "Epoch 700 Step 80": 2.881634473800659, "Epoch 700 Step 81": 2.8871099948883057, "Epoch 700 Step 82": 2.893535614013672, "Epoch 700 Step 83": 2.8867313861846924, "Epoch 700 Step 84": 2.8782174587249756, "Epoch 700 Step 85": 2.8849549293518066, "Epoch 700 Step 86": 2.895470380783081, "Epoch 700 Step 87": 2.8943958282470703, "Epoch 700 Step 88": 2.8937740325927734, "Epoch 700 Step 89": 2.8879809379577637}