{"Epoch 821 Step 0": 2.8745436668395996, "Epoch 821 Step 1": 2.89080810546875, "Epoch 821 Step 2": 2.8820250034332275, "Epoch 821 Step 3": 2.876255512237549, "Epoch 821 Step 4": 2.8733227252960205, "Epoch 821 Step 5": 2.882006883621216, "Epoch 821 Step 6": 2.8881866931915283, "Epoch 821 Step 7": 2.8805205821990967, "Epoch 821 Step 8": 2.8784334659576416, "Epoch 821 Step 9": 2.8785924911499023, "Epoch 821 Step 10": 2.8767030239105225, "Epoch 821 Step 11": 2.887773036956787, "Epoch 821 Step 12": 2.8756489753723145, "Epoch 821 Step 13": 2.891697645187378, "Epoch 821 Step 14": 2.87178111076355, "Epoch 821 Step 15": 2.8758137226104736, "Epoch 821 Step 16": 2.8807215690612793, "Epoch 821 Step 17": 2.868969440460205, "Epoch 821 Step 18": 2.886946678161621, "Epoch 821 Step 19": 2.881747007369995, "Epoch 821 Step 20": 2.887179374694824, "Epoch 821 Step 21": 2.893821954727173, "Epoch 821 Step 22": 2.886326789855957, "Epoch 821 Step 23": 2.8784444332122803, "Epoch 821 Step 24": 2.8851356506347656, "Epoch 821 Step 25": 2.8953192234039307, "Epoch 821 Step 26": 2.894782543182373, "Epoch 821 Step 27": 2.893742561340332, "Epoch 821 Step 28": 2.8887975215911865, "Epoch 821 Step 29": 2.885694980621338, "Epoch 821 Step 30": 2.881958246231079, "Epoch 821 Step 31": 2.904047727584839, "Epoch 821 Step 32": 2.9000396728515625, "Epoch 821 Step 33": 2.8985700607299805, "Epoch 821 Step 34": 2.876085042953491, "Epoch 821 Step 35": 2.8897154331207275, "Epoch 821 Step 36": 2.893139362335205, "Epoch 821 Step 37": 2.8757262229919434, "Epoch 821 Step 38": 2.886608600616455, "Epoch 821 Step 39": 2.886875629425049, "Epoch 821 Step 40": 2.8911192417144775, "Epoch 821 Step 41": 2.8951964378356934, "Epoch 821 Step 42": 2.8806591033935547, "Epoch 821 Step 43": 2.891657829284668, "Epoch 821 Step 44": 2.878340244293213, "Epoch 821 Step 45": 2.8847196102142334, "Epoch 821 Step 46": 2.8783152103424072, "Epoch 821 Step 47": 2.891057014465332, "Epoch 821 Step 48": 2.877626657485962, "Epoch 821 Step 49": 2.883009672164917, "Epoch 821 Step 50": 2.8891329765319824, "Epoch 821 Step 51": 2.874009847640991, "Epoch 821 Step 52": 2.8716704845428467, "Epoch 821 Step 53": 2.8725106716156006, "Epoch 821 Step 54": 2.888929605484009, "Epoch 821 Step 55": 2.882671356201172, "Epoch 821 Step 56": 2.877647876739502, "Epoch 821 Step 57": 2.8900561332702637, "Epoch 821 Step 58": 2.8950040340423584, "Epoch 821 Step 59": 2.880723714828491, "Epoch 821 Step 60": 2.8767833709716797, "Epoch 821 Step 61": 2.887409210205078, "Epoch 821 Step 62": 2.8916103839874268, "Epoch 821 Step 63": 2.88066029548645, "Epoch 821 Step 64": 2.882500410079956, "Epoch 821 Step 65": 2.878164052963257, "Epoch 821 Step 66": 2.8882007598876953, "Epoch 821 Step 67": 2.8738887310028076, "Epoch 821 Step 68": 2.885617971420288, "Epoch 821 Step 69": 2.8787918090820312, "Epoch 821 Step 70": 2.8830201625823975, "Epoch 821 Step 71": 2.884979009628296, "Epoch 821 Step 72": 2.871530294418335, "Epoch 821 Step 73": 2.8853230476379395, "Epoch 821 Step 74": 2.887725353240967, "Epoch 821 Step 75": 2.885974884033203, "Epoch 821 Step 76": 2.8899099826812744, "Epoch 821 Step 77": 2.884176015853882, "Epoch 821 Step 78": 2.871734857559204, "Epoch 821 Step 79": 2.8820395469665527, "Epoch 821 Step 80": 2.8766117095947266, "Epoch 821 Step 81": 2.8821749687194824, "Epoch 821 Step 82": 2.883645534515381, "Epoch 821 Step 83": 2.891885995864868, "Epoch 821 Step 84": 2.8847758769989014, "Epoch 821 Step 85": 2.885094165802002, "Epoch 821 Step 86": 2.8814992904663086, "Epoch 821 Step 87": 2.8763883113861084, "Epoch 821 Step 88": 2.8796942234039307, "Epoch 821 Step 89": 2.893772840499878}