{"Epoch 506 Step 0": 2.881718397140503, "Epoch 506 Step 1": 2.893479108810425, "Epoch 506 Step 2": 2.878918409347534, "Epoch 506 Step 3": 2.8850619792938232, "Epoch 506 Step 4": 2.878331184387207, "Epoch 506 Step 5": 2.891839027404785, "Epoch 506 Step 6": 2.8780574798583984, "Epoch 506 Step 7": 2.882920980453491, "Epoch 506 Step 8": 2.8887217044830322, "Epoch 506 Step 9": 2.873514413833618, "Epoch 506 Step 10": 2.871556520462036, "Epoch 506 Step 11": 2.8724610805511475, "Epoch 506 Step 12": 2.8883655071258545, "Epoch 506 Step 13": 2.8820462226867676, "Epoch 506 Step 14": 2.8777413368225098, "Epoch 506 Step 15": 2.8901360034942627, "Epoch 506 Step 16": 2.8950958251953125, "Epoch 506 Step 17": 2.8799734115600586, "Epoch 506 Step 18": 2.8758559226989746, "Epoch 506 Step 19": 2.8877103328704834, "Epoch 506 Step 20": 2.8916096687316895, "Epoch 506 Step 21": 2.880948543548584, "Epoch 506 Step 22": 2.8822484016418457, "Epoch 506 Step 23": 2.8775851726531982, "Epoch 506 Step 24": 2.8872437477111816, "Epoch 506 Step 25": 2.8738996982574463, "Epoch 506 Step 26": 2.885354518890381, "Epoch 506 Step 27": 2.8795180320739746, "Epoch 506 Step 28": 2.8829445838928223, "Epoch 506 Step 29": 2.884911060333252, "Epoch 506 Step 30": 2.8712399005889893, "Epoch 506 Step 31": 2.885201930999756, "Epoch 506 Step 32": 2.887606382369995, "Epoch 506 Step 33": 2.8857765197753906, "Epoch 506 Step 34": 2.889338970184326, "Epoch 506 Step 35": 2.884636163711548, "Epoch 506 Step 36": 2.87235164642334, "Epoch 506 Step 37": 2.880666494369507, "Epoch 506 Step 38": 2.8771214485168457, "Epoch 506 Step 39": 2.8826534748077393, "Epoch 506 Step 40": 2.883120536804199, "Epoch 506 Step 41": 2.890582799911499, "Epoch 506 Step 42": 2.8850667476654053, "Epoch 506 Step 43": 2.8851583003997803, "Epoch 506 Step 44": 2.88144588470459, "Epoch 506 Step 45": 2.875681161880493, "Epoch 506 Step 46": 2.8791306018829346, "Epoch 506 Step 47": 2.894273519515991, "Epoch 506 Step 48": 2.8885345458984375, "Epoch 506 Step 49": 2.873727798461914, "Epoch 506 Step 50": 2.89082670211792, "Epoch 506 Step 51": 2.882220983505249, "Epoch 506 Step 52": 2.8759334087371826, "Epoch 506 Step 53": 2.8727705478668213, "Epoch 506 Step 54": 2.8820106983184814, "Epoch 506 Step 55": 2.887526750564575, "Epoch 506 Step 56": 2.880134105682373, "Epoch 506 Step 57": 2.8791725635528564, "Epoch 506 Step 58": 2.8785619735717773, "Epoch 506 Step 59": 2.876336097717285, "Epoch 506 Step 60": 2.8876953125, "Epoch 506 Step 61": 2.8747398853302, "Epoch 506 Step 62": 2.8904435634613037, "Epoch 506 Step 63": 2.8711097240448, "Epoch 506 Step 64": 2.874706506729126, "Epoch 506 Step 65": 2.879554033279419, "Epoch 506 Step 66": 2.8681609630584717, "Epoch 506 Step 67": 2.8870482444763184, "Epoch 506 Step 68": 2.8813085556030273, "Epoch 506 Step 69": 2.887054920196533, "Epoch 506 Step 70": 2.8932909965515137, "Epoch 506 Step 71": 2.8857815265655518, "Epoch 506 Step 72": 2.8789021968841553, "Epoch 506 Step 73": 2.88539457321167, "Epoch 506 Step 74": 2.895704984664917, "Epoch 506 Step 75": 2.894341230392456, "Epoch 506 Step 76": 2.8931362628936768, "Epoch 506 Step 77": 2.887399673461914, "Epoch 506 Step 78": 2.8862550258636475, "Epoch 506 Step 79": 2.88346791267395, "Epoch 506 Step 80": 2.9050545692443848, "Epoch 506 Step 81": 2.900421142578125, "Epoch 506 Step 82": 2.8988165855407715, "Epoch 506 Step 83": 2.8753252029418945, "Epoch 506 Step 84": 2.8884143829345703, "Epoch 506 Step 85": 2.893557071685791, "Epoch 506 Step 86": 2.8752260208129883, "Epoch 506 Step 87": 2.8865854740142822, "Epoch 506 Step 88": 2.8867409229278564, "Epoch 506 Step 89": 2.8914003372192383}