{"Epoch 20 Step 0": 2.8772425651550293, "Epoch 20 Step 1": 2.8796374797821045, "Epoch 20 Step 2": 2.8681118488311768, "Epoch 20 Step 3": 2.847198963165283, "Epoch 20 Step 4": 2.878182888031006, "Epoch 20 Step 5": 2.878222703933716, "Epoch 20 Step 6": 2.868813991546631, "Epoch 20 Step 7": 2.864985704421997, "Epoch 20 Step 8": 2.875767946243286, "Epoch 20 Step 9": 2.8871710300445557, "Epoch 20 Step 10": 2.8060789108276367, "Epoch 20 Step 11": 2.84909987449646, "Epoch 20 Step 12": 2.818554162979126, "Epoch 20 Step 13": 2.852126359939575, "Epoch 20 Step 14": 2.8805198669433594, "Epoch 20 Step 15": 2.8754162788391113, "Epoch 20 Step 16": 2.8866829872131348, "Epoch 20 Step 17": 2.8763906955718994, "Epoch 20 Step 18": 2.802406072616577, "Epoch 20 Step 19": 2.7569122314453125, "Epoch 20 Step 20": 2.8491621017456055, "Epoch 20 Step 21": 2.8857767581939697, "Epoch 20 Step 22": 2.8717215061187744, "Epoch 20 Step 23": 2.8527424335479736, "Epoch 20 Step 24": 2.8603672981262207, "Epoch 20 Step 25": 2.8707199096679688, "Epoch 20 Step 26": 2.8809309005737305, "Epoch 20 Step 27": 2.8771469593048096, "Epoch 20 Step 28": 2.862760066986084, "Epoch 20 Step 29": 2.87980580329895, "Epoch 20 Step 30": 2.8802831172943115, "Epoch 20 Step 31": 2.8361501693725586, "Epoch 20 Step 32": 2.8434338569641113, "Epoch 20 Step 33": 2.857675552368164, "Epoch 20 Step 34": 2.8608362674713135, "Epoch 20 Step 35": 2.875094413757324, "Epoch 20 Step 36": 2.8667404651641846, "Epoch 20 Step 37": 2.873283863067627, "Epoch 20 Step 38": 2.873840570449829, "Epoch 20 Step 39": 2.8671395778656006, "Epoch 20 Step 40": 2.8855602741241455, "Epoch 20 Step 41": 2.860442638397217, "Epoch 20 Step 42": 2.8751842975616455, "Epoch 20 Step 43": 2.8832037448883057, "Epoch 20 Step 44": 2.8787994384765625, "Epoch 20 Step 45": 2.87142276763916, "Epoch 20 Step 46": 2.8763577938079834, "Epoch 20 Step 47": 2.860412120819092, "Epoch 20 Step 48": 2.839205741882324, "Epoch 20 Step 49": 2.8623452186584473, "Epoch 20 Step 50": 2.8734095096588135, "Epoch 20 Step 51": 2.846648693084717, "Epoch 20 Step 52": 2.860546588897705, "Epoch 20 Step 53": 2.8613932132720947, "Epoch 20 Step 54": 2.8506269454956055, "Epoch 20 Step 55": 2.8807947635650635, "Epoch 20 Step 56": 2.856311559677124, "Epoch 20 Step 57": 2.871286153793335, "Epoch 20 Step 58": 2.8564844131469727, "Epoch 20 Step 59": 2.8708581924438477, "Epoch 20 Step 60": 2.8241734504699707, "Epoch 20 Step 61": 2.882774591445923, "Epoch 20 Step 62": 2.849926471710205, "Epoch 20 Step 63": 2.8817813396453857, "Epoch 20 Step 64": 2.8688278198242188, "Epoch 20 Step 65": 2.8469882011413574, "Epoch 20 Step 66": 2.843552589416504, "Epoch 20 Step 67": 2.8650014400482178, "Epoch 20 Step 68": 2.8527159690856934, "Epoch 20 Step 69": 2.8474841117858887, "Epoch 20 Step 70": 2.8780715465545654, "Epoch 20 Step 71": 2.867515802383423, "Epoch 20 Step 72": 2.8593077659606934, "Epoch 20 Step 73": 2.8439931869506836, "Epoch 20 Step 74": 2.855938196182251, "Epoch 20 Step 75": 2.856877088546753, "Epoch 20 Step 76": 2.834164619445801, "Epoch 20 Step 77": 2.8486223220825195, "Epoch 20 Step 78": 2.8498730659484863, "Epoch 20 Step 79": 2.8437795639038086, "Epoch 20 Step 80": 2.836376905441284, "Epoch 20 Step 81": 2.8719375133514404, "Epoch 20 Step 82": 2.842686176300049, "Epoch 20 Step 83": 2.878601551055908, "Epoch 20 Step 84": 2.8610260486602783, "Epoch 20 Step 85": 2.8363301753997803, "Epoch 20 Step 86": 2.874906539916992, "Epoch 20 Step 87": 2.8507659435272217, "Epoch 20 Step 88": 2.8584814071655273, "Epoch 20 Step 89": 2.8657758235931396, "Epoch 20 Step 90": 2.835416316986084, "Epoch 20 Step 91": 2.8764610290527344, "Epoch 20 Step 92": 2.8547096252441406, "Epoch 20 Step 93": 2.877103090286255, "Epoch 20 Step 94": 2.8720102310180664, "Epoch 20 Step 95": 2.8947558403015137, "Epoch 20 Step 96": 2.879988431930542, "Epoch 20 Step 97": 2.8330764770507812, "Epoch 20 Step 98": 2.8723673820495605, "Epoch 20 Step 99": 2.856837511062622, "Epoch 20 Step 100": 2.8454232215881348, "Epoch 20 Step 101": 2.8570168018341064, "Epoch 20 Step 102": 2.85697865486145, "Epoch 20 Step 103": 2.8761987686157227, "Epoch 20 Step 104": 2.860635995864868, "Epoch 20 Step 105": 2.875906467437744, "Epoch 20 Step 106": 2.875547170639038, "Epoch 20 Step 107": 2.8787548542022705, "Epoch 20 Step 108": 2.8563616275787354, "Epoch 20 Step 109": 2.866788625717163, "Epoch 20 Step 110": 2.8634777069091797, "Epoch 20 Step 111": 2.8542275428771973, "Epoch 20 Step 112": 2.868476390838623, "Epoch 20 Step 113": 2.8423826694488525, "Epoch 20 Step 114": 2.8697280883789062, "Epoch 20 Step 115": 2.8715591430664062, "Epoch 20 Step 116": 2.8127105236053467, "Epoch 20 Step 117": 2.853769302368164, "Epoch 20 Step 118": 2.8488190174102783, "Epoch 20 Step 119": 2.8639016151428223, "Epoch 20 Step 120": 2.8732433319091797, "Epoch 20 Step 121": 2.8438167572021484, "Epoch 20 Step 122": 2.865435838699341, "Epoch 20 Step 123": 2.8155465126037598, "Epoch 20 Step 124": 2.8516831398010254, "Epoch 20 Step 125": 2.8736913204193115, "Epoch 20 Step 126": 2.8666534423828125, "Epoch 20 Step 127": 2.8586604595184326, "Epoch 20 Step 128": 2.84733247756958, "Epoch 20 Step 129": 2.864612102508545, "Epoch 20 Step 130": 2.8523223400115967, "Epoch 20 Step 131": 2.8647797107696533, "Epoch 20 Step 132": 2.8672757148742676, "Epoch 20 Step 133": 2.863060712814331, "Epoch 20 Step 134": 2.856170892715454, "Epoch 20 Step 135": 2.8584301471710205, "Epoch 20 Step 136": 2.837981939315796, "Epoch 20 Step 137": 2.841663360595703, "Epoch 20 Step 138": 2.831488847732544, "Epoch 20 Step 139": 2.8680248260498047, "Epoch 20 Step 140": 2.871354818344116, "Epoch 20 Step 141": 2.862365245819092, "Epoch 20 Step 142": 2.860684633255005, "Epoch 20 Step 143": 2.8520405292510986, "Epoch 20 Step 144": 2.8716695308685303, "Epoch 20 Step 145": 2.890090227127075, "Epoch 20 Step 146": 2.8111300468444824, "Epoch 20 Step 147": 2.8598761558532715, "Epoch 20 Step 148": 2.850794792175293, "Epoch 20 Step 149": 2.8767900466918945, "Epoch 20 Step 150": 2.856966733932495, "Epoch 20 Step 151": 2.876716136932373, "Epoch 20 Step 152": 2.8513777256011963, "Epoch 20 Step 153": 2.8409581184387207, "Epoch 20 Step 154": 2.8523929119110107, "Epoch 20 Step 155": 2.8641655445098877, "Epoch 20 Step 156": 2.8509609699249268, "Epoch 20 Step 157": 2.876826524734497, "Epoch 20 Step 158": 2.862332582473755, "Epoch 20 Step 159": 2.8234784603118896, "Epoch 20 Step 160": 2.8505735397338867, "Epoch 20 Step 161": 2.852386236190796, "Epoch 20 Step 162": 2.8557419776916504, "Epoch 20 Step 163": 2.8670883178710938, "Epoch 20 Step 164": 2.8642725944519043, "Epoch 20 Step 165": 2.866603136062622, "Epoch 20 Step 166": 2.8143486976623535, "Epoch 20 Step 167": 2.8642218112945557, "Epoch 20 Step 168": 2.857301712036133, "Epoch 20 Step 169": 2.862123727798462, "Epoch 20 Step 170": 2.8629097938537598, "Epoch 20 Step 171": 2.8737242221832275, "Epoch 20 Step 172": 2.8676235675811768, "Epoch 20 Step 173": 2.850738763809204, "Epoch 20 Step 174": 2.877877712249756, "Epoch 20 Step 175": 2.8753228187561035, "Epoch 20 Step 176": 2.8657891750335693, "Epoch 20 Step 177": 2.8594279289245605, "Epoch 20 Step 178": 2.8677077293395996, "Epoch 20 Step 179": 2.858407974243164, "Epoch 20 Step 180": 2.8570709228515625, "Epoch 20 Step 181": 2.836193323135376, "Epoch 20 Step 182": 2.8227005004882812, "Epoch 20 Step 183": 2.868891477584839, "Epoch 20 Step 184": 2.850064992904663, "Epoch 20 Step 185": 2.8498995304107666, "Epoch 20 Step 186": 2.862084150314331, "Epoch 20 Step 187": 2.8934526443481445, "Epoch 20 Step 188": 2.842616558074951, "Epoch 20 Step 189": 2.87101674079895, "Epoch 20 Step 190": 2.8619771003723145, "Epoch 20 Step 191": 2.8703789710998535, "Epoch 20 Step 192": 2.8499984741210938, "Epoch 20 Step 193": 2.85847806930542, "Epoch 20 Step 194": 2.835533857345581, "Epoch 20 Step 195": 2.8503472805023193, "Epoch 20 Step 196": 2.858609199523926, "Epoch 20 Step 197": 2.843276262283325, "Epoch 20 Step 198": 2.886807918548584,