{"Epoch 802 Step 0": 2.8816189765930176, "Epoch 802 Step 1": 2.8871304988861084, "Epoch 802 Step 2": 2.892801284790039, "Epoch 802 Step 3": 2.885737657546997, "Epoch 802 Step 4": 2.878361701965332, "Epoch 802 Step 5": 2.88510799407959, "Epoch 802 Step 6": 2.896153450012207, "Epoch 802 Step 7": 2.89483380317688, "Epoch 802 Step 8": 2.8951170444488525, "Epoch 802 Step 9": 2.888890266418457, "Epoch 802 Step 10": 2.885713815689087, "Epoch 802 Step 11": 2.8780744075775146, "Epoch 802 Step 12": 2.9019200801849365, "Epoch 802 Step 13": 2.898155450820923, "Epoch 802 Step 14": 2.898470401763916, "Epoch 802 Step 15": 2.8763697147369385, "Epoch 802 Step 16": 2.8890554904937744, "Epoch 802 Step 17": 2.890747547149658, "Epoch 802 Step 18": 2.874922037124634, "Epoch 802 Step 19": 2.8863139152526855, "Epoch 802 Step 20": 2.8867692947387695, "Epoch 802 Step 21": 2.8916988372802734, "Epoch 802 Step 22": 2.895907402038574, "Epoch 802 Step 23": 2.881334066390991, "Epoch 802 Step 24": 2.89316463470459, "Epoch 802 Step 25": 2.8783161640167236, "Epoch 802 Step 26": 2.8848586082458496, "Epoch 802 Step 27": 2.8784141540527344, "Epoch 802 Step 28": 2.890414237976074, "Epoch 802 Step 29": 2.8774492740631104, "Epoch 802 Step 30": 2.8829262256622314, "Epoch 802 Step 31": 2.8883767127990723, "Epoch 802 Step 32": 2.873755931854248, "Epoch 802 Step 33": 2.872009754180908, "Epoch 802 Step 34": 2.8722565174102783, "Epoch 802 Step 35": 2.888605833053589, "Epoch 802 Step 36": 2.882284641265869, "Epoch 802 Step 37": 2.878196954727173, "Epoch 802 Step 38": 2.891228199005127, "Epoch 802 Step 39": 2.896138906478882, "Epoch 802 Step 40": 2.8804426193237305, "Epoch 802 Step 41": 2.87589693069458, "Epoch 802 Step 42": 2.8871231079101562, "Epoch 802 Step 43": 2.891550302505493, "Epoch 802 Step 44": 2.8804972171783447, "Epoch 802 Step 45": 2.881701707839966, "Epoch 802 Step 46": 2.8775134086608887, "Epoch 802 Step 47": 2.887554168701172, "Epoch 802 Step 48": 2.8740150928497314, "Epoch 802 Step 49": 2.8854944705963135, "Epoch 802 Step 50": 2.8793814182281494, "Epoch 802 Step 51": 2.8834071159362793, "Epoch 802 Step 52": 2.8852720260620117, "Epoch 802 Step 53": 2.8713219165802, "Epoch 802 Step 54": 2.885796546936035, "Epoch 802 Step 55": 2.8891522884368896, "Epoch 802 Step 56": 2.886103391647339, "Epoch 802 Step 57": 2.889897584915161, "Epoch 802 Step 58": 2.8844680786132812, "Epoch 802 Step 59": 2.8724677562713623, "Epoch 802 Step 60": 2.881157636642456, "Epoch 802 Step 61": 2.8770809173583984, "Epoch 802 Step 62": 2.882556915283203, "Epoch 802 Step 63": 2.8831727504730225, "Epoch 802 Step 64": 2.890843629837036, "Epoch 802 Step 65": 2.8849658966064453, "Epoch 802 Step 66": 2.8849306106567383, "Epoch 802 Step 67": 2.88128924369812, "Epoch 802 Step 68": 2.8757195472717285, "Epoch 802 Step 69": 2.8798866271972656, "Epoch 802 Step 70": 2.893651247024536, "Epoch 802 Step 71": 2.887850284576416, "Epoch 802 Step 72": 2.8747458457946777, "Epoch 802 Step 73": 2.8906357288360596, "Epoch 802 Step 74": 2.882129669189453, "Epoch 802 Step 75": 2.8756229877471924, "Epoch 802 Step 76": 2.872609853744507, "Epoch 802 Step 77": 2.8818373680114746, "Epoch 802 Step 78": 2.8882219791412354, "Epoch 802 Step 79": 2.880876064300537, "Epoch 802 Step 80": 2.8796255588531494, "Epoch 802 Step 81": 2.8791186809539795, "Epoch 802 Step 82": 2.8766887187957764, "Epoch 802 Step 83": 2.887669086456299, "Epoch 802 Step 84": 2.875584125518799, "Epoch 802 Step 85": 2.8909525871276855, "Epoch 802 Step 86": 2.8712170124053955, "Epoch 802 Step 87": 2.8747975826263428, "Epoch 802 Step 88": 2.879075288772583, "Epoch 802 Step 89": 2.8677656650543213}