{"Epoch 266 Step 0": 2.8860816955566406, "Epoch 266 Step 1": 2.8780062198638916, "Epoch 266 Step 2": 2.884885311126709, "Epoch 266 Step 3": 2.8952407836914062, "Epoch 266 Step 4": 2.8935821056365967, "Epoch 266 Step 5": 2.892425298690796, "Epoch 266 Step 6": 2.887171745300293, "Epoch 266 Step 7": 2.885831832885742, "Epoch 266 Step 8": 2.8835039138793945, "Epoch 266 Step 9": 2.9042794704437256, "Epoch 266 Step 10": 2.9019477367401123, "Epoch 266 Step 11": 2.897186040878296, "Epoch 266 Step 12": 2.876516819000244, "Epoch 266 Step 13": 2.8896689414978027, "Epoch 266 Step 14": 2.892982244491577, "Epoch 266 Step 15": 2.875152826309204, "Epoch 266 Step 16": 2.8864448070526123, "Epoch 266 Step 17": 2.8868939876556396, "Epoch 266 Step 18": 2.8919732570648193, "Epoch 266 Step 19": 2.8961074352264404, "Epoch 266 Step 20": 2.8812999725341797, "Epoch 266 Step 21": 2.892551898956299, "Epoch 266 Step 22": 2.878506898880005, "Epoch 266 Step 23": 2.884489059448242, "Epoch 266 Step 24": 2.877307653427124, "Epoch 266 Step 25": 2.8916733264923096, "Epoch 266 Step 26": 2.8776402473449707, "Epoch 266 Step 27": 2.8825623989105225, "Epoch 266 Step 28": 2.887960195541382, "Epoch 266 Step 29": 2.8727800846099854, "Epoch 266 Step 30": 2.871533155441284, "Epoch 266 Step 31": 2.872493028640747, "Epoch 266 Step 32": 2.887554407119751, "Epoch 266 Step 33": 2.8818302154541016, "Epoch 266 Step 34": 2.8768749237060547, "Epoch 266 Step 35": 2.8901548385620117, "Epoch 266 Step 36": 2.8953771591186523, "Epoch 266 Step 37": 2.8797664642333984, "Epoch 266 Step 38": 2.8754734992980957, "Epoch 266 Step 39": 2.8872251510620117, "Epoch 266 Step 40": 2.8910768032073975, "Epoch 266 Step 41": 2.880514144897461, "Epoch 266 Step 42": 2.881535530090332, "Epoch 266 Step 43": 2.8771352767944336, "Epoch 266 Step 44": 2.887274980545044, "Epoch 266 Step 45": 2.873141288757324, "Epoch 266 Step 46": 2.8848297595977783, "Epoch 266 Step 47": 2.8788111209869385, "Epoch 266 Step 48": 2.8827641010284424, "Epoch 266 Step 49": 2.8841707706451416, "Epoch 266 Step 50": 2.8710875511169434, "Epoch 266 Step 51": 2.8843603134155273, "Epoch 266 Step 52": 2.8876724243164062, "Epoch 266 Step 53": 2.8846287727355957, "Epoch 266 Step 54": 2.8892018795013428, "Epoch 266 Step 55": 2.8842368125915527, "Epoch 266 Step 56": 2.8721096515655518, "Epoch 266 Step 57": 2.88103985786438, "Epoch 266 Step 58": 2.876971960067749, "Epoch 266 Step 59": 2.8824033737182617, "Epoch 266 Step 60": 2.8829593658447266, "Epoch 266 Step 61": 2.890666961669922, "Epoch 266 Step 62": 2.884514808654785, "Epoch 266 Step 63": 2.8845291137695312, "Epoch 266 Step 64": 2.8813633918762207, "Epoch 266 Step 65": 2.875545024871826, "Epoch 266 Step 66": 2.8790745735168457, "Epoch 266 Step 67": 2.893219470977783, "Epoch 266 Step 68": 2.8878109455108643, "Epoch 266 Step 69": 2.8729240894317627, "Epoch 266 Step 70": 2.890108823776245, "Epoch 266 Step 71": 2.8815972805023193, "Epoch 266 Step 72": 2.8750197887420654, "Epoch 266 Step 73": 2.870166301727295, "Epoch 266 Step 74": 2.8823204040527344, "Epoch 266 Step 75": 2.8878066539764404, "Epoch 266 Step 76": 2.8799617290496826, "Epoch 266 Step 77": 2.8792173862457275, "Epoch 266 Step 78": 2.878114700317383, "Epoch 266 Step 79": 2.8761465549468994, "Epoch 266 Step 80": 2.8884382247924805, "Epoch 266 Step 81": 2.8738157749176025, "Epoch 266 Step 82": 2.891279697418213, "Epoch 266 Step 83": 2.871464490890503, "Epoch 266 Step 84": 2.8742220401763916, "Epoch 266 Step 85": 2.879340887069702, "Epoch 266 Step 86": 2.867283821105957, "Epoch 266 Step 87": 2.8863649368286133, "Epoch 266 Step 88": 2.881420612335205, "Epoch 266 Step 89": 2.886497974395752}