{"Epoch 830 Step 0": 2.882850170135498, "Epoch 830 Step 1": 2.8904340267181396, "Epoch 830 Step 2": 2.8850691318511963, "Epoch 830 Step 3": 2.8857078552246094, "Epoch 830 Step 4": 2.8815600872039795, "Epoch 830 Step 5": 2.875088691711426, "Epoch 830 Step 6": 2.879662036895752, "Epoch 830 Step 7": 2.8939061164855957, "Epoch 830 Step 8": 2.8880748748779297, "Epoch 830 Step 9": 2.8742001056671143, "Epoch 830 Step 10": 2.890982151031494, "Epoch 830 Step 11": 2.88196063041687, "Epoch 830 Step 12": 2.876579761505127, "Epoch 830 Step 13": 2.8731114864349365, "Epoch 830 Step 14": 2.8816585540771484, "Epoch 830 Step 15": 2.887598752975464, "Epoch 830 Step 16": 2.880683422088623, "Epoch 830 Step 17": 2.878793478012085, "Epoch 830 Step 18": 2.8785459995269775, "Epoch 830 Step 19": 2.8767406940460205, "Epoch 830 Step 20": 2.8878393173217773, "Epoch 830 Step 21": 2.8751330375671387, "Epoch 830 Step 22": 2.891267776489258, "Epoch 830 Step 23": 2.871506452560425, "Epoch 830 Step 24": 2.874708414077759, "Epoch 830 Step 25": 2.8794078826904297, "Epoch 830 Step 26": 2.8677186965942383, "Epoch 830 Step 27": 2.8877391815185547, "Epoch 830 Step 28": 2.8818302154541016, "Epoch 830 Step 29": 2.8868865966796875, "Epoch 830 Step 30": 2.893266201019287, "Epoch 830 Step 31": 2.886378049850464, "Epoch 830 Step 32": 2.8793537616729736, "Epoch 830 Step 33": 2.8854501247406006, "Epoch 830 Step 34": 2.895216464996338, "Epoch 830 Step 35": 2.894547939300537, "Epoch 830 Step 36": 2.893216848373413, "Epoch 830 Step 37": 2.8881454467773438, "Epoch 830 Step 38": 2.8854382038116455, "Epoch 830 Step 39": 2.879638671875, "Epoch 830 Step 40": 2.9030864238739014, "Epoch 830 Step 41": 2.9002842903137207, "Epoch 830 Step 42": 2.8979620933532715, "Epoch 830 Step 43": 2.875375509262085, "Epoch 830 Step 44": 2.8893120288848877, "Epoch 830 Step 45": 2.89524245262146, "Epoch 830 Step 46": 2.875260353088379, "Epoch 830 Step 47": 2.886780261993408, "Epoch 830 Step 48": 2.886854410171509, "Epoch 830 Step 49": 2.891237497329712, "Epoch 830 Step 50": 2.8953418731689453, "Epoch 830 Step 51": 2.881185531616211, "Epoch 830 Step 52": 2.8931221961975098, "Epoch 830 Step 53": 2.8781375885009766, "Epoch 830 Step 54": 2.8847546577453613, "Epoch 830 Step 55": 2.878101110458374, "Epoch 830 Step 56": 2.8913259506225586, "Epoch 830 Step 57": 2.8784687519073486, "Epoch 830 Step 58": 2.8835220336914062, "Epoch 830 Step 59": 2.889145612716675, "Epoch 830 Step 60": 2.8743574619293213, "Epoch 830 Step 61": 2.873138666152954, "Epoch 830 Step 62": 2.8733086585998535, "Epoch 830 Step 63": 2.8887157440185547, "Epoch 830 Step 64": 2.8827192783355713, "Epoch 830 Step 65": 2.876753091812134, "Epoch 830 Step 66": 2.889664888381958, "Epoch 830 Step 67": 2.8951761722564697, "Epoch 830 Step 68": 2.880638599395752, "Epoch 830 Step 69": 2.875995397567749, "Epoch 830 Step 70": 2.8878631591796875, "Epoch 830 Step 71": 2.891303777694702, "Epoch 830 Step 72": 2.88140606880188, "Epoch 830 Step 73": 2.882672071456909, "Epoch 830 Step 74": 2.878368616104126, "Epoch 830 Step 75": 2.887503147125244, "Epoch 830 Step 76": 2.8739607334136963, "Epoch 830 Step 77": 2.88613224029541, "Epoch 830 Step 78": 2.878798007965088, "Epoch 830 Step 79": 2.8829689025878906, "Epoch 830 Step 80": 2.8846514225006104, "Epoch 830 Step 81": 2.8713552951812744, "Epoch 830 Step 82": 2.8854312896728516, "Epoch 830 Step 83": 2.887686252593994, "Epoch 830 Step 84": 2.8858985900878906, "Epoch 830 Step 85": 2.8895301818847656, "Epoch 830 Step 86": 2.8842573165893555, "Epoch 830 Step 87": 2.872339963912964, "Epoch 830 Step 88": 2.8815290927886963, "Epoch 830 Step 89": 2.8771538734436035}