{"Epoch 895 Step 0": 2.8679850101470947, "Epoch 895 Step 1": 2.887277603149414, "Epoch 895 Step 2": 2.8815131187438965, "Epoch 895 Step 3": 2.8875341415405273, "Epoch 895 Step 4": 2.893723487854004, "Epoch 895 Step 5": 2.886023759841919, "Epoch 895 Step 6": 2.8784120082855225, "Epoch 895 Step 7": 2.8853862285614014, "Epoch 895 Step 8": 2.8957254886627197, "Epoch 895 Step 9": 2.8935294151306152, "Epoch 895 Step 10": 2.8923702239990234, "Epoch 895 Step 11": 2.8875904083251953, "Epoch 895 Step 12": 2.886805772781372, "Epoch 895 Step 13": 2.8875699043273926, "Epoch 895 Step 14": 2.905910015106201, "Epoch 895 Step 15": 2.900062322616577, "Epoch 895 Step 16": 2.8981070518493652, "Epoch 895 Step 17": 2.875838279724121, "Epoch 895 Step 18": 2.889765977859497, "Epoch 895 Step 19": 2.8943212032318115, "Epoch 895 Step 20": 2.8746988773345947, "Epoch 895 Step 21": 2.8868520259857178, "Epoch 895 Step 22": 2.88702130317688, "Epoch 895 Step 23": 2.891488552093506, "Epoch 895 Step 24": 2.895946741104126, "Epoch 895 Step 25": 2.8822944164276123, "Epoch 895 Step 26": 2.8931305408477783, "Epoch 895 Step 27": 2.8794565200805664, "Epoch 895 Step 28": 2.8856303691864014, "Epoch 895 Step 29": 2.8783090114593506, "Epoch 895 Step 30": 2.89180850982666, "Epoch 895 Step 31": 2.8781793117523193, "Epoch 895 Step 32": 2.884610652923584, "Epoch 895 Step 33": 2.8890016078948975, "Epoch 895 Step 34": 2.872863292694092, "Epoch 895 Step 35": 2.8721420764923096, "Epoch 895 Step 36": 2.8718433380126953, "Epoch 895 Step 37": 2.8887319564819336, "Epoch 895 Step 38": 2.882704734802246, "Epoch 895 Step 39": 2.877802610397339, "Epoch 895 Step 40": 2.889331340789795, "Epoch 895 Step 41": 2.8954498767852783, "Epoch 895 Step 42": 2.8809921741485596, "Epoch 895 Step 43": 2.876514434814453, "Epoch 895 Step 44": 2.8872923851013184, "Epoch 895 Step 45": 2.8915750980377197, "Epoch 895 Step 46": 2.880582332611084, "Epoch 895 Step 47": 2.8816518783569336, "Epoch 895 Step 48": 2.8778040409088135, "Epoch 895 Step 49": 2.8878214359283447, "Epoch 895 Step 50": 2.873692512512207, "Epoch 895 Step 51": 2.88523530960083, "Epoch 895 Step 52": 2.8794476985931396, "Epoch 895 Step 53": 2.8829495906829834, "Epoch 895 Step 54": 2.8849050998687744, "Epoch 895 Step 55": 2.8713934421539307, "Epoch 895 Step 56": 2.8851115703582764, "Epoch 895 Step 57": 2.8879165649414062, "Epoch 895 Step 58": 2.886242151260376, "Epoch 895 Step 59": 2.8903563022613525, "Epoch 895 Step 60": 2.885439157485962, "Epoch 895 Step 61": 2.8727710247039795, "Epoch 895 Step 62": 2.880156993865967, "Epoch 895 Step 63": 2.876862049102783, "Epoch 895 Step 64": 2.882946491241455, "Epoch 895 Step 65": 2.8827686309814453, "Epoch 895 Step 66": 2.8906869888305664, "Epoch 895 Step 67": 2.8847789764404297, "Epoch 895 Step 68": 2.8852944374084473, "Epoch 895 Step 69": 2.8817453384399414, "Epoch 895 Step 70": 2.876314640045166, "Epoch 895 Step 71": 2.8797242641448975, "Epoch 895 Step 72": 2.8936150074005127, "Epoch 895 Step 73": 2.887925624847412, "Epoch 895 Step 74": 2.8739304542541504, "Epoch 895 Step 75": 2.890535593032837, "Epoch 895 Step 76": 2.8829526901245117, "Epoch 895 Step 77": 2.875798463821411, "Epoch 895 Step 78": 2.8728392124176025, "Epoch 895 Step 79": 2.88163161277771, "Epoch 895 Step 80": 2.8877809047698975, "Epoch 895 Step 81": 2.8807573318481445, "Epoch 895 Step 82": 2.878817558288574, "Epoch 895 Step 83": 2.8785793781280518, "Epoch 895 Step 84": 2.876293420791626, "Epoch 895 Step 85": 2.8878695964813232, "Epoch 895 Step 86": 2.874424695968628, "Epoch 895 Step 87": 2.891129970550537, "Epoch 895 Step 88": 2.8713881969451904, "Epoch 895 Step 89": 2.8745479583740234}