{"Epoch 622 Step 0": 2.867830991744995, "Epoch 622 Step 1": 2.8872108459472656, "Epoch 622 Step 2": 2.8816816806793213, "Epoch 622 Step 3": 2.8866801261901855, "Epoch 622 Step 4": 2.8933823108673096, "Epoch 622 Step 5": 2.886733293533325, "Epoch 622 Step 6": 2.8783950805664062, "Epoch 622 Step 7": 2.8843700885772705, "Epoch 622 Step 8": 2.895306348800659, "Epoch 622 Step 9": 2.8946335315704346, "Epoch 622 Step 10": 2.8925364017486572, "Epoch 622 Step 11": 2.8876824378967285, "Epoch 622 Step 12": 2.8872194290161133, "Epoch 622 Step 13": 2.886220932006836, "Epoch 622 Step 14": 2.904757499694824, "Epoch 622 Step 15": 2.9030730724334717, "Epoch 622 Step 16": 2.897752285003662, "Epoch 622 Step 17": 2.8754212856292725, "Epoch 622 Step 18": 2.888371467590332, "Epoch 622 Step 19": 2.893284797668457, "Epoch 622 Step 20": 2.874283790588379, "Epoch 622 Step 21": 2.8861918449401855, "Epoch 622 Step 22": 2.8869643211364746, "Epoch 622 Step 23": 2.8913941383361816, "Epoch 622 Step 24": 2.8958489894866943, "Epoch 622 Step 25": 2.8823306560516357, "Epoch 622 Step 26": 2.8924648761749268, "Epoch 622 Step 27": 2.8791117668151855, "Epoch 622 Step 28": 2.885845422744751, "Epoch 622 Step 29": 2.8783178329467773, "Epoch 622 Step 30": 2.891521692276001, "Epoch 622 Step 31": 2.8778576850891113, "Epoch 622 Step 32": 2.883880376815796, "Epoch 622 Step 33": 2.8887665271759033, "Epoch 622 Step 34": 2.872844934463501, "Epoch 622 Step 35": 2.87176775932312, "Epoch 622 Step 36": 2.872089385986328, "Epoch 622 Step 37": 2.8887991905212402, "Epoch 622 Step 38": 2.882831335067749, "Epoch 622 Step 39": 2.878544569015503, "Epoch 622 Step 40": 2.8900811672210693, "Epoch 622 Step 41": 2.8954081535339355, "Epoch 622 Step 42": 2.880805015563965, "Epoch 622 Step 43": 2.8759522438049316, "Epoch 622 Step 44": 2.887723922729492, "Epoch 622 Step 45": 2.892164468765259, "Epoch 622 Step 46": 2.8807666301727295, "Epoch 622 Step 47": 2.8816072940826416, "Epoch 622 Step 48": 2.877547025680542, "Epoch 622 Step 49": 2.8878555297851562, "Epoch 622 Step 50": 2.873514175415039, "Epoch 622 Step 51": 2.88529896736145, "Epoch 622 Step 52": 2.879634380340576, "Epoch 622 Step 53": 2.8836276531219482, "Epoch 622 Step 54": 2.8852405548095703, "Epoch 622 Step 55": 2.8711676597595215, "Epoch 622 Step 56": 2.88498854637146, "Epoch 622 Step 57": 2.8873348236083984, "Epoch 622 Step 58": 2.8862738609313965, "Epoch 622 Step 59": 2.8892977237701416, "Epoch 622 Step 60": 2.8843109607696533, "Epoch 622 Step 61": 2.8723785877227783, "Epoch 622 Step 62": 2.8810219764709473, "Epoch 622 Step 63": 2.876997947692871, "Epoch 622 Step 64": 2.8832342624664307, "Epoch 622 Step 65": 2.8825602531433105, "Epoch 622 Step 66": 2.8899378776550293, "Epoch 622 Step 67": 2.884922981262207, "Epoch 622 Step 68": 2.885108470916748, "Epoch 622 Step 69": 2.8814542293548584, "Epoch 622 Step 70": 2.8758349418640137, "Epoch 622 Step 71": 2.8795530796051025, "Epoch 622 Step 72": 2.8939461708068848, "Epoch 622 Step 73": 2.887820243835449, "Epoch 622 Step 74": 2.8740339279174805, "Epoch 622 Step 75": 2.8902413845062256, "Epoch 622 Step 76": 2.8822124004364014, "Epoch 622 Step 77": 2.8756608963012695, "Epoch 622 Step 78": 2.873032808303833, "Epoch 622 Step 79": 2.881481647491455, "Epoch 622 Step 80": 2.8867905139923096, "Epoch 622 Step 81": 2.879427433013916, "Epoch 622 Step 82": 2.8783161640167236, "Epoch 622 Step 83": 2.8785126209259033, "Epoch 622 Step 84": 2.8764488697052, "Epoch 622 Step 85": 2.8883144855499268, "Epoch 622 Step 86": 2.8748092651367188, "Epoch 622 Step 87": 2.890944480895996, "Epoch 622 Step 88": 2.870866060256958, "Epoch 622 Step 89": 2.874587059020996}