{"Epoch 106 Step 0": 2.8720779418945312, "Epoch 106 Step 1": 2.888579845428467, "Epoch 106 Step 2": 2.880727529525757, "Epoch 106 Step 3": 2.873884677886963, "Epoch 106 Step 4": 2.8688414096832275, "Epoch 106 Step 5": 2.8805673122406006, "Epoch 106 Step 6": 2.8863649368286133, "Epoch 106 Step 7": 2.879059314727783, "Epoch 106 Step 8": 2.8778698444366455, "Epoch 106 Step 9": 2.878563642501831, "Epoch 106 Step 10": 2.875701427459717, "Epoch 106 Step 11": 2.8859152793884277, "Epoch 106 Step 12": 2.871201515197754, "Epoch 106 Step 13": 2.8893866539001465, "Epoch 106 Step 14": 2.8697590827941895, "Epoch 106 Step 15": 2.8730523586273193, "Epoch 106 Step 16": 2.8783369064331055, "Epoch 106 Step 17": 2.866215705871582, "Epoch 106 Step 18": 2.885711669921875, "Epoch 106 Step 19": 2.880507469177246, "Epoch 106 Step 20": 2.882692813873291, "Epoch 106 Step 21": 2.8904831409454346, "Epoch 106 Step 22": 2.8842289447784424, "Epoch 106 Step 23": 2.876946449279785, "Epoch 106 Step 24": 2.882593870162964, "Epoch 106 Step 25": 2.8928213119506836, "Epoch 106 Step 26": 2.8946139812469482, "Epoch 106 Step 27": 2.8911139965057373, "Epoch 106 Step 28": 2.8875410556793213, "Epoch 106 Step 29": 2.8859434127807617, "Epoch 106 Step 30": 2.880998134613037, "Epoch 106 Step 31": 2.9016857147216797, "Epoch 106 Step 32": 2.8979451656341553, "Epoch 106 Step 33": 2.895423412322998, "Epoch 106 Step 34": 2.874542474746704, "Epoch 106 Step 35": 2.888636589050293, "Epoch 106 Step 36": 2.892526388168335, "Epoch 106 Step 37": 2.8732571601867676, "Epoch 106 Step 38": 2.885448455810547, "Epoch 106 Step 39": 2.885228157043457, "Epoch 106 Step 40": 2.8903775215148926, "Epoch 106 Step 41": 2.89430832862854, "Epoch 106 Step 42": 2.8790462017059326, "Epoch 106 Step 43": 2.891123056411743, "Epoch 106 Step 44": 2.876817226409912, "Epoch 106 Step 45": 2.885249614715576, "Epoch 106 Step 46": 2.8766233921051025, "Epoch 106 Step 47": 2.890263319015503, "Epoch 106 Step 48": 2.875324010848999, "Epoch 106 Step 49": 2.8818650245666504, "Epoch 106 Step 50": 2.8880035877227783, "Epoch 106 Step 51": 2.8730485439300537, "Epoch 106 Step 52": 2.87056827545166, "Epoch 106 Step 53": 2.8705201148986816, "Epoch 106 Step 54": 2.886216878890991, "Epoch 106 Step 55": 2.8811533451080322, "Epoch 106 Step 56": 2.8750715255737305, "Epoch 106 Step 57": 2.888439655303955, "Epoch 106 Step 58": 2.8938188552856445, "Epoch 106 Step 59": 2.879720449447632, "Epoch 106 Step 60": 2.8751611709594727, "Epoch 106 Step 61": 2.8850529193878174, "Epoch 106 Step 62": 2.890549659729004, "Epoch 106 Step 63": 2.8793082237243652, "Epoch 106 Step 64": 2.8810651302337646, "Epoch 106 Step 65": 2.8766531944274902, "Epoch 106 Step 66": 2.8853073120117188, "Epoch 106 Step 67": 2.8726515769958496, "Epoch 106 Step 68": 2.882808208465576, "Epoch 106 Step 69": 2.876871347427368, "Epoch 106 Step 70": 2.881754159927368, "Epoch 106 Step 71": 2.8826396465301514, "Epoch 106 Step 72": 2.869450569152832, "Epoch 106 Step 73": 2.882883310317993, "Epoch 106 Step 74": 2.885545492172241, "Epoch 106 Step 75": 2.8834071159362793, "Epoch 106 Step 76": 2.8878185749053955, "Epoch 106 Step 77": 2.88242506980896, "Epoch 106 Step 78": 2.871058940887451, "Epoch 106 Step 79": 2.879255771636963, "Epoch 106 Step 80": 2.8756494522094727, "Epoch 106 Step 81": 2.882404088973999, "Epoch 106 Step 82": 2.879915475845337, "Epoch 106 Step 83": 2.8884594440460205, "Epoch 106 Step 84": 2.884692668914795, "Epoch 106 Step 85": 2.883800745010376, "Epoch 106 Step 86": 2.879356861114502, "Epoch 106 Step 87": 2.8735907077789307, "Epoch 106 Step 88": 2.877779006958008, "Epoch 106 Step 89": 2.89156174659729}