{"Epoch 65 Step 0": 2.8720433712005615, "Epoch 65 Step 1": 2.870527744293213, "Epoch 65 Step 2": 2.872035026550293, "Epoch 65 Step 3": 2.8872251510620117, "Epoch 65 Step 4": 2.8814139366149902, "Epoch 65 Step 5": 2.8763527870178223, "Epoch 65 Step 6": 2.8901920318603516, "Epoch 65 Step 7": 2.893800735473633, "Epoch 65 Step 8": 2.8798749446868896, "Epoch 65 Step 9": 2.875476121902466, "Epoch 65 Step 10": 2.885396957397461, "Epoch 65 Step 11": 2.8905835151672363, "Epoch 65 Step 12": 2.8806960582733154, "Epoch 65 Step 13": 2.881777286529541, "Epoch 65 Step 14": 2.876779556274414, "Epoch 65 Step 15": 2.8863887786865234, "Epoch 65 Step 16": 2.8735344409942627, "Epoch 65 Step 17": 2.884028434753418, "Epoch 65 Step 18": 2.878436803817749, "Epoch 65 Step 19": 2.882368564605713, "Epoch 65 Step 20": 2.8833911418914795, "Epoch 65 Step 21": 2.8698315620422363, "Epoch 65 Step 22": 2.883615016937256, "Epoch 65 Step 23": 2.8867478370666504, "Epoch 65 Step 24": 2.8832454681396484, "Epoch 65 Step 25": 2.8878347873687744, "Epoch 65 Step 26": 2.883528470993042, "Epoch 65 Step 27": 2.8717896938323975, "Epoch 65 Step 28": 2.880204677581787, "Epoch 65 Step 29": 2.8768272399902344, "Epoch 65 Step 30": 2.8828482627868652, "Epoch 65 Step 31": 2.8800649642944336, "Epoch 65 Step 32": 2.888721227645874, "Epoch 65 Step 33": 2.8835289478302, "Epoch 65 Step 34": 2.8845736980438232, "Epoch 65 Step 35": 2.881779193878174, "Epoch 65 Step 36": 2.874142646789551, "Epoch 65 Step 37": 2.8791115283966064, "Epoch 65 Step 38": 2.892557144165039, "Epoch 65 Step 39": 2.887317419052124, "Epoch 65 Step 40": 2.873073101043701, "Epoch 65 Step 41": 2.888728380203247, "Epoch 65 Step 42": 2.8817758560180664, "Epoch 65 Step 43": 2.873903512954712, "Epoch 65 Step 44": 2.8695759773254395, "Epoch 65 Step 45": 2.8821959495544434, "Epoch 65 Step 46": 2.887078285217285, "Epoch 65 Step 47": 2.879087448120117, "Epoch 65 Step 48": 2.877513885498047, "Epoch 65 Step 49": 2.877531051635742, "Epoch 65 Step 50": 2.8757333755493164, "Epoch 65 Step 51": 2.8852522373199463, "Epoch 65 Step 52": 2.8717150688171387, "Epoch 65 Step 53": 2.8897268772125244, "Epoch 65 Step 54": 2.870469093322754, "Epoch 65 Step 55": 2.8734493255615234, "Epoch 65 Step 56": 2.878910541534424, "Epoch 65 Step 57": 2.867739200592041, "Epoch 65 Step 58": 2.8847293853759766, "Epoch 65 Step 59": 2.8815133571624756, "Epoch 65 Step 60": 2.885430097579956, "Epoch 65 Step 61": 2.8918845653533936, "Epoch 65 Step 62": 2.88602352142334, "Epoch 65 Step 63": 2.877408504486084, "Epoch 65 Step 64": 2.883316993713379, "Epoch 65 Step 65": 2.8946924209594727, "Epoch 65 Step 66": 2.8936502933502197, "Epoch 65 Step 67": 2.8917603492736816, "Epoch 65 Step 68": 2.887209892272949, "Epoch 65 Step 69": 2.885122776031494, "Epoch 65 Step 70": 2.8797833919525146, "Epoch 65 Step 71": 2.9030511379241943, "Epoch 65 Step 72": 2.8973045349121094, "Epoch 65 Step 73": 2.893956422805786, "Epoch 65 Step 74": 2.8763620853424072, "Epoch 65 Step 75": 2.889353036880493, "Epoch 65 Step 76": 2.892537832260132, "Epoch 65 Step 77": 2.874483823776245, "Epoch 65 Step 78": 2.8858742713928223, "Epoch 65 Step 79": 2.885175943374634, "Epoch 65 Step 80": 2.8904848098754883, "Epoch 65 Step 81": 2.895141124725342, "Epoch 65 Step 82": 2.8800597190856934, "Epoch 65 Step 83": 2.8925373554229736, "Epoch 65 Step 84": 2.8759655952453613, "Epoch 65 Step 85": 2.8838882446289062, "Epoch 65 Step 86": 2.8751142024993896, "Epoch 65 Step 87": 2.890974283218384, "Epoch 65 Step 88": 2.8764076232910156, "Epoch 65 Step 89": 2.88222074508667}