{"Epoch 818 Step 0": 2.876347780227661, "Epoch 818 Step 1": 2.8734307289123535, "Epoch 818 Step 2": 2.881051778793335, "Epoch 818 Step 3": 2.8874990940093994, "Epoch 818 Step 4": 2.8797905445098877, "Epoch 818 Step 5": 2.878209114074707, "Epoch 818 Step 6": 2.878654718399048, "Epoch 818 Step 7": 2.8773105144500732, "Epoch 818 Step 8": 2.887946844100952, "Epoch 818 Step 9": 2.87534236907959, "Epoch 818 Step 10": 2.891275405883789, "Epoch 818 Step 11": 2.8716440200805664, "Epoch 818 Step 12": 2.8746590614318848, "Epoch 818 Step 13": 2.879956007003784, "Epoch 818 Step 14": 2.867901563644409, "Epoch 818 Step 15": 2.8873326778411865, "Epoch 818 Step 16": 2.881526470184326, "Epoch 818 Step 17": 2.8870890140533447, "Epoch 818 Step 18": 2.893444538116455, "Epoch 818 Step 19": 2.8866753578186035, "Epoch 818 Step 20": 2.8778202533721924, "Epoch 818 Step 21": 2.884823799133301, "Epoch 818 Step 22": 2.8962905406951904, "Epoch 818 Step 23": 2.894759178161621, "Epoch 818 Step 24": 2.8934638500213623, "Epoch 818 Step 25": 2.887383222579956, "Epoch 818 Step 26": 2.8868024349212646, "Epoch 818 Step 27": 2.883126974105835, "Epoch 818 Step 28": 2.904236078262329, "Epoch 818 Step 29": 2.900935649871826, "Epoch 818 Step 30": 2.897658109664917, "Epoch 818 Step 31": 2.8769888877868652, "Epoch 818 Step 32": 2.8900444507598877, "Epoch 818 Step 33": 2.894411087036133, "Epoch 818 Step 34": 2.8755545616149902, "Epoch 818 Step 35": 2.886643886566162, "Epoch 818 Step 36": 2.886695146560669, "Epoch 818 Step 37": 2.891864538192749, "Epoch 818 Step 38": 2.896244764328003, "Epoch 818 Step 39": 2.8819854259490967, "Epoch 818 Step 40": 2.8930420875549316, "Epoch 818 Step 41": 2.879089832305908, "Epoch 818 Step 42": 2.8849740028381348, "Epoch 818 Step 43": 2.877983331680298, "Epoch 818 Step 44": 2.891674280166626, "Epoch 818 Step 45": 2.8782646656036377, "Epoch 818 Step 46": 2.8830726146698, "Epoch 818 Step 47": 2.889047861099243, "Epoch 818 Step 48": 2.8731689453125, "Epoch 818 Step 49": 2.8717386722564697, "Epoch 818 Step 50": 2.8721630573272705, "Epoch 818 Step 51": 2.8884949684143066, "Epoch 818 Step 52": 2.8820526599884033, "Epoch 818 Step 53": 2.8779664039611816, "Epoch 818 Step 54": 2.890003204345703, "Epoch 818 Step 55": 2.8958559036254883, "Epoch 818 Step 56": 2.8808536529541016, "Epoch 818 Step 57": 2.8771910667419434, "Epoch 818 Step 58": 2.8875298500061035, "Epoch 818 Step 59": 2.8912265300750732, "Epoch 818 Step 60": 2.8810832500457764, "Epoch 818 Step 61": 2.8824875354766846, "Epoch 818 Step 62": 2.8778700828552246, "Epoch 818 Step 63": 2.888015031814575, "Epoch 818 Step 64": 2.874016523361206, "Epoch 818 Step 65": 2.8853378295898438, "Epoch 818 Step 66": 2.879723310470581, "Epoch 818 Step 67": 2.883286476135254, "Epoch 818 Step 68": 2.884981393814087, "Epoch 818 Step 69": 2.871267795562744, "Epoch 818 Step 70": 2.8855462074279785, "Epoch 818 Step 71": 2.887723445892334, "Epoch 818 Step 72": 2.885918617248535, "Epoch 818 Step 73": 2.8896005153656006, "Epoch 818 Step 74": 2.885411262512207, "Epoch 818 Step 75": 2.8727457523345947, "Epoch 818 Step 76": 2.8805036544799805, "Epoch 818 Step 77": 2.8775267601013184, "Epoch 818 Step 78": 2.882816791534424, "Epoch 818 Step 79": 2.8828651905059814, "Epoch 818 Step 80": 2.8904857635498047, "Epoch 818 Step 81": 2.8847451210021973, "Epoch 818 Step 82": 2.8851804733276367, "Epoch 818 Step 83": 2.8811864852905273, "Epoch 818 Step 84": 2.8762784004211426, "Epoch 818 Step 85": 2.8794755935668945, "Epoch 818 Step 86": 2.8941450119018555, "Epoch 818 Step 87": 2.888124942779541, "Epoch 818 Step 88": 2.874086618423462, "Epoch 818 Step 89": 2.890521287918091}