{"Epoch 23 Step 0": 2.881025791168213, "Epoch 23 Step 1": 2.8746023178100586, "Epoch 23 Step 2": 2.8698911666870117, "Epoch 23 Step 3": 2.8820159435272217, "Epoch 23 Step 4": 2.888033390045166, "Epoch 23 Step 5": 2.878655433654785, "Epoch 23 Step 6": 2.878324270248413, "Epoch 23 Step 7": 2.8781211376190186, "Epoch 23 Step 8": 2.8747799396514893, "Epoch 23 Step 9": 2.8865790367126465, "Epoch 23 Step 10": 2.8724312782287598, "Epoch 23 Step 11": 2.889953374862671, "Epoch 23 Step 12": 2.8715155124664307, "Epoch 23 Step 13": 2.874014377593994, "Epoch 23 Step 14": 2.87799334526062, "Epoch 23 Step 15": 2.866682291030884, "Epoch 23 Step 16": 2.886110782623291, "Epoch 23 Step 17": 2.880484104156494, "Epoch 23 Step 18": 2.885666847229004, "Epoch 23 Step 19": 2.8923065662384033, "Epoch 23 Step 20": 2.8853485584259033, "Epoch 23 Step 21": 2.8787364959716797, "Epoch 23 Step 22": 2.882997512817383, "Epoch 23 Step 23": 2.894672393798828, "Epoch 23 Step 24": 2.894634485244751, "Epoch 23 Step 25": 2.892923593521118, "Epoch 23 Step 26": 2.8874192237854004, "Epoch 23 Step 27": 2.885721445083618, "Epoch 23 Step 28": 2.882160186767578, "Epoch 23 Step 29": 2.904350519180298, "Epoch 23 Step 30": 2.8979644775390625, "Epoch 23 Step 31": 2.897529363632202, "Epoch 23 Step 32": 2.876302480697632, "Epoch 23 Step 33": 2.8891327381134033, "Epoch 23 Step 34": 2.8920962810516357, "Epoch 23 Step 35": 2.875715970993042, "Epoch 23 Step 36": 2.885854959487915, "Epoch 23 Step 37": 2.8861799240112305, "Epoch 23 Step 38": 2.8905913829803467, "Epoch 23 Step 39": 2.894740343093872, "Epoch 23 Step 40": 2.880741834640503, "Epoch 23 Step 41": 2.8926827907562256, "Epoch 23 Step 42": 2.877246379852295, "Epoch 23 Step 43": 2.88370680809021, "Epoch 23 Step 44": 2.8761096000671387, "Epoch 23 Step 45": 2.8902957439422607, "Epoch 23 Step 46": 2.877094268798828, "Epoch 23 Step 47": 2.882439613342285, "Epoch 23 Step 48": 2.8886635303497314, "Epoch 23 Step 49": 2.8729207515716553, "Epoch 23 Step 50": 2.8717076778411865, "Epoch 23 Step 51": 2.871453046798706, "Epoch 23 Step 52": 2.887948513031006, "Epoch 23 Step 53": 2.88169264793396, "Epoch 23 Step 54": 2.8755979537963867, "Epoch 23 Step 55": 2.8902387619018555, "Epoch 23 Step 56": 2.8950648307800293, "Epoch 23 Step 57": 2.8792452812194824, "Epoch 23 Step 58": 2.876246213912964, "Epoch 23 Step 59": 2.88688588142395, "Epoch 23 Step 60": 2.8909788131713867, "Epoch 23 Step 61": 2.8815925121307373, "Epoch 23 Step 62": 2.8817684650421143, "Epoch 23 Step 63": 2.877134084701538, "Epoch 23 Step 64": 2.887005090713501, "Epoch 23 Step 65": 2.872708320617676, "Epoch 23 Step 66": 2.883781671524048, "Epoch 23 Step 67": 2.878014087677002, "Epoch 23 Step 68": 2.8825535774230957, "Epoch 23 Step 69": 2.8846209049224854, "Epoch 23 Step 70": 2.8700976371765137, "Epoch 23 Step 71": 2.885101079940796, "Epoch 23 Step 72": 2.886559247970581, "Epoch 23 Step 73": 2.88446307182312, "Epoch 23 Step 74": 2.88824200630188, "Epoch 23 Step 75": 2.8833937644958496, "Epoch 23 Step 76": 2.8720099925994873, "Epoch 23 Step 77": 2.8794713020324707, "Epoch 23 Step 78": 2.8769707679748535, "Epoch 23 Step 79": 2.8825433254241943, "Epoch 23 Step 80": 2.8810293674468994, "Epoch 23 Step 81": 2.8900983333587646, "Epoch 23 Step 82": 2.8847708702087402, "Epoch 23 Step 83": 2.884810447692871, "Epoch 23 Step 84": 2.8806934356689453, "Epoch 23 Step 85": 2.872978925704956, "Epoch 23 Step 86": 2.8780245780944824, "Epoch 23 Step 87": 2.89266300201416, "Epoch 23 Step 88": 2.886955499649048, "Epoch 23 Step 89": 2.8737478256225586}