{"Epoch 93 Step 0": 2.889653205871582, "Epoch 93 Step 1": 2.8713808059692383, "Epoch 93 Step 2": 2.8729286193847656, "Epoch 93 Step 3": 2.8793609142303467, "Epoch 93 Step 4": 2.867236852645874, "Epoch 93 Step 5": 2.8853695392608643, "Epoch 93 Step 6": 2.8808226585388184, "Epoch 93 Step 7": 2.884979248046875, "Epoch 93 Step 8": 2.8915247917175293, "Epoch 93 Step 9": 2.885812759399414, "Epoch 93 Step 10": 2.8768041133880615, "Epoch 93 Step 11": 2.8827497959136963, "Epoch 93 Step 12": 2.895169258117676, "Epoch 93 Step 13": 2.8930559158325195, "Epoch 93 Step 14": 2.8914568424224854, "Epoch 93 Step 15": 2.887178659439087, "Epoch 93 Step 16": 2.885857105255127, "Epoch 93 Step 17": 2.883876323699951, "Epoch 93 Step 18": 2.9036097526550293, "Epoch 93 Step 19": 2.90006160736084, "Epoch 93 Step 20": 2.896008014678955, "Epoch 93 Step 21": 2.8757131099700928, "Epoch 93 Step 22": 2.8888535499572754, "Epoch 93 Step 23": 2.891624927520752, "Epoch 93 Step 24": 2.8745782375335693, "Epoch 93 Step 25": 2.8855693340301514, "Epoch 93 Step 26": 2.887477159500122, "Epoch 93 Step 27": 2.8911945819854736, "Epoch 93 Step 28": 2.895235538482666, "Epoch 93 Step 29": 2.8804516792297363, "Epoch 93 Step 30": 2.8909811973571777, "Epoch 93 Step 31": 2.8769729137420654, "Epoch 93 Step 32": 2.8857338428497314, "Epoch 93 Step 33": 2.8762459754943848, "Epoch 93 Step 34": 2.891202211380005, "Epoch 93 Step 35": 2.8759682178497314, "Epoch 93 Step 36": 2.881904125213623, "Epoch 93 Step 37": 2.887465238571167, "Epoch 93 Step 38": 2.8729519844055176, "Epoch 93 Step 39": 2.870532512664795, "Epoch 93 Step 40": 2.8716578483581543, "Epoch 93 Step 41": 2.8876171112060547, "Epoch 93 Step 42": 2.881955623626709, "Epoch 93 Step 43": 2.876183271408081, "Epoch 93 Step 44": 2.889225482940674, "Epoch 93 Step 45": 2.8936166763305664, "Epoch 93 Step 46": 2.8788602352142334, "Epoch 93 Step 47": 2.8742640018463135, "Epoch 93 Step 48": 2.886451482772827, "Epoch 93 Step 49": 2.8909871578216553, "Epoch 93 Step 50": 2.880687713623047, "Epoch 93 Step 51": 2.8807716369628906, "Epoch 93 Step 52": 2.876084327697754, "Epoch 93 Step 53": 2.8866207599639893, "Epoch 93 Step 54": 2.872271776199341, "Epoch 93 Step 55": 2.8842649459838867, "Epoch 93 Step 56": 2.877168655395508, "Epoch 93 Step 57": 2.882110595703125, "Epoch 93 Step 58": 2.882803440093994, "Epoch 93 Step 59": 2.8694515228271484, "Epoch 93 Step 60": 2.8828797340393066, "Epoch 93 Step 61": 2.886502265930176, "Epoch 93 Step 62": 2.883942127227783, "Epoch 93 Step 63": 2.88761043548584, "Epoch 93 Step 64": 2.88316011428833, "Epoch 93 Step 65": 2.8715732097625732, "Epoch 93 Step 66": 2.878943681716919, "Epoch 93 Step 67": 2.8759703636169434, "Epoch 93 Step 68": 2.882948875427246, "Epoch 93 Step 69": 2.8821983337402344, "Epoch 93 Step 70": 2.890296220779419, "Epoch 93 Step 71": 2.884359121322632, "Epoch 93 Step 72": 2.8839972019195557, "Epoch 93 Step 73": 2.8803322315216064, "Epoch 93 Step 74": 2.875670909881592, "Epoch 93 Step 75": 2.8780176639556885, "Epoch 93 Step 76": 2.8918190002441406, "Epoch 93 Step 77": 2.8869426250457764, "Epoch 93 Step 78": 2.872623920440674, "Epoch 93 Step 79": 2.8884289264678955, "Epoch 93 Step 80": 2.88158917427063, "Epoch 93 Step 81": 2.87404727935791, "Epoch 93 Step 82": 2.8703248500823975, "Epoch 93 Step 83": 2.8812129497528076, "Epoch 93 Step 84": 2.886345863342285, "Epoch 93 Step 85": 2.878688097000122, "Epoch 93 Step 86": 2.8772356510162354, "Epoch 93 Step 87": 2.878143072128296, "Epoch 93 Step 88": 2.875232696533203, "Epoch 93 Step 89": 2.8861258029937744}