{"Epoch 280 Step 0": 2.878831148147583, "Epoch 280 Step 1": 2.878345489501953, "Epoch 280 Step 2": 2.875425100326538, "Epoch 280 Step 3": 2.887712240219116, "Epoch 280 Step 4": 2.873196840286255, "Epoch 280 Step 5": 2.8907294273376465, "Epoch 280 Step 6": 2.870640516281128, "Epoch 280 Step 7": 2.8737070560455322, "Epoch 280 Step 8": 2.878791332244873, "Epoch 280 Step 9": 2.8666300773620605, "Epoch 280 Step 10": 2.8862922191619873, "Epoch 280 Step 11": 2.8808794021606445, "Epoch 280 Step 12": 2.8860208988189697, "Epoch 280 Step 13": 2.892179489135742, "Epoch 280 Step 14": 2.8851165771484375, "Epoch 280 Step 15": 2.8776495456695557, "Epoch 280 Step 16": 2.8845884799957275, "Epoch 280 Step 17": 2.8941612243652344, "Epoch 280 Step 18": 2.893709182739258, "Epoch 280 Step 19": 2.8924601078033447, "Epoch 280 Step 20": 2.887125253677368, "Epoch 280 Step 21": 2.88626766204834, "Epoch 280 Step 22": 2.8841142654418945, "Epoch 280 Step 23": 2.903477191925049, "Epoch 280 Step 24": 2.9001290798187256, "Epoch 280 Step 25": 2.8962066173553467, "Epoch 280 Step 26": 2.875359535217285, "Epoch 280 Step 27": 2.8884925842285156, "Epoch 280 Step 28": 2.8924596309661865, "Epoch 280 Step 29": 2.8743581771850586, "Epoch 280 Step 30": 2.8864879608154297, "Epoch 280 Step 31": 2.8864521980285645, "Epoch 280 Step 32": 2.8908958435058594, "Epoch 280 Step 33": 2.895578622817993, "Epoch 280 Step 34": 2.8808250427246094, "Epoch 280 Step 35": 2.8913280963897705, "Epoch 280 Step 36": 2.8778514862060547, "Epoch 280 Step 37": 2.8850059509277344, "Epoch 280 Step 38": 2.876865863800049, "Epoch 280 Step 39": 2.892446517944336, "Epoch 280 Step 40": 2.877760887145996, "Epoch 280 Step 41": 2.8824241161346436, "Epoch 280 Step 42": 2.8878684043884277, "Epoch 280 Step 43": 2.872636079788208, "Epoch 280 Step 44": 2.871330738067627, "Epoch 280 Step 45": 2.872265577316284, "Epoch 280 Step 46": 2.887573480606079, "Epoch 280 Step 47": 2.882187604904175, "Epoch 280 Step 48": 2.876405954360962, "Epoch 280 Step 49": 2.889435052871704, "Epoch 280 Step 50": 2.894909143447876, "Epoch 280 Step 51": 2.879401683807373, "Epoch 280 Step 52": 2.8752291202545166, "Epoch 280 Step 53": 2.887223958969116, "Epoch 280 Step 54": 2.891219139099121, "Epoch 280 Step 55": 2.8805158138275146, "Epoch 280 Step 56": 2.881312608718872, "Epoch 280 Step 57": 2.8771705627441406, "Epoch 280 Step 58": 2.887598991394043, "Epoch 280 Step 59": 2.873175621032715, "Epoch 280 Step 60": 2.8844921588897705, "Epoch 280 Step 61": 2.8785719871520996, "Epoch 280 Step 62": 2.882251262664795, "Epoch 280 Step 63": 2.8841958045959473, "Epoch 280 Step 64": 2.8704519271850586, "Epoch 280 Step 65": 2.8834004402160645, "Epoch 280 Step 66": 2.8871490955352783, "Epoch 280 Step 67": 2.884756326675415, "Epoch 280 Step 68": 2.8887908458709717, "Epoch 280 Step 69": 2.8833088874816895, "Epoch 280 Step 70": 2.8714113235473633, "Epoch 280 Step 71": 2.879743814468384, "Epoch 280 Step 72": 2.8762576580047607, "Epoch 280 Step 73": 2.882690668106079, "Epoch 280 Step 74": 2.882420063018799, "Epoch 280 Step 75": 2.8896396160125732, "Epoch 280 Step 76": 2.884669542312622, "Epoch 280 Step 77": 2.8844246864318848, "Epoch 280 Step 78": 2.880969524383545, "Epoch 280 Step 79": 2.874936580657959, "Epoch 280 Step 80": 2.8783156871795654, "Epoch 280 Step 81": 2.8926544189453125, "Epoch 280 Step 82": 2.88755202293396, "Epoch 280 Step 83": 2.8742098808288574, "Epoch 280 Step 84": 2.889976739883423, "Epoch 280 Step 85": 2.8815364837646484, "Epoch 280 Step 86": 2.8750572204589844, "Epoch 280 Step 87": 2.8701367378234863, "Epoch 280 Step 88": 2.88205885887146, "Epoch 280 Step 89": 2.886950969696045}