{"Epoch 8 Step 0": 2.818636178970337, "Epoch 8 Step 1": 2.8527441024780273, "Epoch 8 Step 2": 2.882432699203491, "Epoch 8 Step 3": 2.8778421878814697, "Epoch 8 Step 4": 2.881880521774292, "Epoch 8 Step 5": 2.8768980503082275, "Epoch 8 Step 6": 2.79657244682312, "Epoch 8 Step 7": 2.75679874420166, "Epoch 8 Step 8": 2.8699567317962646, "Epoch 8 Step 9": 2.895054578781128, "Epoch 8 Step 10": 2.874445676803589, "Epoch 8 Step 11": 2.8510634899139404, "Epoch 8 Step 12": 2.859750270843506, "Epoch 8 Step 13": 2.878849506378174, "Epoch 8 Step 14": 2.8781044483184814, "Epoch 8 Step 15": 2.881213903427124, "Epoch 8 Step 16": 2.864969253540039, "Epoch 8 Step 17": 2.8825511932373047, "Epoch 8 Step 18": 2.8808043003082275, "Epoch 8 Step 19": 2.838575601577759, "Epoch 8 Step 20": 2.8515563011169434, "Epoch 8 Step 21": 2.859881639480591, "Epoch 8 Step 22": 2.8659861087799072, "Epoch 8 Step 23": 2.872947931289673, "Epoch 8 Step 24": 2.870694875717163, "Epoch 8 Step 25": 2.8758437633514404, "Epoch 8 Step 26": 2.874850273132324, "Epoch 8 Step 27": 2.8700549602508545, "Epoch 8 Step 28": 2.8877463340759277, "Epoch 8 Step 29": 2.8667633533477783, "Epoch 8 Step 30": 2.873105764389038, "Epoch 8 Step 31": 2.8854098320007324, "Epoch 8 Step 32": 2.880155563354492, "Epoch 8 Step 33": 2.8767077922821045, "Epoch 8 Step 34": 2.8750486373901367, "Epoch 8 Step 35": 2.8588738441467285, "Epoch 8 Step 36": 2.8427631855010986, "Epoch 8 Step 37": 2.8701021671295166, "Epoch 8 Step 38": 2.8779988288879395, "Epoch 8 Step 39": 2.8417751789093018, "Epoch 8 Step 40": 2.863199472427368, "Epoch 8 Step 41": 2.8710694313049316, "Epoch 8 Step 42": 2.855072498321533, "Epoch 8 Step 43": 2.8836426734924316, "Epoch 8 Step 44": 2.85762095451355, "Epoch 8 Step 45": 2.873352527618408, "Epoch 8 Step 46": 2.8566782474517822, "Epoch 8 Step 47": 2.872894287109375, "Epoch 8 Step 48": 2.8250014781951904, "Epoch 8 Step 49": 2.8846359252929688, "Epoch 8 Step 50": 2.8527536392211914, "Epoch 8 Step 51": 2.8828225135803223, "Epoch 8 Step 52": 2.8699941635131836, "Epoch 8 Step 53": 2.8478145599365234, "Epoch 8 Step 54": 2.8458962440490723, "Epoch 8 Step 55": 2.8676705360412598, "Epoch 8 Step 56": 2.8562686443328857, "Epoch 8 Step 57": 2.850029945373535, "Epoch 8 Step 58": 2.8861663341522217, "Epoch 8 Step 59": 2.8689446449279785, "Epoch 8 Step 60": 2.862212657928467, "Epoch 8 Step 61": 2.8459389209747314, "Epoch 8 Step 62": 2.8608486652374268, "Epoch 8 Step 63": 2.861048460006714, "Epoch 8 Step 64": 2.8380026817321777, "Epoch 8 Step 65": 2.8510355949401855, "Epoch 8 Step 66": 2.8527731895446777, "Epoch 8 Step 67": 2.8465256690979004, "Epoch 8 Step 68": 2.840369701385498, "Epoch 8 Step 69": 2.8758692741394043, "Epoch 8 Step 70": 2.852287530899048, "Epoch 8 Step 71": 2.8835878372192383, "Epoch 8 Step 72": 2.861330986022949, "Epoch 8 Step 73": 2.840144395828247, "Epoch 8 Step 74": 2.877993106842041, "Epoch 8 Step 75": 2.857299327850342, "Epoch 8 Step 76": 2.8641271591186523, "Epoch 8 Step 77": 2.86661434173584, "Epoch 8 Step 78": 2.8382773399353027, "Epoch 8 Step 79": 2.880628824234009, "Epoch 8 Step 80": 2.8581390380859375, "Epoch 8 Step 81": 2.8777360916137695, "Epoch 8 Step 82": 2.8727550506591797, "Epoch 8 Step 83": 2.8958818912506104, "Epoch 8 Step 84": 2.8793530464172363, "Epoch 8 Step 85": 2.8391435146331787, "Epoch 8 Step 86": 2.8749148845672607, "Epoch 8 Step 87": 2.861741542816162, "Epoch 8 Step 88": 2.852085590362549, "Epoch 8 Step 89": 2.8611464500427246, "Epoch 8 Step 90": 2.857529401779175, "Epoch 8 Step 91": 2.878594160079956, "Epoch 8 Step 92": 2.864943742752075, "Epoch 8 Step 93": 2.8800745010375977, "Epoch 8 Step 94": 2.880018711090088, "Epoch 8 Step 95": 2.8802688121795654, "Epoch 8 Step 96": 2.8584494590759277, "Epoch 8 Step 97": 2.8694474697113037, "Epoch 8 Step 98": 2.8674185276031494, "Epoch 8 Step 99": 2.858419895172119, "Epoch 8 Step 100": 2.869093894958496, "Epoch 8 Step 101": 2.8461921215057373, "Epoch 8 Step 102": 2.8718512058258057, "Epoch 8 Step 103": 2.8750226497650146, "Epoch 8 Step 104": 2.81898832321167, "Epoch 8 Step 105": 2.858452796936035, "Epoch 8 Step 106": 2.854593276977539, "Epoch 8 Step 107": 2.867928981781006, "Epoch 8 Step 108": 2.874939441680908, "Epoch 8 Step 109": 2.847583770751953, "Epoch 8 Step 110": 2.870128870010376, "Epoch 8 Step 111": 2.8259832859039307, "Epoch 8 Step 112": 2.8565895557403564, "Epoch 8 Step 113": 2.876005172729492, "Epoch 8 Step 114": 2.8670971393585205, "Epoch 8 Step 115": 2.8598711490631104, "Epoch 8 Step 116": 2.852198600769043, "Epoch 8 Step 117": 2.869614362716675, "Epoch 8 Step 118": 2.854672908782959, "Epoch 8 Step 119": 2.862837076187134, "Epoch 8 Step 120": 2.8726320266723633, "Epoch 8 Step 121": 2.863348960876465, "Epoch 8 Step 122": 2.858505964279175, "Epoch 8 Step 123": 2.861585855484009, "Epoch 8 Step 124": 2.8399698734283447, "Epoch 8 Step 125": 2.8419861793518066, "Epoch 8 Step 126": 2.8347432613372803, "Epoch 8 Step 127": 2.868860960006714, "Epoch 8 Step 128": 2.872211217880249, "Epoch 8 Step 129": 2.8624255657196045, "Epoch 8 Step 130": 2.85971999168396, "Epoch 8 Step 131": 2.854464530944824, "Epoch 8 Step 132": 2.8755593299865723, "Epoch 8 Step 133": 2.8941805362701416, "Epoch 8 Step 134": 2.810722827911377, "Epoch 8 Step 135": 2.8624067306518555, "Epoch 8 Step 136": 2.853635311126709, "Epoch 8 Step 137": 2.880417823791504, "Epoch 8 Step 138": 2.859539747238159, "Epoch 8 Step 139": 2.881580114364624, "Epoch 8 Step 140": 2.8554086685180664, "Epoch 8 Step 141": 2.840695381164551, "Epoch 8 Step 142": 2.8573760986328125, "Epoch 8 Step 143": 2.868718385696411, "Epoch 8 Step 144": 2.8516433238983154, "Epoch 8 Step 145": 2.8786494731903076, "Epoch 8 Step 146": 2.867640495300293, "Epoch 8 Step 147": 2.827357292175293, "Epoch 8 Step 148": 2.8536221981048584, "Epoch 8 Step 149": 2.8541736602783203, "Epoch 8 Step 150": 2.859386444091797, "Epoch 8 Step 151": 2.8705835342407227, "Epoch 8 Step 152": 2.865683078765869, "Epoch 8 Step 153": 2.8695731163024902, "Epoch 8 Step 154": 2.81937313079834, "Epoch 8 Step 155": 2.8655216693878174, "Epoch 8 Step 156": 2.856732130050659, "Epoch 8 Step 157": 2.866849184036255, "Epoch 8 Step 158": 2.8663992881774902, "Epoch 8 Step 159": 2.875734806060791, "Epoch 8 Step 160": 2.873499631881714, "Epoch 8 Step 161": 2.8538448810577393, "Epoch 8 Step 162": 2.8819711208343506, "Epoch 8 Step 163": 2.8753416538238525, "Epoch 8 Step 164": 2.8656809329986572, "Epoch 8 Step 165": 2.8601675033569336, "Epoch 8 Step 166": 2.871919870376587, "Epoch 8 Step 167": 2.8600757122039795, "Epoch 8 Step 168": 2.8610453605651855, "Epoch 8 Step 169": 2.842045783996582, "Epoch 8 Step 170": 2.82541561126709, "Epoch 8 Step 171": 2.869741916656494, "Epoch 8 Step 172": 2.8514418601989746, "Epoch 8 Step 173": 2.85280704498291, "Epoch 8 Step 174": 2.8669188022613525, "Epoch 8 Step 175": 2.8974404335021973, "Epoch 8 Step 176": 2.845162868499756, "Epoch 8 Step 177": 2.872020959854126, "Epoch 8 Step 178": 2.862950086593628, "Epoch 8 Step 179": 2.8736045360565186, "Epoch 8 Step 180": 2.8498663902282715, "Epoch 8 Step 181": 2.8623735904693604, "Epoch 8 Step 182": 2.836585521697998, "Epoch 8 Step 183": 2.8546528816223145, "Epoch 8 Step 184": 2.8597521781921387, "Epoch 8 Step 185": 2.8470163345336914, "Epoch 8 Step 186": 2.8849472999572754, "Epoch 8 Step 187": 2.8607661724090576, "Epoch 8 Step 188": 2.854680299758911, "Epoch 8 Step 189": 2.8697071075439453, "Epoch 8 Step 190": 2.867969274520874, "Epoch 8 Step 191": 2.8563685417175293, "Epoch 8 Step 192": 2.8448286056518555, "Epoch 8 Step 193": 2.833562135696411, "Epoch 8 Step 194": 2.8189618587493896, "Epoch 8 Step 195": 2.879352331161499, "Epoch 8 Step 196": 2.853752374649048, "Epoch 8 Step 197": 2.880242109298706, "Epoch 8 Step 198": 2.8573601245880127, "Epoch 8 Step 199": 2.8681459426879883, "Epoch 8 Step 200": 2.8807342052459717, "Epoch 8 Step 201": 2.858560085296631, "Epoch 8 Step 202": 2.855442523956299, "Epoch 8 Step 203": 2.8673505783081055, "Epoch 8 Step 204": 2.8428096771240234,